data_date,station_id,station_name,stat_hour,order_count,total_kwh,total_fees,data_version
2014-01-24,944515,经开区第八大街·交直流充电站8号,18,1,5.28000000,0E-8,2.2.0
2014-03-10,944515,经开区第八大街·交直流充电站8号,11,1,8.48000000,0E-8,2.2.0
2014-03-13,481613,高新区瑞达路·直流充电站3号,15,1,2.76000000,0E-8,2.2.0
2014-04-02,369001,航空港区迎宾大道·交流充电站1号,10,1,2.12000000,0E-8,2.2.0
2014-04-17,914305,高新区瑞达路·直流充电站10号,12,1,4.90000000,7.28000000,2.2.0
2014-05-05,369001,航空港区迎宾大道·交流充电站1号,10,1,11.51000000,1.00000000,2.2.0
2014-05-08,638536,二七区淮河路·交直流充电站3号,17,1,0.03000000,0E-8,2.2.0
2014-05-20,728918,郑东新区金水东路·交直流充电站6号,16,1,0.51000000,0E-8,2.2.0
2014-05-22,369001,航空港区迎宾大道·交流充电站1号,17,1,3.89000000,0E-8,2.2.0
2014-06-07,987396,航空港区长安路·直流充电站3号,17,1,8.90000000,0E-8,2.2.0
2014-06-16,653450,上街区中心路·交直流充电站3号,14,1,4.77000000,0E-8,2.2.0
2014-06-20,369001,航空港区迎宾大道·交流充电站1号,16,1,3.71000000,0E-8,2.2.0
2014-07-01,902592,二七区嵩山路·交直流充电站4号,11,1,6.78000000,0E-8,2.2.0
2014-07-08,582873,高新区科学大道·交直流充电站6号,11,1,23.68000000,0E-8,2.2.0
2014-07-13,474204,经开区航海东路·直流充电站3号,10,1,1.51000000,0E-8,2.2.0
2014-07-13,874950,金水区北三环·直流充电站3号,8,1,23.68000000,0E-8,2.2.0
2014-07-16,995505,二七区淮河路·交直流充电站6号,13,1,4.82000000,0E-8,2.2.0
2014-07-19,902592,二七区嵩山路·交直流充电站4号,16,1,3.63000000,0.29000000,2.2.0
2014-07-24,989457,郑东新区东风东路·交直流充电站4号,11,1,23.68000000,0E-8,2.2.0
2014-08-02,738900,经开区第八大街·交直流充电站6号,12,1,3.20000000,0E-8,2.2.0
2014-08-15,219054,金水区北三环·直流充电站1号,11,1,3.43000000,0E-8,2.2.0
2014-08-21,653450,上街区中心路·交直流充电站3号,19,1,6.32000000,0E-8,2.2.0
2014-08-23,500856,经开区第八大街·交直流充电站5号,17,1,4.24000000,0E-8,2.2.0
2014-09-01,632920,高新区科学大道·交直流充电站9号,13,1,11.75000000,0E-8,2.2.0
2014-09-05,405157,经开区第八大街·交直流充电站4号,10,1,3.05000000,0E-8,2.2.0
2014-09-18,878706,高新区科学大道·交直流充电站10号,12,1,3.60000000,0E-8,2.2.0
2014-09-23,782629,金水区经三路·交直流充电站3号,18,1,1.04000000,0E-8,2.2.0
2014-09-24,131897,二七区嵩山路·交直流充电站1号,22,1,2.86000000,0.08000000,2.2.0
2014-09-24,955429,航空港区迎宾大道·交流充电站2号,10,1,7.88000000,0E-8,2.2.0
2014-09-25,758780,惠济区文化路·直流充电站3号,13,1,4.67000000,0E-8,2.2.0
2014-10-14,514669,二七区嵩山路·交直流充电站3号,12,1,5.68000000,4.15000000,2.2.0
2015-01-01,237105,高新区梧桐街·超充充电站1号,16,1,4.97000000,0E-8,2.2.0
2015-01-01,489543,二七区淮河路·交直流充电站1号,10,1,3.06000000,0E-8,2.2.0
2015-01-01,878706,高新区科学大道·交直流充电站10号,18,1,4.10000000,0E-8,2.2.0
2015-01-01,944515,经开区第八大街·交直流充电站8号,15,1,7.44000000,0E-8,2.2.0
2015-01-02,366832,航空港区长安路·直流充电站2号,18,1,8.82000000,0.81000000,2.2.0
2015-01-02,612116,高新区科学大道·交直流充电站8号,10,1,6.03000000,0E-8,2.2.0
2015-01-02,944515,经开区第八大街·交直流充电站8号,10,1,7.71000000,0E-8,2.2.0
2015-01-03,129465,高新区科学大道·交直流充电站1号,18,1,2.48000000,0E-8,2.2.0
2015-01-03,801274,经开区第八大街·交直流充电站7号,22,1,2.86000000,0E-8,2.2.0
2015-01-04,369001,航空港区迎宾大道·交流充电站1号,11,1,6.43000000,0E-8,2.2.0
2015-01-04,875343,惠济区天河路·交流充电站1号,17,1,5.81000000,0E-8,2.2.0
2015-01-04,944515,经开区第八大街·交直流充电站8号,12,1,3.92000000,0E-8,2.2.0
2015-01-05,632920,高新区科学大道·交直流充电站9号,18,1,9.50000000,0E-8,2.2.0
2015-01-05,932939,二七区淮河路·交直流充电站5号,13,1,3.95000000,0E-8,2.2.0
2015-01-06,803398,二七区大学路·直流充电站4号,16,1,0.90000000,0E-8,2.2.0
2015-01-06,902592,二七区嵩山路·交直流充电站4号,16,1,5.18000000,0E-8,2.2.0
2015-01-07,237105,高新区梧桐街·超充充电站1号,16,1,11.48000000,0E-8,2.2.0
2015-01-07,414088,二七区嵩山路·交直流充电站2号,15,1,6.58000000,0E-8,2.2.0
2015-01-08,425476,郑东新区金水东路·交直流充电站4号,14,1,8.40000000,3.94000000,2.2.0
2015-01-08,664306,二七区淮河路·交直流充电站4号,11,1,2.10000000,0.35000000,2.2.0
2015-01-09,514669,二七区嵩山路·交直流充电站3号,17,1,8.62000000,0E-8,2.2.0
2015-01-09,878706,高新区科学大道·交直流充电站10号,10,1,23.68000000,0E-8,2.2.0
2015-01-09,884707,高新区瑞达路·直流充电站9号,18,1,6.36000000,0E-8,2.2.0
2015-01-10,369001,航空港区迎宾大道·交流充电站1号,18,1,4.21000000,0E-8,2.2.0
2015-01-10,474204,经开区航海东路·直流充电站3号,12,1,5.30000000,0E-8,2.2.0
2015-01-10,632920,高新区科学大道·交直流充电站9号,13,1,1.62000000,0E-8,2.2.0
2015-01-11,943765,高新区科学大道·交直流充电站12号,17,1,5.15000000,7.50000000,2.2.0
2015-01-12,237105,高新区梧桐街·超充充电站1号,13,1,2.22000000,0E-8,2.2.0
2015-01-12,489543,二七区淮河路·交直流充电站1号,17,1,6.66000000,0E-8,2.2.0
2015-01-12,914305,高新区瑞达路·直流充电站10号,18,1,12.72000000,0E-8,2.2.0
2015-01-13,371335,高新区科学大道·交直流充电站2号,11,1,4.65000000,0E-8,2.2.0
2015-01-13,874950,金水区北三环·直流充电站3号,11,1,4.36000000,0E-8,2.2.0
2015-01-14,250527,经开区第八大街·交直流充电站1号,11,1,5.66000000,1.13000000,2.2.0
2015-01-14,902592,二七区嵩山路·交直流充电站4号,16,1,8.25000000,0E-8,2.2.0
2015-01-15,878706,高新区科学大道·交直流充电站10号,16,1,9.99000000,0E-8,2.2.0
2015-01-15,988981,高新区瑞达路·直流充电站14号,9,1,6.58000000,0E-8,2.2.0
2015-01-16,207262,郑东新区金水东路·交直流充电站1号,8,1,2.32000000,0E-8,2.2.0
2015-01-16,474204,经开区航海东路·直流充电站3号,11,1,4.47000000,0E-8,2.2.0
2015-01-16,664306,二七区淮河路·交直流充电站4号,13,1,3.66000000,0E-8,2.2.0
2015-01-17,207262,郑东新区金水东路·交直流充电站1号,11,1,7.04000000,0E-8,2.2.0
2015-01-17,474204,经开区航海东路·直流充电站3号,18,1,7.16000000,0E-8,2.2.0
2015-01-17,572249,二七区大学路·直流充电站3号,10,1,3.82000000,0E-8,2.2.0
2015-01-17,711566,郑东新区金水东路·交直流充电站5号,17,1,6.22000000,0.95000000,2.2.0
2015-01-17,878706,高新区科学大道·交直流充电站10号,9,1,4.37000000,0E-8,2.2.0
2015-01-18,575971,高新区梧桐街·超充充电站2号,18,1,23.68000000,0E-8,2.2.0
2015-01-19,878706,高新区科学大道·交直流充电站10号,13,1,7.28000000,0E-8,2.2.0
2015-01-20,871619,金水区花园路·直流充电站2号,14,1,4.32000000,0E-8,2.2.0
2015-01-20,891421,二七区大学路·直流充电站5号,13,1,23.68000000,0E-8,2.2.0
2015-01-21,129465,高新区科学大道·交直流充电站1号,16,1,4.91000000,0E-8,2.2.0
2015-01-22,228137,上街区中心路·交直流充电站1号,12,1,2.13000000,0E-8,2.2.0
2015-01-23,431796,高新区科学大道·交直流充电站3号,9,1,6.04000000,0E-8,2.2.0
2015-01-24,237105,高新区梧桐街·超充充电站1号,11,1,3.78000000,0E-8,2.2.0
2015-01-24,260408,经开区航海东路·直流充电站2号,12,1,23.68000000,0E-8,2.2.0
2015-01-24,366832,航空港区长安路·直流充电站2号,10,1,4.64000000,0E-8,2.2.0
2015-01-24,474204,经开区航海东路·直流充电站3号,16,1,0.81000000,0E-8,2.2.0
2015-01-24,987396,航空港区长安路·直流充电站3号,16,1,6.52000000,0E-8,2.2.0
2015-01-25,129465,高新区科学大道·交直流充电站1号,10,1,6.23000000,0E-8,2.2.0
2015-01-26,405157,经开区第八大街·交直流充电站4号,11,1,8.10000000,0E-8,2.2.0
2015-01-26,871619,金水区花园路·直流充电站2号,13,1,1.32000000,0E-8,2.2.0
2015-01-26,875343,惠济区天河路·交流充电站1号,17,1,5.87000000,0E-8,2.2.0
2015-01-26,932939,二七区淮河路·交直流充电站5号,11,1,1.34000000,0E-8,2.2.0
2015-01-27,871619,金水区花园路·直流充电站2号,19,1,3.74000000,0E-8,2.2.0
2015-01-28,207262,郑东新区金水东路·交直流充电站1号,17,1,5.09000000,0E-8,2.2.0
2015-01-28,236379,郑东新区金水东路·交直流充电站2号,14,1,5.03000000,0.81000000,2.2.0
2015-01-28,355208,经开区第八大街·交直流充电站3号,12,1,5.81000000,0E-8,2.2.0
2015-01-28,951880,二七区大学路·直流充电站6号,11,1,3.28000000,0E-8,2.2.0
2015-02-01,237105,高新区梧桐街·超充充电站1号,12,1,3.42000000,0E-8,2.2.0
2015-02-01,369001,航空港区迎宾大道·交流充电站1号,17,1,23.68000000,0E-8,2.2.0
2015-02-01,863084,管城区陇海路·超充充电站1号,11,1,3.56000000,0.22000000,2.2.0
2015-02-02,219054,金水区北三环·直流充电站1号,12,1,5.94000000,0E-8,2.2.0
2015-02-02,474204,经开区航海东路·直流充电站3号,19,1,7.94000000,0E-8,2.2.0
2015-02-02,507660,中原区建设路·交直流充电站3号,12,1,9.29000000,0E-8,2.2.0
2015-02-02,944575,郑东新区金水东路·交直流充电站8号,11,1,3.99000000,0E-8,2.2.0
2015-02-03,875343,惠济区天河路·交流充电站1号,17,1,8.87000000,0E-8,2.2.0
2015-02-04,228137,上街区中心路·交直流充电站1号,16,1,4.17000000,0E-8,2.2.0
2015-02-04,280221,经开区第八大街·交直流充电站2号,14,1,2.06000000,0E-8,2.2.0
2015-02-04,514669,二七区嵩山路·交直流充电站3号,18,1,0.82000000,0E-8,2.2.0
2015-02-04,594591,高新区科学大道·交直流充电站7号,12,1,3.27000000,0E-8,2.2.0
2015-02-04,955429,航空港区迎宾大道·交流充电站2号,13,1,2.76000000,0E-8,2.2.0
2015-02-05,445920,金水区花园路·直流充电站1号,21,1,5.15000000,0E-8,2.2.0
2015-02-05,474204,经开区航海东路·直流充电站3号,11,1,4.05000000,0E-8,2.2.0
2015-02-05,562656,经开区航海东路·直流充电站4号,12,1,0.17000000,0E-8,2.2.0
2015-02-05,801274,经开区第八大街·交直流充电站7号,20,1,5.48000000,0E-8,2.2.0
2015-02-05,878706,高新区科学大道·交直流充电站10号,12,1,5.78000000,0E-8,2.2.0
2015-02-05,944515,经开区第八大街·交直流充电站8号,12,1,6.66000000,7.50000000,2.2.0
2015-02-06,405157,经开区第八大街·交直流充电站4号,13,1,0.27000000,0E-8,2.2.0
2015-02-06,632920,高新区科学大道·交直流充电站9号,16,1,23.68000000,0E-8,2.2.0
2015-02-06,944575,郑东新区金水东路·交直流充电站8号,17,1,23.68000000,0E-8,2.2.0
2015-02-07,369001,航空港区迎宾大道·交流充电站1号,8,1,2.82000000,0E-8,2.2.0
2015-02-07,569889,高新区科学大道·交直流充电站5号,16,1,9.00000000,0E-8,2.2.0
2015-02-07,653450,上街区中心路·交直流充电站3号,11,1,8.29000000,0E-8,2.2.0
2015-02-08,569886,二七区淮河路·交直流充电站2号,10,1,2.79000000,0E-8,2.2.0
2015-02-10,228137,上街区中心路·交直流充电站1号,11,1,7.24000000,0E-8,2.2.0
2015-02-10,228137,上街区中心路·交直流充电站1号,17,1,7.16000000,0E-8,2.2.0
2015-02-10,405157,经开区第八大街·交直流充电站4号,12,1,4.79000000,0E-8,2.2.0
2015-02-10,474204,经开区航海东路·直流充电站3号,11,1,9.59000000,0E-8,2.2.0
2015-02-10,914305,高新区瑞达路·直流充电站10号,13,1,10.34000000,0E-8,2.2.0
2015-02-11,792421,中原区建设路·交直流充电站5号,10,1,0.65000000,0E-8,2.2.0
2015-02-11,878706,高新区科学大道·交直流充电站10号,9,1,12.29000000,0E-8,2.2.0
2015-02-12,191826,经开区航海东路·直流充电站1号,11,1,2.12000000,0E-8,2.2.0
2015-02-12,207262,郑东新区金水东路·交直流充电站1号,19,1,3.53000000,0E-8,2.2.0
2015-02-12,414088,二七区嵩山路·交直流充电站2号,11,1,9.80000000,0E-8,2.2.0
2015-02-12,730023,中原区西三环·交流充电站2号,12,1,12.40000000,0E-8,2.2.0
2015-02-13,250527,经开区第八大街·交直流充电站1号,13,1,5.59000000,0E-8,2.2.0
2015-02-13,366832,航空港区长安路·直流充电站2号,16,1,4.82000000,0E-8,2.2.0
2015-02-13,549414,高新区科学大道·交直流充电站4号,11,1,23.68000000,0E-8,2.2.0
2015-02-13,920264,高新区科学大道·交直流充电站11号,17,1,5.89000000,0E-8,2.2.0
2015-02-14,369001,航空港区迎宾大道·交流充电站1号,10,1,5.82000000,0E-8,2.2.0
2015-02-14,474204,经开区航海东路·直流充电站3号,11,1,0.49000000,0E-8,2.2.0
2015-02-15,250527,经开区第八大街·交直流充电站1号,15,1,7.36000000,0E-8,2.2.0
2015-02-15,369001,航空港区迎宾大道·交流充电站1号,16,1,4.28000000,0E-8,2.2.0
2015-02-15,514669,二七区嵩山路·交直流充电站3号,17,1,6.78000000,0E-8,2.2.0
2015-02-15,562656,经开区航海东路·直流充电站4号,12,1,6.92000000,0E-8,2.2.0
2015-02-15,758780,惠济区文化路·直流充电站3号,17,1,4.26000000,0E-8,2.2.0
2015-02-16,219054,金水区北三环·直流充电站1号,11,1,1.48000000,0E-8,2.2.0
2015-02-16,237105,高新区梧桐街·超充充电站1号,12,1,6.64000000,0E-8,2.2.0
2015-02-16,355208,经开区第八大街·交直流充电站3号,18,1,7.26000000,0E-8,2.2.0
2015-02-16,643012,金水区经三路·交直流充电站1号,9,1,5.50000000,0E-8,2.2.0
2015-02-17,228137,上街区中心路·交直流充电站1号,17,1,5.28000000,0E-8,2.2.0
2015-02-17,664306,二七区淮河路·交直流充电站4号,11,1,5.37000000,0E-8,2.2.0
2015-02-17,803398,二七区大学路·直流充电站4号,12,1,2.02000000,0E-8,2.2.0
2015-02-18,549414,高新区科学大道·交直流充电站4号,12,1,2.79000000,0E-8,2.2.0
2015-02-18,568071,二七区大学路·直流充电站2号,9,1,2.07000000,0E-8,2.2.0
2015-02-19,129465,高新区科学大道·交直流充电站1号,13,1,5.35000000,0E-8,2.2.0
2015-02-19,228137,上街区中心路·交直流充电站1号,12,1,5.40000000,0E-8,2.2.0
2015-02-20,131897,二七区嵩山路·交直流充电站1号,17,1,6.95000000,0E-8,2.2.0
2015-02-20,369001,航空港区迎宾大道·交流充电站1号,17,1,5.90000000,0.18000000,2.2.0
2015-02-20,474204,经开区航海东路·直流充电站3号,19,1,23.68000000,0E-8,2.2.0
2015-02-20,549414,高新区科学大道·交直流充电站4号,17,1,23.68000000,0E-8,2.2.0
2015-02-20,728918,郑东新区金水东路·交直流充电站6号,17,1,3.71000000,0.12000000,2.2.0
2015-02-20,955429,航空港区迎宾大道·交流充电站2号,13,1,2.47000000,0E-8,2.2.0
2015-02-21,369001,航空港区迎宾大道·交流充电站1号,10,1,23.68000000,0E-8,2.2.0
2015-02-21,864630,高新区瑞达路·直流充电站8号,16,1,0.38000000,0E-8,2.2.0
2015-02-22,474204,经开区航海东路·直流充电站3号,16,1,23.68000000,0E-8,2.2.0
2015-02-22,562656,经开区航海东路·直流充电站4号,13,1,2.10000000,0E-8,2.2.0
2015-02-22,878706,高新区科学大道·交直流充电站10号,11,1,6.92000000,0E-8,2.2.0
2015-02-23,803398,二七区大学路·直流充电站4号,16,1,0.11000000,0E-8,2.2.0
2015-02-23,878706,高新区科学大道·交直流充电站10号,11,1,23.68000000,0E-8,2.2.0
2015-02-23,955429,航空港区迎宾大道·交流充电站2号,11,1,23.68000000,0E-8,2.2.0
2015-02-23,955429,航空港区迎宾大道·交流充电站2号,12,1,23.68000000,0E-8,2.2.0
2015-02-24,349635,上街区中心路·交直流充电站2号,11,1,8.15000000,0E-8,2.2.0
2015-02-24,369001,航空港区迎宾大道·交流充电站1号,11,1,7.84000000,0E-8,2.2.0
2015-02-25,638536,二七区淮河路·交直流充电站3号,11,1,11.19000000,0E-8,2.2.0
2015-02-25,664306,二七区淮河路·交直流充电站4号,15,1,4.06000000,0E-8,2.2.0
2015-02-26,228137,上街区中心路·交直流充电站1号,11,1,23.68000000,0E-8,2.2.0
2015-02-26,250527,经开区第八大街·交直流充电站1号,12,1,6.04000000,0E-8,2.2.0
2015-02-26,653450,上街区中心路·交直流充电站3号,20,1,8.96000000,0E-8,2.2.0
2015-02-27,369001,航空港区迎宾大道·交流充电站1号,11,1,2.81000000,0E-8,2.2.0
2015-02-28,369001,航空港区迎宾大道·交流充电站1号,17,1,9.57000000,0E-8,2.2.0
2015-02-28,514669,二七区嵩山路·交直流充电站3号,8,1,23.68000000,0E-8,2.2.0
2015-03-01,228137,上街区中心路·交直流充电站1号,18,1,6.06000000,0.39000000,2.2.0
2015-03-01,369001,航空港区迎宾大道·交流充电站1号,12,1,11.88000000,0E-8,2.2.0
2015-03-01,405157,经开区第八大街·交直流充电站4号,10,1,4.99000000,0E-8,2.2.0
2015-03-01,594591,高新区科学大道·交直流充电站7号,11,1,4.37000000,0E-8,2.2.0
2015-03-01,758780,惠济区文化路·直流充电站3号,17,1,4.03000000,0.72000000,2.2.0
2015-03-01,871619,金水区花园路·直流充电站2号,14,1,1.38000000,0E-8,2.2.0
2015-03-01,874950,金水区北三环·直流充电站3号,12,1,8.99000000,0E-8,2.2.0
2015-03-01,878706,高新区科学大道·交直流充电站10号,15,1,11.12000000,0E-8,2.2.0
2015-03-01,955429,航空港区迎宾大道·交流充电站2号,11,1,7.71000000,0E-8,2.2.0
2015-03-01,955429,航空港区迎宾大道·交流充电站2号,16,1,11.07000000,0E-8,2.2.0
2015-03-01,995505,二七区淮河路·交直流充电站6号,11,1,0.94000000,0E-8,2.2.0
2015-03-02,207262,郑东新区金水东路·交直流充电站1号,12,1,23.68000000,0E-8,2.2.0
2015-03-02,236840,郑东新区东风东路·交直流充电站2号,15,1,5.94000000,0E-8,2.2.0
2015-03-02,280221,经开区第八大街·交直流充电站2号,13,1,4.22000000,0E-8,2.2.0
2015-03-02,371335,高新区科学大道·交直流充电站2号,15,1,1.26000000,0E-8,2.2.0
2015-03-02,474204,经开区航海东路·直流充电站3号,16,1,6.40000000,1.05000000,2.2.0
2015-03-02,582873,高新区科学大道·交直流充电站6号,10,1,7.07000000,0E-8,2.2.0
2015-03-02,728918,郑东新区金水东路·交直流充电站6号,10,1,5.60000000,0E-8,2.2.0
2015-03-02,758780,惠济区文化路·直流充电站3号,9,1,23.68000000,0E-8,2.2.0
2015-03-02,874950,金水区北三环·直流充电站3号,14,1,3.19000000,0E-8,2.2.0
2015-03-02,878706,高新区科学大道·交直流充电站10号,19,1,6.15000000,0E-8,2.2.0
2015-03-03,207262,郑东新区金水东路·交直流充电站1号,14,1,5.28000000,0E-8,2.2.0
2015-03-03,369001,航空港区迎宾大道·交流充电站1号,12,1,12.38000000,0E-8,2.2.0
2015-03-03,371335,高新区科学大道·交直流充电站2号,13,2,7.51000000,0E-8,2.2.0
2015-03-03,481613,高新区瑞达路·直流充电站3号,16,1,23.68000000,0E-8,2.2.0
2015-03-03,517464,二七区大学路·直流充电站1号,13,1,3.00000000,0.27000000,2.2.0
2015-03-03,643012,金水区经三路·交直流充电站1号,14,1,5.69000000,0E-8,2.2.0
2015-03-03,922416,高新区瑞达路·直流充电站12号,11,1,2.87000000,0E-8,2.2.0
2015-03-03,932939,二七区淮河路·交直流充电站5号,11,1,6.50000000,0E-8,2.2.0
2015-03-03,955429,航空港区迎宾大道·交流充电站2号,11,1,7.35000000,0E-8,2.2.0
2015-03-03,987396,航空港区长安路·直流充电站3号,16,1,9.00000000,0E-8,2.2.0
2015-03-04,355208,经开区第八大街·交直流充电站3号,14,1,6.12000000,0E-8,2.2.0
2015-03-04,355208,经开区第八大街·交直流充电站3号,15,1,9.56000000,0E-8,2.2.0
2015-03-04,369001,航空港区迎宾大道·交流充电站1号,10,1,2.76000000,0.23000000,2.2.0
2015-03-04,517464,二七区大学路·直流充电站1号,11,1,8.02000000,0E-8,2.2.0
2015-03-04,643012,金水区经三路·交直流充电站1号,11,1,8.59000000,0E-8,2.2.0
2015-03-04,801274,经开区第八大街·交直流充电站7号,15,1,4.40000000,0E-8,2.2.0
2015-03-04,944575,郑东新区金水东路·交直流充电站8号,16,1,3.69000000,0E-8,2.2.0
2015-03-05,369001,航空港区迎宾大道·交流充电站1号,8,1,0.32000000,0E-8,2.2.0
2015-03-05,474204,经开区航海东路·直流充电站3号,13,1,4.16000000,0E-8,2.2.0
2015-03-05,569886,二七区淮河路·交直流充电站2号,10,1,6.21000000,0E-8,2.2.0
2015-03-05,728918,郑东新区金水东路·交直流充电站6号,15,1,8.65000000,0E-8,2.2.0
2015-03-05,787792,高新区瑞达路·直流充电站7号,17,1,6.09000000,0E-8,2.2.0
2015-03-05,914907,高新区瑞达路·直流充电站11号,11,1,7.60000000,0E-8,2.2.0
2015-03-05,943765,高新区科学大道·交直流充电站12号,15,1,1.16000000,0E-8,2.2.0
2015-03-06,207262,郑东新区金水东路·交直流充电站1号,8,1,6.76000000,1.25000000,2.2.0
2015-03-06,366832,航空港区长安路·直流充电站2号,11,1,23.68000000,0E-8,2.2.0
2015-03-06,431796,高新区科学大道·交直流充电站3号,11,1,10.01000000,0E-8,2.2.0
2015-03-06,507660,中原区建设路·交直流充电站3号,18,1,3.82000000,0.30000000,2.2.0
2015-03-06,653450,上街区中心路·交直流充电站3号,11,1,2.78000000,0E-8,2.2.0
2015-03-06,801274,经开区第八大街·交直流充电站7号,17,1,4.37000000,0E-8,2.2.0
2015-03-06,891421,二七区大学路·直流充电站5号,10,1,7.36000000,0E-8,2.2.0
2015-03-06,891421,二七区大学路·直流充电站5号,17,1,5.88000000,0.18000000,2.2.0
2015-03-06,955429,航空港区迎宾大道·交流充电站2号,12,1,5.01000000,0E-8,2.2.0
2015-03-06,987396,航空港区长安路·直流充电站3号,12,1,8.67000000,0E-8,2.2.0
2015-03-07,228137,上街区中心路·交直流充电站1号,11,1,7.66000000,0.49000000,2.2.0
2015-03-07,514669,二七区嵩山路·交直流充电站3号,11,1,0.32000000,0E-8,2.2.0
2015-03-07,653450,上街区中心路·交直流充电站3号,11,1,23.68000000,0E-8,2.2.0
2015-03-07,664306,二七区淮河路·交直流充电站4号,15,1,7.47000000,0E-8,2.2.0
2015-03-07,803398,二七区大学路·直流充电站4号,16,1,6.85000000,0E-8,2.2.0
2015-03-08,228137,上街区中心路·交直流充电站1号,17,1,7.56000000,0E-8,2.2.0
2015-03-08,369001,航空港区迎宾大道·交流充电站1号,12,1,5.57000000,0E-8,2.2.0
2015-03-08,425476,郑东新区金水东路·交直流充电站4号,13,1,5.78000000,0E-8,2.2.0
2015-03-08,474204,经开区航海东路·直流充电站3号,12,1,7.38000000,0E-8,2.2.0
2015-03-08,568071,二七区大学路·直流充电站2号,17,1,3.90000000,0E-8,2.2.0
2015-03-08,664306,二七区淮河路·交直流充电站4号,16,1,6.53000000,0E-8,2.2.0
2015-03-08,801274,经开区第八大街·交直流充电站7号,16,1,3.98000000,0E-8,2.2.0
2015-03-08,884707,高新区瑞达路·直流充电站9号,9,1,1.15000000,0E-8,2.2.0
2015-03-08,914305,高新区瑞达路·直流充电站10号,15,1,5.73000000,0E-8,2.2.0
2015-03-08,955429,航空港区迎宾大道·交流充电站2号,13,1,8.65000000,0E-8,2.2.0
2015-03-09,445920,金水区花园路·直流充电站1号,13,1,4.10000000,0E-8,2.2.0
2015-03-09,575971,高新区梧桐街·超充充电站2号,12,1,1.13000000,0E-8,2.2.0
2015-03-09,623134,郑东新区东风东路·交直流充电站3号,11,1,23.68000000,0E-8,2.2.0
2015-03-09,878706,高新区科学大道·交直流充电站10号,10,1,4.06000000,0E-8,2.2.0
2015-03-09,902592,二七区嵩山路·交直流充电站4号,11,1,7.68000000,0E-8,2.2.0
2015-03-09,955429,航空港区迎宾大道·交流充电站2号,11,1,3.00000000,0.41000000,2.2.0
2015-03-09,955429,航空港区迎宾大道·交流充电站2号,14,1,8.31000000,0E-8,2.2.0
2015-03-10,191826,经开区航海东路·直流充电站1号,9,1,23.68000000,0E-8,2.2.0
2015-03-10,280415,惠济区文化路·直流充电站1号,16,1,23.68000000,0E-8,2.2.0
2015-03-10,489543,二七区淮河路·交直流充电站1号,11,1,4.36000000,0E-8,2.2.0
2015-03-10,500856,经开区第八大街·交直流充电站5号,8,1,5.20000000,0E-8,2.2.0
2015-03-10,632920,高新区科学大道·交直流充电站9号,16,1,7.60000000,0E-8,2.2.0
2015-03-10,801274,经开区第八大街·交直流充电站7号,10,1,0.17000000,0E-8,2.2.0
2015-03-10,891421,二七区大学路·直流充电站5号,12,1,4.57000000,0E-8,2.2.0
2015-03-10,920264,高新区科学大道·交直流充电站11号,16,1,7.17000000,0E-8,2.2.0
2015-03-10,955429,航空港区迎宾大道·交流充电站2号,11,1,2.50000000,0E-8,2.2.0
2015-03-11,131897,二七区嵩山路·交直流充电站1号,18,1,21.02000000,0E-8,2.2.0
2015-03-11,200695,中原区建设路·交直流充电站1号,8,1,2.17000000,5.22000000,2.2.0
2015-03-11,207262,郑东新区金水东路·交直流充电站1号,12,1,4.60000000,0E-8,2.2.0
2015-03-11,219054,金水区北三环·直流充电站1号,17,1,5.26000000,0E-8,2.2.0
2015-03-11,228137,上街区中心路·交直流充电站1号,18,1,1.30000000,0E-8,2.2.0
2015-03-11,250527,经开区第八大街·交直流充电站1号,13,1,1.05000000,0E-8,2.2.0
2015-03-11,517464,二七区大学路·直流充电站1号,14,1,1.80000000,0E-8,2.2.0
2015-03-11,594591,高新区科学大道·交直流充电站7号,12,1,2.97000000,0E-8,2.2.0
2015-03-11,638536,二七区淮河路·交直流充电站3号,18,1,8.32000000,0E-8,2.2.0
2015-03-11,929628,管城区陇海路·超充充电站2号,17,1,8.26000000,1.01000000,2.2.0
2015-03-11,989457,郑东新区东风东路·交直流充电站4号,18,1,10.66000000,0E-8,2.2.0
2015-03-12,228137,上街区中心路·交直流充电站1号,12,1,1.18000000,0E-8,2.2.0
2015-03-12,369001,航空港区迎宾大道·交流充电站1号,15,1,1.83000000,0E-8,2.2.0
2015-03-12,369001,航空港区迎宾大道·交流充电站1号,19,1,1.63000000,0E-8,2.2.0
2015-03-12,425476,郑东新区金水东路·交直流充电站4号,10,1,4.36000000,0E-8,2.2.0
2015-03-12,474204,经开区航海东路·直流充电站3号,8,1,7.16000000,0E-8,2.2.0
2015-03-12,474204,经开区航海东路·直流充电站3号,11,1,2.27000000,0.18000000,2.2.0
2015-03-12,672450,中原区建设路·交直流充电站4号,14,1,6.87000000,0E-8,2.2.0
2015-03-12,878706,高新区科学大道·交直流充电站10号,12,1,4.27000000,0E-8,2.2.0
2015-03-12,878706,高新区科学大道·交直流充电站10号,14,1,11.47000000,0E-8,2.2.0
2015-03-12,911231,中原区建设路·交直流充电站6号,10,1,23.68000000,1.15000000,2.2.0
2015-03-12,955429,航空港区迎宾大道·交流充电站2号,20,1,4.36000000,0E-8,2.2.0
2015-03-12,987396,航空港区长安路·直流充电站3号,11,1,6.92000000,0E-8,2.2.0
2015-03-12,987396,航空港区长安路·直流充电站3号,12,1,13.29000000,0E-8,2.2.0
2015-03-12,989457,郑东新区东风东路·交直流充电站4号,12,1,0.75000000,0E-8,2.2.0
2015-03-13,219054,金水区北三环·直流充电站1号,17,1,23.68000000,2.35000000,2.2.0
2015-03-13,237105,高新区梧桐街·超充充电站1号,11,1,5.00000000,0E-8,2.2.0
2015-03-13,369001,航空港区迎宾大道·交流充电站1号,10,1,4.36000000,0E-8,2.2.0
2015-03-13,369001,航空港区迎宾大道·交流充电站1号,14,1,6.41000000,0E-8,2.2.0
2015-03-13,405157,经开区第八大街·交直流充电站4号,15,1,1.19000000,0E-8,2.2.0
2015-03-13,431796,高新区科学大道·交直流充电站3号,19,1,4.75000000,0E-8,2.2.0
2015-03-13,568071,二七区大学路·直流充电站2号,19,1,4.03000000,0E-8,2.2.0
2015-03-13,638536,二七区淮河路·交直流充电站3号,17,1,9.82000000,0.96000000,2.2.0
2015-03-13,653450,上街区中心路·交直流充电站3号,11,1,6.63000000,0.95000000,2.2.0
2015-03-14,237105,高新区梧桐街·超充充电站1号,16,1,2.33000000,0E-8,2.2.0
2015-03-14,369001,航空港区迎宾大道·交流充电站1号,12,1,3.72000000,0E-8,2.2.0
2015-03-14,369001,航空港区迎宾大道·交流充电站1号,16,2,27.61000000,0E-8,2.2.0
2015-03-14,414088,二七区嵩山路·交直流充电站2号,10,1,5.14000000,0E-8,2.2.0
2015-03-14,514669,二七区嵩山路·交直流充电站3号,15,1,3.20000000,0E-8,2.2.0
2015-03-14,568071,二七区大学路·直流充电站2号,11,1,11.70000000,0E-8,2.2.0
2015-03-14,638536,二七区淮河路·交直流充电站3号,13,1,0.73000000,0E-8,2.2.0
2015-03-14,653450,上街区中心路·交直流充电站3号,15,1,11.09000000,0E-8,2.2.0
2015-03-14,902592,二七区嵩山路·交直流充电站4号,11,1,3.16000000,0E-8,2.2.0
2015-03-14,914907,高新区瑞达路·直流充电站11号,9,1,0.87000000,0E-8,2.2.0
2015-03-14,955429,航空港区迎宾大道·交流充电站2号,12,1,7.33000000,0E-8,2.2.0
2015-03-15,200695,中原区建设路·交直流充电站1号,11,1,10.69000000,0E-8,2.2.0
2015-03-15,207262,郑东新区金水东路·交直流充电站1号,11,1,4.40000000,0E-8,2.2.0
2015-03-15,250527,经开区第八大街·交直流充电站1号,18,1,2.99000000,0E-8,2.2.0
2015-03-15,371335,高新区科学大道·交直流充电站2号,11,1,11.49000000,0E-8,2.2.0
2015-03-15,514669,二七区嵩山路·交直流充电站3号,10,1,7.88000000,0E-8,2.2.0
2015-03-15,955429,航空港区迎宾大道·交流充电站2号,9,1,23.68000000,0E-8,2.2.0
2015-03-15,955429,航空港区迎宾大道·交流充电站2号,19,1,1.21000000,0E-8,2.2.0
2015-03-16,131897,二七区嵩山路·交直流充电站1号,17,1,5.47000000,0E-8,2.2.0
2015-03-16,237105,高新区梧桐街·超充充电站1号,16,1,2.63000000,0.23000000,2.2.0
2015-03-16,280221,经开区第八大街·交直流充电站2号,18,1,3.88000000,0.45000000,2.2.0
2015-03-16,369001,航空港区迎宾大道·交流充电站1号,15,1,1.64000000,0E-8,2.2.0
2015-03-16,369001,航空港区迎宾大道·交流充电站1号,18,1,1.96000000,0E-8,2.2.0
2015-03-16,405157,经开区第八大街·交直流充电站4号,15,1,3.40000000,0E-8,2.2.0
2015-03-16,405157,经开区第八大街·交直流充电站4号,20,1,17.58000000,0E-8,2.2.0
2015-03-16,474204,经开区航海东路·直流充电站3号,13,1,6.58000000,0E-8,2.2.0
2015-03-16,638536,二七区淮河路·交直流充电站3号,17,1,8.16000000,0E-8,2.2.0
2015-03-16,944515,经开区第八大街·交直流充电站8号,12,1,8.03000000,0E-8,2.2.0
2015-03-16,955429,航空港区迎宾大道·交流充电站2号,11,1,23.68000000,0E-8,2.2.0
2015-03-17,191826,经开区航海东路·直流充电站1号,16,1,6.10000000,0E-8,2.2.0
2015-03-17,369001,航空港区迎宾大道·交流充电站1号,11,1,3.12000000,0E-8,2.2.0
2015-03-17,369001,航空港区迎宾大道·交流充电站1号,18,1,2.84000000,0E-8,2.2.0
2015-03-17,414088,二七区嵩山路·交直流充电站2号,11,1,8.67000000,0E-8,2.2.0
2015-03-17,507660,中原区建设路·交直流充电站3号,13,1,1.94000000,0.19000000,2.2.0
2015-03-17,568071,二七区大学路·直流充电站2号,17,1,2.49000000,0E-8,2.2.0
2015-03-17,643012,金水区经三路·交直流充电站1号,10,1,23.68000000,0E-8,2.2.0
2015-03-17,653450,上街区中心路·交直流充电站3号,15,1,7.98000000,0E-8,2.2.0
2015-03-17,875343,惠济区天河路·交流充电站1号,18,1,5.07000000,0E-8,2.2.0
2015-03-17,932939,二七区淮河路·交直流充电站5号,10,1,6.71000000,0E-8,2.2.0
2015-03-18,369001,航空港区迎宾大道·交流充电站1号,12,1,0.17000000,0E-8,2.2.0
2015-03-18,369001,航空港区迎宾大道·交流充电站1号,18,1,7.61000000,0E-8,2.2.0
2015-03-18,371335,高新区科学大道·交直流充电站2号,16,1,9.32000000,0E-8,2.2.0
2015-03-18,507660,中原区建设路·交直流充电站3号,18,1,5.34000000,0E-8,2.2.0
2015-03-18,569889,高新区科学大道·交直流充电站5号,12,1,4.83000000,0E-8,2.2.0
2015-03-18,782629,金水区经三路·交直流充电站3号,20,1,10.21000000,0E-8,2.2.0
2015-03-18,801274,经开区第八大街·交直流充电站7号,18,1,23.68000000,1.91000000,2.2.0
2015-03-19,219054,金水区北三环·直流充电站1号,9,1,2.42000000,0E-8,2.2.0
2015-03-19,237105,高新区梧桐街·超充充电站1号,13,1,0.60000000,0E-8,2.2.0
2015-03-19,349635,上街区中心路·交直流充电站2号,16,1,5.23000000,0E-8,2.2.0
2015-03-19,355208,经开区第八大街·交直流充电站3号,10,1,7.07000000,0E-8,2.2.0
2015-03-19,369001,航空港区迎宾大道·交流充电站1号,9,1,23.68000000,0E-8,2.2.0
2015-03-19,414088,二七区嵩山路·交直流充电站2号,19,1,13.55000000,0E-8,2.2.0
2015-03-19,500856,经开区第八大街·交直流充电站5号,15,1,23.68000000,1.40000000,2.2.0
2015-03-19,517464,二七区大学路·直流充电站1号,13,1,10.21000000,0E-8,2.2.0
2015-03-19,738900,经开区第八大街·交直流充电站6号,12,1,23.68000000,0E-8,2.2.0
2015-03-19,955429,航空港区迎宾大道·交流充电站2号,11,1,7.39000000,0E-8,2.2.0
2015-03-19,955429,航空港区迎宾大道·交流充电站2号,17,1,0.13000000,0E-8,2.2.0
2015-03-20,131897,二七区嵩山路·交直流充电站1号,16,1,9.05000000,0.82000000,2.2.0
2015-03-20,369001,航空港区迎宾大道·交流充电站1号,9,1,1.91000000,0E-8,2.2.0
2015-03-20,514669,二七区嵩山路·交直流充电站3号,9,1,7.60000000,0E-8,2.2.0
2015-03-20,568071,二七区大学路·直流充电站2号,11,1,23.68000000,0E-8,2.2.0
2015-03-20,569889,高新区科学大道·交直流充电站5号,16,1,2.57000000,0E-8,2.2.0
2015-03-20,664306,二七区淮河路·交直流充电站4号,11,1,23.68000000,0E-8,2.2.0
2015-03-20,875343,惠济区天河路·交流充电站1号,17,1,5.66000000,0E-8,2.2.0
2015-03-20,891421,二七区大学路·直流充电站5号,10,1,5.85000000,0E-8,2.2.0
2015-03-21,207262,郑东新区金水东路·交直流充电站1号,12,1,2.75000000,0E-8,2.2.0
2015-03-21,250527,经开区第八大街·交直流充电站1号,10,1,6.31000000,0E-8,2.2.0
2015-03-21,369001,航空港区迎宾大道·交流充电站1号,18,1,5.82000000,0E-8,2.2.0
2015-03-21,569886,二七区淮河路·交直流充电站2号,10,1,9.87000000,0E-8,2.2.0
2015-03-21,632920,高新区科学大道·交直流充电站9号,16,1,0.56000000,0E-8,2.2.0
2015-03-21,801274,经开区第八大街·交直流充电站7号,18,1,4.23000000,0E-8,2.2.0
2015-03-22,228137,上街区中心路·交直流充电站1号,17,1,1.19000000,0E-8,2.2.0
2015-03-22,250527,经开区第八大街·交直流充电站1号,12,1,4.54000000,0E-8,2.2.0
2015-03-22,369001,航空港区迎宾大道·交流充电站1号,15,1,8.35000000,0E-8,2.2.0
2015-03-22,369001,航空港区迎宾大道·交流充电站1号,16,1,2.30000000,0E-8,2.2.0
2015-03-22,425476,郑东新区金水东路·交直流充电站4号,14,1,12.14000000,0E-8,2.2.0
2015-03-22,995505,二七区淮河路·交直流充电站6号,14,1,8.25000000,0E-8,2.2.0
2015-03-23,445920,金水区花园路·直流充电站1号,11,1,9.76000000,1.95000000,2.2.0
2015-03-23,540225,高新区瑞达路·直流充电站5号,12,1,7.84000000,0E-8,2.2.0
2015-03-23,612116,高新区科学大道·交直流充电站8号,17,1,6.63000000,0E-8,2.2.0
2015-03-23,638536,二七区淮河路·交直流充电站3号,13,1,3.60000000,0E-8,2.2.0
2015-03-23,801274,经开区第八大街·交直流充电站7号,9,1,10.18000000,0E-8,2.2.0
2015-03-23,874950,金水区北三环·直流充电站3号,16,1,23.68000000,0E-8,2.2.0
2015-03-23,955429,航空港区迎宾大道·交流充电站2号,9,1,4.63000000,0E-8,2.2.0
2015-03-24,250527,经开区第八大街·交直流充电站1号,15,1,7.18000000,0E-8,2.2.0
2015-03-24,250527,经开区第八大街·交直流充电站1号,17,1,7.62000000,0E-8,2.2.0
2015-03-24,260408,经开区航海东路·直流充电站2号,11,1,23.68000000,0E-8,2.2.0
2015-03-24,280415,惠济区文化路·直流充电站1号,14,1,5.31000000,0E-8,2.2.0
2015-03-24,414088,二七区嵩山路·交直流充电站2号,12,1,8.16000000,0E-8,2.2.0
2015-03-24,414088,二七区嵩山路·交直流充电站2号,13,1,6.51000000,0E-8,2.2.0
2015-03-24,481613,高新区瑞达路·直流充电站3号,12,1,8.73000000,0E-8,2.2.0
2015-03-24,643012,金水区经三路·交直流充电站1号,19,1,5.92000000,0.18000000,2.2.0
2015-03-24,711566,郑东新区金水东路·交直流充电站5号,16,1,4.18000000,0.65000000,2.2.0
2015-03-24,728918,郑东新区金水东路·交直流充电站6号,13,1,1.09000000,0E-8,2.2.0
2015-03-24,738900,经开区第八大街·交直流充电站6号,10,1,23.68000000,0E-8,2.2.0
2015-03-24,955429,航空港区迎宾大道·交流充电站2号,12,1,1.74000000,0.62000000,2.2.0
2015-03-25,228137,上街区中心路·交直流充电站1号,12,1,6.74000000,0E-8,2.2.0
2015-03-25,369001,航空港区迎宾大道·交流充电站1号,17,1,4.65000000,0E-8,2.2.0
2015-03-25,474204,经开区航海东路·直流充电站3号,9,1,3.03000000,0.47000000,2.2.0
2015-03-25,474204,经开区航海东路·直流充电站3号,18,1,4.93000000,0.93000000,2.2.0
2015-03-25,562656,经开区航海东路·直流充电站4号,19,1,8.07000000,0E-8,2.2.0
2015-03-25,632920,高新区科学大道·交直流充电站9号,11,1,4.70000000,0E-8,2.2.0
2015-03-25,643012,金水区经三路·交直流充电站1号,17,1,1.83000000,0E-8,2.2.0
2015-03-25,902592,二七区嵩山路·交直流充电站4号,18,1,10.43000000,0E-8,2.2.0
2015-03-25,955429,航空港区迎宾大道·交流充电站2号,11,1,7.78000000,7.50000000,2.2.0
2015-03-26,250527,经开区第八大街·交直流充电站1号,11,1,6.65000000,0E-8,2.2.0
2015-03-26,280221,经开区第八大街·交直流充电站2号,17,1,5.01000000,0E-8,2.2.0
2015-03-26,369001,航空港区迎宾大道·交流充电站1号,10,1,5.18000000,0.46000000,2.2.0
2015-03-26,369001,航空港区迎宾大道·交流充电站1号,17,1,7.23000000,0E-8,2.2.0
2015-03-26,405157,经开区第八大街·交直流充电站4号,16,1,6.40000000,0E-8,2.2.0
2015-03-26,474204,经开区航海东路·直流充电站3号,11,1,4.80000000,0E-8,2.2.0
2015-03-26,594591,高新区科学大道·交直流充电站7号,18,1,8.41000000,0E-8,2.2.0
2015-03-26,616125,经开区经北六路·直流充电站1号,10,1,2.49000000,0E-8,2.2.0
2015-03-26,871619,金水区花园路·直流充电站2号,9,1,0.73000000,0E-8,2.2.0
2015-03-27,207262,郑东新区金水东路·交直流充电站1号,14,1,4.90000000,0E-8,2.2.0
2015-03-27,349635,上街区中心路·交直流充电站2号,11,1,5.48000000,0E-8,2.2.0
2015-03-27,414088,二七区嵩山路·交直流充电站2号,16,1,7.74000000,0E-8,2.2.0
2015-03-27,507660,中原区建设路·交直流充电站3号,12,1,6.39000000,0E-8,2.2.0
2015-03-27,549414,高新区科学大道·交直流充电站4号,18,1,5.50000000,0E-8,2.2.0
2015-03-27,568071,二七区大学路·直流充电站2号,13,1,1.26000000,0E-8,2.2.0
2015-03-27,643012,金水区经三路·交直流充电站1号,18,1,9.29000000,0E-8,2.2.0
2015-03-27,951880,二七区大学路·直流充电站6号,17,1,11.39000000,0E-8,2.2.0
2015-03-27,955429,航空港区迎宾大道·交流充电站2号,16,1,4.41000000,0E-8,2.2.0
2015-03-27,987396,航空港区长安路·直流充电站3号,11,1,10.15000000,0.58000000,2.2.0
2015-03-27,989457,郑东新区东风东路·交直流充电站4号,17,1,8.93000000,0E-8,2.2.0
2015-03-28,219054,金水区北三环·直流充电站1号,16,1,3.85000000,0E-8,2.2.0
2015-03-28,369001,航空港区迎宾大道·交流充电站1号,13,1,1.70000000,0E-8,2.2.0
2015-03-28,369001,航空港区迎宾大道·交流充电站1号,18,1,0.87000000,0E-8,2.2.0
2015-03-28,801274,经开区第八大街·交直流充电站7号,17,1,7.56000000,0E-8,2.2.0
2015-03-28,874950,金水区北三环·直流充电站3号,17,1,3.25000000,0E-8,2.2.0
2015-03-28,878706,高新区科学大道·交直流充电站10号,13,1,3.50000000,0E-8,2.2.0
2015-03-28,932939,二七区淮河路·交直流充电站5号,15,1,7.25000000,0E-8,2.2.0
2015-04-01,131897,二七区嵩山路·交直流充电站1号,13,1,7.09000000,0E-8,2.2.0
2015-04-01,237105,高新区梧桐街·超充充电站1号,15,1,0.86000000,0E-8,2.2.0
2015-04-01,366832,航空港区长安路·直流充电站2号,17,1,0.65000000,0E-8,2.2.0
2015-04-01,369001,航空港区迎宾大道·交流充电站1号,17,1,23.68000000,0E-8,2.2.0
2015-04-01,369001,航空港区迎宾大道·交流充电站1号,19,1,7.93000000,0E-8,2.2.0
2015-04-01,431796,高新区科学大道·交直流充电站3号,17,1,23.68000000,0E-8,2.2.0
2015-04-01,474204,经开区航海东路·直流充电站3号,9,1,4.36000000,0E-8,2.2.0
2015-04-01,569889,高新区科学大道·交直流充电站5号,10,1,6.78000000,0E-8,2.2.0
2015-04-01,572249,二七区大学路·直流充电站3号,16,1,2.21000000,0E-8,2.2.0
2015-04-01,623134,郑东新区东风东路·交直流充电站3号,14,1,8.62000000,0E-8,2.2.0
2015-04-01,738900,经开区第八大街·交直流充电站6号,19,1,23.68000000,0E-8,2.2.0
2015-04-01,758780,惠济区文化路·直流充电站3号,11,1,23.68000000,0E-8,2.2.0
2015-04-01,758780,惠济区文化路·直流充电站3号,15,1,8.17000000,0E-8,2.2.0
2015-04-01,878706,高新区科学大道·交直流充电站10号,12,1,4.62000000,0E-8,2.2.0
2015-04-01,878706,高新区科学大道·交直流充电站10号,19,1,5.63000000,0E-8,2.2.0
2015-04-01,932939,二七区淮河路·交直流充电站5号,13,1,23.68000000,7.50000000,2.2.0
2015-04-01,944515,经开区第八大街·交直流充电站8号,15,1,8.68000000,0.70000000,2.2.0
2015-04-01,944575,郑东新区金水东路·交直流充电站8号,15,1,8.41000000,0E-8,2.2.0
2015-04-01,955429,航空港区迎宾大道·交流充电站2号,13,1,5.91000000,0E-8,2.2.0
2015-04-01,955429,航空港区迎宾大道·交流充电站2号,16,1,4.34000000,0E-8,2.2.0
2015-04-02,129465,高新区科学大道·交直流充电站1号,16,1,1.51000000,0E-8,2.2.0
2015-04-02,250527,经开区第八大街·交直流充电站1号,16,1,23.68000000,0E-8,2.2.0
2015-04-02,250527,经开区第八大街·交直流充电站1号,17,1,0.49000000,0.02000000,2.2.0
2015-04-02,371335,高新区科学大道·交直流充电站2号,13,1,4.98000000,0E-8,2.2.0
2015-04-02,507660,中原区建设路·交直流充电站3号,15,1,3.08000000,0E-8,2.2.0
2015-04-02,693651,上街区中心路·交直流充电站4号,13,1,13.07000000,0E-8,2.2.0
2015-04-02,711566,郑东新区金水东路·交直流充电站5号,17,1,4.34000000,0E-8,2.2.0
2015-04-02,738900,经开区第八大街·交直流充电站6号,12,1,8.64000000,0E-8,2.2.0
2015-04-02,738900,经开区第八大街·交直流充电站6号,17,1,23.68000000,0E-8,2.2.0
2015-04-02,944515,经开区第八大街·交直流充电站8号,13,1,8.43000000,0E-8,2.2.0
2015-04-02,955429,航空港区迎宾大道·交流充电站2号,17,1,21.97000000,2.50000000,2.2.0
2015-04-03,200695,中原区建设路·交直流充电站1号,13,1,0.20000000,0E-8,2.2.0
2015-04-03,228137,上街区中心路·交直流充电站1号,15,1,0.01000000,0E-8,2.2.0
2015-04-03,228137,上街区中心路·交直流充电站1号,18,1,3.31000000,0.33000000,2.2.0
2015-04-03,260408,经开区航海东路·直流充电站2号,15,1,6.85000000,0E-8,2.2.0
2015-04-03,280221,经开区第八大街·交直流充电站2号,12,1,8.30000000,0E-8,2.2.0
2015-04-03,280415,惠济区文化路·直流充电站1号,12,1,23.68000000,3.59000000,2.2.0
2015-04-03,369001,航空港区迎宾大道·交流充电站1号,10,2,7.37000000,0E-8,2.2.0
2015-04-03,369001,航空港区迎宾大道·交流充电站1号,11,1,4.15000000,0E-8,2.2.0
2015-04-03,369001,航空港区迎宾大道·交流充电站1号,16,1,7.30000000,0E-8,2.2.0
2015-04-03,414088,二七区嵩山路·交直流充电站2号,17,1,6.82000000,0E-8,2.2.0
2015-04-03,507660,中原区建设路·交直流充电站3号,12,1,2.12000000,0E-8,2.2.0
2015-04-03,568071,二七区大学路·直流充电站2号,17,1,5.44000000,0E-8,2.2.0
2015-04-03,569889,高新区科学大道·交直流充电站5号,17,1,11.27000000,0E-8,2.2.0
2015-04-03,582873,高新区科学大道·交直流充电站6号,11,1,7.25000000,0.21000000,2.2.0
2015-04-03,623134,郑东新区东风东路·交直流充电站3号,10,1,4.26000000,0E-8,2.2.0
2015-04-03,638536,二七区淮河路·交直流充电站3号,16,1,0.06000000,0E-8,2.2.0
2015-04-03,863084,管城区陇海路·超充充电站1号,8,1,7.41000000,6.21000000,2.2.0
2015-04-03,863084,管城区陇海路·超充充电站1号,15,1,7.88000000,0E-8,2.2.0
2015-04-03,863084,管城区陇海路·超充充电站1号,16,1,2.41000000,0E-8,2.2.0
2015-04-03,943765,高新区科学大道·交直流充电站12号,17,1,6.05000000,0E-8,2.2.0
2015-04-03,944515,经开区第八大街·交直流充电站8号,9,1,7.68000000,0E-8,2.2.0
2015-04-03,944515,经开区第八大街·交直流充电站8号,16,1,12.08000000,0.95000000,2.2.0
2015-04-03,988981,高新区瑞达路·直流充电站14号,11,1,23.68000000,0E-8,2.2.0
2015-04-04,260408,经开区航海东路·直流充电站2号,11,1,0.85000000,0E-8,2.2.0
2015-04-04,260781,中原区建设路·交直流充电站2号,19,1,10.03000000,0E-8,2.2.0
2015-04-04,569886,二七区淮河路·交直流充电站2号,15,1,12.82000000,0E-8,2.2.0
2015-04-04,803398,二七区大学路·直流充电站4号,17,1,4.43000000,0E-8,2.2.0
2015-04-04,864630,高新区瑞达路·直流充电站8号,17,1,4.94000000,0E-8,2.2.0
2015-04-04,875343,惠济区天河路·交流充电站1号,11,1,11.30000000,0E-8,2.2.0
2015-04-04,902592,二七区嵩山路·交直流充电站4号,16,1,23.68000000,0E-8,2.2.0
2015-04-04,926676,高新区瑞达路·直流充电站13号,15,1,9.53000000,0E-8,2.2.0
2015-04-04,944515,经开区第八大街·交直流充电站8号,11,1,0.92000000,0E-8,2.2.0
2015-04-04,951880,二七区大学路·直流充电站6号,16,1,1.32000000,0E-8,2.2.0
2015-04-04,955429,航空港区迎宾大道·交流充电站2号,12,1,1.33000000,0.25000000,2.2.0
2015-04-04,987396,航空港区长安路·直流充电站3号,10,1,6.30000000,0E-8,2.2.0
2015-04-05,207262,郑东新区金水东路·交直流充电站1号,12,1,1.63000000,0E-8,2.2.0
2015-04-05,250527,经开区第八大街·交直流充电站1号,12,1,6.99000000,0E-8,2.2.0
2015-04-05,355208,经开区第八大街·交直流充电站3号,12,1,4.67000000,0E-8,2.2.0
2015-04-05,355208,经开区第八大街·交直流充电站3号,15,1,4.55000000,0E-8,2.2.0
2015-04-05,371335,高新区科学大道·交直流充电站2号,13,1,4.69000000,0E-8,2.2.0
2015-04-05,514669,二七区嵩山路·交直流充电站3号,11,1,6.89000000,0E-8,2.2.0
2015-04-05,517464,二七区大学路·直流充电站1号,12,1,2.03000000,0E-8,2.2.0
2015-04-05,549414,高新区科学大道·交直流充电站4号,10,1,5.11000000,7.50000000,2.2.0
2015-04-05,569886,二七区淮河路·交直流充电站2号,11,1,3.21000000,0.32000000,2.2.0
2015-04-05,782629,金水区经三路·交直流充电站3号,9,1,3.01000000,0E-8,2.2.0
2015-04-05,801274,经开区第八大街·交直流充电站7号,16,1,1.86000000,0E-8,2.2.0
2015-04-05,874950,金水区北三环·直流充电站3号,12,1,13.00000000,0E-8,2.2.0
2015-04-05,929628,管城区陇海路·超充充电站2号,12,1,9.35000000,0.77000000,2.2.0
2015-04-06,129465,高新区科学大道·交直流充电站1号,17,2,6.56000000,0E-8,2.2.0
2015-04-06,250527,经开区第八大街·交直流充电站1号,13,1,4.76000000,0.91000000,2.2.0
2015-04-06,369001,航空港区迎宾大道·交流充电站1号,15,1,3.24000000,0E-8,2.2.0
2015-04-06,474204,经开区航海东路·直流充电站3号,12,1,22.15000000,0E-8,2.2.0
2015-04-06,474204,经开区航海东路·直流充电站3号,16,1,9.05000000,0.63000000,2.2.0
2015-04-06,507660,中原区建设路·交直流充电站3号,14,1,9.11000000,0E-8,2.2.0
2015-04-06,568071,二七区大学路·直流充电站2号,19,1,0.02000000,0E-8,2.2.0
2015-04-06,632920,高新区科学大道·交直流充电站9号,12,1,23.68000000,0E-8,2.2.0
2015-04-06,730023,中原区西三环·交流充电站2号,10,2,29.06000000,0E-8,2.2.0
2015-04-06,782629,金水区经三路·交直流充电站3号,18,1,5.41000000,0E-8,2.2.0
2015-04-06,955429,航空港区迎宾大道·交流充电站2号,9,1,8.50000000,0E-8,2.2.0
2015-04-06,955429,航空港区迎宾大道·交流充电站2号,17,1,5.02000000,0E-8,2.2.0
2015-04-06,995505,二七区淮河路·交直流充电站6号,15,1,8.62000000,0E-8,2.2.0
2015-04-07,219054,金水区北三环·直流充电站1号,16,1,6.24000000,0E-8,2.2.0
2015-04-07,369001,航空港区迎宾大道·交流充电站1号,16,1,4.38000000,0E-8,2.2.0
2015-04-07,371335,高新区科学大道·交直流充电站2号,13,1,0.24000000,0E-8,2.2.0
2015-04-07,405157,经开区第八大街·交直流充电站4号,12,1,1.02000000,0E-8,2.2.0
2015-04-07,474204,经开区航海东路·直流充电站3号,13,1,5.93000000,0E-8,2.2.0
2015-04-07,500856,经开区第八大街·交直流充电站5号,9,1,0.12000000,0E-8,2.2.0
2015-04-07,569886,二七区淮河路·交直流充电站2号,9,1,8.00000000,0E-8,2.2.0
2015-04-07,643012,金水区经三路·交直流充电站1号,10,1,6.99000000,0E-8,2.2.0
2015-04-07,878706,高新区科学大道·交直流充电站10号,15,1,4.04000000,0E-8,2.2.0
2015-04-07,878706,高新区科学大道·交直流充电站10号,17,1,5.84000000,0.58000000,2.2.0
2015-04-08,207262,郑东新区金水东路·交直流充电站1号,13,1,1.94000000,0E-8,2.2.0
2015-04-08,355208,经开区第八大街·交直流充电站3号,17,1,3.47000000,0E-8,2.2.0
2015-04-08,369001,航空港区迎宾大道·交流充电站1号,11,2,4.51000000,0E-8,2.2.0
2015-04-08,474204,经开区航海东路·直流充电站3号,16,1,3.56000000,0E-8,2.2.0
2015-04-08,517464,二七区大学路·直流充电站1号,11,1,7.47000000,7.50000000,2.2.0
2015-04-08,562656,经开区航海东路·直流充电站4号,11,1,7.95000000,1.15000000,2.2.0
2015-04-08,569886,二七区淮河路·交直流充电站2号,17,1,2.22000000,0E-8,2.2.0
2015-04-08,569889,高新区科学大道·交直流充电站5号,20,1,7.20000000,0E-8,2.2.0
2015-04-08,575971,高新区梧桐街·超充充电站2号,16,1,4.65000000,0E-8,2.2.0
2015-04-08,643012,金水区经三路·交直流充电站1号,17,1,4.01000000,0E-8,2.2.0
2015-04-08,874950,金水区北三环·直流充电站3号,17,1,6.42000000,0E-8,2.2.0
2015-04-08,951880,二七区大学路·直流充电站6号,15,1,23.68000000,0E-8,2.2.0
2015-04-09,228137,上街区中心路·交直流充电站1号,11,1,3.88000000,0E-8,2.2.0
2015-04-09,280221,经开区第八大街·交直流充电站2号,16,1,4.23000000,0E-8,2.2.0
2015-04-09,355208,经开区第八大街·交直流充电站3号,18,1,3.29000000,0E-8,2.2.0
2015-04-09,366832,航空港区长安路·直流充电站2号,16,1,2.31000000,0E-8,2.2.0
2015-04-09,366832,航空港区长安路·直流充电站2号,17,1,6.05000000,0.29000000,2.2.0
2015-04-09,371335,高新区科学大道·交直流充电站2号,10,1,12.08000000,0E-8,2.2.0
2015-04-09,425476,郑东新区金水东路·交直流充电站4号,13,1,20.38000000,0E-8,2.2.0
2015-04-09,474204,经开区航海东路·直流充电站3号,12,1,23.68000000,0E-8,2.2.0
2015-04-09,632920,高新区科学大道·交直流充电站9号,9,1,7.27000000,0E-8,2.2.0
2015-04-09,638536,二七区淮河路·交直流充电站3号,19,1,2.84000000,0E-8,2.2.0
2015-04-09,728918,郑东新区金水东路·交直流充电站6号,11,1,7.05000000,0E-8,2.2.0
2015-04-09,758780,惠济区文化路·直流充电站3号,13,1,4.18000000,0E-8,2.2.0
2015-04-09,758780,惠济区文化路·直流充电站3号,19,1,7.84000000,0E-8,2.2.0
2015-04-09,801274,经开区第八大街·交直流充电站7号,11,1,1.62000000,0E-8,2.2.0
2015-04-09,801274,经开区第八大街·交直流充电站7号,17,1,6.69000000,0E-8,2.2.0
2015-04-09,943765,高新区科学大道·交直流充电站12号,17,1,7.20000000,0E-8,2.2.0
2015-04-09,955429,航空港区迎宾大道·交流充电站2号,17,1,6.67000000,0E-8,2.2.0
2015-04-10,219054,金水区北三环·直流充电站1号,12,1,23.68000000,0E-8,2.2.0
2015-04-10,474204,经开区航海东路·直流充电站3号,11,1,4.15000000,0E-8,2.2.0
2015-04-10,758780,惠济区文化路·直流充电站3号,9,1,3.09000000,0E-8,2.2.0
2015-04-10,878706,高新区科学大道·交直流充电站10号,9,1,3.82000000,0E-8,2.2.0
2015-04-10,955429,航空港区迎宾大道·交流充电站2号,12,1,7.87000000,0E-8,2.2.0
2015-04-10,955429,航空港区迎宾大道·交流充电站2号,15,1,4.86000000,0E-8,2.2.0
2015-04-11,134427,郑东新区东风东路·交直流充电站1号,10,1,6.50000000,0E-8,2.2.0
2015-04-11,414088,二七区嵩山路·交直流充电站2号,15,1,6.58000000,0E-8,2.2.0
2015-04-11,414088,二七区嵩山路·交直流充电站2号,18,1,2.32000000,0E-8,2.2.0
2015-04-11,549414,高新区科学大道·交直流充电站4号,12,1,5.53000000,0E-8,2.2.0
2015-04-11,562656,经开区航海东路·直流充电站4号,11,1,9.32000000,0E-8,2.2.0
2015-04-11,569886,二七区淮河路·交直流充电站2号,11,1,7.33000000,0E-8,2.2.0
2015-04-11,801274,经开区第八大街·交直流充电站7号,10,1,6.86000000,0E-8,2.2.0
2015-04-11,863084,管城区陇海路·超充充电站1号,15,1,4.93000000,0E-8,2.2.0
2015-04-11,902592,二七区嵩山路·交直流充电站4号,11,1,8.07000000,0E-8,2.2.0
2015-04-11,988981,高新区瑞达路·直流充电站14号,18,1,11.19000000,0E-8,2.2.0
2015-04-12,129465,高新区科学大道·交直流充电站1号,12,1,7.37000000,0E-8,2.2.0
2015-04-12,200695,中原区建设路·交直流充电站1号,13,1,5.44000000,7.50000000,2.2.0
2015-04-12,207262,郑东新区金水东路·交直流充电站1号,19,1,23.68000000,7.50000000,2.2.0
2015-04-12,219054,金水区北三环·直流充电站1号,21,1,0.83000000,0E-8,2.2.0
2015-04-12,250527,经开区第八大街·交直流充电站1号,15,1,3.60000000,0E-8,2.2.0
2015-04-12,355208,经开区第八大街·交直流充电站3号,18,1,3.77000000,3.14000000,2.2.0
2015-04-12,369001,航空港区迎宾大道·交流充电站1号,3,1,23.68000000,0E-8,2.2.0
2015-04-12,369001,航空港区迎宾大道·交流充电站1号,19,1,6.16000000,0E-8,2.2.0
2015-04-12,371335,高新区科学大道·交直流充电站2号,16,1,23.68000000,0E-8,2.2.0
2015-04-12,405157,经开区第八大街·交直流充电站4号,11,1,4.08000000,0E-8,2.2.0
2015-04-12,405157,经开区第八大街·交直流充电站4号,17,1,0.55000000,0E-8,2.2.0
2015-04-12,632920,高新区科学大道·交直流充电站9号,13,1,2.93000000,0.09000000,2.2.0
2015-04-12,638536,二七区淮河路·交直流充电站3号,12,1,4.13000000,0E-8,2.2.0
2015-04-12,664306,二七区淮河路·交直流充电站4号,11,1,3.96000000,0E-8,2.2.0
2015-04-12,672450,中原区建设路·交直流充电站4号,11,1,2.28000000,0E-8,2.2.0
2015-04-12,728918,郑东新区金水东路·交直流充电站6号,15,1,1.07000000,0E-8,2.2.0
2015-04-12,891421,二七区大学路·直流充电站5号,16,1,6.69000000,0E-8,2.2.0
2015-04-12,944515,经开区第八大街·交直流充电站8号,10,1,0.02000000,0E-8,2.2.0
2015-04-12,955429,航空港区迎宾大道·交流充电站2号,10,1,9.78000000,0E-8,2.2.0
2015-04-13,369001,航空港区迎宾大道·交流充电站1号,11,1,1.24000000,0E-8,2.2.0
2015-04-13,568071,二七区大学路·直流充电站2号,17,1,4.71000000,0E-8,2.2.0
2015-04-13,594591,高新区科学大道·交直流充电站7号,12,1,4.67000000,0E-8,2.2.0
2015-04-13,612116,高新区科学大道·交直流充电站8号,9,1,3.09000000,0E-8,2.2.0
2015-04-13,664306,二七区淮河路·交直流充电站4号,13,1,8.02000000,0E-8,2.2.0
2015-04-13,955429,航空港区迎宾大道·交流充电站2号,13,1,10.16000000,0E-8,2.2.0
2015-04-13,955429,航空港区迎宾大道·交流充电站2号,15,1,6.24000000,0E-8,2.2.0
2015-04-14,228137,上街区中心路·交直流充电站1号,12,1,5.62000000,0E-8,2.2.0
2015-04-14,280221,经开区第八大街·交直流充电站2号,9,1,5.66000000,0E-8,2.2.0
2015-04-14,280221,经开区第八大街·交直流充电站2号,15,1,5.88000000,0E-8,2.2.0
2015-04-14,369001,航空港区迎宾大道·交流充电站1号,11,1,5.20000000,0E-8,2.2.0
2015-04-14,369001,航空港区迎宾大道·交流充电站1号,19,1,2.17000000,0E-8,2.2.0
2015-04-14,414088,二七区嵩山路·交直流充电站2号,11,1,2.20000000,0E-8,2.2.0
2015-04-14,474204,经开区航海东路·直流充电站3号,13,1,9.81000000,0E-8,2.2.0
2015-04-14,489543,二七区淮河路·交直流充电站1号,9,1,6.15000000,0E-8,2.2.0
2015-04-14,507660,中原区建设路·交直流充电站3号,13,1,4.13000000,0.16000000,2.2.0
2015-04-14,653450,上街区中心路·交直流充电站3号,16,1,8.91000000,0E-8,2.2.0
2015-04-14,672450,中原区建设路·交直流充电站4号,13,1,3.46000000,0E-8,2.2.0
2015-04-14,801274,经开区第八大街·交直流充电站7号,10,1,5.86000000,0E-8,2.2.0
2015-04-14,871619,金水区花园路·直流充电站2号,19,1,12.02000000,0E-8,2.2.0
2015-04-14,955429,航空港区迎宾大道·交流充电站2号,10,1,4.05000000,0E-8,2.2.0
2015-04-14,955429,航空港区迎宾大道·交流充电站2号,14,1,23.68000000,0E-8,2.2.0
2015-04-15,191826,经开区航海东路·直流充电站1号,11,1,5.98000000,0E-8,2.2.0
2015-04-15,369001,航空港区迎宾大道·交流充电站1号,13,1,9.81000000,0.92000000,2.2.0
2015-04-15,474204,经开区航海东路·直流充电站3号,12,1,23.68000000,0E-8,2.2.0
2015-04-15,474204,经开区航海东路·直流充电站3号,16,1,0.22000000,0E-8,2.2.0
2015-04-15,517464,二七区大学路·直流充电站1号,9,1,1.86000000,0E-8,2.2.0
2015-04-15,594591,高新区科学大道·交直流充电站7号,16,1,3.64000000,0E-8,2.2.0
2015-04-15,874950,金水区北三环·直流充电站3号,16,1,3.61000000,0E-8,2.2.0
2015-04-15,874950,金水区北三环·直流充电站3号,17,1,2.72000000,0E-8,2.2.0
2015-04-15,878706,高新区科学大道·交直流充电站10号,12,1,23.68000000,0E-8,2.2.0
2015-04-15,878706,高新区科学大道·交直流充电站10号,15,1,4.02000000,0E-8,2.2.0
2015-04-16,207262,郑东新区金水东路·交直流充电站1号,12,1,3.04000000,0.52000000,2.2.0
2015-04-16,355208,经开区第八大街·交直流充电站3号,19,1,7.98000000,0E-8,2.2.0
2015-04-16,369001,航空港区迎宾大道·交流充电站1号,11,1,1.79000000,0E-8,2.2.0
2015-04-16,369001,航空港区迎宾大道·交流充电站1号,17,1,9.20000000,0E-8,2.2.0
2015-04-16,474204,经开区航海东路·直流充电站3号,12,2,4.82000000,2.46000000,2.2.0
2015-04-16,569889,高新区科学大道·交直流充电站5号,8,1,4.66000000,0E-8,2.2.0
2015-04-16,643012,金水区经三路·交直流充电站1号,12,1,0.56000000,0E-8,2.2.0
2015-04-16,664306,二七区淮河路·交直流充电站4号,8,1,3.86000000,0E-8,2.2.0
2015-04-16,728918,郑东新区金水东路·交直流充电站6号,17,1,1.81000000,0E-8,2.2.0
2015-04-16,758780,惠济区文化路·直流充电站3号,11,1,4.54000000,0E-8,2.2.0
2015-04-16,955429,航空港区迎宾大道·交流充电站2号,16,1,7.32000000,0E-8,2.2.0
2015-04-16,987396,航空港区长安路·直流充电站3号,11,1,4.28000000,0.15000000,2.2.0
2015-04-16,995505,二七区淮河路·交直流充电站6号,9,1,5.96000000,0E-8,2.2.0
2015-04-17,228137,上街区中心路·交直流充电站1号,15,1,4.67000000,0E-8,2.2.0
2015-04-17,445920,金水区花园路·直流充电站1号,13,1,1.17000000,0E-8,2.2.0
2015-04-17,474204,经开区航海东路·直流充电站3号,16,1,11.90000000,0E-8,2.2.0
2015-04-17,488364,高新区瑞达路·直流充电站4号,17,1,5.27000000,0E-8,2.2.0
2015-04-17,568071,二七区大学路·直流充电站2号,13,1,1.78000000,0E-8,2.2.0
2015-04-17,623134,郑东新区东风东路·交直流充电站3号,12,1,0.27000000,0E-8,2.2.0
2015-04-17,664306,二七区淮河路·交直流充电站4号,15,1,23.68000000,0E-8,2.2.0
2015-04-17,664306,二七区淮河路·交直流充电站4号,18,1,4.21000000,0E-8,2.2.0
2015-04-17,738900,经开区第八大街·交直流充电站6号,12,1,4.04000000,0E-8,2.2.0
2015-04-17,758780,惠济区文化路·直流充电站3号,11,1,1.71000000,0E-8,2.2.0
2015-04-17,871619,金水区花园路·直流充电站2号,17,1,15.97000000,0E-8,2.2.0
2015-04-17,932939,二七区淮河路·交直流充电站5号,17,1,1.79000000,0E-8,2.2.0
2015-04-17,944515,经开区第八大街·交直流充电站8号,12,1,0.91000000,0.02000000,2.2.0
2015-04-17,944515,经开区第八大街·交直流充电站8号,16,1,4.38000000,3.81000000,2.2.0
2015-04-17,944515,经开区第八大街·交直流充电站8号,17,1,7.45000000,0E-8,2.2.0
2015-04-17,951880,二七区大学路·直流充电站6号,12,1,6.29000000,0E-8,2.2.0
2015-04-17,955429,航空港区迎宾大道·交流充电站2号,18,1,23.68000000,0E-8,2.2.0
2015-04-18,200695,中原区建设路·交直流充电站1号,9,1,4.24000000,0E-8,2.2.0
2015-04-18,219054,金水区北三环·直流充电站1号,11,1,0.08000000,0E-8,2.2.0
2015-04-18,228137,上街区中心路·交直流充电站1号,19,1,7.45000000,0E-8,2.2.0
2015-04-18,405157,经开区第八大街·交直流充电站4号,17,1,4.69000000,0E-8,2.2.0
2015-04-18,792421,中原区建设路·交直流充电站5号,12,1,1.53000000,0E-8,2.2.0
2015-04-19,207262,郑东新区金水东路·交直流充电站1号,10,1,10.58000000,0E-8,2.2.0
2015-04-19,236840,郑东新区东风东路·交直流充电站2号,15,1,5.06000000,0E-8,2.2.0
2015-04-19,369001,航空港区迎宾大道·交流充电站1号,16,1,8.98000000,0E-8,2.2.0
2015-04-19,474204,经开区航海东路·直流充电站3号,10,1,10.98000000,0E-8,2.2.0
2015-04-19,474204,经开区航海东路·直流充电站3号,14,1,23.68000000,0.78000000,2.2.0
2015-04-19,474204,经开区航海东路·直流充电站3号,18,1,3.81000000,0E-8,2.2.0
2015-04-19,517464,二七区大学路·直流充电站1号,12,1,9.44000000,0E-8,2.2.0
2015-04-19,653450,上街区中心路·交直流充电站3号,14,1,5.70000000,0E-8,2.2.0
2015-04-19,874950,金水区北三环·直流充电站3号,11,1,1.64000000,0E-8,2.2.0
2015-04-19,929628,管城区陇海路·超充充电站2号,12,1,1.89000000,0E-8,2.2.0
2015-04-19,955429,航空港区迎宾大道·交流充电站2号,13,1,12.66000000,0E-8,2.2.0
2015-04-19,995505,二七区淮河路·交直流充电站6号,10,1,23.68000000,0E-8,2.2.0
2015-04-20,366832,航空港区长安路·直流充电站2号,12,1,7.73000000,0E-8,2.2.0
2015-04-20,366832,航空港区长安路·直流充电站2号,16,1,5.55000000,0E-8,2.2.0
2015-04-20,369001,航空港区迎宾大道·交流充电站1号,14,1,4.39000000,0E-8,2.2.0
2015-04-20,474204,经开区航海东路·直流充电站3号,13,1,4.26000000,0E-8,2.2.0
2015-04-20,489543,二七区淮河路·交直流充电站1号,16,1,4.43000000,0E-8,2.2.0
2015-04-20,514669,二七区嵩山路·交直流充电站3号,21,1,6.74000000,0E-8,2.2.0
2015-04-20,562656,经开区航海东路·直流充电站4号,12,1,4.03000000,0E-8,2.2.0
2015-04-20,562656,经开区航海东路·直流充电站4号,17,1,5.05000000,0E-8,2.2.0
2015-04-20,568071,二七区大学路·直流充电站2号,13,1,6.14000000,0E-8,2.2.0
2015-04-20,568071,二七区大学路·直流充电站2号,16,1,5.94000000,0E-8,2.2.0
2015-04-20,728918,郑东新区金水东路·交直流充电站6号,11,1,2.26000000,0E-8,2.2.0
2015-04-20,738900,经开区第八大街·交直流充电站6号,13,1,4.31000000,0E-8,2.2.0
2015-04-20,792421,中原区建设路·交直流充电站5号,18,1,23.68000000,0E-8,2.2.0
2015-04-20,914305,高新区瑞达路·直流充电站10号,10,1,6.45000000,0E-8,2.2.0
2015-04-20,955429,航空港区迎宾大道·交流充电站2号,10,1,5.51000000,0E-8,2.2.0
2015-04-20,987396,航空港区长安路·直流充电站3号,14,1,5.15000000,0E-8,2.2.0
2015-04-21,250527,经开区第八大街·交直流充电站1号,12,1,23.68000000,0E-8,2.2.0
2015-04-21,280221,经开区第八大街·交直流充电站2号,18,1,23.68000000,0E-8,2.2.0
2015-04-21,369001,航空港区迎宾大道·交流充电站1号,12,1,4.90000000,0E-8,2.2.0
2015-04-21,445920,金水区花园路·直流充电站1号,13,1,3.77000000,0.19000000,2.2.0
2015-04-21,474204,经开区航海东路·直流充电站3号,13,1,4.24000000,0E-8,2.2.0
2015-04-21,664306,二七区淮河路·交直流充电站4号,9,1,7.12000000,0E-8,2.2.0
2015-04-21,728918,郑东新区金水东路·交直流充电站6号,20,1,4.17000000,0E-8,2.2.0
2015-04-21,787792,高新区瑞达路·直流充电站7号,15,1,5.96000000,0E-8,2.2.0
2015-04-21,801274,经开区第八大街·交直流充电站7号,17,1,6.22000000,0E-8,2.2.0
2015-04-21,875343,惠济区天河路·交流充电站1号,8,1,5.78000000,0E-8,2.2.0
2015-04-21,878706,高新区科学大道·交直流充电站10号,10,1,8.56000000,0E-8,2.2.0
2015-04-21,932939,二七区淮河路·交直流充电站5号,11,1,6.76000000,0E-8,2.2.0
2015-04-21,944515,经开区第八大街·交直流充电站8号,18,1,11.10000000,1.77000000,2.2.0
2015-04-21,955429,航空港区迎宾大道·交流充电站2号,11,1,23.68000000,0E-8,2.2.0
2015-04-22,207262,郑东新区金水东路·交直流充电站1号,19,1,0.65000000,0E-8,2.2.0
2015-04-22,228137,上街区中心路·交直流充电站1号,10,1,3.30000000,0E-8,2.2.0
2015-04-22,250527,经开区第八大街·交直流充电站1号,13,1,6.98000000,0E-8,2.2.0
2015-04-22,369001,航空港区迎宾大道·交流充电站1号,16,2,12.63000000,0E-8,2.2.0
2015-04-22,414088,二七区嵩山路·交直流充电站2号,12,1,23.48000000,0E-8,2.2.0
2015-04-22,549414,高新区科学大道·交直流充电站4号,16,1,6.47000000,0E-8,2.2.0
2015-04-22,871619,金水区花园路·直流充电站2号,15,1,0.74000000,0E-8,2.2.0
2015-04-22,955429,航空港区迎宾大道·交流充电站2号,12,1,23.68000000,0E-8,2.2.0
2015-04-22,955429,航空港区迎宾大道·交流充电站2号,20,1,1.67000000,0E-8,2.2.0
2015-04-23,129465,高新区科学大道·交直流充电站1号,18,1,3.98000000,0E-8,2.2.0
2015-04-23,414088,二七区嵩山路·交直流充电站2号,13,1,23.68000000,4.05000000,2.2.0
2015-04-23,425476,郑东新区金水东路·交直流充电站4号,12,1,2.79000000,0E-8,2.2.0
2015-04-23,568071,二七区大学路·直流充电站2号,13,1,0.54000000,0E-8,2.2.0
2015-04-23,638536,二七区淮河路·交直流充电站3号,17,1,6.13000000,0E-8,2.2.0
2015-04-23,653450,上街区中心路·交直流充电站3号,11,1,11.61000000,1.39000000,2.2.0
2015-04-23,653450,上街区中心路·交直流充电站3号,15,1,3.00000000,0E-8,2.2.0
2015-04-23,664306,二七区淮河路·交直流充电站4号,17,1,4.44000000,0.44000000,2.2.0
2015-04-23,902592,二七区嵩山路·交直流充电站4号,11,1,5.90000000,0E-8,2.2.0
2015-04-23,944515,经开区第八大街·交直流充电站8号,11,1,0.29000000,0E-8,2.2.0
2015-04-23,944575,郑东新区金水东路·交直流充电站8号,10,1,23.68000000,0E-8,2.2.0
2015-04-23,951880,二七区大学路·直流充电站6号,12,1,3.90000000,0E-8,2.2.0
2015-04-23,951880,二七区大学路·直流充电站6号,18,1,7.77000000,0E-8,2.2.0
2015-04-23,955429,航空港区迎宾大道·交流充电站2号,16,1,7.76000000,0.63000000,2.2.0
2015-04-23,955429,航空港区迎宾大道·交流充电站2号,17,1,6.94000000,0.67000000,2.2.0
2015-04-24,228137,上街区中心路·交直流充电站1号,15,1,5.89000000,0E-8,2.2.0
2015-04-24,260408,经开区航海东路·直流充电站2号,14,1,1.40000000,0E-8,2.2.0
2015-04-24,369001,航空港区迎宾大道·交流充电站1号,13,1,11.76000000,0E-8,2.2.0
2015-04-24,474204,经开区航海东路·直流充电站3号,10,1,2.71000000,0E-8,2.2.0
2015-04-24,474204,经开区航海东路·直流充电站3号,14,1,2.75000000,0E-8,2.2.0
2015-04-24,474204,经开区航海东路·直流充电站3号,18,1,8.52000000,0E-8,2.2.0
2015-04-24,489543,二七区淮河路·交直流充电站1号,17,1,4.02000000,0E-8,2.2.0
2015-04-24,575971,高新区梧桐街·超充充电站2号,11,1,5.11000000,0E-8,2.2.0
2015-04-24,653450,上街区中心路·交直流充电站3号,16,1,9.46000000,7.50000000,2.2.0
2015-04-24,738900,经开区第八大街·交直流充电站6号,11,1,6.64000000,0E-8,2.2.0
2015-04-24,801274,经开区第八大街·交直流充电站7号,11,1,7.43000000,0E-8,2.2.0
2015-04-24,878706,高新区科学大道·交直流充电站10号,14,1,5.48000000,0.53000000,2.2.0
2015-04-24,878706,高新区科学大道·交直流充电站10号,15,1,23.68000000,2.45000000,2.2.0
2015-04-24,944515,经开区第八大街·交直流充电站8号,16,1,3.76000000,0E-8,2.2.0
2015-04-25,129465,高新区科学大道·交直流充电站1号,10,1,11.48000000,0E-8,2.2.0
2015-04-25,237105,高新区梧桐街·超充充电站1号,17,1,3.97000000,0E-8,2.2.0
2015-04-25,280221,经开区第八大街·交直流充电站2号,11,1,0.77000000,0E-8,2.2.0
2015-04-25,366832,航空港区长安路·直流充电站2号,14,1,6.36000000,0E-8,2.2.0
2015-04-25,369001,航空港区迎宾大道·交流充电站1号,17,1,2.37000000,0E-8,2.2.0
2015-04-25,474204,经开区航海东路·直流充电站3号,17,1,0.70000000,0E-8,2.2.0
2015-04-25,474204,经开区航海东路·直流充电站3号,18,1,10.63000000,0E-8,2.2.0
2015-04-25,517464,二七区大学路·直流充电站1号,15,1,9.06000000,0E-8,2.2.0
2015-04-25,587514,高新区瑞达路·直流充电站6号,17,1,6.77000000,0E-8,2.2.0
2015-04-25,878706,高新区科学大道·交直流充电站10号,9,1,23.68000000,0E-8,2.2.0
2015-04-25,955429,航空港区迎宾大道·交流充电站2号,18,1,6.62000000,1.38000000,2.2.0
2015-04-26,131897,二七区嵩山路·交直流充电站1号,17,1,9.09000000,0E-8,2.2.0
2015-04-26,228137,上街区中心路·交直流充电站1号,19,1,3.70000000,0E-8,2.2.0
2015-04-26,355208,经开区第八大街·交直流充电站3号,15,1,3.17000000,0.12000000,2.2.0
2015-04-26,425476,郑东新区金水东路·交直流充电站4号,17,1,0.69000000,0E-8,2.2.0
2015-04-26,445920,金水区花园路·直流充电站1号,18,1,8.24000000,0E-8,2.2.0
2015-04-26,568071,二七区大学路·直流充电站2号,17,1,16.12000000,0E-8,2.2.0
2015-04-26,955429,航空港区迎宾大道·交流充电站2号,10,1,7.63000000,0E-8,2.2.0
2015-04-26,987396,航空港区长安路·直流充电站3号,18,1,3.91000000,0E-8,2.2.0
2015-04-27,207262,郑东新区金水东路·交直流充电站1号,15,1,6.37000000,0E-8,2.2.0
2015-04-27,228137,上街区中心路·交直流充电站1号,11,1,3.96000000,0E-8,2.2.0
2015-04-27,355208,经开区第八大街·交直流充电站3号,12,1,3.78000000,0E-8,2.2.0
2015-04-27,369001,航空港区迎宾大道·交流充电站1号,17,1,8.76000000,7.50000000,2.2.0
2015-04-27,425476,郑东新区金水东路·交直流充电站4号,11,1,6.54000000,0E-8,2.2.0
2015-04-27,474204,经开区航海东路·直流充电站3号,12,1,19.06000000,0E-8,2.2.0
2015-04-27,517464,二七区大学路·直流充电站1号,13,1,3.42000000,0E-8,2.2.0
2015-04-27,549414,高新区科学大道·交直流充电站4号,9,1,6.40000000,0E-8,2.2.0
2015-04-27,569886,二七区淮河路·交直流充电站2号,11,1,7.39000000,0E-8,2.2.0
2015-04-27,569886,二七区淮河路·交直流充电站2号,18,1,5.49000000,0E-8,2.2.0
2015-04-27,572249,二七区大学路·直流充电站3号,9,1,23.68000000,2.50000000,2.2.0
2015-04-27,582873,高新区科学大道·交直流充电站6号,17,1,23.68000000,0E-8,2.2.0
2015-04-27,594591,高新区科学大道·交直流充电站7号,11,1,9.48000000,0E-8,2.2.0
2015-04-27,638536,二七区淮河路·交直流充电站3号,14,1,23.68000000,4.75000000,2.2.0
2015-04-27,664306,二七区淮河路·交直流充电站4号,16,1,6.46000000,0E-8,2.2.0
2015-04-27,803398,二七区大学路·直流充电站4号,17,1,23.68000000,0E-8,2.2.0
2015-04-27,878706,高新区科学大道·交直流充电站10号,16,1,3.44000000,0E-8,2.2.0
2015-04-27,944515,经开区第八大街·交直流充电站8号,18,1,1.62000000,0E-8,2.2.0
2015-04-27,944575,郑东新区金水东路·交直流充电站8号,8,1,3.27000000,0E-8,2.2.0
2015-04-27,955429,航空港区迎宾大道·交流充电站2号,12,1,5.44000000,0E-8,2.2.0
2015-04-27,995505,二七区淮河路·交直流充电站6号,19,1,7.89000000,0E-8,2.2.0
2015-04-28,219054,金水区北三环·直流充电站1号,17,1,14.31000000,0E-8,2.2.0
2015-04-28,250527,经开区第八大街·交直流充电站1号,19,1,23.68000000,0E-8,2.2.0
2015-04-28,369001,航空港区迎宾大道·交流充电站1号,18,1,3.28000000,0E-8,2.2.0
2015-04-28,445920,金水区花园路·直流充电站1号,17,1,6.16000000,0E-8,2.2.0
2015-04-28,582873,高新区科学大道·交直流充电站6号,19,1,3.46000000,0E-8,2.2.0
2015-04-28,653450,上街区中心路·交直流充电站3号,19,1,6.40000000,0E-8,2.2.0
2015-04-28,728918,郑东新区金水东路·交直流充电站6号,11,1,8.15000000,0E-8,2.2.0
2015-04-28,792421,中原区建设路·交直流充电站5号,11,1,1.13000000,0E-8,2.2.0
2015-05-01,129465,高新区科学大道·交直流充电站1号,9,1,4.52000000,0E-8,2.2.0
2015-05-01,131897,二七区嵩山路·交直流充电站1号,12,1,8.99000000,0E-8,2.2.0
2015-05-01,219054,金水区北三环·直流充电站1号,17,1,8.06000000,0E-8,2.2.0
2015-05-01,228137,上街区中心路·交直流充电站1号,11,1,23.68000000,0E-8,2.2.0
2015-05-01,355208,经开区第八大街·交直流充电站3号,11,1,11.91000000,0E-8,2.2.0
2015-05-01,369001,航空港区迎宾大道·交流充电站1号,10,1,23.68000000,0E-8,2.2.0
2015-05-01,369001,航空港区迎宾大道·交流充电站1号,14,1,6.57000000,0E-8,2.2.0
2015-05-01,371335,高新区科学大道·交直流充电站2号,10,1,8.36000000,0E-8,2.2.0
2015-05-01,507660,中原区建设路·交直流充电站3号,10,1,23.68000000,0E-8,2.2.0
2015-05-01,562656,经开区航海东路·直流充电站4号,12,1,9.53000000,0E-8,2.2.0
2015-05-01,562656,经开区航海东路·直流充电站4号,17,1,6.23000000,0E-8,2.2.0
2015-05-01,616125,经开区经北六路·直流充电站1号,11,1,23.68000000,7.50000000,2.2.0
2015-05-01,664306,二七区淮河路·交直流充电站4号,11,2,14.74000000,0E-8,2.2.0
2015-05-01,730023,中原区西三环·交流充电站2号,17,1,3.51000000,0E-8,2.2.0
2015-05-01,987396,航空港区长安路·直流充电站3号,12,1,4.17000000,0E-8,2.2.0
2015-05-01,987396,航空港区长安路·直流充电站3号,19,1,6.39000000,0E-8,2.2.0
2015-05-02,280415,惠济区文化路·直流充电站1号,17,1,7.04000000,0E-8,2.2.0
2015-05-02,369001,航空港区迎宾大道·交流充电站1号,12,1,7.36000000,0.98000000,2.2.0
2015-05-02,371335,高新区科学大道·交直流充电站2号,9,1,9.92000000,0E-8,2.2.0
2015-05-02,371335,高新区科学大道·交直流充电站2号,12,1,6.90000000,0E-8,2.2.0
2015-05-02,414088,二七区嵩山路·交直流充电站2号,15,1,7.28000000,0.61000000,2.2.0
2015-05-02,474204,经开区航海东路·直流充电站3号,12,1,1.59000000,0E-8,2.2.0
2015-05-02,474204,经开区航海东路·直流充电站3号,15,1,5.30000000,0E-8,2.2.0
2015-05-02,562656,经开区航海东路·直流充电站4号,10,1,6.51000000,0E-8,2.2.0
2015-05-02,562656,经开区航海东路·直流充电站4号,20,1,4.79000000,0E-8,2.2.0
2015-05-02,575971,高新区梧桐街·超充充电站2号,10,1,6.74000000,0E-8,2.2.0
2015-05-02,575971,高新区梧桐街·超充充电站2号,12,1,6.48000000,0E-8,2.2.0
2015-05-02,653450,上街区中心路·交直流充电站3号,18,1,10.19000000,2.05000000,2.2.0
2015-05-02,711566,郑东新区金水东路·交直流充电站5号,8,1,1.83000000,0E-8,2.2.0
2015-05-02,728918,郑东新区金水东路·交直流充电站6号,13,1,6.29000000,0E-8,2.2.0
2015-05-02,728918,郑东新区金水东路·交直流充电站6号,15,1,23.68000000,0E-8,2.2.0
2015-05-02,801274,经开区第八大街·交直流充电站7号,18,1,0.58000000,0E-8,2.2.0
2015-05-02,902592,二七区嵩山路·交直流充电站4号,21,1,6.48000000,0E-8,2.2.0
2015-05-02,944515,经开区第八大街·交直流充电站8号,20,1,5.54000000,0E-8,2.2.0
2015-05-02,955429,航空港区迎宾大道·交流充电站2号,11,1,4.77000000,0E-8,2.2.0
2015-05-02,955429,航空港区迎宾大道·交流充电站2号,16,1,3.56000000,0E-8,2.2.0
2015-05-03,207262,郑东新区金水东路·交直流充电站1号,10,1,1.96000000,0E-8,2.2.0
2015-05-03,207262,郑东新区金水东路·交直流充电站1号,16,1,1.50000000,0E-8,2.2.0
2015-05-03,236379,郑东新区金水东路·交直流充电站2号,8,1,7.57000000,0E-8,2.2.0
2015-05-03,236379,郑东新区金水东路·交直流充电站2号,11,1,0.29000000,0E-8,2.2.0
2015-05-03,236379,郑东新区金水东路·交直流充电站2号,17,1,4.24000000,0E-8,2.2.0
2015-05-03,366832,航空港区长安路·直流充电站2号,12,1,1.46000000,0E-8,2.2.0
2015-05-03,369001,航空港区迎宾大道·交流充电站1号,10,1,23.68000000,0E-8,2.2.0
2015-05-03,425476,郑东新区金水东路·交直流充电站4号,11,1,2.56000000,0E-8,2.2.0
2015-05-03,474204,经开区航海东路·直流充电站3号,18,1,2.89000000,3.35000000,2.2.0
2015-05-03,489543,二七区淮河路·交直流充电站1号,12,1,11.54000000,0E-8,2.2.0
2015-05-03,500856,经开区第八大街·交直流充电站5号,16,1,4.05000000,0E-8,2.2.0
2015-05-03,569889,高新区科学大道·交直流充电站5号,13,1,10.72000000,0E-8,2.2.0
2015-05-03,569889,高新区科学大道·交直流充电站5号,17,1,6.12000000,0E-8,2.2.0
2015-05-03,638536,二七区淮河路·交直流充电站3号,9,1,7.66000000,0E-8,2.2.0
2015-05-03,672450,中原区建设路·交直流充电站4号,17,1,4.61000000,0E-8,2.2.0
2015-05-03,738900,经开区第八大街·交直流充电站6号,18,1,6.60000000,0E-8,2.2.0
2015-05-03,863084,管城区陇海路·超充充电站1号,12,1,12.46000000,0E-8,2.2.0
2015-05-03,871619,金水区花园路·直流充电站2号,17,1,23.68000000,0E-8,2.2.0
2015-05-03,884707,高新区瑞达路·直流充电站9号,18,1,6.08000000,0E-8,2.2.0
2015-05-03,902592,二七区嵩山路·交直流充电站4号,11,1,11.28000000,0E-8,2.2.0
2015-05-03,955429,航空港区迎宾大道·交流充电站2号,21,1,23.68000000,0E-8,2.2.0
2015-05-03,981639,中原区桐柏路·交直流充电站1号,11,1,3.29000000,0E-8,2.2.0
2015-05-04,191826,经开区航海东路·直流充电站1号,17,1,6.18000000,0E-8,2.2.0
2015-05-04,228137,上街区中心路·交直流充电站1号,12,1,7.10000000,0.79000000,2.2.0
2015-05-04,228137,上街区中心路·交直流充电站1号,19,1,4.79000000,0E-8,2.2.0
2015-05-04,369001,航空港区迎宾大道·交流充电站1号,12,1,6.01000000,0E-8,2.2.0
2015-05-04,369001,航空港区迎宾大道·交流充电站1号,16,1,6.92000000,0E-8,2.2.0
2015-05-04,371335,高新区科学大道·交直流充电站2号,10,1,2.31000000,0E-8,2.2.0
2015-05-04,371335,高新区科学大道·交直流充电站2号,13,1,2.26000000,0E-8,2.2.0
2015-05-04,489543,二七区淮河路·交直流充电站1号,12,1,4.75000000,0E-8,2.2.0
2015-05-04,549414,高新区科学大道·交直流充电站4号,16,1,7.23000000,0E-8,2.2.0
2015-05-04,632920,高新区科学大道·交直流充电站9号,17,1,3.71000000,0E-8,2.2.0
2015-05-04,728918,郑东新区金水东路·交直流充电站6号,10,1,2.17000000,0E-8,2.2.0
2015-05-04,878706,高新区科学大道·交直流充电站10号,18,1,5.75000000,0E-8,2.2.0
2015-05-04,891421,二七区大学路·直流充电站5号,15,1,23.68000000,0E-8,2.2.0
2015-05-04,932939,二七区淮河路·交直流充电站5号,11,1,9.91000000,0E-8,2.2.0
2015-05-05,207262,郑东新区金水东路·交直流充电站1号,16,1,6.77000000,0E-8,2.2.0
2015-05-05,219054,金水区北三环·直流充电站1号,9,1,3.56000000,0E-8,2.2.0
2015-05-05,228137,上街区中心路·交直流充电站1号,16,1,1.47000000,0E-8,2.2.0
2015-05-05,228137,上街区中心路·交直流充电站1号,17,1,6.48000000,0E-8,2.2.0
2015-05-05,237105,高新区梧桐街·超充充电站1号,16,1,6.23000000,0E-8,2.2.0
2015-05-05,366832,航空港区长安路·直流充电站2号,15,1,8.90000000,0E-8,2.2.0
2015-05-05,369001,航空港区迎宾大道·交流充电站1号,11,1,3.65000000,0E-8,2.2.0
2015-05-05,369001,航空港区迎宾大道·交流充电站1号,15,1,1.87000000,0E-8,2.2.0
2015-05-05,405157,经开区第八大街·交直流充电站4号,20,1,3.06000000,0E-8,2.2.0
2015-05-05,489543,二七区淮河路·交直流充电站1号,17,1,9.66000000,7.50000000,2.2.0
2015-05-05,489543,二七区淮河路·交直流充电站1号,18,1,2.25000000,0E-8,2.2.0
2015-05-05,540225,高新区瑞达路·直流充电站5号,17,1,6.12000000,0E-8,2.2.0
2015-05-05,568071,二七区大学路·直流充电站2号,11,1,5.31000000,0.28000000,2.2.0
2015-05-05,569886,二七区淮河路·交直流充电站2号,11,1,0.43000000,0E-8,2.2.0
2015-05-05,575971,高新区梧桐街·超充充电站2号,17,1,5.08000000,0E-8,2.2.0
2015-05-05,653450,上街区中心路·交直流充电站3号,12,1,8.06000000,0E-8,2.2.0
2015-05-05,672450,中原区建设路·交直流充电站4号,12,1,4.21000000,0E-8,2.2.0
2015-05-05,801274,经开区第八大街·交直流充电站7号,14,1,2.23000000,0E-8,2.2.0
2015-05-05,863084,管城区陇海路·超充充电站1号,18,1,1.66000000,0E-8,2.2.0
2015-05-05,871619,金水区花园路·直流充电站2号,12,1,4.51000000,0E-8,2.2.0
2015-05-05,891421,二七区大学路·直流充电站5号,12,1,9.90000000,0E-8,2.2.0
2015-05-05,944515,经开区第八大街·交直流充电站8号,17,1,4.42000000,0E-8,2.2.0
2015-05-05,955429,航空港区迎宾大道·交流充电站2号,17,1,9.33000000,0E-8,2.2.0
2015-05-05,955429,航空港区迎宾大道·交流充电站2号,18,1,1.74000000,2.45000000,2.2.0
2015-05-06,191826,经开区航海东路·直流充电站1号,11,1,7.03000000,0E-8,2.2.0
2015-05-06,207262,郑东新区金水东路·交直流充电站1号,8,1,1.27000000,0E-8,2.2.0
2015-05-06,207262,郑东新区金水东路·交直流充电站1号,17,1,0.88000000,0E-8,2.2.0
2015-05-06,237105,高新区梧桐街·超充充电站1号,20,1,14.69000000,0E-8,2.2.0
2015-05-06,250527,经开区第八大街·交直流充电站1号,16,1,2.74000000,0E-8,2.2.0
2015-05-06,369001,航空港区迎宾大道·交流充电站1号,11,1,8.32000000,0E-8,2.2.0
2015-05-06,431796,高新区科学大道·交直流充电站3号,15,1,6.32000000,0.24000000,2.2.0
2015-05-06,474204,经开区航海东路·直流充电站3号,9,1,1.59000000,0E-8,2.2.0
2015-05-06,569886,二七区淮河路·交直流充电站2号,15,1,6.59000000,0E-8,2.2.0
2015-05-06,653450,上街区中心路·交直流充电站3号,10,1,5.36000000,0E-8,2.2.0
2015-05-06,664306,二七区淮河路·交直流充电站4号,12,1,5.51000000,0E-8,2.2.0
2015-05-06,664306,二七区淮河路·交直流充电站4号,13,1,8.46000000,0E-8,2.2.0
2015-05-06,758780,惠济区文化路·直流充电站3号,9,1,16.55000000,0E-8,2.2.0
2015-05-06,818217,经开区经北六路·直流充电站2号,10,1,6.94000000,0E-8,2.2.0
2015-05-06,878706,高新区科学大道·交直流充电站10号,11,1,23.68000000,0E-8,2.2.0
2015-05-06,878706,高新区科学大道·交直流充电站10号,16,1,4.32000000,0E-8,2.2.0
2015-05-06,891421,二七区大学路·直流充电站5号,16,1,4.51000000,0.67000000,2.2.0
2015-05-07,191826,经开区航海东路·直流充电站1号,15,1,23.68000000,0E-8,2.2.0
2015-05-07,228137,上街区中心路·交直流充电站1号,16,1,2.47000000,0E-8,2.2.0
2015-05-07,250527,经开区第八大街·交直流充电站1号,16,1,3.42000000,0E-8,2.2.0
2015-05-07,250527,经开区第八大街·交直流充电站1号,19,1,8.14000000,0E-8,2.2.0
2015-05-07,260408,经开区航海东路·直流充电站2号,14,1,6.36000000,0E-8,2.2.0
2015-05-07,369001,航空港区迎宾大道·交流充电站1号,16,1,0.86000000,0E-8,2.2.0
2015-05-07,405157,经开区第八大街·交直流充电站4号,16,1,3.30000000,0E-8,2.2.0
2015-05-07,474204,经开区航海东路·直流充电站3号,12,1,3.18000000,0E-8,2.2.0
2015-05-07,474204,经开区航海东路·直流充电站3号,22,1,5.45000000,0E-8,2.2.0
2015-05-07,569886,二七区淮河路·交直流充电站2号,19,1,23.68000000,0E-8,2.2.0
2015-05-07,653450,上街区中心路·交直流充电站3号,18,1,3.05000000,0.45000000,2.2.0
2015-05-07,664306,二七区淮河路·交直流充电站4号,11,1,7.60000000,0E-8,2.2.0
2015-05-07,728918,郑东新区金水东路·交直流充电站6号,14,1,0.20000000,0E-8,2.2.0
2015-05-07,728918,郑东新区金水东路·交直流充电站6号,16,1,4.00000000,0E-8,2.2.0
2015-05-07,871619,金水区花园路·直流充电站2号,17,1,10.09000000,0E-8,2.2.0
2015-05-07,878706,高新区科学大道·交直流充电站10号,16,1,3.93000000,0.34000000,2.2.0
2015-05-07,902592,二七区嵩山路·交直流充电站4号,10,1,9.41000000,0E-8,2.2.0
2015-05-07,987396,航空港区长安路·直流充电站3号,13,1,6.03000000,0E-8,2.2.0
2015-05-08,219054,金水区北三环·直流充电站1号,12,1,2.66000000,0E-8,2.2.0
2015-05-08,228137,上街区中心路·交直流充电站1号,10,1,5.74000000,0E-8,2.2.0
2015-05-08,250527,经开区第八大街·交直流充电站1号,11,1,6.43000000,0E-8,2.2.0
2015-05-08,280221,经开区第八大街·交直流充电站2号,15,1,1.18000000,0E-8,2.2.0
2015-05-08,355208,经开区第八大街·交直流充电站3号,16,1,9.40000000,0E-8,2.2.0
2015-05-08,369001,航空港区迎宾大道·交流充电站1号,18,1,5.76000000,0.48000000,2.2.0
2015-05-08,445920,金水区花园路·直流充电站1号,13,1,0.15000000,0E-8,2.2.0
2015-05-08,474204,经开区航海东路·直流充电站3号,9,1,4.83000000,0E-8,2.2.0
2015-05-08,517464,二七区大学路·直流充电站1号,19,1,4.51000000,0E-8,2.2.0
2015-05-08,569886,二七区淮河路·交直流充电站2号,17,1,3.44000000,0E-8,2.2.0
2015-05-08,569889,高新区科学大道·交直流充电站5号,10,1,5.69000000,0E-8,2.2.0
2015-05-08,728918,郑东新区金水东路·交直流充电站6号,13,1,10.06000000,0E-8,2.2.0
2015-05-08,728918,郑东新区金水东路·交直流充电站6号,17,1,5.13000000,0E-8,2.2.0
2015-05-08,874950,金水区北三环·直流充电站3号,9,1,23.68000000,0E-8,2.2.0
2015-05-08,875343,惠济区天河路·交流充电站1号,10,1,7.61000000,0E-8,2.2.0
2015-05-08,951880,二七区大学路·直流充电站6号,17,1,1.97000000,0E-8,2.2.0
2015-05-08,955429,航空港区迎宾大道·交流充电站2号,9,1,23.68000000,0E-8,2.2.0
2015-05-09,207262,郑东新区金水东路·交直流充电站1号,18,1,23.68000000,0E-8,2.2.0
2015-05-09,250527,经开区第八大街·交直流充电站1号,14,1,8.89000000,0E-8,2.2.0
2015-05-09,280221,经开区第八大街·交直流充电站2号,17,1,6.41000000,0E-8,2.2.0
2015-05-09,369001,航空港区迎宾大道·交流充电站1号,12,2,5.20000000,0E-8,2.2.0
2015-05-09,369001,航空港区迎宾大道·交流充电站1号,13,1,5.57000000,0E-8,2.2.0
2015-05-09,369001,航空港区迎宾大道·交流充电站1号,17,1,3.61000000,0E-8,2.2.0
2015-05-09,371335,高新区科学大道·交直流充电站2号,17,1,4.94000000,0E-8,2.2.0
2015-05-09,405157,经开区第八大街·交直流充电站4号,15,1,23.68000000,0E-8,2.2.0
2015-05-09,414088,二七区嵩山路·交直流充电站2号,18,1,2.10000000,0E-8,2.2.0
2015-05-09,474204,经开区航海东路·直流充电站3号,12,1,5.17000000,0E-8,2.2.0
2015-05-09,474204,经开区航海东路·直流充电站3号,16,1,6.54000000,0E-8,2.2.0
2015-05-09,489543,二七区淮河路·交直流充电站1号,15,1,2.32000000,0E-8,2.2.0
2015-05-09,568071,二七区大学路·直流充电站2号,13,1,11.01000000,0E-8,2.2.0
2015-05-09,569889,高新区科学大道·交直流充电站5号,13,1,2.31000000,0E-8,2.2.0
2015-05-09,612116,高新区科学大道·交直流充电站8号,11,1,9.85000000,0E-8,2.2.0
2015-05-09,638536,二七区淮河路·交直流充电站3号,10,1,2.40000000,0E-8,2.2.0
2015-05-09,638536,二七区淮河路·交直流充电站3号,18,1,4.36000000,0E-8,2.2.0
2015-05-09,664306,二七区淮河路·交直流充电站4号,16,1,23.68000000,0E-8,2.2.0
2015-05-09,711566,郑东新区金水东路·交直流充电站5号,10,1,4.63000000,0E-8,2.2.0
2015-05-09,738900,经开区第八大街·交直流充电站6号,11,2,29.48000000,0E-8,2.2.0
2015-05-09,803398,二七区大学路·直流充电站4号,11,1,2.11000000,0E-8,2.2.0
2015-05-09,944515,经开区第八大街·交直流充电站8号,19,1,3.77000000,0E-8,2.2.0
2015-05-10,207262,郑东新区金水东路·交直流充电站1号,10,1,4.69000000,0E-8,2.2.0
2015-05-10,207262,郑东新区金水东路·交直流充电站1号,13,1,4.55000000,0E-8,2.2.0
2015-05-10,237105,高新区梧桐街·超充充电站1号,10,1,5.75000000,0E-8,2.2.0
2015-05-10,371335,高新区科学大道·交直流充电站2号,11,1,5.44000000,0E-8,2.2.0
2015-05-10,371335,高新区科学大道·交直流充电站2号,13,1,23.68000000,0E-8,2.2.0
2015-05-10,568071,二七区大学路·直流充电站2号,10,1,4.97000000,0E-8,2.2.0
2015-05-10,638536,二七区淮河路·交直流充电站3号,11,1,2.72000000,0E-8,2.2.0
2015-05-10,728918,郑东新区金水东路·交直流充电站6号,17,1,0.97000000,0E-8,2.2.0
2015-05-10,891421,二七区大学路·直流充电站5号,11,1,5.87000000,0E-8,2.2.0
2015-05-10,929628,管城区陇海路·超充充电站2号,11,1,23.68000000,0E-8,2.2.0
2015-05-10,955429,航空港区迎宾大道·交流充电站2号,16,1,5.85000000,0E-8,2.2.0
2015-05-10,989457,郑东新区东风东路·交直流充电站4号,15,1,9.36000000,3.22000000,2.2.0
2015-05-11,131897,二七区嵩山路·交直流充电站1号,10,1,0.95000000,0E-8,2.2.0
2015-05-11,131897,二七区嵩山路·交直流充电站1号,15,1,3.86000000,6.97000000,2.2.0
2015-05-11,219054,金水区北三环·直流充电站1号,15,1,7.65000000,0E-8,2.2.0
2015-05-11,250527,经开区第八大街·交直流充电站1号,17,1,8.29000000,0E-8,2.2.0
2015-05-11,260781,中原区建设路·交直流充电站2号,16,1,8.58000000,0E-8,2.2.0
2015-05-11,425476,郑东新区金水东路·交直流充电站4号,16,1,23.68000000,0E-8,2.2.0
2015-05-11,451479,高新区瑞达路·直流充电站2号,12,1,4.35000000,0E-8,2.2.0
2015-05-11,489543,二七区淮河路·交直流充电站1号,12,1,0.86000000,0E-8,2.2.0
2015-05-11,568071,二七区大学路·直流充电站2号,14,1,7.72000000,0E-8,2.2.0
2015-05-11,569886,二七区淮河路·交直流充电站2号,17,1,5.67000000,0E-8,2.2.0
2015-05-11,728918,郑东新区金水东路·交直流充电站6号,12,1,4.30000000,3.58000000,2.2.0
2015-05-11,738900,经开区第八大街·交直流充电站6号,18,1,8.75000000,0E-8,2.2.0
2015-05-11,902592,二七区嵩山路·交直流充电站4号,18,1,3.50000000,0E-8,2.2.0
2015-05-11,902592,二七区嵩山路·交直流充电站4号,19,1,9.49000000,0E-8,2.2.0
2015-05-11,943765,高新区科学大道·交直流充电站12号,10,1,3.70000000,0E-8,2.2.0
2015-05-11,943765,高新区科学大道·交直流充电站12号,17,1,11.46000000,0E-8,2.2.0
2015-05-11,955429,航空港区迎宾大道·交流充电站2号,9,1,10.56000000,0E-8,2.2.0
2015-05-11,955429,航空港区迎宾大道·交流充电站2号,20,1,5.83000000,0E-8,2.2.0
2015-05-12,207262,郑东新区金水东路·交直流充电站1号,15,1,12.14000000,0E-8,2.2.0
2015-05-12,260781,中原区建设路·交直流充电站2号,12,1,4.84000000,0E-8,2.2.0
2015-05-12,349635,上街区中心路·交直流充电站2号,13,1,4.14000000,0.72000000,2.2.0
2015-05-12,355208,经开区第八大街·交直流充电站3号,12,1,5.37000000,0E-8,2.2.0
2015-05-12,369001,航空港区迎宾大道·交流充电站1号,8,1,0.09000000,0E-8,2.2.0
2015-05-12,369001,航空港区迎宾大道·交流充电站1号,16,1,7.61000000,0E-8,2.2.0
2015-05-12,575971,高新区梧桐街·超充充电站2号,15,1,11.18000000,7.50000000,2.2.0
2015-05-12,638536,二七区淮河路·交直流充电站3号,17,1,13.48000000,0E-8,2.2.0
2015-05-12,801274,经开区第八大街·交直流充电站7号,9,1,6.35000000,0E-8,2.2.0
2015-05-12,875343,惠济区天河路·交流充电站1号,19,1,5.24000000,0E-8,2.2.0
2015-05-12,878706,高新区科学大道·交直流充电站10号,14,1,10.82000000,0E-8,2.2.0
2015-05-12,878706,高新区科学大道·交直流充电站10号,16,1,7.61000000,0E-8,2.2.0
2015-05-13,207262,郑东新区金水东路·交直流充电站1号,10,1,2.83000000,0E-8,2.2.0
2015-05-13,207262,郑东新区金水东路·交直流充电站1号,16,1,9.46000000,1.39000000,2.2.0
2015-05-13,369001,航空港区迎宾大道·交流充电站1号,12,1,4.95000000,0E-8,2.2.0
2015-05-13,369001,航空港区迎宾大道·交流充电站1号,17,1,23.68000000,4.14000000,2.2.0
2015-05-13,369001,航空港区迎宾大道·交流充电站1号,19,1,23.68000000,0E-8,2.2.0
2015-05-13,445920,金水区花园路·直流充电站1号,11,1,5.60000000,0E-8,2.2.0
2015-05-13,474204,经开区航海东路·直流充电站3号,17,1,10.37000000,0.49000000,2.2.0
2015-05-13,568071,二七区大学路·直流充电站2号,11,1,3.77000000,0.31000000,2.2.0
2015-05-13,569886,二七区淮河路·交直流充电站2号,19,1,3.93000000,0E-8,2.2.0
2015-05-13,572249,二七区大学路·直流充电站3号,17,1,23.68000000,0E-8,2.2.0
2015-05-13,738900,经开区第八大街·交直流充电站6号,13,1,5.38000000,0E-8,2.2.0
2015-05-13,758780,惠济区文化路·直流充电站3号,12,1,9.06000000,0E-8,2.2.0
2015-05-13,863084,管城区陇海路·超充充电站1号,16,1,3.40000000,0E-8,2.2.0
2015-05-13,943765,高新区科学大道·交直流充电站12号,12,2,8.80000000,0E-8,2.2.0
2015-05-13,944515,经开区第八大街·交直流充电站8号,10,1,4.99000000,0E-8,2.2.0
2015-05-13,955429,航空港区迎宾大道·交流充电站2号,8,1,2.14000000,0E-8,2.2.0
2015-05-13,995505,二七区淮河路·交直流充电站6号,13,1,7.64000000,0E-8,2.2.0
2015-05-14,200695,中原区建设路·交直流充电站1号,11,1,3.87000000,0E-8,2.2.0
2015-05-14,228137,上街区中心路·交直流充电站1号,9,1,2.41000000,0E-8,2.2.0
2015-05-14,228137,上街区中心路·交直流充电站1号,14,1,5.51000000,0E-8,2.2.0
2015-05-14,280221,经开区第八大街·交直流充电站2号,16,1,9.23000000,0E-8,2.2.0
2015-05-14,369001,航空港区迎宾大道·交流充电站1号,12,1,2.82000000,0E-8,2.2.0
2015-05-14,369001,航空港区迎宾大道·交流充电站1号,16,1,2.64000000,0E-8,2.2.0
2015-05-14,405157,经开区第八大街·交直流充电站4号,11,1,7.11000000,0E-8,2.2.0
2015-05-14,445920,金水区花园路·直流充电站1号,19,1,5.05000000,0E-8,2.2.0
2015-05-14,474204,经开区航海东路·直流充电站3号,11,1,5.60000000,0E-8,2.2.0
2015-05-14,549414,高新区科学大道·交直流充电站4号,18,1,23.68000000,0E-8,2.2.0
2015-05-14,568071,二七区大学路·直流充电站2号,8,1,12.64000000,0E-8,2.2.0
2015-05-14,569886,二七区淮河路·交直流充电站2号,14,1,3.25000000,0E-8,2.2.0
2015-05-14,632920,高新区科学大道·交直流充电站9号,10,1,4.50000000,0E-8,2.2.0
2015-05-14,653450,上街区中心路·交直流充电站3号,11,1,7.23000000,0E-8,2.2.0
2015-05-14,728918,郑东新区金水东路·交直流充电站6号,9,1,7.24000000,0E-8,2.2.0
2015-05-14,801274,经开区第八大街·交直流充电站7号,11,1,8.73000000,0E-8,2.2.0
2015-05-14,803398,二七区大学路·直流充电站4号,16,1,5.78000000,0E-8,2.2.0
2015-05-14,920264,高新区科学大道·交直流充电站11号,10,1,6.22000000,0E-8,2.2.0
2015-05-14,920264,高新区科学大道·交直流充电站11号,11,1,6.21000000,4.19000000,2.2.0
2015-05-14,932939,二七区淮河路·交直流充电站5号,18,1,10.74000000,0E-8,2.2.0
2015-05-14,955429,航空港区迎宾大道·交流充电站2号,16,1,4.33000000,0E-8,2.2.0
2015-05-15,219054,金水区北三环·直流充电站1号,15,1,6.35000000,0E-8,2.2.0
2015-05-15,228137,上街区中心路·交直流充电站1号,16,1,0.18000000,0E-8,2.2.0
2015-05-15,414088,二七区嵩山路·交直流充电站2号,10,1,6.83000000,0.67000000,2.2.0
2015-05-15,445920,金水区花园路·直流充电站1号,14,1,5.19000000,0E-8,2.2.0
2015-05-15,474204,经开区航海东路·直流充电站3号,17,1,7.08000000,0E-8,2.2.0
2015-05-15,507660,中原区建设路·交直流充电站3号,15,1,8.25000000,0E-8,2.2.0
2015-05-15,549414,高新区科学大道·交直流充电站4号,9,1,9.35000000,0E-8,2.2.0
2015-05-15,562656,经开区航海东路·直流充电站4号,12,1,23.68000000,0E-8,2.2.0
2015-05-15,562656,经开区航海东路·直流充电站4号,13,1,11.93000000,0E-8,2.2.0
2015-05-15,878706,高新区科学大道·交直流充电站10号,11,1,5.06000000,0E-8,2.2.0
2015-05-15,878706,高新区科学大道·交直流充电站10号,14,1,4.76000000,0E-8,2.2.0
2015-05-15,902592,二七区嵩山路·交直流充电站4号,16,1,11.30000000,0E-8,2.2.0
2015-05-16,219054,金水区北三环·直流充电站1号,11,1,8.17000000,0E-8,2.2.0
2015-05-16,366832,航空港区长安路·直流充电站2号,15,1,8.20000000,0E-8,2.2.0
2015-05-16,366832,航空港区长安路·直流充电站2号,17,1,1.96000000,0E-8,2.2.0
2015-05-16,369001,航空港区迎宾大道·交流充电站1号,16,1,8.26000000,0E-8,2.2.0
2015-05-16,369001,航空港区迎宾大道·交流充电站1号,20,1,4.37000000,0E-8,2.2.0
2015-05-16,474204,经开区航海东路·直流充电站3号,12,1,6.51000000,0E-8,2.2.0
2015-05-16,474204,经开区航海东路·直流充电站3号,14,1,2.79000000,0E-8,2.2.0
2015-05-16,489543,二七区淮河路·交直流充电站1号,11,1,4.11000000,0E-8,2.2.0
2015-05-16,517464,二七区大学路·直流充电站1号,11,1,1.66000000,0.04000000,2.2.0
2015-05-16,568071,二七区大学路·直流充电站2号,16,1,9.45000000,0.29000000,2.2.0
2015-05-16,575971,高新区梧桐街·超充充电站2号,11,1,7.29000000,0E-8,2.2.0
2015-05-16,792421,中原区建设路·交直流充电站5号,12,1,2.31000000,0E-8,2.2.0
2015-05-16,818217,经开区经北六路·直流充电站2号,15,1,9.62000000,0E-8,2.2.0
2015-05-16,902592,二七区嵩山路·交直流充电站4号,16,1,0.45000000,0E-8,2.2.0
2015-05-16,920264,高新区科学大道·交直流充电站11号,9,1,5.05000000,0E-8,2.2.0
2015-05-16,944515,经开区第八大街·交直流充电站8号,8,1,6.33000000,0E-8,2.2.0
2015-05-16,944515,经开区第八大街·交直流充电站8号,16,1,2.05000000,0E-8,2.2.0
2015-05-16,951880,二七区大学路·直流充电站6号,12,1,6.10000000,0E-8,2.2.0
2015-05-16,951880,二七区大学路·直流充电站6号,19,1,2.02000000,0E-8,2.2.0
2015-05-16,955429,航空港区迎宾大道·交流充电站2号,12,1,10.43000000,0E-8,2.2.0
2015-05-16,955429,航空港区迎宾大道·交流充电站2号,13,1,5.86000000,0E-8,2.2.0
2015-05-16,955429,航空港区迎宾大道·交流充电站2号,16,1,4.83000000,0E-8,2.2.0
2015-05-17,219054,金水区北三环·直流充电站1号,16,1,10.49000000,0E-8,2.2.0
2015-05-17,250527,经开区第八大街·交直流充电站1号,10,1,23.68000000,0E-8,2.2.0
2015-05-17,250527,经开区第八大街·交直流充电站1号,12,1,12.18000000,0E-8,2.2.0
2015-05-17,366832,航空港区长安路·直流充电站2号,11,1,23.68000000,0E-8,2.2.0
2015-05-17,569889,高新区科学大道·交直流充电站5号,11,1,6.25000000,0E-8,2.2.0
2015-05-17,638536,二七区淮河路·交直流充电站3号,12,1,7.74000000,0E-8,2.2.0
2015-05-17,653450,上街区中心路·交直流充电站3号,13,1,6.16000000,0E-8,2.2.0
2015-05-17,758780,惠济区文化路·直流充电站3号,17,1,10.94000000,0E-8,2.2.0
2015-05-17,801274,经开区第八大街·交直流充电站7号,17,1,3.90000000,0E-8,2.2.0
2015-05-17,944575,郑东新区金水东路·交直流充电站8号,11,1,5.04000000,0E-8,2.2.0
2015-05-17,955429,航空港区迎宾大道·交流充电站2号,12,1,5.46000000,0E-8,2.2.0
2015-05-17,955429,航空港区迎宾大道·交流充电站2号,13,1,7.50000000,0E-8,2.2.0
2015-05-18,207262,郑东新区金水东路·交直流充电站1号,13,1,1.78000000,0.11000000,2.2.0
2015-05-18,256233,郑东新区金水东路·交直流充电站3号,18,1,9.74000000,0E-8,2.2.0
2015-05-18,369001,航空港区迎宾大道·交流充电站1号,9,1,23.68000000,0E-8,2.2.0
2015-05-18,371335,高新区科学大道·交直流充电站2号,11,1,3.85000000,0E-8,2.2.0
2015-05-18,612116,高新区科学大道·交直流充电站8号,17,1,8.60000000,0E-8,2.2.0
2015-05-18,738900,经开区第八大街·交直流充电站6号,13,1,10.18000000,0E-8,2.2.0
2015-05-18,801274,经开区第八大街·交直流充电站7号,16,1,3.28000000,0.40000000,2.2.0
2015-05-18,861532,郑东新区CBD·交直流充电站1号,11,1,23.68000000,0E-8,2.2.0
2015-05-18,863084,管城区陇海路·超充充电站1号,13,1,2.02000000,0E-8,2.2.0
2015-05-18,920264,高新区科学大道·交直流充电站11号,13,1,23.68000000,0E-8,2.2.0
2015-05-18,943765,高新区科学大道·交直流充电站12号,12,1,5.69000000,0E-8,2.2.0
2015-05-18,955429,航空港区迎宾大道·交流充电站2号,16,1,2.04000000,0E-8,2.2.0
2015-05-18,981639,中原区桐柏路·交直流充电站1号,20,1,6.07000000,0E-8,2.2.0
2015-05-18,995505,二七区淮河路·交直流充电站6号,12,1,10.14000000,0E-8,2.2.0
2015-05-19,129465,高新区科学大道·交直流充电站1号,10,1,23.68000000,0E-8,2.2.0
2015-05-19,191826,经开区航海东路·直流充电站1号,11,1,23.68000000,0E-8,2.2.0
2015-05-19,200695,中原区建设路·交直流充电站1号,14,1,1.76000000,0E-8,2.2.0
2015-05-19,219054,金水区北三环·直流充电站1号,13,1,9.34000000,0E-8,2.2.0
2015-05-19,250527,经开区第八大街·交直流充电站1号,16,1,13.91000000,1.36000000,2.2.0
2015-05-19,369001,航空港区迎宾大道·交流充电站1号,12,1,3.34000000,0E-8,2.2.0
2015-05-19,369001,航空港区迎宾大道·交流充电站1号,16,1,0.66000000,1.02000000,2.2.0
2015-05-19,451479,高新区瑞达路·直流充电站2号,9,1,23.68000000,0E-8,2.2.0
2015-05-19,474204,经开区航海东路·直流充电站3号,8,1,8.80000000,0E-8,2.2.0
2015-05-19,572249,二七区大学路·直流充电站3号,11,1,4.93000000,0.93000000,2.2.0
2015-05-19,612116,高新区科学大道·交直流充电站8号,13,1,23.68000000,0E-8,2.2.0
2015-05-19,638536,二七区淮河路·交直流充电站3号,15,1,23.68000000,0E-8,2.2.0
2015-05-19,803398,二七区大学路·直流充电站4号,17,1,6.56000000,0E-8,2.2.0
2015-05-19,861532,郑东新区CBD·交直流充电站1号,17,1,3.52000000,0E-8,2.2.0
2015-05-19,944515,经开区第八大街·交直流充电站8号,17,1,5.90000000,0E-8,2.2.0
2015-05-19,951880,二七区大学路·直流充电站6号,11,1,8.14000000,0E-8,2.2.0
2015-05-20,207262,郑东新区金水东路·交直流充电站1号,16,1,11.45000000,0E-8,2.2.0
2015-05-20,228137,上街区中心路·交直流充电站1号,9,1,8.07000000,0.67000000,2.2.0
2015-05-20,250527,经开区第八大街·交直流充电站1号,16,1,2.37000000,0.18000000,2.2.0
2015-05-20,369001,航空港区迎宾大道·交流充电站1号,0,1,4.03000000,4.24000000,2.2.0
2015-05-20,369001,航空港区迎宾大道·交流充电站1号,11,1,4.75000000,0E-8,2.2.0
2015-05-20,369001,航空港区迎宾大道·交流充电站1号,18,1,5.29000000,0E-8,2.2.0
2015-05-20,425476,郑东新区金水东路·交直流充电站4号,17,1,3.21000000,0E-8,2.2.0
2015-05-20,474204,经开区航海东路·直流充电站3号,13,1,6.23000000,0E-8,2.2.0
2015-05-20,562656,经开区航海东路·直流充电站4号,9,1,4.85000000,0E-8,2.2.0
2015-05-20,664306,二七区淮河路·交直流充电站4号,9,1,4.92000000,0.39000000,2.2.0
2015-05-20,758780,惠济区文化路·直流充电站3号,12,1,6.65000000,0E-8,2.2.0
2015-05-20,878706,高新区科学大道·交直流充电站10号,16,1,6.07000000,0E-8,2.2.0
2015-05-20,894409,郑东新区金水东路·交直流充电站7号,14,1,3.13000000,0E-8,2.2.0
2015-05-20,944515,经开区第八大街·交直流充电站8号,16,1,7.43000000,0E-8,2.2.0
2015-05-20,944515,经开区第八大街·交直流充电站8号,17,1,8.92000000,0E-8,2.2.0
2015-05-20,995505,二七区淮河路·交直流充电站6号,15,1,3.34000000,0.09000000,2.2.0
2015-05-21,207262,郑东新区金水东路·交直流充电站1号,9,1,7.93000000,0E-8,2.2.0
2015-05-21,219054,金水区北三环·直流充电站1号,12,1,1.44000000,0E-8,2.2.0
2015-05-21,219054,金水区北三环·直流充电站1号,18,1,5.17000000,0E-8,2.2.0
2015-05-21,228137,上街区中心路·交直流充电站1号,11,1,7.17000000,0E-8,2.2.0
2015-05-21,228137,上街区中心路·交直流充电站1号,18,1,1.83000000,0E-8,2.2.0
2015-05-21,250527,经开区第八大街·交直流充电站1号,18,1,10.59000000,0E-8,2.2.0
2015-05-21,366832,航空港区长安路·直流充电站2号,9,1,3.17000000,0E-8,2.2.0
2015-05-21,366832,航空港区长安路·直流充电站2号,15,1,3.63000000,0E-8,2.2.0
2015-05-21,369001,航空港区迎宾大道·交流充电站1号,13,1,8.28000000,0E-8,2.2.0
2015-05-21,369001,航空港区迎宾大道·交流充电站1号,18,1,5.25000000,0E-8,2.2.0
2015-05-21,489543,二七区淮河路·交直流充电站1号,17,1,1.61000000,0E-8,2.2.0
2015-05-21,575971,高新区梧桐街·超充充电站2号,12,1,4.37000000,0E-8,2.2.0
2015-05-21,594591,高新区科学大道·交直流充电站7号,18,1,9.69000000,0E-8,2.2.0
2015-05-21,653450,上街区中心路·交直流充电站3号,10,1,5.81000000,0E-8,2.2.0
2015-05-21,653450,上街区中心路·交直流充电站3号,17,1,8.26000000,0E-8,2.2.0
2015-05-21,664306,二七区淮河路·交直流充电站4号,13,1,7.11000000,0E-8,2.2.0
2015-05-21,693651,上街区中心路·交直流充电站4号,11,1,11.20000000,0.97000000,2.2.0
2015-05-21,711566,郑东新区金水东路·交直流充电站5号,9,1,7.64000000,0.56000000,2.2.0
2015-05-21,728918,郑东新区金水东路·交直流充电站6号,18,1,23.68000000,0E-8,2.2.0
2015-05-21,738900,经开区第八大街·交直流充电站6号,17,1,23.68000000,0E-8,2.2.0
2015-05-21,758780,惠济区文化路·直流充电站3号,9,1,0.54000000,0.04000000,2.2.0
2015-05-21,758780,惠济区文化路·直流充电站3号,11,1,6.01000000,0E-8,2.2.0
2015-05-21,878706,高新区科学大道·交直流充电站10号,11,1,23.68000000,0E-8,2.2.0
2015-05-21,914907,高新区瑞达路·直流充电站11号,11,1,2.67000000,0E-8,2.2.0
2015-05-21,944515,经开区第八大街·交直流充电站8号,8,1,4.53000000,0E-8,2.2.0
2015-05-21,944515,经开区第八大街·交直流充电站8号,10,1,2.98000000,0.70000000,2.2.0
2015-05-21,944515,经开区第八大街·交直流充电站8号,20,1,4.15000000,0E-8,2.2.0
2015-05-21,955429,航空港区迎宾大道·交流充电站2号,19,1,2.80000000,0E-8,2.2.0
2015-05-22,129465,高新区科学大道·交直流充电站1号,11,1,4.96000000,0E-8,2.2.0
2015-05-22,228137,上街区中心路·交直流充电站1号,11,1,9.42000000,1.23000000,2.2.0
2015-05-22,280221,经开区第八大街·交直流充电站2号,16,1,6.43000000,0E-8,2.2.0
2015-05-22,369001,航空港区迎宾大道·交流充电站1号,11,1,3.32000000,0E-8,2.2.0
2015-05-22,371335,高新区科学大道·交直流充电站2号,11,1,5.25000000,0E-8,2.2.0
2015-05-22,414088,二七区嵩山路·交直流充电站2号,9,1,4.03000000,0E-8,2.2.0
2015-05-22,414088,二七区嵩山路·交直流充电站2号,17,1,0.82000000,0E-8,2.2.0
2015-05-22,445920,金水区花园路·直流充电站1号,17,1,2.88000000,0E-8,2.2.0
2015-05-22,474204,经开区航海东路·直流充电站3号,13,1,1.80000000,0E-8,2.2.0
2015-05-22,643012,金水区经三路·交直流充电站1号,19,1,0.45000000,0E-8,2.2.0
2015-05-22,653450,上街区中心路·交直流充电站3号,11,1,6.26000000,0E-8,2.2.0
2015-05-22,653450,上街区中心路·交直流充电站3号,12,1,7.39000000,0E-8,2.2.0
2015-05-22,863084,管城区陇海路·超充充电站1号,15,1,10.43000000,0E-8,2.2.0
2015-05-22,911231,中原区建设路·交直流充电站6号,9,1,7.09000000,0E-8,2.2.0
2015-05-22,929628,管城区陇海路·超充充电站2号,10,1,2.29000000,0E-8,2.2.0
2015-05-22,951880,二七区大学路·直流充电站6号,12,1,6.25000000,0E-8,2.2.0
2015-05-23,131897,二七区嵩山路·交直流充电站1号,10,1,10.36000000,0E-8,2.2.0
2015-05-23,219054,金水区北三环·直流充电站1号,17,1,5.18000000,0E-8,2.2.0
2015-05-23,250527,经开区第八大街·交直流充电站1号,10,1,5.28000000,0E-8,2.2.0
2015-05-23,369001,航空港区迎宾大道·交流充电站1号,11,1,9.08000000,0E-8,2.2.0
2015-05-23,405157,经开区第八大街·交直流充电站4号,17,1,5.53000000,0E-8,2.2.0
2015-05-23,425476,郑东新区金水东路·交直流充电站4号,17,1,3.22000000,0E-8,2.2.0
2015-05-23,474204,经开区航海东路·直流充电站3号,11,1,0.02000000,0E-8,2.2.0
2015-05-23,474204,经开区航海东路·直流充电站3号,12,1,23.68000000,0E-8,2.2.0
2015-05-23,481613,高新区瑞达路·直流充电站3号,11,1,8.15000000,0E-8,2.2.0
2015-05-23,562656,经开区航海东路·直流充电站4号,20,1,23.68000000,0E-8,2.2.0
2015-05-23,569886,二七区淮河路·交直流充电站2号,12,1,1.69000000,0E-8,2.2.0
2015-05-23,664306,二七区淮河路·交直流充电站4号,12,1,2.84000000,0E-8,2.2.0
2015-05-23,711566,郑东新区金水东路·交直流充电站5号,15,1,2.50000000,0E-8,2.2.0
2015-05-23,728918,郑东新区金水东路·交直流充电站6号,16,1,6.03000000,0.56000000,2.2.0
2015-05-23,782629,金水区经三路·交直流充电站3号,11,1,6.19000000,0.49000000,2.2.0
2015-05-23,878706,高新区科学大道·交直流充电站10号,12,1,4.86000000,0.84000000,2.2.0
2015-05-23,920264,高新区科学大道·交直流充电站11号,12,1,1.63000000,0E-8,2.2.0
2015-05-23,944515,经开区第八大街·交直流充电站8号,16,1,9.39000000,0E-8,2.2.0
2015-05-23,955429,航空港区迎宾大道·交流充电站2号,11,1,4.71000000,0E-8,2.2.0
2015-05-24,131897,二七区嵩山路·交直流充电站1号,13,1,4.93000000,0E-8,2.2.0
2015-05-24,219054,金水区北三环·直流充电站1号,12,1,7.17000000,0E-8,2.2.0
2015-05-24,228137,上街区中心路·交直流充电站1号,10,1,3.70000000,0E-8,2.2.0
2015-05-24,250527,经开区第八大街·交直流充电站1号,19,1,4.09000000,0E-8,2.2.0
2015-05-24,369001,航空港区迎宾大道·交流充电站1号,12,1,2.83000000,0E-8,2.2.0
2015-05-24,369001,航空港区迎宾大道·交流充电站1号,15,1,4.00000000,0E-8,2.2.0
2015-05-24,405157,经开区第八大街·交直流充电站4号,11,1,4.73000000,0.45000000,2.2.0
2015-05-24,474204,经开区航海东路·直流充电站3号,15,1,12.73000000,0E-8,2.2.0
2015-05-24,474204,经开区航海东路·直流充电站3号,17,2,13.11000000,0E-8,2.2.0
2015-05-24,481613,高新区瑞达路·直流充电站3号,13,1,6.53000000,0E-8,2.2.0
2015-05-24,500856,经开区第八大街·交直流充电站5号,17,1,5.85000000,0E-8,2.2.0
2015-05-24,549414,高新区科学大道·交直流充电站4号,12,1,9.59000000,0E-8,2.2.0
2015-05-24,672450,中原区建设路·交直流充电站4号,17,1,7.93000000,7.50000000,2.2.0
2015-05-24,871619,金水区花园路·直流充电站2号,12,1,10.16000000,0E-8,2.2.0
2015-05-24,875343,惠济区天河路·交流充电站1号,13,1,11.90000000,0E-8,2.2.0
2015-05-24,878706,高新区科学大道·交直流充电站10号,11,1,7.16000000,0E-8,2.2.0
2015-05-24,920264,高新区科学大道·交直流充电站11号,12,2,6.62000000,0E-8,2.2.0
2015-05-24,951880,二七区大学路·直流充电站6号,17,2,8.19000000,0E-8,2.2.0
2015-05-24,987396,航空港区长安路·直流充电站3号,10,1,1.67000000,0E-8,2.2.0
2015-05-24,987396,航空港区长安路·直流充电站3号,19,1,6.92000000,0E-8,2.2.0
2015-05-25,191826,经开区航海东路·直流充电站1号,15,1,17.34000000,0E-8,2.2.0
2015-05-25,228137,上街区中心路·交直流充电站1号,9,1,6.09000000,0E-8,2.2.0
2015-05-25,260408,经开区航海东路·直流充电站2号,12,1,23.68000000,0E-8,2.2.0
2015-05-25,280221,经开区第八大街·交直流充电站2号,10,1,2.23000000,0E-8,2.2.0
2015-05-25,280221,经开区第八大街·交直流充电站2号,11,1,9.20000000,6.72000000,2.2.0
2015-05-25,369001,航空港区迎宾大道·交流充电站1号,12,2,8.17000000,0.19000000,2.2.0
2015-05-25,369001,航空港区迎宾大道·交流充电站1号,13,1,7.45000000,0E-8,2.2.0
2015-05-25,369001,航空港区迎宾大道·交流充电站1号,16,1,6.25000000,0E-8,2.2.0
2015-05-25,414088,二七区嵩山路·交直流充电站2号,15,1,6.06000000,0E-8,2.2.0
2015-05-25,474204,经开区航海东路·直流充电站3号,11,1,5.78000000,0E-8,2.2.0
2015-05-25,575971,高新区梧桐街·超充充电站2号,17,1,10.88000000,0E-8,2.2.0
2015-05-25,653450,上街区中心路·交直流充电站3号,11,1,4.06000000,0E-8,2.2.0
2015-05-25,664306,二七区淮河路·交直流充电站4号,15,1,6.81000000,0E-8,2.2.0
2015-05-25,664306,二七区淮河路·交直流充电站4号,17,1,6.21000000,0E-8,2.2.0
2015-05-25,693651,上街区中心路·交直流充电站4号,11,1,5.74000000,0E-8,2.2.0
2015-05-25,803398,二七区大学路·直流充电站4号,12,1,3.98000000,0E-8,2.2.0
2015-05-25,874950,金水区北三环·直流充电站3号,11,1,8.37000000,0E-8,2.2.0
2015-05-25,875343,惠济区天河路·交流充电站1号,11,1,8.94000000,0E-8,2.2.0
2015-05-25,929628,管城区陇海路·超充充电站2号,10,1,6.07000000,3.39000000,2.2.0
2015-05-25,955429,航空港区迎宾大道·交流充电站2号,12,1,4.99000000,0E-8,2.2.0
2015-05-26,207262,郑东新区金水东路·交直流充电站1号,11,1,3.90000000,0E-8,2.2.0
2015-05-26,228137,上街区中心路·交直流充电站1号,11,1,23.04000000,0E-8,2.2.0
2015-05-26,260408,经开区航海东路·直流充电站2号,10,1,4.26000000,0E-8,2.2.0
2015-05-26,355208,经开区第八大街·交直流充电站3号,17,1,7.91000000,0E-8,2.2.0
2015-05-26,369001,航空港区迎宾大道·交流充电站1号,9,1,6.13000000,0E-8,2.2.0
2015-05-26,369001,航空港区迎宾大道·交流充电站1号,10,1,9.91000000,1.73000000,2.2.0
2015-05-26,369001,航空港区迎宾大道·交流充电站1号,11,1,7.30000000,0E-8,2.2.0
2015-05-26,369001,航空港区迎宾大道·交流充电站1号,18,1,5.46000000,0E-8,2.2.0
2015-05-26,405157,经开区第八大街·交直流充电站4号,16,1,6.88000000,0E-8,2.2.0
2015-05-26,414088,二七区嵩山路·交直流充电站2号,13,1,11.43000000,0E-8,2.2.0
2015-05-26,431796,高新区科学大道·交直流充电站3号,16,1,2.80000000,0.29000000,2.2.0
2015-05-26,474204,经开区航海东路·直流充电站3号,16,1,5.02000000,0E-8,2.2.0
2015-05-26,489543,二七区淮河路·交直流充电站1号,15,1,9.23000000,0E-8,2.2.0
2015-05-26,664306,二七区淮河路·交直流充电站4号,12,1,10.76000000,0E-8,2.2.0
2015-05-26,664306,二七区淮河路·交直流充电站4号,18,1,10.26000000,0E-8,2.2.0
2015-05-26,728918,郑东新区金水东路·交直流充电站6号,11,1,3.08000000,0E-8,2.2.0
2015-05-26,878706,高新区科学大道·交直流充电站10号,18,1,1.17000000,0E-8,2.2.0
2015-05-26,955429,航空港区迎宾大道·交流充电站2号,9,1,0.41000000,0E-8,2.2.0
2015-05-26,955429,航空港区迎宾大道·交流充电站2号,16,1,1.03000000,0.20000000,2.2.0
2015-05-26,995505,二七区淮河路·交直流充电站6号,13,1,4.02000000,0.80000000,2.2.0
2015-05-27,207262,郑东新区金水东路·交直流充电站1号,16,1,8.78000000,0E-8,2.2.0
2015-05-27,250527,经开区第八大街·交直流充电站1号,11,1,3.93000000,0E-8,2.2.0
2015-05-27,366832,航空港区长安路·直流充电站2号,11,1,5.41000000,0E-8,2.2.0
2015-05-27,425476,郑东新区金水东路·交直流充电站4号,10,1,5.72000000,0.49000000,2.2.0
2015-05-27,474204,经开区航海东路·直流充电站3号,13,1,4.59000000,0E-8,2.2.0
2015-05-27,474204,经开区航海东路·直流充电站3号,15,1,23.68000000,0E-8,2.2.0
2015-05-27,612116,高新区科学大道·交直流充电站8号,12,1,9.07000000,0E-8,2.2.0
2015-05-27,638536,二七区淮河路·交直流充电站3号,15,1,4.59000000,0E-8,2.2.0
2015-05-27,664306,二七区淮河路·交直流充电站4号,15,1,7.37000000,0E-8,2.2.0
2015-05-27,664306,二七区淮河路·交直流充电站4号,17,1,3.70000000,0.34000000,2.2.0
2015-05-27,758780,惠济区文化路·直流充电站3号,11,1,1.54000000,0E-8,2.2.0
2015-05-27,874950,金水区北三环·直流充电站3号,11,1,3.03000000,0E-8,2.2.0
2015-05-27,951880,二七区大学路·直流充电站6号,11,1,5.34000000,0E-8,2.2.0
2015-05-28,236840,郑东新区东风东路·交直流充电站2号,10,1,9.40000000,0E-8,2.2.0
2015-05-28,280221,经开区第八大街·交直流充电站2号,13,1,7.50000000,0E-8,2.2.0
2015-05-28,369001,航空港区迎宾大道·交流充电站1号,10,1,0.08000000,0E-8,2.2.0
2015-05-28,369001,航空港区迎宾大道·交流充电站1号,17,1,9.60000000,7.50000000,2.2.0
2015-05-28,474204,经开区航海东路·直流充电站3号,19,1,3.59000000,0E-8,2.2.0
2015-05-28,481613,高新区瑞达路·直流充电站3号,12,1,23.68000000,0E-8,2.2.0
2015-05-28,500856,经开区第八大街·交直流充电站5号,14,1,4.39000000,0E-8,2.2.0
2015-05-28,500856,经开区第八大街·交直流充电站5号,18,1,9.00000000,0E-8,2.2.0
2015-05-28,568071,二七区大学路·直流充电站2号,12,1,9.05000000,0E-8,2.2.0
2015-05-28,569886,二七区淮河路·交直流充电站2号,18,1,3.37000000,0E-8,2.2.0
2015-05-28,569889,高新区科学大道·交直流充电站5号,8,1,6.01000000,0.67000000,2.2.0
2015-05-28,582873,高新区科学大道·交直流充电站6号,16,1,9.70000000,0.30000000,2.2.0
2015-05-28,594591,高新区科学大道·交直流充电站7号,13,1,6.88000000,0E-8,2.2.0
2015-05-28,632920,高新区科学大道·交直流充电站9号,13,1,0.13000000,0E-8,2.2.0
2015-05-28,730023,中原区西三环·交流充电站2号,13,1,7.09000000,0E-8,2.2.0
2015-05-28,738900,经开区第八大街·交直流充电站6号,11,1,5.27000000,0E-8,2.2.0
2015-05-28,874950,金水区北三环·直流充电站3号,12,1,3.80000000,0E-8,2.2.0
2015-05-28,878706,高新区科学大道·交直流充电站10号,18,1,5.43000000,0E-8,2.2.0
2015-05-28,951880,二七区大学路·直流充电站6号,10,1,3.93000000,0E-8,2.2.0
2015-05-28,955429,航空港区迎宾大道·交流充电站2号,12,1,5.20000000,0E-8,2.2.0
2015-05-28,955429,航空港区迎宾大道·交流充电站2号,16,1,9.48000000,0E-8,2.2.0
2015-05-28,955429,航空港区迎宾大道·交流充电站2号,18,1,1.56000000,0E-8,2.2.0
2015-05-28,995505,二七区淮河路·交直流充电站6号,13,1,7.89000000,0E-8,2.2.0
2015-06-01,207262,郑东新区金水东路·交直流充电站1号,19,1,5.05000000,0E-8,2.2.0
2015-06-01,237105,高新区梧桐街·超充充电站1号,10,1,7.54000000,0E-8,2.2.0
2015-06-01,250527,经开区第八大街·交直流充电站1号,16,1,0.53000000,0.05000000,2.2.0
2015-06-01,280221,经开区第八大街·交直流充电站2号,15,1,8.81000000,0E-8,2.2.0
2015-06-01,355208,经开区第八大街·交直流充电站3号,17,1,5.69000000,0E-8,2.2.0
2015-06-01,369001,航空港区迎宾大道·交流充电站1号,11,1,21.96000000,0E-8,2.2.0
2015-06-01,369001,航空港区迎宾大道·交流充电站1号,12,1,9.47000000,0E-8,2.2.0
2015-06-01,369001,航空港区迎宾大道·交流充电站1号,17,1,5.90000000,0E-8,2.2.0
2015-06-01,517464,二七区大学路·直流充电站1号,10,1,4.33000000,0E-8,2.2.0
2015-06-01,594591,高新区科学大道·交直流充电站7号,14,1,8.81000000,0E-8,2.2.0
2015-06-01,638536,二七区淮河路·交直流充电站3号,14,1,23.68000000,0E-8,2.2.0
2015-06-01,730023,中原区西三环·交流充电站2号,10,1,5.14000000,0E-8,2.2.0
2015-06-01,758780,惠济区文化路·直流充电站3号,14,1,5.22000000,0E-8,2.2.0
2015-06-01,891421,二七区大学路·直流充电站5号,20,1,3.69000000,0E-8,2.2.0
2015-06-01,920264,高新区科学大道·交直流充电站11号,11,1,2.57000000,0.07000000,2.2.0
2015-06-01,955429,航空港区迎宾大道·交流充电站2号,17,1,4.34000000,0.28000000,2.2.0
2015-06-02,207262,郑东新区金水东路·交直流充电站1号,16,1,4.84000000,0E-8,2.2.0
2015-06-02,236379,郑东新区金水东路·交直流充电站2号,18,1,4.34000000,0E-8,2.2.0
2015-06-02,250527,经开区第八大街·交直流充电站1号,12,1,0.05000000,0E-8,2.2.0
2015-06-02,250527,经开区第八大街·交直流充电站1号,18,1,8.58000000,0E-8,2.2.0
2015-06-02,280221,经开区第八大街·交直流充电站2号,18,1,8.88000000,0E-8,2.2.0
2015-06-02,280415,惠济区文化路·直流充电站1号,16,1,4.45000000,0E-8,2.2.0
2015-06-02,355208,经开区第八大街·交直流充电站3号,13,1,7.35000000,0E-8,2.2.0
2015-06-02,369001,航空港区迎宾大道·交流充电站1号,16,1,2.65000000,0.22000000,2.2.0
2015-06-02,369001,航空港区迎宾大道·交流充电站1号,17,1,6.53000000,0E-8,2.2.0
2015-06-02,371335,高新区科学大道·交直流充电站2号,19,1,3.05000000,0E-8,2.2.0
2015-06-02,431796,高新区科学大道·交直流充电站3号,18,1,10.19000000,0E-8,2.2.0
2015-06-02,474204,经开区航海东路·直流充电站3号,8,1,1.75000000,0E-8,2.2.0
2015-06-02,474204,经开区航海东路·直流充电站3号,10,1,3.74000000,0E-8,2.2.0
2015-06-02,474204,经开区航海东路·直流充电站3号,12,1,7.94000000,0E-8,2.2.0
2015-06-02,514669,二七区嵩山路·交直流充电站3号,10,1,3.47000000,0E-8,2.2.0
2015-06-02,517464,二七区大学路·直流充电站1号,16,1,23.68000000,0E-8,2.2.0
2015-06-02,569886,二七区淮河路·交直流充电站2号,14,1,3.19000000,0E-8,2.2.0
2015-06-02,572249,二七区大学路·直流充电站3号,12,1,3.22000000,0E-8,2.2.0
2015-06-02,575971,高新区梧桐街·超充充电站2号,17,1,8.78000000,0E-8,2.2.0
2015-06-02,575971,高新区梧桐街·超充充电站2号,18,1,7.89000000,0E-8,2.2.0
2015-06-02,758780,惠济区文化路·直流充电站3号,12,1,10.04000000,0E-8,2.2.0
2015-06-02,803398,二七区大学路·直流充电站4号,16,1,1.67000000,0E-8,2.2.0
2015-06-02,944515,经开区第八大街·交直流充电站8号,17,1,2.46000000,0E-8,2.2.0
2015-06-02,955429,航空港区迎宾大道·交流充电站2号,12,1,1.11000000,0E-8,2.2.0
2015-06-02,955429,航空港区迎宾大道·交流充电站2号,13,1,8.05000000,0E-8,2.2.0
2015-06-02,995505,二七区淮河路·交直流充电站6号,17,1,23.68000000,0E-8,2.2.0
2015-06-03,219054,金水区北三环·直流充电站1号,11,1,7.30000000,0E-8,2.2.0
2015-06-03,219054,金水区北三环·直流充电站1号,15,1,2.48000000,0E-8,2.2.0
2015-06-03,250527,经开区第八大街·交直流充电站1号,12,2,16.47000000,0E-8,2.2.0
2015-06-03,355208,经开区第八大街·交直流充电站3号,11,1,9.91000000,0E-8,2.2.0
2015-06-03,369001,航空港区迎宾大道·交流充电站1号,12,1,1.61000000,0E-8,2.2.0
2015-06-03,414088,二七区嵩山路·交直流充电站2号,9,1,2.50000000,0E-8,2.2.0
2015-06-03,474204,经开区航海东路·直流充电站3号,14,1,5.39000000,0E-8,2.2.0
2015-06-03,514669,二七区嵩山路·交直流充电站3号,10,1,9.07000000,7.11000000,2.2.0
2015-06-03,623134,郑东新区东风东路·交直流充电站3号,15,1,5.36000000,0E-8,2.2.0
2015-06-03,638536,二七区淮河路·交直流充电站3号,14,1,1.80000000,0E-8,2.2.0
2015-06-03,643012,金水区经三路·交直流充电站1号,21,1,0.06000000,0E-8,2.2.0
2015-06-03,664306,二七区淮河路·交直流充电站4号,11,1,23.68000000,0E-8,2.2.0
2015-06-03,672450,中原区建设路·交直流充电站4号,11,1,3.78000000,0E-8,2.2.0
2015-06-03,875343,惠济区天河路·交流充电站1号,18,1,3.51000000,0E-8,2.2.0
2015-06-03,944515,经开区第八大街·交直流充电站8号,11,1,4.18000000,0E-8,2.2.0
2015-06-03,944515,经开区第八大街·交直流充电站8号,12,1,7.88000000,0E-8,2.2.0
2015-06-03,944575,郑东新区金水东路·交直流充电站8号,11,1,23.68000000,4.28000000,2.2.0
2015-06-03,955429,航空港区迎宾大道·交流充电站2号,12,1,23.68000000,0E-8,2.2.0
2015-06-03,955429,航空港区迎宾大道·交流充电站2号,17,1,4.01000000,0E-8,2.2.0
2015-06-04,369001,航空港区迎宾大道·交流充电站1号,16,1,1.96000000,0E-8,2.2.0
2015-06-04,474204,经开区航海东路·直流充电站3号,11,1,4.09000000,0E-8,2.2.0
2015-06-04,474204,经开区航海东路·直流充电站3号,15,1,23.68000000,0E-8,2.2.0
2015-06-04,474204,经开区航海东路·直流充电站3号,17,1,8.77000000,0E-8,2.2.0
2015-06-04,569886,二七区淮河路·交直流充电站2号,16,1,0.76000000,0.46000000,2.2.0
2015-06-04,594591,高新区科学大道·交直流充电站7号,14,1,1.21000000,0E-8,2.2.0
2015-06-04,653450,上街区中心路·交直流充电站3号,17,1,5.34000000,0E-8,2.2.0
2015-06-04,728918,郑东新区金水东路·交直流充电站6号,14,1,23.68000000,0E-8,2.2.0
2015-06-04,801274,经开区第八大街·交直流充电站7号,20,1,5.51000000,0E-8,2.2.0
2015-06-04,878706,高新区科学大道·交直流充电站10号,13,1,5.18000000,0E-8,2.2.0
2015-06-04,943765,高新区科学大道·交直流充电站12号,11,1,23.68000000,0E-8,2.2.0
2015-06-04,951880,二七区大学路·直流充电站6号,11,1,4.15000000,0E-8,2.2.0
2015-06-04,955429,航空港区迎宾大道·交流充电站2号,11,1,8.03000000,0E-8,2.2.0
2015-06-04,955429,航空港区迎宾大道·交流充电站2号,18,1,10.68000000,0E-8,2.2.0
2015-06-05,129465,高新区科学大道·交直流充电站1号,15,1,23.68000000,0E-8,2.2.0
2015-06-05,191826,经开区航海东路·直流充电站1号,17,1,23.68000000,0E-8,2.2.0
2015-06-05,207262,郑东新区金水东路·交直流充电站1号,11,1,4.98000000,0E-8,2.2.0
2015-06-05,228137,上街区中心路·交直流充电站1号,16,1,10.47000000,0E-8,2.2.0
2015-06-05,250527,经开区第八大街·交直流充电站1号,17,1,3.13000000,0E-8,2.2.0
2015-06-05,369001,航空港区迎宾大道·交流充电站1号,12,1,1.64000000,0E-8,2.2.0
2015-06-05,405157,经开区第八大街·交直流充电站4号,16,1,5.08000000,0E-8,2.2.0
2015-06-05,414088,二七区嵩山路·交直流充电站2号,16,1,0.71000000,0E-8,2.2.0
2015-06-05,445920,金水区花园路·直流充电站1号,13,1,2.26000000,0E-8,2.2.0
2015-06-05,445920,金水区花园路·直流充电站1号,19,1,23.68000000,0E-8,2.2.0
2015-06-05,474204,经开区航海东路·直流充电站3号,10,1,4.27000000,0E-8,2.2.0
2015-06-05,474204,经开区航海东路·直流充电站3号,13,1,12.40000000,0E-8,2.2.0
2015-06-05,474204,经开区航海东路·直流充电站3号,18,1,0.98000000,0E-8,2.2.0
2015-06-05,569886,二七区淮河路·交直流充电站2号,9,1,13.05000000,0E-8,2.2.0
2015-06-05,572249,二七区大学路·直流充电站3号,12,1,5.05000000,0E-8,2.2.0
2015-06-05,594591,高新区科学大道·交直流充电站7号,10,1,23.68000000,0E-8,2.2.0
2015-06-05,616125,经开区经北六路·直流充电站1号,18,1,3.93000000,0E-8,2.2.0
2015-06-05,653450,上街区中心路·交直流充电站3号,12,1,2.42000000,0E-8,2.2.0
2015-06-05,738900,经开区第八大街·交直流充电站6号,10,1,5.44000000,0.78000000,2.2.0
2015-06-05,902592,二七区嵩山路·交直流充电站4号,16,1,23.68000000,0E-8,2.2.0
2015-06-05,944515,经开区第八大街·交直流充电站8号,11,1,8.64000000,0E-8,2.2.0
2015-06-06,131897,二七区嵩山路·交直流充电站1号,17,1,8.34000000,0E-8,2.2.0
2015-06-06,200695,中原区建设路·交直流充电站1号,18,1,7.89000000,0E-8,2.2.0
2015-06-06,207262,郑东新区金水东路·交直流充电站1号,12,1,2.89000000,0E-8,2.2.0
2015-06-06,207262,郑东新区金水东路·交直流充电站1号,13,1,9.13000000,0E-8,2.2.0
2015-06-06,219054,金水区北三环·直流充电站1号,10,2,28.97000000,0E-8,2.2.0
2015-06-06,236379,郑东新区金水东路·交直流充电站2号,16,1,10.04000000,0E-8,2.2.0
2015-06-06,250527,经开区第八大街·交直流充电站1号,12,1,2.31000000,0E-8,2.2.0
2015-06-06,280221,经开区第八大街·交直流充电站2号,19,1,23.68000000,0E-8,2.2.0
2015-06-06,369001,航空港区迎宾大道·交流充电站1号,11,1,7.79000000,0.20000000,2.2.0
2015-06-06,369001,航空港区迎宾大道·交流充电站1号,12,1,10.03000000,0E-8,2.2.0
2015-06-06,369001,航空港区迎宾大道·交流充电站1号,13,1,23.68000000,0E-8,2.2.0
2015-06-06,369001,航空港区迎宾大道·交流充电站1号,16,1,6.43000000,0E-8,2.2.0
2015-06-06,405157,经开区第八大街·交直流充电站4号,11,1,7.89000000,0E-8,2.2.0
2015-06-06,414088,二七区嵩山路·交直流充电站2号,17,1,11.77000000,0E-8,2.2.0
2015-06-06,425476,郑东新区金水东路·交直流充电站4号,15,1,23.68000000,0E-8,2.2.0
2015-06-06,474204,经开区航海东路·直流充电站3号,8,1,7.60000000,0E-8,2.2.0
2015-06-06,474204,经开区航海东路·直流充电站3号,12,1,23.68000000,1.25000000,2.2.0
2015-06-06,474204,经开区航海东路·直流充电站3号,16,1,3.04000000,0E-8,2.2.0
2015-06-06,474204,经开区航海东路·直流充电站3号,20,1,23.68000000,0E-8,2.2.0
2015-06-06,514669,二七区嵩山路·交直流充电站3号,18,1,4.33000000,0E-8,2.2.0
2015-06-06,540225,高新区瑞达路·直流充电站5号,15,1,4.59000000,0E-8,2.2.0
2015-06-06,569889,高新区科学大道·交直流充电站5号,13,1,10.12000000,0E-8,2.2.0
2015-06-06,572249,二七区大学路·直流充电站3号,16,1,2.56000000,0.82000000,2.2.0
2015-06-06,582873,高新区科学大道·交直流充电站6号,11,1,4.80000000,0E-8,2.2.0
2015-06-06,728918,郑东新区金水东路·交直流充电站6号,11,1,4.31000000,0E-8,2.2.0
2015-06-06,792421,中原区建设路·交直流充电站5号,11,1,1.83000000,0E-8,2.2.0
2015-06-06,875343,惠济区天河路·交流充电站1号,10,1,6.83000000,0E-8,2.2.0
2015-06-06,878706,高新区科学大道·交直流充电站10号,18,1,3.17000000,0E-8,2.2.0
2015-06-06,884707,高新区瑞达路·直流充电站9号,11,1,6.01000000,0E-8,2.2.0
2015-06-06,902592,二七区嵩山路·交直流充电站4号,13,1,4.90000000,0E-8,2.2.0
2015-06-06,932939,二七区淮河路·交直流充电站5号,11,1,11.78000000,0E-8,2.2.0
2015-06-06,932939,二七区淮河路·交直流充电站5号,15,1,11.64000000,0E-8,2.2.0
2015-06-06,955429,航空港区迎宾大道·交流充电站2号,11,1,4.34000000,0E-8,2.2.0
2015-06-06,955429,航空港区迎宾大道·交流充电站2号,16,1,1.67000000,0E-8,2.2.0
2015-06-06,955429,航空港区迎宾大道·交流充电站2号,17,1,4.70000000,0E-8,2.2.0
2015-06-07,131897,二七区嵩山路·交直流充电站1号,9,1,23.68000000,3.87000000,2.2.0
2015-06-07,280221,经开区第八大街·交直流充电站2号,16,1,23.68000000,0E-8,2.2.0
2015-06-07,355208,经开区第八大街·交直流充电站3号,16,1,0.79000000,0E-8,2.2.0
2015-06-07,369001,航空港区迎宾大道·交流充电站1号,12,1,6.04000000,0E-8,2.2.0
2015-06-07,369001,航空港区迎宾大道·交流充电站1号,13,2,12.91000000,0E-8,2.2.0
2015-06-07,445920,金水区花园路·直流充电站1号,16,1,6.46000000,0E-8,2.2.0
2015-06-07,474204,经开区航海东路·直流充电站3号,17,1,10.04000000,0E-8,2.2.0
2015-06-07,514669,二七区嵩山路·交直流充电站3号,13,1,5.16000000,0E-8,2.2.0
2015-06-07,575971,高新区梧桐街·超充充电站2号,17,1,9.77000000,0.96000000,2.2.0
2015-06-07,638536,二七区淮河路·交直流充电站3号,13,1,5.49000000,0E-8,2.2.0
2015-06-07,728918,郑东新区金水东路·交直流充电站6号,16,1,7.87000000,0.50000000,2.2.0
2015-06-07,730023,中原区西三环·交流充电站2号,20,1,1.98000000,0E-8,2.2.0
2015-06-07,738900,经开区第八大街·交直流充电站6号,14,1,1.09000000,0E-8,2.2.0
2015-06-07,782629,金水区经三路·交直流充电站3号,16,1,10.11000000,0E-8,2.2.0
2015-06-07,801274,经开区第八大街·交直流充电站7号,9,1,5.67000000,0E-8,2.2.0
2015-06-07,801274,经开区第八大街·交直流充电站7号,19,1,0.92000000,0E-8,2.2.0
2015-06-07,874950,金水区北三环·直流充电站3号,11,1,2.92000000,0.46000000,2.2.0
2015-06-07,891421,二七区大学路·直流充电站5号,11,1,4.24000000,0E-8,2.2.0
2015-06-07,944515,经开区第八大街·交直流充电站8号,11,1,7.97000000,0E-8,2.2.0
2015-06-07,944515,经开区第八大街·交直流充电站8号,16,1,3.41000000,4.29000000,2.2.0
2015-06-07,951880,二七区大学路·直流充电站6号,15,1,9.86000000,0E-8,2.2.0
2015-06-07,955429,航空港区迎宾大道·交流充电站2号,14,2,12.69000000,0E-8,2.2.0
2015-06-07,955429,航空港区迎宾大道·交流充电站2号,16,1,5.30000000,0E-8,2.2.0
2015-06-07,955429,航空港区迎宾大道·交流充电站2号,18,1,9.97000000,0E-8,2.2.0
2015-06-07,955429,航空港区迎宾大道·交流充电站2号,21,1,4.58000000,0E-8,2.2.0
2015-06-07,987396,航空港区长安路·直流充电站3号,13,1,3.50000000,0E-8,2.2.0
2015-06-07,995505,二七区淮河路·交直流充电站6号,17,1,6.17000000,0E-8,2.2.0
2015-06-08,129465,高新区科学大道·交直流充电站1号,12,1,3.91000000,0E-8,2.2.0
2015-06-08,219054,金水区北三环·直流充电站1号,9,1,5.90000000,0E-8,2.2.0
2015-06-08,236379,郑东新区金水东路·交直流充电站2号,19,1,10.20000000,0E-8,2.2.0
2015-06-08,260781,中原区建设路·交直流充电站2号,14,1,3.01000000,0E-8,2.2.0
2015-06-08,369001,航空港区迎宾大道·交流充电站1号,11,1,4.71000000,0E-8,2.2.0
2015-06-08,369001,航空港区迎宾大道·交流充电站1号,13,1,2.52000000,0E-8,2.2.0
2015-06-08,369001,航空港区迎宾大道·交流充电站1号,16,1,3.03000000,0E-8,2.2.0
2015-06-08,445920,金水区花园路·直流充电站1号,10,1,9.31000000,0E-8,2.2.0
2015-06-08,568071,二七区大学路·直流充电站2号,17,1,3.34000000,0E-8,2.2.0
2015-06-08,594591,高新区科学大道·交直流充电站7号,11,1,6.36000000,0E-8,2.2.0
2015-06-08,638536,二七区淮河路·交直流充电站3号,19,1,8.16000000,0E-8,2.2.0
2015-06-08,664306,二七区淮河路·交直流充电站4号,13,1,5.56000000,0.36000000,2.2.0
2015-06-08,728918,郑东新区金水东路·交直流充电站6号,10,1,8.91000000,0E-8,2.2.0
2015-06-08,782629,金水区经三路·交直流充电站3号,16,1,6.46000000,0E-8,2.2.0
2015-06-08,878706,高新区科学大道·交直流充电站10号,10,1,2.37000000,0E-8,2.2.0
2015-06-08,932939,二七区淮河路·交直流充电站5号,12,1,3.11000000,0E-8,2.2.0
2015-06-09,207262,郑东新区金水东路·交直流充电站1号,16,1,1.62000000,0E-8,2.2.0
2015-06-09,280415,惠济区文化路·直流充电站1号,10,1,0.09000000,0E-8,2.2.0
2015-06-09,369001,航空港区迎宾大道·交流充电站1号,11,1,4.14000000,0E-8,2.2.0
2015-06-09,369001,航空港区迎宾大道·交流充电站1号,13,1,5.33000000,0E-8,2.2.0
2015-06-09,369001,航空港区迎宾大道·交流充电站1号,19,1,11.69000000,0E-8,2.2.0
2015-06-09,414088,二七区嵩山路·交直流充电站2号,17,1,8.56000000,1.03000000,2.2.0
2015-06-09,425476,郑东新区金水东路·交直流充电站4号,11,1,7.06000000,0E-8,2.2.0
2015-06-09,474204,经开区航海东路·直流充电站3号,17,1,4.61000000,0E-8,2.2.0
2015-06-09,489543,二七区淮河路·交直流充电站1号,19,1,11.15000000,0E-8,2.2.0
2015-06-09,507660,中原区建设路·交直流充电站3号,13,1,3.46000000,0E-8,2.2.0
2015-06-09,562656,经开区航海东路·直流充电站4号,10,1,2.98000000,0.51000000,2.2.0
2015-06-09,562656,经开区航海东路·直流充电站4号,20,1,10.32000000,0E-8,2.2.0
2015-06-09,569886,二七区淮河路·交直流充电站2号,17,1,2.85000000,0E-8,2.2.0
2015-06-09,575971,高新区梧桐街·超充充电站2号,12,1,3.76000000,0E-8,2.2.0
2015-06-09,612116,高新区科学大道·交直流充电站8号,17,2,30.60000000,0E-8,2.2.0
2015-06-09,738900,经开区第八大街·交直流充电站6号,12,1,2.47000000,0.18000000,2.2.0
2015-06-09,801274,经开区第八大街·交直流充电站7号,16,1,23.68000000,0E-8,2.2.0
2015-06-09,874950,金水区北三环·直流充电站3号,15,1,4.54000000,0E-8,2.2.0
2015-06-09,902592,二七区嵩山路·交直流充电站4号,17,1,0.97000000,0E-8,2.2.0
2015-06-09,929628,管城区陇海路·超充充电站2号,13,1,3.20000000,0E-8,2.2.0
2015-06-09,944575,郑东新区金水东路·交直流充电站8号,12,1,8.20000000,0E-8,2.2.0
2015-06-09,955429,航空港区迎宾大道·交流充电站2号,16,1,4.36000000,0E-8,2.2.0
2015-06-09,955429,航空港区迎宾大道·交流充电站2号,19,1,23.68000000,0E-8,2.2.0
2015-06-10,131897,二七区嵩山路·交直流充电站1号,12,1,6.23000000,0E-8,2.2.0
2015-06-10,228137,上街区中心路·交直流充电站1号,10,1,4.94000000,0.21000000,2.2.0
2015-06-10,228137,上街区中心路·交直流充电站1号,17,2,5.74000000,0E-8,2.2.0
2015-06-10,250527,经开区第八大街·交直流充电站1号,17,1,8.59000000,0E-8,2.2.0
2015-06-10,369001,航空港区迎宾大道·交流充电站1号,11,1,7.35000000,0E-8,2.2.0
2015-06-10,369001,航空港区迎宾大道·交流充电站1号,12,2,11.61000000,0E-8,2.2.0
2015-06-10,369001,航空港区迎宾大道·交流充电站1号,16,1,12.00000000,0E-8,2.2.0
2015-06-10,575971,高新区梧桐街·超充充电站2号,19,1,23.68000000,0E-8,2.2.0
2015-06-10,653450,上街区中心路·交直流充电站3号,8,1,8.24000000,1.27000000,2.2.0
2015-06-10,729642,金水区经三路·交直流充电站2号,11,1,6.02000000,0E-8,2.2.0
2015-06-10,787792,高新区瑞达路·直流充电站7号,12,1,16.72000000,0E-8,2.2.0
2015-06-10,878706,高新区科学大道·交直流充电站10号,13,2,26.90000000,0E-8,2.2.0
2015-06-10,981639,中原区桐柏路·交直流充电站1号,10,1,3.15000000,0E-8,2.2.0
2015-06-10,987396,航空港区长安路·直流充电站3号,10,1,23.68000000,0E-8,2.2.0
2015-06-11,191826,经开区航海东路·直流充电站1号,8,1,5.34000000,0E-8,2.2.0
2015-06-11,260408,经开区航海东路·直流充电站2号,9,1,5.01000000,0E-8,2.2.0
2015-06-11,280221,经开区第八大街·交直流充电站2号,18,1,0.75000000,0.09000000,2.2.0
2015-06-11,369001,航空港区迎宾大道·交流充电站1号,18,1,9.87000000,0E-8,2.2.0
2015-06-11,371335,高新区科学大道·交直流充电站2号,18,1,1.13000000,0E-8,2.2.0
2015-06-11,474204,经开区航海东路·直流充电站3号,16,1,10.00000000,0.63000000,2.2.0
2015-06-11,572249,二七区大学路·直流充电站3号,10,1,12.18000000,0E-8,2.2.0
2015-06-11,575971,高新区梧桐街·超充充电站2号,14,1,8.43000000,0E-8,2.2.0
2015-06-11,643012,金水区经三路·交直流充电站1号,17,1,6.40000000,0E-8,2.2.0
2015-06-11,653450,上街区中心路·交直流充电站3号,13,1,23.68000000,0E-8,2.2.0
2015-06-11,664306,二七区淮河路·交直流充电站4号,16,1,9.73000000,0E-8,2.2.0
2015-06-11,664306,二七区淮河路·交直流充电站4号,17,1,23.68000000,0E-8,2.2.0
2015-06-11,944515,经开区第八大街·交直流充电站8号,16,1,7.57000000,0E-8,2.2.0
2015-06-11,951880,二七区大学路·直流充电站6号,12,1,4.53000000,0.38000000,2.2.0
2015-06-11,955429,航空港区迎宾大道·交流充电站2号,14,1,7.99000000,0E-8,2.2.0
2015-06-11,955429,航空港区迎宾大道·交流充电站2号,16,1,23.68000000,0E-8,2.2.0
2015-06-12,129465,高新区科学大道·交直流充电站1号,15,1,4.03000000,0E-8,2.2.0
2015-06-12,129465,高新区科学大道·交直流充电站1号,16,1,9.83000000,0E-8,2.2.0
2015-06-12,191826,经开区航海东路·直流充电站1号,13,1,0.63000000,0E-8,2.2.0
2015-06-12,369001,航空港区迎宾大道·交流充电站1号,9,1,0.21000000,0E-8,2.2.0
2015-06-12,369001,航空港区迎宾大道·交流充电站1号,19,1,4.44000000,7.50000000,2.2.0
2015-06-12,425476,郑东新区金水东路·交直流充电站4号,13,1,23.68000000,0E-8,2.2.0
2015-06-12,474204,经开区航海东路·直流充电站3号,15,1,8.59000000,0E-8,2.2.0
2015-06-12,474204,经开区航海东路·直流充电站3号,22,1,3.40000000,0E-8,2.2.0
2015-06-12,568071,二七区大学路·直流充电站2号,16,1,2.21000000,0E-8,2.2.0
2015-06-12,875343,惠济区天河路·交流充电站1号,10,1,0.50000000,0E-8,2.2.0
2015-06-12,932939,二七区淮河路·交直流充电站5号,17,1,4.41000000,0.28000000,2.2.0
2015-06-12,955429,航空港区迎宾大道·交流充电站2号,11,1,6.13000000,0E-8,2.2.0
2015-06-13,207262,郑东新区金水东路·交直流充电站1号,17,1,4.07000000,0E-8,2.2.0
2015-06-13,219054,金水区北三环·直流充电站1号,9,1,8.37000000,0E-8,2.2.0
2015-06-13,280221,经开区第八大街·交直流充电站2号,11,1,5.16000000,0E-8,2.2.0
2015-06-13,369001,航空港区迎宾大道·交流充电站1号,14,1,8.52000000,0E-8,2.2.0
2015-06-13,369001,航空港区迎宾大道·交流充电站1号,16,1,5.72000000,0E-8,2.2.0
2015-06-13,414088,二七区嵩山路·交直流充电站2号,16,1,7.56000000,0E-8,2.2.0
2015-06-13,425476,郑东新区金水东路·交直流充电站4号,11,1,6.65000000,0E-8,2.2.0
2015-06-13,445920,金水区花园路·直流充电站1号,9,1,4.99000000,0E-8,2.2.0
2015-06-13,474204,经开区航海东路·直流充电站3号,13,1,23.68000000,0E-8,2.2.0
2015-06-13,489543,二七区淮河路·交直流充电站1号,9,1,2.51000000,0E-8,2.2.0
2015-06-13,489543,二七区淮河路·交直流充电站1号,14,1,7.40000000,7.50000000,2.2.0
2015-06-13,500856,经开区第八大街·交直流充电站5号,18,1,1.42000000,0E-8,2.2.0
2015-06-13,517464,二七区大学路·直流充电站1号,14,1,23.68000000,0E-8,2.2.0
2015-06-13,517464,二七区大学路·直流充电站1号,15,1,23.68000000,0E-8,2.2.0
2015-06-13,569886,二七区淮河路·交直流充电站2号,9,1,9.94000000,0E-8,2.2.0
2015-06-13,569886,二七区淮河路·交直流充电站2号,12,1,5.20000000,0E-8,2.2.0
2015-06-13,569886,二七区淮河路·交直流充电站2号,16,1,1.94000000,0E-8,2.2.0
2015-06-13,594591,高新区科学大道·交直流充电站7号,10,1,5.33000000,0.89000000,2.2.0
2015-06-13,638536,二七区淮河路·交直流充电站3号,12,1,5.70000000,0E-8,2.2.0
2015-06-13,787792,高新区瑞达路·直流充电站7号,13,1,6.47000000,0E-8,2.2.0
2015-06-13,792421,中原区建设路·交直流充电站5号,13,1,0.94000000,0E-8,2.2.0
2015-06-13,871619,金水区花园路·直流充电站2号,17,1,4.16000000,0E-8,2.2.0
2015-06-13,878706,高新区科学大道·交直流充电站10号,13,1,10.99000000,0E-8,2.2.0
2015-06-13,878706,高新区科学大道·交直流充电站10号,17,1,4.16000000,0E-8,2.2.0
2015-06-13,944515,经开区第八大街·交直流充电站8号,16,1,1.51000000,0E-8,2.2.0
2015-06-13,944575,郑东新区金水东路·交直流充电站8号,12,1,4.30000000,0.63000000,2.2.0
2015-06-13,951880,二七区大学路·直流充电站6号,17,1,3.82000000,0E-8,2.2.0
2015-06-13,955429,航空港区迎宾大道·交流充电站2号,11,1,23.68000000,0E-8,2.2.0
2015-06-13,955429,航空港区迎宾大道·交流充电站2号,15,2,28.88000000,1.12000000,2.2.0
2015-06-13,955429,航空港区迎宾大道·交流充电站2号,16,1,5.34000000,0E-8,2.2.0
2015-06-13,955429,航空港区迎宾大道·交流充电站2号,19,1,3.94000000,0E-8,2.2.0
2015-06-13,981639,中原区桐柏路·交直流充电站1号,11,1,5.65000000,0.51000000,2.2.0
2015-06-13,995505,二七区淮河路·交直流充电站6号,18,1,4.23000000,0E-8,2.2.0
2015-06-14,200695,中原区建设路·交直流充电站1号,16,1,23.68000000,0E-8,2.2.0
2015-06-14,207262,郑东新区金水东路·交直流充电站1号,10,1,1.98000000,0E-8,2.2.0
2015-06-14,207262,郑东新区金水东路·交直流充电站1号,13,1,1.82000000,0E-8,2.2.0
2015-06-14,228137,上街区中心路·交直流充电站1号,16,1,21.86000000,0E-8,2.2.0
2015-06-14,236840,郑东新区东风东路·交直流充电站2号,17,1,4.12000000,0E-8,2.2.0
2015-06-14,237105,高新区梧桐街·超充充电站1号,9,1,2.39000000,0.39000000,2.2.0
2015-06-14,237105,高新区梧桐街·超充充电站1号,10,1,0.21000000,0E-8,2.2.0
2015-06-14,250527,经开区第八大街·交直流充电站1号,9,1,4.64000000,0E-8,2.2.0
2015-06-14,366832,航空港区长安路·直流充电站2号,18,1,6.14000000,0E-8,2.2.0
2015-06-14,369001,航空港区迎宾大道·交流充电站1号,10,1,10.02000000,4.07000000,2.2.0
2015-06-14,369001,航空港区迎宾大道·交流充电站1号,12,1,23.68000000,0.83000000,2.2.0
2015-06-14,369001,航空港区迎宾大道·交流充电站1号,13,1,1.99000000,0E-8,2.2.0
2015-06-14,369001,航空港区迎宾大道·交流充电站1号,17,1,4.37000000,0E-8,2.2.0
2015-06-14,371335,高新区科学大道·交直流充电站2号,12,1,23.68000000,0E-8,2.2.0
2015-06-14,405157,经开区第八大街·交直流充电站4号,18,1,7.51000000,0E-8,2.2.0
2015-06-14,414088,二七区嵩山路·交直流充电站2号,15,1,23.68000000,0E-8,2.2.0
2015-06-14,425476,郑东新区金水东路·交直流充电站4号,11,1,2.82000000,0E-8,2.2.0
2015-06-14,431796,高新区科学大道·交直流充电站3号,9,1,6.84000000,0E-8,2.2.0
2015-06-14,474204,经开区航海东路·直流充电站3号,11,1,7.81000000,0E-8,2.2.0
2015-06-14,474204,经开区航海东路·直流充电站3号,12,1,7.39000000,0E-8,2.2.0
2015-06-14,549414,高新区科学大道·交直流充电站4号,17,1,10.57000000,0E-8,2.2.0
2015-06-14,569886,二七区淮河路·交直流充电站2号,16,1,11.17000000,0E-8,2.2.0
2015-06-14,738900,经开区第八大街·交直流充电站6号,17,1,0.70000000,0E-8,2.2.0
2015-06-14,902592,二七区嵩山路·交直流充电站4号,10,1,23.68000000,0E-8,2.2.0
2015-06-14,902592,二七区嵩山路·交直流充电站4号,12,1,9.43000000,0.94000000,2.2.0
2015-06-14,944515,经开区第八大街·交直流充电站8号,10,1,23.68000000,0E-8,2.2.0
2015-06-14,955429,航空港区迎宾大道·交流充电站2号,17,2,12.06000000,0E-8,2.2.0
2015-06-14,995505,二七区淮河路·交直流充电站6号,11,1,4.77000000,0E-8,2.2.0
2015-06-15,191826,经开区航海东路·直流充电站1号,9,1,5.55000000,0E-8,2.2.0
2015-06-15,219054,金水区北三环·直流充电站1号,17,1,4.42000000,0E-8,2.2.0
2015-06-15,237105,高新区梧桐街·超充充电站1号,15,1,5.94000000,0E-8,2.2.0
2015-06-15,237105,高新区梧桐街·超充充电站1号,17,1,8.19000000,0E-8,2.2.0
2015-06-15,280221,经开区第八大街·交直流充电站2号,17,1,5.42000000,0E-8,2.2.0
2015-06-15,369001,航空港区迎宾大道·交流充电站1号,11,1,7.26000000,0E-8,2.2.0
2015-06-15,405157,经开区第八大街·交直流充电站4号,17,1,3.44000000,0E-8,2.2.0
2015-06-15,425476,郑东新区金水东路·交直流充电站4号,12,1,6.56000000,0E-8,2.2.0
2015-06-15,445920,金水区花园路·直流充电站1号,19,1,12.15000000,0E-8,2.2.0
2015-06-15,474204,经开区航海东路·直流充电站3号,16,1,6.97000000,0E-8,2.2.0
2015-06-15,489543,二七区淮河路·交直流充电站1号,15,1,2.66000000,0E-8,2.2.0
2015-06-15,514669,二七区嵩山路·交直流充电站3号,12,1,6.30000000,0E-8,2.2.0
2015-06-15,517464,二七区大学路·直流充电站1号,11,1,12.24000000,0E-8,2.2.0
2015-06-15,738900,经开区第八大街·交直流充电站6号,12,1,1.55000000,0E-8,2.2.0
2015-06-15,782629,金水区经三路·交直流充电站3号,16,1,12.76000000,0E-8,2.2.0
2015-06-15,803398,二七区大学路·直流充电站4号,16,1,2.56000000,0E-8,2.2.0
2015-06-15,875343,惠济区天河路·交流充电站1号,16,1,4.24000000,0E-8,2.2.0
2015-06-15,878706,高新区科学大道·交直流充电站10号,22,1,0.48000000,0E-8,2.2.0
2015-06-15,920264,高新区科学大道·交直流充电站11号,17,1,3.30000000,0E-8,2.2.0
2015-06-15,943765,高新区科学大道·交直流充电站12号,13,1,23.68000000,0E-8,2.2.0
2015-06-15,944515,经开区第八大街·交直流充电站8号,17,1,3.21000000,0E-8,2.2.0
2015-06-15,955429,航空港区迎宾大道·交流充电站2号,4,1,10.75000000,0E-8,2.2.0
2015-06-15,987396,航空港区长安路·直流充电站3号,9,1,6.77000000,0.28000000,2.2.0
2015-06-15,995505,二七区淮河路·交直流充电站6号,8,1,8.97000000,0E-8,2.2.0
2015-06-16,129465,高新区科学大道·交直流充电站1号,20,1,6.30000000,0E-8,2.2.0
2015-06-16,219054,金水区北三环·直流充电站1号,11,1,4.87000000,0E-8,2.2.0
2015-06-16,219054,金水区北三环·直流充电站1号,15,1,23.68000000,0E-8,2.2.0
2015-06-16,260781,中原区建设路·交直流充电站2号,12,1,3.30000000,0E-8,2.2.0
2015-06-16,355208,经开区第八大街·交直流充电站3号,12,1,5.55000000,0E-8,2.2.0
2015-06-16,366832,航空港区长安路·直流充电站2号,15,1,0.31000000,0E-8,2.2.0
2015-06-16,369001,航空港区迎宾大道·交流充电站1号,15,1,6.00000000,0.20000000,2.2.0
2015-06-16,414088,二七区嵩山路·交直流充电站2号,17,1,1.81000000,0E-8,2.2.0
2015-06-16,425476,郑东新区金水东路·交直流充电站4号,10,1,3.47000000,0.25000000,2.2.0
2015-06-16,562656,经开区航海东路·直流充电站4号,10,1,1.52000000,0E-8,2.2.0
2015-06-16,672450,中原区建设路·交直流充电站4号,17,1,3.25000000,0E-8,2.2.0
2015-06-16,728918,郑东新区金水东路·交直流充电站6号,11,1,23.68000000,7.50000000,2.2.0
2015-06-16,758780,惠济区文化路·直流充电站3号,16,1,5.62000000,0E-8,2.2.0
2015-06-16,875343,惠济区天河路·交流充电站1号,19,1,2.95000000,0E-8,2.2.0
2015-06-16,878706,高新区科学大道·交直流充电站10号,19,1,5.57000000,0E-8,2.2.0
2015-06-16,951880,二七区大学路·直流充电站6号,16,1,6.87000000,0E-8,2.2.0
2015-06-16,955429,航空港区迎宾大道·交流充电站2号,12,1,5.77000000,0E-8,2.2.0
2015-06-16,955429,航空港区迎宾大道·交流充电站2号,16,1,7.48000000,0E-8,2.2.0
2015-06-17,207262,郑东新区金水东路·交直流充电站1号,11,1,4.73000000,0E-8,2.2.0
2015-06-17,237105,高新区梧桐街·超充充电站1号,10,1,10.53000000,0E-8,2.2.0
2015-06-17,237105,高新区梧桐街·超充充电站1号,17,1,3.90000000,0E-8,2.2.0
2015-06-17,250527,经开区第八大街·交直流充电站1号,17,1,12.26000000,0E-8,2.2.0
2015-06-17,280221,经开区第八大街·交直流充电站2号,10,1,12.09000000,0E-8,2.2.0
2015-06-17,369001,航空港区迎宾大道·交流充电站1号,8,1,6.81000000,0E-8,2.2.0
2015-06-17,369001,航空港区迎宾大道·交流充电站1号,11,1,5.45000000,0E-8,2.2.0
2015-06-17,445920,金水区花园路·直流充电站1号,16,2,10.19000000,0.60000000,2.2.0
2015-06-17,474204,经开区航海东路·直流充电站3号,12,1,6.43000000,0E-8,2.2.0
2015-06-17,594591,高新区科学大道·交直流充电站7号,12,1,3.05000000,0E-8,2.2.0
2015-06-17,594591,高新区科学大道·交直流充电站7号,15,1,6.55000000,0E-8,2.2.0
2015-06-17,623134,郑东新区东风东路·交直流充电站3号,10,1,3.74000000,0E-8,2.2.0
2015-06-17,728918,郑东新区金水东路·交直流充电站6号,8,1,0.12000000,0E-8,2.2.0
2015-06-17,728918,郑东新区金水东路·交直流充电站6号,12,1,3.92000000,0E-8,2.2.0
2015-06-17,730023,中原区西三环·交流充电站2号,9,1,4.80000000,0E-8,2.2.0
2015-06-17,792421,中原区建设路·交直流充电站5号,19,1,8.60000000,0E-8,2.2.0
2015-06-17,944515,经开区第八大街·交直流充电站8号,13,1,23.68000000,0E-8,2.2.0
2015-06-17,955429,航空港区迎宾大道·交流充电站2号,10,1,4.64000000,0E-8,2.2.0
2015-06-17,987396,航空港区长安路·直流充电站3号,16,1,4.50000000,0E-8,2.2.0
2015-06-18,228137,上街区中心路·交直流充电站1号,20,1,7.85000000,0E-8,2.2.0
2015-06-18,250527,经开区第八大街·交直流充电站1号,11,1,0.95000000,0E-8,2.2.0
2015-06-18,369001,航空港区迎宾大道·交流充电站1号,14,1,3.20000000,0E-8,2.2.0
2015-06-18,369001,航空港区迎宾大道·交流充电站1号,15,1,5.34000000,0.78000000,2.2.0
2015-06-18,474204,经开区航海东路·直流充电站3号,1,1,2.78000000,0E-8,2.2.0
2015-06-18,507660,中原区建设路·交直流充电站3号,16,1,3.83000000,0E-8,2.2.0
2015-06-18,594591,高新区科学大道·交直流充电站7号,16,1,6.28000000,0E-8,2.2.0
2015-06-18,653450,上街区中心路·交直流充电站3号,17,1,4.24000000,0E-8,2.2.0
2015-06-18,672450,中原区建设路·交直流充电站4号,13,1,2.78000000,0E-8,2.2.0
2015-06-18,728918,郑东新区金水东路·交直流充电站6号,13,1,23.68000000,0E-8,2.2.0
2015-06-18,863084,管城区陇海路·超充充电站1号,17,1,5.11000000,0E-8,2.2.0
2015-06-18,920264,高新区科学大道·交直流充电站11号,13,1,6.94000000,4.77000000,2.2.0
2015-06-18,944515,经开区第八大街·交直流充电站8号,11,1,6.20000000,0E-8,2.2.0
2015-06-18,951880,二七区大学路·直流充电站6号,15,1,5.95000000,0.29000000,2.2.0
2015-06-18,955429,航空港区迎宾大道·交流充电站2号,14,1,23.68000000,0E-8,2.2.0
2015-06-18,955429,航空港区迎宾大道·交流充电站2号,15,1,3.32000000,0E-8,2.2.0
2015-06-18,987396,航空港区长安路·直流充电站3号,10,1,6.62000000,0E-8,2.2.0
2015-06-19,131897,二七区嵩山路·交直流充电站1号,16,1,8.84000000,0E-8,2.2.0
2015-06-19,200695,中原区建设路·交直流充电站1号,11,1,4.05000000,0.21000000,2.2.0
2015-06-19,228137,上街区中心路·交直流充电站1号,20,1,10.01000000,0E-8,2.2.0
2015-06-19,250527,经开区第八大街·交直流充电站1号,12,2,9.81000000,0E-8,2.2.0
2015-06-19,366832,航空港区长安路·直流充电站2号,11,1,5.80000000,0E-8,2.2.0
2015-06-19,366832,航空港区长安路·直流充电站2号,17,1,5.46000000,0E-8,2.2.0
2015-06-19,369001,航空港区迎宾大道·交流充电站1号,12,1,2.54000000,0E-8,2.2.0
2015-06-19,425476,郑东新区金水东路·交直流充电站4号,11,1,1.29000000,0E-8,2.2.0
2015-06-19,500856,经开区第八大街·交直流充电站5号,12,1,10.20000000,0E-8,2.2.0
2015-06-19,507660,中原区建设路·交直流充电站3号,15,1,4.78000000,0E-8,2.2.0
2015-06-19,517464,二七区大学路·直流充电站1号,10,1,1.13000000,0E-8,2.2.0
2015-06-19,517464,二七区大学路·直流充电站1号,13,1,6.68000000,0E-8,2.2.0
2015-06-19,517464,二七区大学路·直流充电站1号,17,1,10.35000000,0E-8,2.2.0
2015-06-19,562656,经开区航海东路·直流充电站4号,9,1,23.68000000,0E-8,2.2.0
2015-06-19,568071,二七区大学路·直流充电站2号,12,1,4.35000000,0E-8,2.2.0
2015-06-19,569886,二七区淮河路·交直流充电站2号,8,1,5.60000000,0E-8,2.2.0
2015-06-19,638536,二七区淮河路·交直流充电站3号,12,1,2.50000000,0E-8,2.2.0
2015-06-19,787792,高新区瑞达路·直流充电站7号,10,1,6.44000000,0E-8,2.2.0
2015-06-19,955429,航空港区迎宾大道·交流充电站2号,10,1,5.15000000,0E-8,2.2.0
2015-06-19,955429,航空港区迎宾大道·交流充电站2号,12,1,4.18000000,0E-8,2.2.0
2015-06-20,207262,郑东新区金水东路·交直流充电站1号,11,1,23.68000000,0E-8,2.2.0
2015-06-20,207262,郑东新区金水东路·交直流充电站1号,17,1,1.69000000,4.10000000,2.2.0
2015-06-20,219054,金水区北三环·直流充电站1号,8,1,1.99000000,0E-8,2.2.0
2015-06-20,355208,经开区第八大街·交直流充电站3号,11,1,6.50000000,0.41000000,2.2.0
2015-06-20,369001,航空港区迎宾大道·交流充电站1号,9,1,6.84000000,0E-8,2.2.0
2015-06-20,405157,经开区第八大街·交直流充电站4号,18,1,8.46000000,0E-8,2.2.0
2015-06-20,481613,高新区瑞达路·直流充电站3号,16,1,3.71000000,0E-8,2.2.0
2015-06-20,489543,二七区淮河路·交直流充电站1号,18,1,3.20000000,0E-8,2.2.0
2015-06-20,562656,经开区航海东路·直流充电站4号,12,1,6.55000000,0E-8,2.2.0
2015-06-20,568071,二七区大学路·直流充电站2号,8,1,5.22000000,0.44000000,2.2.0
2015-06-20,569886,二七区淮河路·交直流充电站2号,18,1,0.01000000,0E-8,2.2.0
2015-06-20,632920,高新区科学大道·交直流充电站9号,14,1,1.60000000,0E-8,2.2.0
2015-06-20,638536,二七区淮河路·交直流充电站3号,15,1,4.69000000,0.16000000,2.2.0
2015-06-20,653450,上街区中心路·交直流充电站3号,13,1,8.24000000,0E-8,2.2.0
2015-06-20,711566,郑东新区金水东路·交直流充电站5号,11,1,3.95000000,0E-8,2.2.0
2015-06-20,728918,郑东新区金水东路·交直流充电站6号,15,1,4.92000000,0E-8,2.2.0
2015-06-20,801274,经开区第八大街·交直流充电站7号,9,1,6.64000000,0E-8,2.2.0
2015-06-20,944515,经开区第八大街·交直流充电站8号,19,1,3.89000000,0E-8,2.2.0
2015-06-20,955429,航空港区迎宾大道·交流充电站2号,18,1,1.55000000,0E-8,2.2.0
2015-06-20,981639,中原区桐柏路·交直流充电站1号,9,1,3.81000000,0E-8,2.2.0
2015-06-21,200695,中原区建设路·交直流充电站1号,14,1,3.20000000,0E-8,2.2.0
2015-06-21,207262,郑东新区金水东路·交直流充电站1号,18,1,23.68000000,0E-8,2.2.0
2015-06-21,219054,金水区北三环·直流充电站1号,10,1,6.89000000,0E-8,2.2.0
2015-06-21,228137,上街区中心路·交直流充电站1号,16,1,5.02000000,0E-8,2.2.0
2015-06-21,250527,经开区第八大街·交直流充电站1号,4,1,5.81000000,0E-8,2.2.0
2015-06-21,250527,经开区第八大街·交直流充电站1号,11,1,0.61000000,0E-8,2.2.0
2015-06-21,260408,经开区航海东路·直流充电站2号,18,1,23.68000000,0E-8,2.2.0
2015-06-21,355208,经开区第八大街·交直流充电站3号,0,1,10.73000000,0E-8,2.2.0
2015-06-21,369001,航空港区迎宾大道·交流充电站1号,13,1,23.68000000,0E-8,2.2.0
2015-06-21,369001,航空港区迎宾大道·交流充电站1号,16,1,2.55000000,0E-8,2.2.0
2015-06-21,405157,经开区第八大街·交直流充电站4号,9,1,6.95000000,0E-8,2.2.0
2015-06-21,425476,郑东新区金水东路·交直流充电站4号,12,1,0.44000000,0E-8,2.2.0
2015-06-21,474204,经开区航海东路·直流充电站3号,9,1,8.00000000,0E-8,2.2.0
2015-06-21,500856,经开区第八大街·交直流充电站5号,11,1,6.70000000,0.79000000,2.2.0
2015-06-21,507660,中原区建设路·交直流充电站3号,9,1,23.68000000,0E-8,2.2.0
2015-06-21,549414,高新区科学大道·交直流充电站4号,19,1,6.05000000,0E-8,2.2.0
2015-06-21,638536,二七区淮河路·交直流充电站3号,11,1,1.92000000,0E-8,2.2.0
2015-06-21,863084,管城区陇海路·超充充电站1号,11,1,6.50000000,0E-8,2.2.0
2015-06-21,874950,金水区北三环·直流充电站3号,15,1,23.68000000,4.33000000,2.2.0
2015-06-21,944515,经开区第八大街·交直流充电站8号,11,1,6.26000000,0E-8,2.2.0
2015-06-21,955429,航空港区迎宾大道·交流充电站2号,13,1,6.34000000,0E-8,2.2.0
2015-06-22,207262,郑东新区金水东路·交直流充电站1号,11,1,4.19000000,0E-8,2.2.0
2015-06-22,228137,上街区中心路·交直流充电站1号,11,1,5.97000000,0E-8,2.2.0
2015-06-22,236840,郑东新区东风东路·交直流充电站2号,11,1,23.68000000,0E-8,2.2.0
2015-06-22,366832,航空港区长安路·直流充电站2号,17,1,9.56000000,0E-8,2.2.0
2015-06-22,369001,航空港区迎宾大道·交流充电站1号,11,1,6.49000000,0E-8,2.2.0
2015-06-22,474204,经开区航海东路·直流充电站3号,16,1,8.62000000,0E-8,2.2.0
2015-06-22,474204,经开区航海东路·直流充电站3号,17,1,3.07000000,0E-8,2.2.0
2015-06-22,474204,经开区航海东路·直流充电站3号,18,1,5.65000000,0E-8,2.2.0
2015-06-22,623134,郑东新区东风东路·交直流充电站3号,13,1,23.68000000,0E-8,2.2.0
2015-06-22,693651,上街区中心路·交直流充电站4号,16,1,6.72000000,0E-8,2.2.0
2015-06-22,758780,惠济区文化路·直流充电站3号,16,1,5.09000000,0E-8,2.2.0
2015-06-22,801274,经开区第八大街·交直流充电站7号,18,1,5.20000000,0E-8,2.2.0
2015-06-22,863084,管城区陇海路·超充充电站1号,10,1,7.43000000,0E-8,2.2.0
2015-06-22,863084,管城区陇海路·超充充电站1号,13,1,2.70000000,0E-8,2.2.0
2015-06-22,878706,高新区科学大道·交直流充电站10号,14,1,8.66000000,0E-8,2.2.0
2015-06-22,944515,经开区第八大街·交直流充电站8号,14,1,8.94000000,0E-8,2.2.0
2015-06-22,951880,二七区大学路·直流充电站6号,14,1,5.57000000,0E-8,2.2.0
2015-06-22,955429,航空港区迎宾大道·交流充电站2号,10,1,10.84000000,0E-8,2.2.0
2015-06-22,955429,航空港区迎宾大道·交流充电站2号,16,1,9.86000000,0E-8,2.2.0
2015-06-22,955429,航空港区迎宾大道·交流充电站2号,17,1,1.62000000,0E-8,2.2.0
2015-06-23,250527,经开区第八大街·交直流充电站1号,12,1,2.88000000,0E-8,2.2.0
2015-06-23,369001,航空港区迎宾大道·交流充电站1号,11,1,4.28000000,0E-8,2.2.0
2015-06-23,371335,高新区科学大道·交直流充电站2号,17,1,6.66000000,0E-8,2.2.0
2015-06-23,474204,经开区航海东路·直流充电站3号,13,1,4.69000000,0E-8,2.2.0
2015-06-23,474204,经开区航海东路·直流充电站3号,15,1,3.42000000,0E-8,2.2.0
2015-06-23,568071,二七区大学路·直流充电站2号,14,1,2.18000000,0E-8,2.2.0
2015-06-23,569886,二七区淮河路·交直流充电站2号,17,1,3.47000000,0E-8,2.2.0
2015-06-23,582873,高新区科学大道·交直流充电站6号,12,1,2.55000000,0E-8,2.2.0
2015-06-23,728918,郑东新区金水东路·交直流充电站6号,14,1,0.62000000,0E-8,2.2.0
2015-06-23,730023,中原区西三环·交流充电站2号,12,1,5.50000000,0E-8,2.2.0
2015-06-23,730023,中原区西三环·交流充电站2号,16,1,3.85000000,0E-8,2.2.0
2015-06-23,730023,中原区西三环·交流充电站2号,17,1,5.92000000,0E-8,2.2.0
2015-06-23,803398,二七区大学路·直流充电站4号,12,1,10.29000000,0E-8,2.2.0
2015-06-23,863084,管城区陇海路·超充充电站1号,14,1,5.25000000,0E-8,2.2.0
2015-06-23,875343,惠济区天河路·交流充电站1号,12,1,5.90000000,0E-8,2.2.0
2015-06-23,878706,高新区科学大道·交直流充电站10号,9,1,5.44000000,0E-8,2.2.0
2015-06-23,878706,高新区科学大道·交直流充电站10号,13,1,5.71000000,0E-8,2.2.0
2015-06-23,929628,管城区陇海路·超充充电站2号,17,1,2.36000000,0E-8,2.2.0
2015-06-23,932939,二七区淮河路·交直流充电站5号,12,1,4.75000000,0E-8,2.2.0
2015-06-23,955429,航空港区迎宾大道·交流充电站2号,18,1,0.74000000,0E-8,2.2.0
2015-06-23,995505,二七区淮河路·交直流充电站6号,12,1,4.52000000,0E-8,2.2.0
2015-06-24,207262,郑东新区金水东路·交直流充电站1号,13,1,7.92000000,0E-8,2.2.0
2015-06-24,219054,金水区北三环·直流充电站1号,19,1,2.32000000,0E-8,2.2.0
2015-06-24,228137,上街区中心路·交直流充电站1号,19,1,3.70000000,0E-8,2.2.0
2015-06-24,237105,高新区梧桐街·超充充电站1号,16,1,6.57000000,0.52000000,2.2.0
2015-06-24,280221,经开区第八大街·交直流充电站2号,13,1,2.34000000,0E-8,2.2.0
2015-06-24,349635,上街区中心路·交直流充电站2号,18,1,1.14000000,0.17000000,2.2.0
2015-06-24,369001,航空港区迎宾大道·交流充电站1号,11,1,6.40000000,0E-8,2.2.0
2015-06-24,369001,航空港区迎宾大道·交流充电站1号,14,1,4.31000000,0E-8,2.2.0
2015-06-24,369001,航空港区迎宾大道·交流充电站1号,19,1,3.32000000,7.38000000,2.2.0
2015-06-24,405157,经开区第八大街·交直流充电站4号,11,1,0.48000000,0E-8,2.2.0
2015-06-24,507660,中原区建设路·交直流充电站3号,13,1,1.68000000,0E-8,2.2.0
2015-06-24,562656,经开区航海东路·直流充电站4号,17,1,5.18000000,0E-8,2.2.0
2015-06-24,638536,二七区淮河路·交直流充电站3号,19,1,4.27000000,0E-8,2.2.0
2015-06-24,728918,郑东新区金水东路·交直流充电站6号,15,1,8.33000000,0E-8,2.2.0
2015-06-24,738900,经开区第八大街·交直流充电站6号,12,1,7.08000000,0E-8,2.2.0
2015-06-24,874950,金水区北三环·直流充电站3号,17,1,3.61000000,0E-8,2.2.0
2015-06-24,944515,经开区第八大街·交直流充电站8号,11,1,5.23000000,0E-8,2.2.0
2015-06-24,955429,航空港区迎宾大道·交流充电站2号,12,1,2.69000000,0.25000000,2.2.0
2015-06-25,280221,经开区第八大街·交直流充电站2号,13,1,8.89000000,0E-8,2.2.0
2015-06-25,369001,航空港区迎宾大道·交流充电站1号,11,1,3.61000000,0E-8,2.2.0
2015-06-25,369001,航空港区迎宾大道·交流充电站1号,15,2,12.85000000,0E-8,2.2.0
2015-06-25,371335,高新区科学大道·交直流充电站2号,11,1,23.68000000,0E-8,2.2.0
2015-06-25,445920,金水区花园路·直流充电站1号,13,1,4.13000000,0E-8,2.2.0
2015-06-25,474204,经开区航海东路·直流充电站3号,15,1,3.78000000,0E-8,2.2.0
2015-06-25,474204,经开区航海东路·直流充电站3号,16,2,20.31000000,0E-8,2.2.0
2015-06-25,638536,二七区淮河路·交直流充电站3号,16,1,5.87000000,0.63000000,2.2.0
2015-06-25,653450,上街区中心路·交直流充电站3号,18,1,7.46000000,0E-8,2.2.0
2015-06-25,664306,二七区淮河路·交直流充电站4号,13,1,1.86000000,0E-8,2.2.0
2015-06-25,728918,郑东新区金水东路·交直流充电站6号,17,1,2.41000000,0E-8,2.2.0
2015-06-25,801274,经开区第八大街·交直流充电站7号,10,1,23.68000000,0E-8,2.2.0
2015-06-25,863084,管城区陇海路·超充充电站1号,16,1,5.46000000,0E-8,2.2.0
2015-06-25,878706,高新区科学大道·交直流充电站10号,9,1,5.60000000,0E-8,2.2.0
2015-06-25,891421,二七区大学路·直流充电站5号,9,1,3.16000000,0E-8,2.2.0
2015-06-25,902592,二七区嵩山路·交直流充电站4号,13,1,6.60000000,0E-8,2.2.0
2015-06-25,911231,中原区建设路·交直流充电站6号,16,1,4.74000000,0E-8,2.2.0
2015-06-25,929628,管城区陇海路·超充充电站2号,17,1,23.68000000,0E-8,2.2.0
2015-06-26,200695,中原区建设路·交直流充电站1号,10,1,4.29000000,0E-8,2.2.0
2015-06-26,207262,郑东新区金水东路·交直流充电站1号,10,1,3.15000000,0E-8,2.2.0
2015-06-26,207262,郑东新区金水东路·交直流充电站1号,13,1,2.12000000,0E-8,2.2.0
2015-06-26,219054,金水区北三环·直流充电站1号,13,2,10.33000000,0E-8,2.2.0
2015-06-26,366832,航空港区长安路·直流充电站2号,12,1,3.32000000,0E-8,2.2.0
2015-06-26,366832,航空港区长安路·直流充电站2号,13,1,0.20000000,0E-8,2.2.0
2015-06-26,369001,航空港区迎宾大道·交流充电站1号,18,1,23.68000000,2.81000000,2.2.0
2015-06-26,431796,高新区科学大道·交直流充电站3号,11,1,5.50000000,0E-8,2.2.0
2015-06-26,500856,经开区第八大街·交直流充电站5号,18,1,23.68000000,0E-8,2.2.0
2015-06-26,514669,二七区嵩山路·交直流充电站3号,17,1,0.25000000,0E-8,2.2.0
2015-06-26,517464,二七区大学路·直流充电站1号,16,1,9.98000000,0E-8,2.2.0
2015-06-26,568071,二七区大学路·直流充电站2号,11,1,4.04000000,0E-8,2.2.0
2015-06-26,664306,二七区淮河路·交直流充电站4号,11,1,0.17000000,0E-8,2.2.0
2015-06-26,738900,经开区第八大街·交直流充电站6号,10,1,6.24000000,0E-8,2.2.0
2015-06-26,738900,经开区第八大街·交直流充电站6号,11,1,3.83000000,0E-8,2.2.0
2015-06-26,871619,金水区花园路·直流充电站2号,15,1,8.00000000,0E-8,2.2.0
2015-06-26,878706,高新区科学大道·交直流充电站10号,16,1,23.68000000,0E-8,2.2.0
2015-06-26,922416,高新区瑞达路·直流充电站12号,17,1,5.37000000,0E-8,2.2.0
2015-06-26,955429,航空港区迎宾大道·交流充电站2号,16,1,6.36000000,0E-8,2.2.0
2015-06-27,207262,郑东新区金水东路·交直流充电站1号,19,1,7.45000000,1.48000000,2.2.0
2015-06-27,219054,金水区北三环·直流充电站1号,16,1,8.80000000,0E-8,2.2.0
2015-06-27,237105,高新区梧桐街·超充充电站1号,14,1,10.04000000,0E-8,2.2.0
2015-06-27,369001,航空港区迎宾大道·交流充电站1号,12,2,32.43000000,0E-8,2.2.0
2015-06-27,369001,航空港区迎宾大道·交流充电站1号,19,1,7.89000000,0E-8,2.2.0
2015-06-27,414088,二七区嵩山路·交直流充电站2号,11,1,8.87000000,0E-8,2.2.0
2015-06-27,568071,二七区大学路·直流充电站2号,10,1,10.69000000,0E-8,2.2.0
2015-06-27,569886,二七区淮河路·交直流充电站2号,10,1,7.21000000,0E-8,2.2.0
2015-06-27,643012,金水区经三路·交直流充电站1号,16,1,4.12000000,0E-8,2.2.0
2015-06-27,664306,二七区淮河路·交直流充电站4号,12,1,8.42000000,0E-8,2.2.0
2015-06-27,664306,二七区淮河路·交直流充电站4号,15,1,3.58000000,0E-8,2.2.0
2015-06-27,711566,郑东新区金水东路·交直流充电站5号,16,1,3.75000000,0E-8,2.2.0
2015-06-27,758780,惠济区文化路·直流充电站3号,9,1,4.98000000,3.36000000,2.2.0
2015-06-27,803398,二七区大学路·直流充电站4号,19,1,3.40000000,0E-8,2.2.0
2015-06-27,943765,高新区科学大道·交直流充电站12号,20,1,16.46000000,0E-8,2.2.0
2015-06-27,944575,郑东新区金水东路·交直流充电站8号,11,1,2.66000000,0E-8,2.2.0
2015-06-28,131897,二七区嵩山路·交直流充电站1号,16,1,3.11000000,0E-8,2.2.0
2015-06-28,207262,郑东新区金水东路·交直流充电站1号,14,1,9.90000000,0E-8,2.2.0
2015-06-28,207262,郑东新区金水东路·交直流充电站1号,17,1,7.21000000,7.50000000,2.2.0
2015-06-28,219054,金水区北三环·直流充电站1号,11,1,23.68000000,1.76000000,2.2.0
2015-06-28,228137,上街区中心路·交直流充电站1号,19,1,23.68000000,0E-8,2.2.0
2015-06-28,369001,航空港区迎宾大道·交流充电站1号,12,1,2.56000000,0E-8,2.2.0
2015-06-28,425476,郑东新区金水东路·交直流充电站4号,16,1,3.47000000,0E-8,2.2.0
2015-06-28,431796,高新区科学大道·交直流充电站3号,14,1,6.21000000,0E-8,2.2.0
2015-06-28,489543,二七区淮河路·交直流充电站1号,10,1,6.60000000,0E-8,2.2.0
2015-06-28,549414,高新区科学大道·交直流充电站4号,17,1,6.71000000,0E-8,2.2.0
2015-06-28,569886,二七区淮河路·交直流充电站2号,14,1,9.70000000,0E-8,2.2.0
2015-06-28,638536,二七区淮河路·交直流充电站3号,11,1,6.58000000,0E-8,2.2.0
2015-06-28,728918,郑东新区金水东路·交直流充电站6号,16,1,7.19000000,0.53000000,2.2.0
2015-06-28,818217,经开区经北六路·直流充电站2号,10,1,1.67000000,0E-8,2.2.0
2015-06-28,863084,管城区陇海路·超充充电站1号,9,1,5.39000000,0E-8,2.2.0
2015-06-28,902592,二七区嵩山路·交直流充电站4号,11,1,1.32000000,0E-8,2.2.0
2015-06-28,944515,经开区第八大街·交直流充电站8号,10,1,1.61000000,3.30000000,2.2.0
2015-06-28,955429,航空港区迎宾大道·交流充电站2号,9,1,2.12000000,0E-8,2.2.0
2015-06-28,955429,航空港区迎宾大道·交流充电站2号,11,1,9.54000000,0E-8,2.2.0
2015-06-28,955429,航空港区迎宾大道·交流充电站2号,12,1,6.28000000,0E-8,2.2.0
2015-06-28,955429,航空港区迎宾大道·交流充电站2号,14,1,11.85000000,1.09000000,2.2.0
2015-06-28,955429,航空港区迎宾大道·交流充电站2号,16,2,18.40000000,1.00000000,2.2.0
2015-06-28,987396,航空港区长安路·直流充电站3号,13,1,1.97000000,0E-8,2.2.0
2015-07-01,207262,郑东新区金水东路·交直流充电站1号,13,1,6.12000000,0E-8,2.2.0
2015-07-01,219054,金水区北三环·直流充电站1号,9,1,6.21000000,0E-8,2.2.0
2015-07-01,219054,金水区北三环·直流充电站1号,14,1,4.21000000,0E-8,2.2.0
2015-07-01,219054,金水区北三环·直流充电站1号,18,1,1.71000000,0E-8,2.2.0
2015-07-01,250527,经开区第八大街·交直流充电站1号,9,1,0.40000000,0.83000000,2.2.0
2015-07-01,260408,经开区航海东路·直流充电站2号,19,1,5.98000000,0E-8,2.2.0
2015-07-01,369001,航空港区迎宾大道·交流充电站1号,16,1,9.96000000,0E-8,2.2.0
2015-07-01,369001,航空港区迎宾大道·交流充电站1号,18,1,7.39000000,0E-8,2.2.0
2015-07-01,405157,经开区第八大街·交直流充电站4号,10,1,4.73000000,0E-8,2.2.0
2015-07-01,414088,二七区嵩山路·交直流充电站2号,11,1,18.02000000,0E-8,2.2.0
2015-07-01,414088,二七区嵩山路·交直流充电站2号,15,1,8.85000000,0E-8,2.2.0
2015-07-01,425476,郑东新区金水东路·交直流充电站4号,16,1,3.95000000,0E-8,2.2.0
2015-07-01,474204,经开区航海东路·直流充电站3号,17,1,5.83000000,0E-8,2.2.0
2015-07-01,489543,二七区淮河路·交直流充电站1号,18,1,4.63000000,0E-8,2.2.0
2015-07-01,569886,二七区淮河路·交直流充电站2号,8,1,10.33000000,0E-8,2.2.0
2015-07-01,587514,高新区瑞达路·直流充电站6号,11,1,6.31000000,0E-8,2.2.0
2015-07-01,594591,高新区科学大道·交直流充电站7号,15,1,8.47000000,0.40000000,2.2.0
2015-07-01,803398,二七区大学路·直流充电站4号,9,1,5.50000000,0E-8,2.2.0
2015-07-01,871619,金水区花园路·直流充电站2号,18,1,8.65000000,0E-8,2.2.0
2015-07-01,874950,金水区北三环·直流充电站3号,15,1,7.54000000,1.21000000,2.2.0
2015-07-01,875343,惠济区天河路·交流充电站1号,11,1,7.04000000,0E-8,2.2.0
2015-07-01,884707,高新区瑞达路·直流充电站9号,17,1,23.68000000,0E-8,2.2.0
2015-07-01,932939,二七区淮河路·交直流充电站5号,10,1,23.68000000,0E-8,2.2.0
2015-07-01,955429,航空港区迎宾大道·交流充电站2号,11,1,7.74000000,0E-8,2.2.0
2015-07-01,987396,航空港区长安路·直流充电站3号,16,1,6.31000000,0E-8,2.2.0
2015-07-01,995505,二七区淮河路·交直流充电站6号,15,1,8.75000000,0E-8,2.2.0
2015-07-02,207262,郑东新区金水东路·交直流充电站1号,10,1,8.23000000,0E-8,2.2.0
2015-07-02,219054,金水区北三环·直流充电站1号,12,1,9.40000000,0E-8,2.2.0
2015-07-02,228137,上街区中心路·交直流充电站1号,16,1,4.86000000,0E-8,2.2.0
2015-07-02,237105,高新区梧桐街·超充充电站1号,11,1,0.24000000,0E-8,2.2.0
2015-07-02,250527,经开区第八大街·交直流充电站1号,8,1,8.69000000,0E-8,2.2.0
2015-07-02,369001,航空港区迎宾大道·交流充电站1号,9,2,1.75000000,0E-8,2.2.0
2015-07-02,369001,航空港区迎宾大道·交流充电站1号,11,1,23.68000000,0E-8,2.2.0
2015-07-02,369001,航空港区迎宾大道·交流充电站1号,13,1,6.74000000,0E-8,2.2.0
2015-07-02,369001,航空港区迎宾大道·交流充电站1号,17,2,28.68000000,0E-8,2.2.0
2015-07-02,369001,航空港区迎宾大道·交流充电站1号,18,1,1.28000000,0E-8,2.2.0
2015-07-02,445920,金水区花园路·直流充电站1号,16,1,4.13000000,0E-8,2.2.0
2015-07-02,474204,经开区航海东路·直流充电站3号,10,1,7.07000000,0E-8,2.2.0
2015-07-02,474204,经开区航海东路·直流充电站3号,11,1,4.44000000,0E-8,2.2.0
2015-07-02,474204,经开区航海东路·直流充电站3号,17,2,10.58000000,0E-8,2.2.0
2015-07-02,474204,经开区航海东路·直流充电站3号,19,1,6.71000000,0E-8,2.2.0
2015-07-02,489543,二七区淮河路·交直流充电站1号,12,1,1.91000000,0E-8,2.2.0
2015-07-02,612116,高新区科学大道·交直流充电站8号,15,1,4.29000000,0E-8,2.2.0
2015-07-02,623134,郑东新区东风东路·交直流充电站3号,18,1,3.98000000,0E-8,2.2.0
2015-07-02,632920,高新区科学大道·交直流充电站9号,19,1,6.80000000,0E-8,2.2.0
2015-07-02,653450,上街区中心路·交直流充电站3号,12,1,4.10000000,0E-8,2.2.0
2015-07-02,728918,郑东新区金水东路·交直流充电站6号,10,1,9.52000000,0E-8,2.2.0
2015-07-02,801274,经开区第八大街·交直流充电站7号,15,1,5.07000000,0E-8,2.2.0
2015-07-02,801274,经开区第八大街·交直流充电站7号,19,1,1.77000000,0E-8,2.2.0
2015-07-02,861532,郑东新区CBD·交直流充电站1号,12,1,4.05000000,0E-8,2.2.0
2015-07-02,878706,高新区科学大道·交直流充电站10号,9,1,7.67000000,0.23000000,2.2.0
2015-07-02,902592,二七区嵩山路·交直流充电站4号,12,1,2.12000000,3.51000000,2.2.0
2015-07-02,929628,管城区陇海路·超充充电站2号,18,1,7.33000000,0E-8,2.2.0
2015-07-02,932939,二七区淮河路·交直流充电站5号,19,1,0.28000000,0E-8,2.2.0
2015-07-02,944515,经开区第八大街·交直流充电站8号,10,1,1.49000000,0E-8,2.2.0
2015-07-02,944515,经开区第八大街·交直流充电站8号,16,1,0.58000000,0E-8,2.2.0
2015-07-02,944515,经开区第八大街·交直流充电站8号,17,1,23.68000000,0E-8,2.2.0
2015-07-02,955429,航空港区迎宾大道·交流充电站2号,15,1,5.42000000,0E-8,2.2.0
2015-07-02,987396,航空港区长安路·直流充电站3号,13,1,5.54000000,0.22000000,2.2.0
2015-07-03,129465,高新区科学大道·交直流充电站1号,19,1,5.96000000,0E-8,2.2.0
2015-07-03,228137,上街区中心路·交直流充电站1号,11,1,3.90000000,0E-8,2.2.0
2015-07-03,228137,上街区中心路·交直流充电站1号,13,1,7.97000000,0E-8,2.2.0
2015-07-03,250527,经开区第八大街·交直流充电站1号,13,1,4.22000000,0E-8,2.2.0
2015-07-03,260408,经开区航海东路·直流充电站2号,16,1,3.74000000,0E-8,2.2.0
2015-07-03,366832,航空港区长安路·直流充电站2号,13,1,9.19000000,0E-8,2.2.0
2015-07-03,366832,航空港区长安路·直流充电站2号,18,1,8.53000000,0E-8,2.2.0
2015-07-03,369001,航空港区迎宾大道·交流充电站1号,15,1,8.99000000,0E-8,2.2.0
2015-07-03,369001,航空港区迎宾大道·交流充电站1号,16,1,0.45000000,0E-8,2.2.0
2015-07-03,369001,航空港区迎宾大道·交流充电站1号,17,1,6.92000000,0E-8,2.2.0
2015-07-03,369001,航空港区迎宾大道·交流充电站1号,20,1,3.79000000,0E-8,2.2.0
2015-07-03,425476,郑东新区金水东路·交直流充电站4号,12,1,1.64000000,0E-8,2.2.0
2015-07-03,431796,高新区科学大道·交直流充电站3号,19,1,0.22000000,0E-8,2.2.0
2015-07-03,451479,高新区瑞达路·直流充电站2号,18,1,6.86000000,0E-8,2.2.0
2015-07-03,474204,经开区航海东路·直流充电站3号,12,1,7.75000000,0E-8,2.2.0
2015-07-03,474204,经开区航海东路·直流充电站3号,17,1,10.12000000,0E-8,2.2.0
2015-07-03,489543,二七区淮河路·交直流充电站1号,20,1,2.35000000,0E-8,2.2.0
2015-07-03,507660,中原区建设路·交直流充电站3号,9,1,2.34000000,0E-8,2.2.0
2015-07-03,540225,高新区瑞达路·直流充电站5号,13,1,3.26000000,0E-8,2.2.0
2015-07-03,568071,二七区大学路·直流充电站2号,17,1,1.18000000,0E-8,2.2.0
2015-07-03,569886,二七区淮河路·交直流充电站2号,11,1,5.07000000,0E-8,2.2.0
2015-07-03,575971,高新区梧桐街·超充充电站2号,17,1,1.53000000,0E-8,2.2.0
2015-07-03,582873,高新区科学大道·交直流充电站6号,16,1,5.21000000,0E-8,2.2.0
2015-07-03,653450,上街区中心路·交直流充电站3号,10,1,10.17000000,0E-8,2.2.0
2015-07-03,664306,二七区淮河路·交直流充电站4号,13,1,7.04000000,2.23000000,2.2.0
2015-07-03,730023,中原区西三环·交流充电站2号,10,1,7.06000000,0E-8,2.2.0
2015-07-03,863084,管城区陇海路·超充充电站1号,17,1,9.82000000,1.80000000,2.2.0
2015-07-03,864630,高新区瑞达路·直流充电站8号,18,1,7.19000000,0E-8,2.2.0
2015-07-03,875343,惠济区天河路·交流充电站1号,11,1,2.77000000,0E-8,2.2.0
2015-07-03,878706,高新区科学大道·交直流充电站10号,10,1,2.95000000,0.31000000,2.2.0
2015-07-03,878706,高新区科学大道·交直流充电站10号,12,2,13.15000000,0E-8,2.2.0
2015-07-03,911231,中原区建设路·交直流充电站6号,8,1,3.82000000,0E-8,2.2.0
2015-07-03,911231,中原区建设路·交直流充电站6号,9,1,7.99000000,0E-8,2.2.0
2015-07-03,920264,高新区科学大道·交直流充电站11号,13,1,5.47000000,0E-8,2.2.0
2015-07-03,944515,经开区第八大街·交直流充电站8号,12,1,3.21000000,0E-8,2.2.0
2015-07-03,944575,郑东新区金水东路·交直流充电站8号,18,1,8.29000000,1.68000000,2.2.0
2015-07-03,955429,航空港区迎宾大道·交流充电站2号,17,1,4.41000000,0.34000000,2.2.0
2015-07-04,129465,高新区科学大道·交直流充电站1号,16,2,12.75000000,0E-8,2.2.0
2015-07-04,129465,高新区科学大道·交直流充电站1号,18,1,7.80000000,0E-8,2.2.0
2015-07-04,207262,郑东新区金水东路·交直流充电站1号,9,1,4.14000000,0E-8,2.2.0
2015-07-04,219054,金水区北三环·直流充电站1号,18,1,4.22000000,0E-8,2.2.0
2015-07-04,228137,上街区中心路·交直流充电站1号,10,1,6.24000000,0E-8,2.2.0
2015-07-04,280221,经开区第八大街·交直流充电站2号,13,1,3.79000000,0E-8,2.2.0
2015-07-04,355208,经开区第八大街·交直流充电站3号,13,1,5.29000000,0E-8,2.2.0
2015-07-04,366832,航空港区长安路·直流充电站2号,16,1,6.37000000,0E-8,2.2.0
2015-07-04,369001,航空港区迎宾大道·交流充电站1号,15,1,1.59000000,0E-8,2.2.0
2015-07-04,369001,航空港区迎宾大道·交流充电站1号,18,1,11.58000000,0E-8,2.2.0
2015-07-04,445920,金水区花园路·直流充电站1号,17,1,6.48000000,0E-8,2.2.0
2015-07-04,474204,经开区航海东路·直流充电站3号,11,1,5.10000000,0E-8,2.2.0
2015-07-04,474204,经开区航海东路·直流充电站3号,21,1,9.87000000,0E-8,2.2.0
2015-07-04,514669,二七区嵩山路·交直流充电站3号,16,1,0.53000000,0E-8,2.2.0
2015-07-04,549414,高新区科学大道·交直流充电站4号,10,1,9.63000000,0E-8,2.2.0
2015-07-04,549414,高新区科学大道·交直流充电站4号,16,1,13.66000000,0E-8,2.2.0
2015-07-04,643012,金水区经三路·交直流充电站1号,8,1,6.56000000,0E-8,2.2.0
2015-07-04,664306,二七区淮河路·交直流充电站4号,11,1,10.19000000,0E-8,2.2.0
2015-07-04,664306,二七区淮河路·交直流充电站4号,16,1,3.08000000,0E-8,2.2.0
2015-07-04,738900,经开区第八大街·交直流充电站6号,15,1,1.76000000,0E-8,2.2.0
2015-07-04,801274,经开区第八大街·交直流充电站7号,17,1,3.86000000,0E-8,2.2.0
2015-07-04,874950,金水区北三环·直流充电站3号,4,1,2.78000000,0E-8,2.2.0
2015-07-04,875343,惠济区天河路·交流充电站1号,13,1,23.68000000,0E-8,2.2.0
2015-07-04,875343,惠济区天河路·交流充电站1号,15,1,6.59000000,0E-8,2.2.0
2015-07-04,878706,高新区科学大道·交直流充电站10号,13,1,1.13000000,0E-8,2.2.0
2015-07-04,920264,高新区科学大道·交直流充电站11号,12,1,3.21000000,0E-8,2.2.0
2015-07-04,922416,高新区瑞达路·直流充电站12号,17,1,3.11000000,0E-8,2.2.0
2015-07-04,944515,经开区第八大街·交直流充电站8号,17,1,10.60000000,0E-8,2.2.0
2015-07-04,955429,航空港区迎宾大道·交流充电站2号,11,2,5.94000000,0E-8,2.2.0
2015-07-04,955429,航空港区迎宾大道·交流充电站2号,17,1,7.66000000,0E-8,2.2.0
2015-07-04,955429,航空港区迎宾大道·交流充电站2号,18,1,4.50000000,0E-8,2.2.0
2015-07-05,207262,郑东新区金水东路·交直流充电站1号,11,1,4.80000000,0E-8,2.2.0
2015-07-05,219054,金水区北三环·直流充电站1号,17,1,8.70000000,0E-8,2.2.0
2015-07-05,228137,上街区中心路·交直流充电站1号,6,1,13.37000000,0E-8,2.2.0
2015-07-05,228137,上街区中心路·交直流充电站1号,11,2,11.76000000,0E-8,2.2.0
2015-07-05,280221,经开区第八大街·交直流充电站2号,17,1,6.37000000,0E-8,2.2.0
2015-07-05,369001,航空港区迎宾大道·交流充电站1号,11,2,26.75000000,0E-8,2.2.0
2015-07-05,369001,航空港区迎宾大道·交流充电站1号,12,1,6.29000000,0E-8,2.2.0
2015-07-05,371335,高新区科学大道·交直流充电站2号,12,1,2.99000000,0E-8,2.2.0
2015-07-05,371335,高新区科学大道·交直流充电站2号,16,1,3.68000000,0E-8,2.2.0
2015-07-05,405157,经开区第八大街·交直流充电站4号,16,1,9.63000000,0E-8,2.2.0
2015-07-05,414088,二七区嵩山路·交直流充电站2号,13,1,10.60000000,0E-8,2.2.0
2015-07-05,514669,二七区嵩山路·交直流充电站3号,19,1,0.44000000,0E-8,2.2.0
2015-07-05,664306,二七区淮河路·交直流充电站4号,11,1,6.64000000,0.96000000,2.2.0
2015-07-05,728918,郑东新区金水东路·交直流充电站6号,12,1,1.87000000,0.04000000,2.2.0
2015-07-05,891421,二七区大学路·直流充电站5号,17,1,23.68000000,0E-8,2.2.0
2015-07-05,951880,二七区大学路·直流充电站6号,10,1,23.68000000,0E-8,2.2.0
2015-07-05,955429,航空港区迎宾大道·交流充电站2号,13,1,5.16000000,0E-8,2.2.0
2015-07-05,955429,航空港区迎宾大道·交流充电站2号,17,1,12.10000000,0E-8,2.2.0
2015-07-05,955429,航空港区迎宾大道·交流充电站2号,18,1,5.18000000,0E-8,2.2.0
2015-07-05,987396,航空港区长安路·直流充电站3号,13,1,9.57000000,0E-8,2.2.0
2015-07-06,219054,金水区北三环·直流充电站1号,19,1,5.76000000,3.14000000,2.2.0
2015-07-06,236379,郑东新区金水东路·交直流充电站2号,12,1,2.39000000,0E-8,2.2.0
2015-07-06,250527,经开区第八大街·交直流充电站1号,11,1,0.47000000,0E-8,2.2.0
2015-07-06,250527,经开区第八大街·交直流充电站1号,21,1,1.61000000,0E-8,2.2.0
2015-07-06,280221,经开区第八大街·交直流充电站2号,12,1,4.10000000,0E-8,2.2.0
2015-07-06,280221,经开区第八大街·交直流充电站2号,13,1,1.40000000,0E-8,2.2.0
2015-07-06,280221,经开区第八大街·交直流充电站2号,17,1,3.41000000,0E-8,2.2.0
2015-07-06,369001,航空港区迎宾大道·交流充电站1号,10,1,7.35000000,0E-8,2.2.0
2015-07-06,369001,航空港区迎宾大道·交流充电站1号,20,1,9.92000000,0E-8,2.2.0
2015-07-06,405157,经开区第八大街·交直流充电站4号,16,1,23.68000000,0E-8,2.2.0
2015-07-06,474204,经开区航海东路·直流充电站3号,15,1,3.05000000,0E-8,2.2.0
2015-07-06,474204,经开区航海东路·直流充电站3号,16,1,6.28000000,0E-8,2.2.0
2015-07-06,474204,经开区航海东路·直流充电站3号,17,1,2.40000000,0E-8,2.2.0
2015-07-06,514669,二七区嵩山路·交直流充电站3号,13,1,5.53000000,0E-8,2.2.0
2015-07-06,517464,二七区大学路·直流充电站1号,15,1,8.24000000,0E-8,2.2.0
2015-07-06,575971,高新区梧桐街·超充充电站2号,12,1,23.68000000,0E-8,2.2.0
2015-07-06,582873,高新区科学大道·交直流充电站6号,9,1,4.32000000,0E-8,2.2.0
2015-07-06,728918,郑东新区金水东路·交直流充电站6号,20,1,12.10000000,0E-8,2.2.0
2015-07-06,730023,中原区西三环·交流充电站2号,20,1,8.82000000,0E-8,2.2.0
2015-07-06,738900,经开区第八大街·交直流充电站6号,11,1,12.43000000,0E-8,2.2.0
2015-07-06,738900,经开区第八大街·交直流充电站6号,12,1,4.39000000,0E-8,2.2.0
2015-07-06,878706,高新区科学大道·交直流充电站10号,17,1,2.36000000,0E-8,2.2.0
2015-07-06,932939,二七区淮河路·交直流充电站5号,10,1,4.76000000,0E-8,2.2.0
2015-07-06,932939,二七区淮河路·交直流充电站5号,17,1,7.01000000,0E-8,2.2.0
2015-07-06,955429,航空港区迎宾大道·交流充电站2号,13,1,0.62000000,0E-8,2.2.0
2015-07-06,955429,航空港区迎宾大道·交流充电站2号,17,1,7.48000000,0E-8,2.2.0
2015-07-06,987396,航空港区长安路·直流充电站3号,17,1,4.95000000,7.50000000,2.2.0
2015-07-07,131897,二七区嵩山路·交直流充电站1号,13,1,12.12000000,0E-8,2.2.0
2015-07-07,219054,金水区北三环·直流充电站1号,15,1,0.84000000,0E-8,2.2.0
2015-07-07,219054,金水区北三环·直流充电站1号,16,1,0.53000000,0E-8,2.2.0
2015-07-07,228137,上街区中心路·交直流充电站1号,12,1,2.52000000,0E-8,2.2.0
2015-07-07,280221,经开区第八大街·交直流充电站2号,10,1,1.34000000,0E-8,2.2.0
2015-07-07,280221,经开区第八大街·交直流充电站2号,18,1,2.07000000,0E-8,2.2.0
2015-07-07,280415,惠济区文化路·直流充电站1号,12,1,23.68000000,0E-8,2.2.0
2015-07-07,366832,航空港区长安路·直流充电站2号,11,1,2.14000000,0E-8,2.2.0
2015-07-07,369001,航空港区迎宾大道·交流充电站1号,16,1,12.43000000,0E-8,2.2.0
2015-07-07,404112,惠济区文化路·直流充电站2号,19,1,8.01000000,0E-8,2.2.0
2015-07-07,474204,经开区航海东路·直流充电站3号,11,1,23.68000000,0E-8,2.2.0
2015-07-07,474204,经开区航海东路·直流充电站3号,15,1,6.30000000,0E-8,2.2.0
2015-07-07,474204,经开区航海东路·直流充电站3号,18,1,0.87000000,0E-8,2.2.0
2015-07-07,489543,二七区淮河路·交直流充电站1号,12,1,5.86000000,0E-8,2.2.0
2015-07-07,569889,高新区科学大道·交直流充电站5号,15,1,8.12000000,0E-8,2.2.0
2015-07-07,569889,高新区科学大道·交直流充电站5号,18,1,4.57000000,0E-8,2.2.0
2015-07-07,638536,二七区淮河路·交直流充电站3号,13,1,5.73000000,0E-8,2.2.0
2015-07-07,638536,二七区淮河路·交直流充电站3号,19,1,9.38000000,0E-8,2.2.0
2015-07-07,653450,上街区中心路·交直流充电站3号,17,1,23.68000000,0E-8,2.2.0
2015-07-07,782629,金水区经三路·交直流充电站3号,16,1,2.50000000,0E-8,2.2.0
2015-07-07,878706,高新区科学大道·交直流充电站10号,17,1,2.93000000,0E-8,2.2.0
2015-07-07,914907,高新区瑞达路·直流充电站11号,11,1,5.15000000,0E-8,2.2.0
2015-07-07,932939,二七区淮河路·交直流充电站5号,15,1,3.65000000,0E-8,2.2.0
2015-07-07,932939,二七区淮河路·交直流充电站5号,17,1,0.07000000,0E-8,2.2.0
2015-07-07,955429,航空港区迎宾大道·交流充电站2号,11,1,2.33000000,0E-8,2.2.0
2015-07-07,955429,航空港区迎宾大道·交流充电站2号,12,1,9.03000000,0E-8,2.2.0
2015-07-07,955429,航空港区迎宾大道·交流充电站2号,16,1,5.20000000,0E-8,2.2.0
2015-07-07,955429,航空港区迎宾大道·交流充电站2号,20,1,3.57000000,3.39000000,2.2.0
2015-07-07,987396,航空港区长安路·直流充电站3号,10,1,5.06000000,0E-8,2.2.0
2015-07-08,200695,中原区建设路·交直流充电站1号,11,1,23.68000000,1.44000000,2.2.0
2015-07-08,236379,郑东新区金水东路·交直流充电站2号,12,1,4.15000000,0.63000000,2.2.0
2015-07-08,250527,经开区第八大街·交直流充电站1号,17,1,1.21000000,0E-8,2.2.0
2015-07-08,369001,航空港区迎宾大道·交流充电站1号,12,1,23.68000000,0E-8,2.2.0
2015-07-08,369001,航空港区迎宾大道·交流充电站1号,16,1,7.89000000,0E-8,2.2.0
2015-07-08,369001,航空港区迎宾大道·交流充电站1号,17,1,1.19000000,0E-8,2.2.0
2015-07-08,371335,高新区科学大道·交直流充电站2号,12,1,3.15000000,0E-8,2.2.0
2015-07-08,425476,郑东新区金水东路·交直流充电站4号,17,1,23.68000000,7.50000000,2.2.0
2015-07-08,474204,经开区航海东路·直流充电站3号,12,1,7.16000000,0E-8,2.2.0
2015-07-08,474204,经开区航海东路·直流充电站3号,15,1,23.68000000,0E-8,2.2.0
2015-07-08,474204,经开区航海东路·直流充电站3号,18,1,6.34000000,0E-8,2.2.0
2015-07-08,507660,中原区建设路·交直流充电站3号,17,1,2.85000000,0E-8,2.2.0
2015-07-08,664306,二七区淮河路·交直流充电站4号,11,1,8.73000000,0E-8,2.2.0
2015-07-08,693651,上街区中心路·交直流充电站4号,13,1,11.94000000,0E-8,2.2.0
2015-07-08,730023,中原区西三环·交流充电站2号,11,1,8.30000000,0E-8,2.2.0
2015-07-08,730023,中原区西三环·交流充电站2号,17,1,5.38000000,0E-8,2.2.0
2015-07-08,803398,二七区大学路·直流充电站4号,14,1,6.97000000,0.65000000,2.2.0
2015-07-08,863084,管城区陇海路·超充充电站1号,16,1,4.51000000,0E-8,2.2.0
2015-07-08,884707,高新区瑞达路·直流充电站9号,13,1,4.64000000,0E-8,2.2.0
2015-07-08,929628,管城区陇海路·超充充电站2号,17,1,12.55000000,0E-8,2.2.0
2015-07-08,944515,经开区第八大街·交直流充电站8号,15,1,6.83000000,7.50000000,2.2.0
2015-07-08,944515,经开区第八大街·交直流充电站8号,18,1,5.25000000,0E-8,2.2.0
2015-07-08,955429,航空港区迎宾大道·交流充电站2号,17,1,7.92000000,0E-8,2.2.0
2015-07-09,250527,经开区第八大街·交直流充电站1号,13,2,9.63000000,0E-8,2.2.0
2015-07-09,250527,经开区第八大街·交直流充电站1号,16,1,7.38000000,0E-8,2.2.0
2015-07-09,349635,上街区中心路·交直流充电站2号,19,1,3.46000000,0E-8,2.2.0
2015-07-09,369001,航空港区迎宾大道·交流充电站1号,10,1,5.82000000,0E-8,2.2.0
2015-07-09,369001,航空港区迎宾大道·交流充电站1号,11,1,4.91000000,0E-8,2.2.0
2015-07-09,369001,航空港区迎宾大道·交流充电站1号,13,1,11.80000000,4.33000000,2.2.0
2015-07-09,369001,航空港区迎宾大道·交流充电站1号,18,1,5.29000000,0E-8,2.2.0
2015-07-09,445920,金水区花园路·直流充电站1号,18,1,5.92000000,0E-8,2.2.0
2015-07-09,474204,经开区航海东路·直流充电站3号,9,1,9.63000000,0E-8,2.2.0
2015-07-09,474204,经开区航海东路·直流充电站3号,11,1,6.99000000,0E-8,2.2.0
2015-07-09,474204,经开区航海东路·直流充电站3号,12,1,12.00000000,0E-8,2.2.0
2015-07-09,517464,二七区大学路·直流充电站1号,17,1,3.39000000,0E-8,2.2.0
2015-07-09,549414,高新区科学大道·交直流充电站4号,11,1,3.52000000,0E-8,2.2.0
2015-07-09,568071,二七区大学路·直流充电站2号,13,1,6.32000000,0E-8,2.2.0
2015-07-09,568071,二七区大学路·直流充电站2号,16,1,23.68000000,4.25000000,2.2.0
2015-07-09,569886,二七区淮河路·交直流充电站2号,10,1,6.31000000,0E-8,2.2.0
2015-07-09,575971,高新区梧桐街·超充充电站2号,9,1,4.13000000,0E-8,2.2.0
2015-07-09,575971,高新区梧桐街·超充充电站2号,15,1,6.97000000,0E-8,2.2.0
2015-07-09,582873,高新区科学大道·交直流充电站6号,18,1,7.50000000,0E-8,2.2.0
2015-07-09,594591,高新区科学大道·交直流充电站7号,18,1,2.27000000,0E-8,2.2.0
2015-07-09,672450,中原区建设路·交直流充电站4号,13,1,5.08000000,0E-8,2.2.0
2015-07-09,803398,二七区大学路·直流充电站4号,13,1,23.68000000,0E-8,2.2.0
2015-07-09,875343,惠济区天河路·交流充电站1号,11,1,9.77000000,0E-8,2.2.0
2015-07-09,878706,高新区科学大道·交直流充电站10号,12,2,16.23000000,0E-8,2.2.0
2015-07-09,902592,二七区嵩山路·交直流充电站4号,14,1,13.96000000,1.81000000,2.2.0
2015-07-09,914907,高新区瑞达路·直流充电站11号,12,1,4.57000000,0E-8,2.2.0
2015-07-09,944515,经开区第八大街·交直流充电站8号,18,1,3.91000000,0E-8,2.2.0
2015-07-09,944575,郑东新区金水东路·交直流充电站8号,13,1,8.47000000,0E-8,2.2.0
2015-07-09,955429,航空港区迎宾大道·交流充电站2号,12,2,14.28000000,0E-8,2.2.0
2015-07-10,131897,二七区嵩山路·交直流充电站1号,16,1,5.96000000,0E-8,2.2.0
2015-07-10,191826,经开区航海东路·直流充电站1号,12,1,8.11000000,0E-8,2.2.0
2015-07-10,219054,金水区北三环·直流充电站1号,11,1,2.17000000,0E-8,2.2.0
2015-07-10,237105,高新区梧桐街·超充充电站1号,18,1,9.70000000,0E-8,2.2.0
2015-07-10,250527,经开区第八大街·交直流充电站1号,9,1,11.20000000,0E-8,2.2.0
2015-07-10,369001,航空港区迎宾大道·交流充电站1号,12,1,5.38000000,0E-8,2.2.0
2015-07-10,369001,航空港区迎宾大道·交流充电站1号,15,1,4.94000000,0E-8,2.2.0
2015-07-10,371335,高新区科学大道·交直流充电站2号,12,1,8.07000000,0E-8,2.2.0
2015-07-10,474204,经开区航海东路·直流充电站3号,11,1,5.46000000,0E-8,2.2.0
2015-07-10,474204,经开区航海东路·直流充电站3号,13,2,13.14000000,0E-8,2.2.0
2015-07-10,489543,二七区淮河路·交直流充电站1号,10,1,5.19000000,0E-8,2.2.0
2015-07-10,507660,中原区建设路·交直流充电站3号,17,1,13.17000000,0E-8,2.2.0
2015-07-10,540225,高新区瑞达路·直流充电站5号,11,1,8.97000000,0E-8,2.2.0
2015-07-10,540225,高新区瑞达路·直流充电站5号,16,1,4.50000000,0E-8,2.2.0
2015-07-10,549414,高新区科学大道·交直流充电站4号,17,1,23.68000000,0E-8,2.2.0
2015-07-10,568071,二七区大学路·直流充电站2号,13,1,7.00000000,0E-8,2.2.0
2015-07-10,638536,二七区淮河路·交直流充电站3号,13,1,1.48000000,0.19000000,2.2.0
2015-07-10,653450,上街区中心路·交直流充电站3号,10,2,28.84000000,0.60000000,2.2.0
2015-07-10,728918,郑东新区金水东路·交直流充电站6号,10,1,4.77000000,0E-8,2.2.0
2015-07-10,728918,郑东新区金水东路·交直流充电站6号,13,1,23.68000000,0E-8,2.2.0
2015-07-10,730023,中原区西三环·交流充电站2号,12,1,5.05000000,0.43000000,2.2.0
2015-07-10,818217,经开区经北六路·直流充电站2号,16,1,0.15000000,0E-8,2.2.0
2015-07-10,874950,金水区北三环·直流充电站3号,11,1,3.16000000,0E-8,2.2.0
2015-07-10,875343,惠济区天河路·交流充电站1号,11,1,4.97000000,7.50000000,2.2.0
2015-07-10,878706,高新区科学大道·交直流充电站10号,9,1,8.54000000,0E-8,2.2.0
2015-07-10,902592,二七区嵩山路·交直流充电站4号,16,1,20.76000000,0E-8,2.2.0
2015-07-10,902592,二七区嵩山路·交直流充电站4号,18,1,2.52000000,1.85000000,2.2.0
2015-07-10,914305,高新区瑞达路·直流充电站10号,19,1,6.34000000,0E-8,2.2.0
2015-07-10,944515,经开区第八大街·交直流充电站8号,11,1,4.48000000,0E-8,2.2.0
2015-07-10,955429,航空港区迎宾大道·交流充电站2号,10,1,9.91000000,0E-8,2.2.0
2015-07-10,955429,航空港区迎宾大道·交流充电站2号,11,1,2.84000000,0E-8,2.2.0
2015-07-10,987396,航空港区长安路·直流充电站3号,15,1,3.24000000,0E-8,2.2.0
2015-07-10,987396,航空港区长安路·直流充电站3号,19,1,0.27000000,0E-8,2.2.0
2015-07-11,207262,郑东新区金水东路·交直流充电站1号,11,1,15.23000000,0E-8,2.2.0
2015-07-11,228137,上街区中心路·交直流充电站1号,12,1,6.79000000,0E-8,2.2.0
2015-07-11,228137,上街区中心路·交直流充电站1号,16,1,3.26000000,0E-8,2.2.0
2015-07-11,369001,航空港区迎宾大道·交流充电站1号,10,2,8.12000000,0E-8,2.2.0
2015-07-11,369001,航空港区迎宾大道·交流充电站1号,11,1,20.07000000,0E-8,2.2.0
2015-07-11,371335,高新区科学大道·交直流充电站2号,17,1,17.17000000,0E-8,2.2.0
2015-07-11,404112,惠济区文化路·直流充电站2号,10,1,6.53000000,0E-8,2.2.0
2015-07-11,405157,经开区第八大街·交直流充电站4号,13,1,3.75000000,0E-8,2.2.0
2015-07-11,445920,金水区花园路·直流充电站1号,12,1,7.74000000,0E-8,2.2.0
2015-07-11,445920,金水区花园路·直流充电站1号,15,1,7.91000000,0.58000000,2.2.0
2015-07-11,474204,经开区航海东路·直流充电站3号,11,1,7.19000000,0E-8,2.2.0
2015-07-11,474204,经开区航海东路·直流充电站3号,16,1,1.92000000,0E-8,2.2.0
2015-07-11,474204,经开区航海东路·直流充电站3号,17,1,2.16000000,0E-8,2.2.0
2015-07-11,562656,经开区航海东路·直流充电站4号,4,1,3.72000000,0E-8,2.2.0
2015-07-11,782629,金水区经三路·交直流充电站3号,10,1,6.81000000,0E-8,2.2.0
2015-07-11,782629,金水区经三路·交直流充电站3号,20,1,2.72000000,0E-8,2.2.0
2015-07-11,863084,管城区陇海路·超充充电站1号,16,1,7.65000000,0E-8,2.2.0
2015-07-11,875343,惠济区天河路·交流充电站1号,16,1,23.68000000,0E-8,2.2.0
2015-07-11,878706,高新区科学大道·交直流充电站10号,13,1,5.84000000,0E-8,2.2.0
2015-07-11,902592,二七区嵩山路·交直流充电站4号,12,1,9.59000000,0E-8,2.2.0
2015-07-11,902592,二七区嵩山路·交直流充电站4号,17,2,17.99000000,0E-8,2.2.0
2015-07-11,944515,经开区第八大街·交直流充电站8号,9,1,5.12000000,0E-8,2.2.0
2015-07-11,944515,经开区第八大街·交直流充电站8号,20,1,10.85000000,0E-8,2.2.0
2015-07-11,955429,航空港区迎宾大道·交流充电站2号,10,1,0.78000000,0.07000000,2.2.0
2015-07-11,955429,航空港区迎宾大道·交流充电站2号,11,1,12.82000000,0E-8,2.2.0
2015-07-11,955429,航空港区迎宾大道·交流充电站2号,14,1,4.79000000,0E-8,2.2.0
2015-07-11,995505,二七区淮河路·交直流充电站6号,17,1,7.72000000,0E-8,2.2.0
2015-07-12,129465,高新区科学大道·交直流充电站1号,9,1,6.04000000,0E-8,2.2.0
2015-07-12,280221,经开区第八大街·交直流充电站2号,13,1,3.17000000,0E-8,2.2.0
2015-07-12,355208,经开区第八大街·交直流充电站3号,10,1,7.23000000,0E-8,2.2.0
2015-07-12,355208,经开区第八大街·交直流充电站3号,12,1,0.82000000,0E-8,2.2.0
2015-07-12,355208,经开区第八大街·交直流充电站3号,15,1,4.68000000,0.48000000,2.2.0
2015-07-12,366832,航空港区长安路·直流充电站2号,16,1,6.73000000,0E-8,2.2.0
2015-07-12,369001,航空港区迎宾大道·交流充电站1号,11,1,4.08000000,0E-8,2.2.0
2015-07-12,369001,航空港区迎宾大道·交流充电站1号,20,1,8.06000000,0E-8,2.2.0
2015-07-12,371335,高新区科学大道·交直流充电站2号,16,1,5.38000000,0E-8,2.2.0
2015-07-12,386940,金水区北三环·直流充电站2号,17,1,23.68000000,0E-8,2.2.0
2015-07-12,431796,高新区科学大道·交直流充电站3号,9,1,4.66000000,0E-8,2.2.0
2015-07-12,474204,经开区航海东路·直流充电站3号,8,1,6.68000000,0E-8,2.2.0
2015-07-12,474204,经开区航海东路·直流充电站3号,13,1,6.03000000,0.54000000,2.2.0
2015-07-12,474204,经开区航海东路·直流充电站3号,14,1,3.94000000,0E-8,2.2.0
2015-07-12,474204,经开区航海东路·直流充电站3号,17,1,8.63000000,0E-8,2.2.0
2015-07-12,569886,二七区淮河路·交直流充电站2号,9,1,7.85000000,0E-8,2.2.0
2015-07-12,594591,高新区科学大道·交直流充电站7号,10,1,0.10000000,0E-8,2.2.0
2015-07-12,643012,金水区经三路·交直流充电站1号,10,1,2.15000000,0E-8,2.2.0
2015-07-12,664306,二七区淮河路·交直流充电站4号,19,1,3.25000000,0E-8,2.2.0
2015-07-12,730023,中原区西三环·交流充电站2号,12,1,10.03000000,0E-8,2.2.0
2015-07-12,803398,二七区大学路·直流充电站4号,17,1,6.47000000,0E-8,2.2.0
2015-07-12,874950,金水区北三环·直流充电站3号,13,1,10.57000000,0E-8,2.2.0
2015-07-12,874950,金水区北三环·直流充电站3号,20,1,6.52000000,0E-8,2.2.0
2015-07-12,878706,高新区科学大道·交直流充电站10号,11,1,6.79000000,0E-8,2.2.0
2015-07-12,902592,二七区嵩山路·交直流充电站4号,17,1,12.36000000,0E-8,2.2.0
2015-07-12,920264,高新区科学大道·交直流充电站11号,21,1,4.20000000,2.40000000,2.2.0
2015-07-12,932939,二七区淮河路·交直流充电站5号,12,1,3.00000000,0E-8,2.2.0
2015-07-12,932939,二七区淮河路·交直流充电站5号,16,1,5.15000000,0E-8,2.2.0
2015-07-12,944515,经开区第八大街·交直流充电站8号,17,1,4.01000000,0E-8,2.2.0
2015-07-12,955429,航空港区迎宾大道·交流充电站2号,11,1,8.33000000,0E-8,2.2.0
2015-07-12,955429,航空港区迎宾大道·交流充电站2号,16,1,3.37000000,0.52000000,2.2.0
2015-07-12,987396,航空港区长安路·直流充电站3号,18,1,6.45000000,0E-8,2.2.0
2015-07-12,995505,二七区淮河路·交直流充电站6号,16,1,3.33000000,0E-8,2.2.0
2015-07-13,191826,经开区航海东路·直流充电站1号,10,1,8.05000000,0E-8,2.2.0
2015-07-13,236379,郑东新区金水东路·交直流充电站2号,15,1,4.54000000,0E-8,2.2.0
2015-07-13,250527,经开区第八大街·交直流充电站1号,11,1,8.34000000,0E-8,2.2.0
2015-07-13,250527,经开区第八大街·交直流充电站1号,13,1,7.96000000,0E-8,2.2.0
2015-07-13,355208,经开区第八大街·交直流充电站3号,11,1,7.25000000,0E-8,2.2.0
2015-07-13,369001,航空港区迎宾大道·交流充电站1号,12,1,4.46000000,0E-8,2.2.0
2015-07-13,369001,航空港区迎宾大道·交流充电站1号,13,1,23.68000000,0E-8,2.2.0
2015-07-13,369001,航空港区迎宾大道·交流充电站1号,16,1,12.44000000,7.50000000,2.2.0
2015-07-13,369001,航空港区迎宾大道·交流充电站1号,17,1,7.31000000,0E-8,2.2.0
2015-07-13,369001,航空港区迎宾大道·交流充电站1号,20,1,21.89000000,0E-8,2.2.0
2015-07-13,405157,经开区第八大街·交直流充电站4号,12,1,6.21000000,0E-8,2.2.0
2015-07-13,414088,二七区嵩山路·交直流充电站2号,11,1,4.63000000,0E-8,2.2.0
2015-07-13,414088,二七区嵩山路·交直流充电站2号,16,1,6.62000000,0E-8,2.2.0
2015-07-13,425476,郑东新区金水东路·交直流充电站4号,11,1,4.67000000,0E-8,2.2.0
2015-07-13,445920,金水区花园路·直流充电站1号,9,1,4.26000000,0E-8,2.2.0
2015-07-13,569886,二七区淮河路·交直流充电站2号,11,1,0.06000000,0.01000000,2.2.0
2015-07-13,572249,二七区大学路·直流充电站3号,12,1,23.68000000,0E-8,2.2.0
2015-07-13,643012,金水区经三路·交直流充电站1号,13,1,5.57000000,0E-8,2.2.0
2015-07-13,728918,郑东新区金水东路·交直流充电站6号,16,1,5.68000000,0E-8,2.2.0
2015-07-13,803398,二七区大学路·直流充电站4号,20,1,8.05000000,0E-8,2.2.0
2015-07-13,861532,郑东新区CBD·交直流充电站1号,14,1,5.07000000,0E-8,2.2.0
2015-07-13,875343,惠济区天河路·交流充电站1号,14,1,8.81000000,0E-8,2.2.0
2015-07-13,902592,二七区嵩山路·交直流充电站4号,10,1,7.68000000,0E-8,2.2.0
2015-07-13,902592,二七区嵩山路·交直流充电站4号,12,1,4.72000000,0.40000000,2.2.0
2015-07-13,955429,航空港区迎宾大道·交流充电站2号,13,1,2.18000000,0.41000000,2.2.0
2015-07-14,207262,郑东新区金水东路·交直流充电站1号,17,1,23.68000000,0E-8,2.2.0
2015-07-14,228137,上街区中心路·交直流充电站1号,16,1,9.20000000,0.72000000,2.2.0
2015-07-14,237105,高新区梧桐街·超充充电站1号,12,1,3.88000000,0E-8,2.2.0
2015-07-14,250527,经开区第八大街·交直流充电站1号,10,1,5.24000000,0E-8,2.2.0
2015-07-14,250527,经开区第八大街·交直流充电站1号,16,1,5.80000000,0E-8,2.2.0
2015-07-14,369001,航空港区迎宾大道·交流充电站1号,11,1,12.62000000,0E-8,2.2.0
2015-07-14,369001,航空港区迎宾大道·交流充电站1号,12,1,6.63000000,0E-8,2.2.0
2015-07-14,369001,航空港区迎宾大道·交流充电站1号,16,1,10.37000000,0E-8,2.2.0
2015-07-14,431796,高新区科学大道·交直流充电站3号,11,1,5.67000000,0E-8,2.2.0
2015-07-14,445920,金水区花园路·直流充电站1号,11,1,23.68000000,3.51000000,2.2.0
2015-07-14,474204,经开区航海东路·直流充电站3号,10,2,3.90000000,0E-8,2.2.0
2015-07-14,474204,经开区航海东路·直流充电站3号,12,1,0.22000000,0E-8,2.2.0
2015-07-14,507660,中原区建设路·交直流充电站3号,17,1,4.06000000,7.50000000,2.2.0
2015-07-14,514669,二七区嵩山路·交直流充电站3号,16,1,0.24000000,0E-8,2.2.0
2015-07-14,568071,二七区大学路·直流充电站2号,17,1,9.59000000,0E-8,2.2.0
2015-07-14,638536,二七区淮河路·交直流充电站3号,13,1,14.21000000,1.14000000,2.2.0
2015-07-14,653450,上街区中心路·交直流充电站3号,16,1,9.31000000,0E-8,2.2.0
2015-07-14,787792,高新区瑞达路·直流充电站7号,16,1,2.43000000,0E-8,2.2.0
2015-07-14,803398,二七区大学路·直流充电站4号,12,1,4.58000000,0E-8,2.2.0
2015-07-14,803398,二七区大学路·直流充电站4号,17,1,1.41000000,0E-8,2.2.0
2015-07-14,995505,二七区淮河路·交直流充电站6号,18,1,6.11000000,0E-8,2.2.0
2015-07-15,191826,经开区航海东路·直流充电站1号,12,1,6.61000000,0E-8,2.2.0
2015-07-15,219054,金水区北三环·直流充电站1号,11,1,4.08000000,0E-8,2.2.0
2015-07-15,219054,金水区北三环·直流充电站1号,17,1,5.04000000,0E-8,2.2.0
2015-07-15,237105,高新区梧桐街·超充充电站1号,11,1,6.45000000,0E-8,2.2.0
2015-07-15,250527,经开区第八大街·交直流充电站1号,12,1,6.33000000,7.50000000,2.2.0
2015-07-15,250527,经开区第八大街·交直流充电站1号,14,1,5.81000000,0E-8,2.2.0
2015-07-15,250527,经开区第八大街·交直流充电站1号,15,1,23.68000000,0E-8,2.2.0
2015-07-15,280221,经开区第八大街·交直流充电站2号,16,1,3.23000000,0E-8,2.2.0
2015-07-15,369001,航空港区迎宾大道·交流充电站1号,12,2,27.98000000,0E-8,2.2.0
2015-07-15,371335,高新区科学大道·交直流充电站2号,19,1,1.79000000,0.17000000,2.2.0
2015-07-15,414088,二七区嵩山路·交直流充电站2号,18,1,1.80000000,0E-8,2.2.0
2015-07-15,474204,经开区航海东路·直流充电站3号,11,1,10.49000000,0E-8,2.2.0
2015-07-15,474204,经开区航海东路·直流充电站3号,17,1,23.68000000,0E-8,2.2.0
2015-07-15,489543,二七区淮河路·交直流充电站1号,12,1,6.15000000,0E-8,2.2.0
2015-07-15,549414,高新区科学大道·交直流充电站4号,11,1,9.70000000,0E-8,2.2.0
2015-07-15,549414,高新区科学大道·交直流充电站4号,12,1,3.49000000,0E-8,2.2.0
2015-07-15,569886,二七区淮河路·交直流充电站2号,15,1,7.44000000,0.68000000,2.2.0
2015-07-15,575971,高新区梧桐街·超充充电站2号,17,1,6.61000000,0E-8,2.2.0
2015-07-15,664306,二七区淮河路·交直流充电站4号,18,1,2.95000000,0E-8,2.2.0
2015-07-15,878706,高新区科学大道·交直流充电站10号,16,1,4.33000000,0E-8,2.2.0
2015-07-15,902592,二七区嵩山路·交直流充电站4号,18,1,2.99000000,0E-8,2.2.0
2015-07-15,944515,经开区第八大街·交直流充电站8号,12,1,4.32000000,5.98000000,2.2.0
2015-07-15,944515,经开区第八大街·交直流充电站8号,15,1,1.67000000,0E-8,2.2.0
2015-07-16,207262,郑东新区金水东路·交直流充电站1号,16,1,23.68000000,0E-8,2.2.0
2015-07-16,228137,上街区中心路·交直流充电站1号,12,1,3.28000000,0E-8,2.2.0
2015-07-16,228137,上街区中心路·交直流充电站1号,18,1,10.01000000,0E-8,2.2.0
2015-07-16,250527,经开区第八大街·交直流充电站1号,12,1,2.90000000,0E-8,2.2.0
2015-07-16,280415,惠济区文化路·直流充电站1号,8,1,0.14000000,0E-8,2.2.0
2015-07-16,280415,惠济区文化路·直流充电站1号,16,1,23.68000000,0E-8,2.2.0
2015-07-16,366832,航空港区长安路·直流充电站2号,17,1,23.68000000,1.93000000,2.2.0
2015-07-16,369001,航空港区迎宾大道·交流充电站1号,10,2,8.42000000,0.83000000,2.2.0
2015-07-16,369001,航空港区迎宾大道·交流充电站1号,11,1,9.99000000,0E-8,2.2.0
2015-07-16,369001,航空港区迎宾大道·交流充电站1号,16,1,10.33000000,0E-8,2.2.0
2015-07-16,405157,经开区第八大街·交直流充电站4号,11,1,5.68000000,0E-8,2.2.0
2015-07-16,425476,郑东新区金水东路·交直流充电站4号,17,1,9.25000000,0E-8,2.2.0
2015-07-16,474204,经开区航海东路·直流充电站3号,9,1,6.16000000,5.80000000,2.2.0
2015-07-16,474204,经开区航海东路·直流充电站3号,10,1,11.26000000,0E-8,2.2.0
2015-07-16,568071,二七区大学路·直流充电站2号,18,1,5.62000000,7.50000000,2.2.0
2015-07-16,569886,二七区淮河路·交直流充电站2号,16,1,2.36000000,0E-8,2.2.0
2015-07-16,612116,高新区科学大道·交直流充电站8号,10,1,6.14000000,0E-8,2.2.0
2015-07-16,623134,郑东新区东风东路·交直流充电站3号,17,1,0.99000000,0E-8,2.2.0
2015-07-16,664306,二七区淮河路·交直流充电站4号,11,1,2.89000000,0E-8,2.2.0
2015-07-16,664306,二七区淮河路·交直流充电站4号,12,1,3.46000000,0E-8,2.2.0
2015-07-16,672450,中原区建设路·交直流充电站4号,14,1,11.85000000,0E-8,2.2.0
2015-07-16,738900,经开区第八大街·交直流充电站6号,17,1,4.75000000,0E-8,2.2.0
2015-07-16,782629,金水区经三路·交直流充电站3号,19,1,5.70000000,0E-8,2.2.0
2015-07-16,803398,二七区大学路·直流充电站4号,10,1,7.18000000,0.66000000,2.2.0
2015-07-16,874950,金水区北三环·直流充电站3号,16,1,23.68000000,0E-8,2.2.0
2015-07-16,878706,高新区科学大道·交直流充电站10号,13,1,1.85000000,0E-8,2.2.0
2015-07-16,944515,经开区第八大街·交直流充电站8号,13,1,3.18000000,0E-8,2.2.0
2015-07-16,944515,经开区第八大街·交直流充电站8号,17,1,11.02000000,0E-8,2.2.0
2015-07-16,944575,郑东新区金水东路·交直流充电站8号,10,1,3.26000000,0E-8,2.2.0
2015-07-16,955429,航空港区迎宾大道·交流充电站2号,11,1,13.66000000,0E-8,2.2.0
2015-07-16,955429,航空港区迎宾大道·交流充电站2号,13,2,2.22000000,0.18000000,2.2.0
2015-07-16,987396,航空港区长安路·直流充电站3号,8,1,0.40000000,0E-8,2.2.0
2015-07-16,987396,航空港区长安路·直流充电站3号,19,1,1.37000000,0E-8,2.2.0
2015-07-17,228137,上街区中心路·交直流充电站1号,17,1,5.33000000,0E-8,2.2.0
2015-07-17,228137,上街区中心路·交直流充电站1号,18,1,10.76000000,0E-8,2.2.0
2015-07-17,236379,郑东新区金水东路·交直流充电站2号,20,1,2.23000000,0E-8,2.2.0
2015-07-17,250527,经开区第八大街·交直流充电站1号,17,1,6.26000000,0E-8,2.2.0
2015-07-17,260781,中原区建设路·交直流充电站2号,10,1,4.42000000,0E-8,2.2.0
2015-07-17,366832,航空港区长安路·直流充电站2号,11,1,5.48000000,0E-8,2.2.0
2015-07-17,369001,航空港区迎宾大道·交流充电站1号,12,1,6.38000000,7.50000000,2.2.0
2015-07-17,369001,航空港区迎宾大道·交流充电站1号,14,1,1.16000000,0E-8,2.2.0
2015-07-17,369001,航空港区迎宾大道·交流充电站1号,18,1,4.28000000,0E-8,2.2.0
2015-07-17,474204,经开区航海东路·直流充电站3号,17,1,5.86000000,0.86000000,2.2.0
2015-07-17,507660,中原区建设路·交直流充电站3号,11,1,3.44000000,0E-8,2.2.0
2015-07-17,549414,高新区科学大道·交直流充电站4号,12,1,8.21000000,0E-8,2.2.0
2015-07-17,569886,二七区淮河路·交直流充电站2号,12,1,3.42000000,0E-8,2.2.0
2015-07-17,632920,高新区科学大道·交直流充电站9号,17,1,4.60000000,0E-8,2.2.0
2015-07-17,653450,上街区中心路·交直流充电站3号,16,1,11.28000000,0E-8,2.2.0
2015-07-17,664306,二七区淮河路·交直流充电站4号,16,1,0.60000000,0E-8,2.2.0
2015-07-17,664306,二七区淮河路·交直流充电站4号,18,1,23.68000000,0E-8,2.2.0
2015-07-17,801274,经开区第八大街·交直流充电站7号,11,1,6.49000000,0E-8,2.2.0
2015-07-17,863084,管城区陇海路·超充充电站1号,10,1,23.68000000,0E-8,2.2.0
2015-07-17,878706,高新区科学大道·交直流充电站10号,15,1,5.99000000,0E-8,2.2.0
2015-07-17,878706,高新区科学大道·交直流充电站10号,17,1,23.68000000,0E-8,2.2.0
2015-07-17,878706,高新区科学大道·交直流充电站10号,20,1,10.05000000,0E-8,2.2.0
2015-07-17,911231,中原区建设路·交直流充电站6号,13,1,3.05000000,0E-8,2.2.0
2015-07-17,920264,高新区科学大道·交直流充电站11号,11,1,7.45000000,0E-8,2.2.0
2015-07-17,955429,航空港区迎宾大道·交流充电站2号,14,1,3.52000000,0E-8,2.2.0
2015-07-17,995505,二七区淮河路·交直流充电站6号,10,1,6.23000000,0E-8,2.2.0
2015-07-18,129465,高新区科学大道·交直流充电站1号,12,1,5.47000000,0E-8,2.2.0
2015-07-18,219054,金水区北三环·直流充电站1号,12,1,8.19000000,0E-8,2.2.0
2015-07-18,237105,高新区梧桐街·超充充电站1号,11,1,4.28000000,0E-8,2.2.0
2015-07-18,355208,经开区第八大街·交直流充电站3号,16,1,3.67000000,0E-8,2.2.0
2015-07-18,366832,航空港区长安路·直流充电站2号,12,1,1.58000000,0.14000000,2.2.0
2015-07-18,369001,航空港区迎宾大道·交流充电站1号,19,1,4.03000000,0E-8,2.2.0
2015-07-18,371335,高新区科学大道·交直流充电站2号,17,1,23.68000000,0E-8,2.2.0
2015-07-18,405157,经开区第八大街·交直流充电站4号,11,1,3.19000000,0E-8,2.2.0
2015-07-18,425476,郑东新区金水东路·交直流充电站4号,10,1,1.73000000,0E-8,2.2.0
2015-07-18,431796,高新区科学大道·交直流充电站3号,12,1,1.83000000,0E-8,2.2.0
2015-07-18,451479,高新区瑞达路·直流充电站2号,18,1,1.96000000,0E-8,2.2.0
2015-07-18,474204,经开区航海东路·直流充电站3号,15,1,8.17000000,0E-8,2.2.0
2015-07-18,489543,二七区淮河路·交直流充电站1号,10,1,23.68000000,0E-8,2.2.0
2015-07-18,517464,二七区大学路·直流充电站1号,15,1,5.26000000,0.40000000,2.2.0
2015-07-18,517464,二七区大学路·直流充电站1号,16,1,1.91000000,0E-8,2.2.0
2015-07-18,549414,高新区科学大道·交直流充电站4号,11,1,6.35000000,0E-8,2.2.0
2015-07-18,568071,二七区大学路·直流充电站2号,13,1,4.28000000,0E-8,2.2.0
2015-07-18,582873,高新区科学大道·交直流充电站6号,12,1,4.31000000,0E-8,2.2.0
2015-07-18,653450,上街区中心路·交直流充电站3号,16,1,3.26000000,0E-8,2.2.0
2015-07-18,653450,上街区中心路·交直流充电站3号,17,1,9.11000000,7.50000000,2.2.0
2015-07-18,787792,高新区瑞达路·直流充电站7号,18,1,5.23000000,0E-8,2.2.0
2015-07-18,861532,郑东新区CBD·交直流充电站1号,17,1,7.82000000,0E-8,2.2.0
2015-07-18,875343,惠济区天河路·交流充电站1号,18,1,7.84000000,0.26000000,2.2.0
2015-07-18,944515,经开区第八大街·交直流充电站8号,15,1,9.52000000,7.50000000,2.2.0
2015-07-18,944575,郑东新区金水东路·交直流充电站8号,13,1,2.20000000,0E-8,2.2.0
2015-07-18,955429,航空港区迎宾大道·交流充电站2号,10,1,4.32000000,0E-8,2.2.0
2015-07-18,955429,航空港区迎宾大道·交流充电站2号,11,1,1.26000000,0E-8,2.2.0
2015-07-18,955429,航空港区迎宾大道·交流充电站2号,12,1,8.61000000,0E-8,2.2.0
2015-07-19,129465,高新区科学大道·交直流充电站1号,10,1,1.42000000,0E-8,2.2.0
2015-07-19,207262,郑东新区金水东路·交直流充电站1号,18,1,3.65000000,0E-8,2.2.0
2015-07-19,219054,金水区北三环·直流充电站1号,13,1,3.32000000,0E-8,2.2.0
2015-07-19,228137,上街区中心路·交直流充电站1号,16,1,6.45000000,0E-8,2.2.0
2015-07-19,250527,经开区第八大街·交直流充电站1号,9,1,6.66000000,0.87000000,2.2.0
2015-07-19,280221,经开区第八大街·交直流充电站2号,12,1,4.79000000,0E-8,2.2.0
2015-07-19,280221,经开区第八大街·交直流充电站2号,13,1,8.91000000,0E-8,2.2.0
2015-07-19,280415,惠济区文化路·直流充电站1号,18,1,3.00000000,0E-8,2.2.0
2015-07-19,355208,经开区第八大街·交直流充电站3号,11,1,5.69000000,0E-8,2.2.0
2015-07-19,366832,航空港区长安路·直流充电站2号,9,1,4.40000000,0E-8,2.2.0
2015-07-19,366832,航空港区长安路·直流充电站2号,10,1,2.40000000,0E-8,2.2.0
2015-07-19,369001,航空港区迎宾大道·交流充电站1号,12,2,8.31000000,0E-8,2.2.0
2015-07-19,369001,航空港区迎宾大道·交流充电站1号,16,1,7.07000000,0E-8,2.2.0
2015-07-19,371335,高新区科学大道·交直流充电站2号,18,1,1.49000000,0E-8,2.2.0
2015-07-19,404112,惠济区文化路·直流充电站2号,14,1,10.17000000,0E-8,2.2.0
2015-07-19,414088,二七区嵩山路·交直流充电站2号,12,1,8.10000000,0E-8,2.2.0
2015-07-19,425476,郑东新区金水东路·交直流充电站4号,12,1,5.02000000,0E-8,2.2.0
2015-07-19,431796,高新区科学大道·交直流充电站3号,14,1,4.05000000,0E-8,2.2.0
2015-07-19,445920,金水区花园路·直流充电站1号,9,1,1.97000000,0E-8,2.2.0
2015-07-19,445920,金水区花园路·直流充电站1号,17,1,1.71000000,0.33000000,2.2.0
2015-07-19,474204,经开区航海东路·直流充电站3号,10,1,6.84000000,0E-8,2.2.0
2015-07-19,474204,经开区航海东路·直流充电站3号,12,2,4.66000000,0E-8,2.2.0
2015-07-19,474204,经开区航海东路·直流充电站3号,13,1,11.28000000,0E-8,2.2.0
2015-07-19,474204,经开区航海东路·直流充电站3号,17,1,5.97000000,0.35000000,2.2.0
2015-07-19,489543,二七区淮河路·交直流充电站1号,13,1,3.02000000,0E-8,2.2.0
2015-07-19,575971,高新区梧桐街·超充充电站2号,15,1,10.25000000,0E-8,2.2.0
2015-07-19,638536,二七区淮河路·交直流充电站3号,16,1,6.34000000,0E-8,2.2.0
2015-07-19,653450,上街区中心路·交直流充电站3号,9,1,2.30000000,0E-8,2.2.0
2015-07-19,664306,二七区淮河路·交直流充电站4号,16,1,10.14000000,0E-8,2.2.0
2015-07-19,801274,经开区第八大街·交直流充电站7号,12,1,23.68000000,0E-8,2.2.0
2015-07-19,871619,金水区花园路·直流充电站2号,19,1,5.84000000,0E-8,2.2.0
2015-07-19,874950,金水区北三环·直流充电站3号,16,1,3.40000000,0E-8,2.2.0
2015-07-19,878706,高新区科学大道·交直流充电站10号,11,1,6.83000000,0E-8,2.2.0
2015-07-19,878706,高新区科学大道·交直流充电站10号,13,1,1.59000000,0E-8,2.2.0
2015-07-19,932939,二七区淮河路·交直流充电站5号,17,1,5.04000000,0E-8,2.2.0
2015-07-19,944515,经开区第八大街·交直流充电站8号,10,1,1.23000000,0E-8,2.2.0
2015-07-19,944575,郑东新区金水东路·交直流充电站8号,12,1,1.42000000,0E-8,2.2.0
2015-07-19,987396,航空港区长安路·直流充电站3号,12,1,8.65000000,0E-8,2.2.0
2015-07-20,200695,中原区建设路·交直流充电站1号,12,1,7.17000000,0E-8,2.2.0
2015-07-20,207262,郑东新区金水东路·交直流充电站1号,17,2,11.00000000,0E-8,2.2.0
2015-07-20,228137,上街区中心路·交直流充电站1号,16,1,9.10000000,0E-8,2.2.0
2015-07-20,236840,郑东新区东风东路·交直流充电站2号,14,1,23.68000000,2.01000000,2.2.0
2015-07-20,237105,高新区梧桐街·超充充电站1号,12,1,1.21000000,0E-8,2.2.0
2015-07-20,250527,经开区第八大街·交直流充电站1号,10,1,7.52000000,0E-8,2.2.0
2015-07-20,260781,中原区建设路·交直流充电站2号,12,1,9.50000000,0E-8,2.2.0
2015-07-20,355208,经开区第八大街·交直流充电站3号,17,1,7.69000000,0E-8,2.2.0
2015-07-20,366832,航空港区长安路·直流充电站2号,15,1,0.55000000,0.10000000,2.2.0
2015-07-20,369001,航空港区迎宾大道·交流充电站1号,11,1,11.19000000,0E-8,2.2.0
2015-07-20,369001,航空港区迎宾大道·交流充电站1号,13,1,6.50000000,0E-8,2.2.0
2015-07-20,414088,二七区嵩山路·交直流充电站2号,9,1,6.29000000,0E-8,2.2.0
2015-07-20,414088,二七区嵩山路·交直流充电站2号,13,1,1.10000000,0E-8,2.2.0
2015-07-20,414088,二七区嵩山路·交直流充电站2号,16,1,7.00000000,0E-8,2.2.0
2015-07-20,445920,金水区花园路·直流充电站1号,17,1,5.69000000,7.50000000,2.2.0
2015-07-20,474204,经开区航海东路·直流充电站3号,10,1,0.81000000,0E-8,2.2.0
2015-07-20,474204,经开区航海东路·直流充电站3号,15,1,8.22000000,0E-8,2.2.0
2015-07-20,489543,二七区淮河路·交直流充电站1号,17,1,7.37000000,0E-8,2.2.0
2015-07-20,549414,高新区科学大道·交直流充电站4号,16,1,7.77000000,0E-8,2.2.0
2015-07-20,568071,二七区大学路·直流充电站2号,11,1,7.68000000,0E-8,2.2.0
2015-07-20,569886,二七区淮河路·交直流充电站2号,17,1,23.68000000,3.98000000,2.2.0
2015-07-20,572249,二七区大学路·直流充电站3号,16,1,1.57000000,0E-8,2.2.0
2015-07-20,632920,高新区科学大道·交直流充电站9号,18,1,1.60000000,0.07000000,2.2.0
2015-07-20,738900,经开区第八大街·交直流充电站6号,17,1,4.65000000,0E-8,2.2.0
2015-07-20,801274,经开区第八大街·交直流充电站7号,12,1,11.19000000,0E-8,2.2.0
2015-07-20,801274,经开区第八大街·交直流充电站7号,16,1,17.10000000,0E-8,2.2.0
2015-07-20,861532,郑东新区CBD·交直流充电站1号,12,1,1.06000000,0.05000000,2.2.0
2015-07-20,875343,惠济区天河路·交流充电站1号,12,1,3.51000000,0E-8,2.2.0
2015-07-20,878706,高新区科学大道·交直流充电站10号,13,1,3.98000000,0E-8,2.2.0
2015-07-20,878706,高新区科学大道·交直流充电站10号,17,1,4.21000000,0E-8,2.2.0
2015-07-20,902592,二七区嵩山路·交直流充电站4号,11,1,2.68000000,0E-8,2.2.0
2015-07-20,920264,高新区科学大道·交直流充电站11号,18,1,3.28000000,0E-8,2.2.0
2015-07-20,929628,管城区陇海路·超充充电站2号,18,1,2.01000000,0.10000000,2.2.0
2015-07-20,944515,经开区第八大街·交直流充电站8号,10,1,4.94000000,0E-8,2.2.0
2015-07-20,951880,二七区大学路·直流充电站6号,12,1,3.53000000,0E-8,2.2.0
2015-07-20,951880,二七区大学路·直流充电站6号,17,1,5.59000000,0E-8,2.2.0
2015-07-20,955429,航空港区迎宾大道·交流充电站2号,11,1,6.65000000,0E-8,2.2.0
2015-07-20,955429,航空港区迎宾大道·交流充电站2号,12,1,10.62000000,0E-8,2.2.0
2015-07-20,987396,航空港区长安路·直流充电站3号,10,1,23.68000000,0E-8,2.2.0
2015-07-20,987396,航空港区长安路·直流充电站3号,12,1,23.68000000,0E-8,2.2.0
2015-07-20,987396,航空港区长安路·直流充电站3号,17,1,6.39000000,0E-8,2.2.0
2015-07-21,219054,金水区北三环·直流充电站1号,11,1,7.01000000,0E-8,2.2.0
2015-07-21,236379,郑东新区金水东路·交直流充电站2号,12,1,0.92000000,0E-8,2.2.0
2015-07-21,237105,高新区梧桐街·超充充电站1号,15,1,5.93000000,0E-8,2.2.0
2015-07-21,280221,经开区第八大街·交直流充电站2号,18,1,1.06000000,0E-8,2.2.0
2015-07-21,366832,航空港区长安路·直流充电站2号,11,1,3.34000000,0E-8,2.2.0
2015-07-21,366832,航空港区长安路·直流充电站2号,13,1,7.09000000,0E-8,2.2.0
2015-07-21,369001,航空港区迎宾大道·交流充电站1号,9,1,8.55000000,0.77000000,2.2.0
2015-07-21,371335,高新区科学大道·交直流充电站2号,10,1,5.12000000,0E-8,2.2.0
2015-07-21,431796,高新区科学大道·交直流充电站3号,9,1,3.68000000,0E-8,2.2.0
2015-07-21,474204,经开区航海东路·直流充电站3号,9,1,0.45000000,0E-8,2.2.0
2015-07-21,474204,经开区航海东路·直流充电站3号,17,1,7.70000000,0E-8,2.2.0
2015-07-21,489543,二七区淮河路·交直流充电站1号,18,1,8.08000000,0E-8,2.2.0
2015-07-21,514669,二七区嵩山路·交直流充电站3号,13,1,7.35000000,0E-8,2.2.0
2015-07-21,517464,二七区大学路·直流充电站1号,13,1,6.65000000,0.66000000,2.2.0
2015-07-21,562656,经开区航海东路·直流充电站4号,18,1,3.93000000,0E-8,2.2.0
2015-07-21,568071,二七区大学路·直流充电站2号,12,1,5.69000000,0E-8,2.2.0
2015-07-21,638536,二七区淮河路·交直流充电站3号,14,1,23.68000000,0E-8,2.2.0
2015-07-21,638536,二七区淮河路·交直流充电站3号,16,1,8.84000000,0.69000000,2.2.0
2015-07-21,643012,金水区经三路·交直流充电站1号,18,1,3.85000000,0E-8,2.2.0
2015-07-21,728918,郑东新区金水东路·交直流充电站6号,20,1,1.96000000,0E-8,2.2.0
2015-07-21,738900,经开区第八大街·交直流充电站6号,18,1,8.40000000,0E-8,2.2.0
2015-07-21,801274,经开区第八大街·交直流充电站7号,13,1,6.36000000,0E-8,2.2.0
2015-07-21,803398,二七区大学路·直流充电站4号,10,1,5.35000000,0E-8,2.2.0
2015-07-21,861532,郑东新区CBD·交直流充电站1号,11,1,4.59000000,0E-8,2.2.0
2015-07-21,863084,管城区陇海路·超充充电站1号,18,1,7.92000000,0E-8,2.2.0
2015-07-21,874950,金水区北三环·直流充电站3号,12,1,2.84000000,0E-8,2.2.0
2015-07-21,874950,金水区北三环·直流充电站3号,18,1,12.63000000,0E-8,2.2.0
2015-07-21,875343,惠济区天河路·交流充电站1号,13,1,3.76000000,0E-8,2.2.0
2015-07-21,878706,高新区科学大道·交直流充电站10号,9,1,7.38000000,0E-8,2.2.0
2015-07-21,920264,高新区科学大道·交直流充电站11号,12,1,4.13000000,0E-8,2.2.0
2015-07-21,955429,航空港区迎宾大道·交流充电站2号,8,1,0.65000000,0E-8,2.2.0
2015-07-21,955429,航空港区迎宾大道·交流充电站2号,11,1,7.38000000,0E-8,2.2.0
2015-07-21,955429,航空港区迎宾大道·交流充电站2号,12,1,7.88000000,0E-8,2.2.0
2015-07-21,987396,航空港区长安路·直流充电站3号,12,1,5.80000000,0E-8,2.2.0
2015-07-22,134427,郑东新区东风东路·交直流充电站1号,9,1,6.39000000,0E-8,2.2.0
2015-07-22,219054,金水区北三环·直流充电站1号,10,1,7.32000000,0E-8,2.2.0
2015-07-22,237105,高新区梧桐街·超充充电站1号,13,1,7.17000000,0E-8,2.2.0
2015-07-22,355208,经开区第八大街·交直流充电站3号,0,1,7.22000000,0E-8,2.2.0
2015-07-22,355208,经开区第八大街·交直流充电站3号,18,1,9.26000000,0E-8,2.2.0
2015-07-22,369001,航空港区迎宾大道·交流充电站1号,11,1,5.87000000,0E-8,2.2.0
2015-07-22,369001,航空港区迎宾大道·交流充电站1号,12,1,23.68000000,0E-8,2.2.0
2015-07-22,369001,航空港区迎宾大道·交流充电站1号,17,1,6.48000000,0E-8,2.2.0
2015-07-22,431796,高新区科学大道·交直流充电站3号,12,1,23.68000000,0E-8,2.2.0
2015-07-22,431796,高新区科学大道·交直流充电站3号,19,1,3.03000000,0E-8,2.2.0
2015-07-22,474204,经开区航海东路·直流充电站3号,16,1,11.08000000,0E-8,2.2.0
2015-07-22,474204,经开区航海东路·直流充电站3号,17,1,5.12000000,0E-8,2.2.0
2015-07-22,500856,经开区第八大街·交直流充电站5号,14,1,3.79000000,0E-8,2.2.0
2015-07-22,507660,中原区建设路·交直流充电站3号,12,1,5.29000000,0E-8,2.2.0
2015-07-22,568071,二七区大学路·直流充电站2号,12,2,16.62000000,0.63000000,2.2.0
2015-07-22,568071,二七区大学路·直流充电站2号,18,2,10.67000000,0E-8,2.2.0
2015-07-22,572249,二七区大学路·直流充电站3号,15,1,3.46000000,0E-8,2.2.0
2015-07-22,594591,高新区科学大道·交直流充电站7号,15,1,1.40000000,0E-8,2.2.0
2015-07-22,632920,高新区科学大道·交直流充电站9号,12,1,7.48000000,0E-8,2.2.0
2015-07-22,643012,金水区经三路·交直流充电站1号,17,1,19.22000000,0E-8,2.2.0
2015-07-22,664306,二七区淮河路·交直流充电站4号,17,1,0.40000000,0E-8,2.2.0
2015-07-22,728918,郑东新区金水东路·交直流充电站6号,17,1,8.70000000,0.89000000,2.2.0
2015-07-22,801274,经开区第八大街·交直流充电站7号,12,1,5.81000000,0E-8,2.2.0
2015-07-22,803398,二七区大学路·直流充电站4号,12,1,3.03000000,0E-8,2.2.0
2015-07-22,878706,高新区科学大道·交直流充电站10号,11,1,8.34000000,0E-8,2.2.0
2015-07-22,902592,二七区嵩山路·交直流充电站4号,12,1,1.61000000,0E-8,2.2.0
2015-07-22,929628,管城区陇海路·超充充电站2号,16,1,5.31000000,0E-8,2.2.0
2015-07-22,987396,航空港区长安路·直流充电站3号,14,1,3.62000000,0E-8,2.2.0
2015-07-23,129465,高新区科学大道·交直流充电站1号,18,1,7.30000000,0E-8,2.2.0
2015-07-23,219054,金水区北三环·直流充电站1号,11,1,23.68000000,0E-8,2.2.0
2015-07-23,219054,金水区北三环·直流充电站1号,16,1,4.67000000,0E-8,2.2.0
2015-07-23,228137,上街区中心路·交直流充电站1号,12,1,2.83000000,0E-8,2.2.0
2015-07-23,236840,郑东新区东风东路·交直流充电站2号,11,1,5.11000000,0E-8,2.2.0
2015-07-23,250527,经开区第八大街·交直流充电站1号,12,1,8.51000000,0E-8,2.2.0
2015-07-23,250527,经开区第八大街·交直流充电站1号,14,1,1.02000000,0E-8,2.2.0
2015-07-23,260408,经开区航海东路·直流充电站2号,15,1,8.07000000,0E-8,2.2.0
2015-07-23,260408,经开区航海东路·直流充电站2号,16,1,5.48000000,0E-8,2.2.0
2015-07-23,280415,惠济区文化路·直流充电站1号,12,1,4.43000000,0E-8,2.2.0
2015-07-23,369001,航空港区迎宾大道·交流充电站1号,16,1,15.98000000,0E-8,2.2.0
2015-07-23,369001,航空港区迎宾大道·交流充电站1号,18,2,5.33000000,0.48000000,2.2.0
2015-07-23,514669,二七区嵩山路·交直流充电站3号,15,1,4.00000000,0E-8,2.2.0
2015-07-23,549414,高新区科学大道·交直流充电站4号,10,1,3.23000000,0E-8,2.2.0
2015-07-23,549414,高新区科学大道·交直流充电站4号,11,1,10.55000000,0E-8,2.2.0
2015-07-23,568071,二七区大学路·直流充电站2号,11,1,8.23000000,0E-8,2.2.0
2015-07-23,582873,高新区科学大道·交直流充电站6号,11,1,4.49000000,0E-8,2.2.0
2015-07-23,594591,高新区科学大道·交直流充电站7号,18,1,13.06000000,0E-8,2.2.0
2015-07-23,638536,二七区淮河路·交直流充电站3号,17,1,0.07000000,0E-8,2.2.0
2015-07-23,664306,二七区淮河路·交直流充电站4号,4,1,1.52000000,0E-8,2.2.0
2015-07-23,711566,郑东新区金水东路·交直流充电站5号,10,1,3.34000000,0E-8,2.2.0
2015-07-23,803398,二七区大学路·直流充电站4号,12,1,3.93000000,0E-8,2.2.0
2015-07-23,803398,二七区大学路·直流充电站4号,17,1,4.20000000,0E-8,2.2.0
2015-07-23,902592,二七区嵩山路·交直流充电站4号,9,1,6.72000000,0E-8,2.2.0
2015-07-23,943765,高新区科学大道·交直流充电站12号,17,1,1.03000000,0E-8,2.2.0
2015-07-23,951880,二七区大学路·直流充电站6号,17,1,2.29000000,0E-8,2.2.0
2015-07-23,955429,航空港区迎宾大道·交流充电站2号,12,1,0.94000000,0E-8,2.2.0
2015-07-23,955429,航空港区迎宾大道·交流充电站2号,17,1,7.33000000,1.20000000,2.2.0
2015-07-23,955429,航空港区迎宾大道·交流充电站2号,18,1,5.29000000,0E-8,2.2.0
2015-07-23,995505,二七区淮河路·交直流充电站6号,14,1,23.68000000,0E-8,2.2.0
2015-07-24,207262,郑东新区金水东路·交直流充电站1号,11,1,3.70000000,0E-8,2.2.0
2015-07-24,207262,郑东新区金水东路·交直流充电站1号,13,1,3.58000000,0E-8,2.2.0
2015-07-24,219054,金水区北三环·直流充电站1号,22,1,8.93000000,0E-8,2.2.0
2015-07-24,228137,上街区中心路·交直流充电站1号,12,1,4.53000000,0E-8,2.2.0
2015-07-24,237105,高新区梧桐街·超充充电站1号,13,1,23.68000000,0E-8,2.2.0
2015-07-24,260408,经开区航海东路·直流充电站2号,12,1,6.60000000,0E-8,2.2.0
2015-07-24,355208,经开区第八大街·交直流充电站3号,11,1,10.84000000,0E-8,2.2.0
2015-07-24,366832,航空港区长安路·直流充电站2号,11,1,2.20000000,0E-8,2.2.0
2015-07-24,366832,航空港区长安路·直流充电站2号,18,1,1.74000000,0E-8,2.2.0
2015-07-24,369001,航空港区迎宾大道·交流充电站1号,9,1,3.20000000,0E-8,2.2.0
2015-07-24,369001,航空港区迎宾大道·交流充电站1号,12,2,18.44000000,0E-8,2.2.0
2015-07-24,371335,高新区科学大道·交直流充电站2号,16,1,5.31000000,0E-8,2.2.0
2015-07-24,431796,高新区科学大道·交直流充电站3号,11,1,7.78000000,0E-8,2.2.0
2015-07-24,481613,高新区瑞达路·直流充电站3号,9,1,13.22000000,0E-8,2.2.0
2015-07-24,562656,经开区航海东路·直流充电站4号,10,1,0.31000000,0E-8,2.2.0
2015-07-24,562656,经开区航海东路·直流充电站4号,13,1,6.21000000,0E-8,2.2.0
2015-07-24,664306,二七区淮河路·交直流充电站4号,11,1,0.75000000,0E-8,2.2.0
2015-07-24,730023,中原区西三环·交流充电站2号,11,1,3.58000000,0E-8,2.2.0
2015-07-24,792421,中原区建设路·交直流充电站5号,12,1,7.41000000,0E-8,2.2.0
2015-07-24,801274,经开区第八大街·交直流充电站7号,16,1,12.05000000,0.47000000,2.2.0
2015-07-24,878706,高新区科学大道·交直流充电站10号,12,3,39.32000000,0E-8,2.2.0
2015-07-24,878706,高新区科学大道·交直流充电站10号,17,1,8.47000000,0E-8,2.2.0
2015-07-24,922416,高新区瑞达路·直流充电站12号,11,1,6.07000000,0E-8,2.2.0
2015-07-24,943765,高新区科学大道·交直流充电站12号,16,1,5.70000000,0.64000000,2.2.0
2015-07-24,944515,经开区第八大街·交直流充电站8号,16,1,1.35000000,0E-8,2.2.0
2015-07-24,951880,二七区大学路·直流充电站6号,11,1,6.31000000,0E-8,2.2.0
2015-07-24,951880,二七区大学路·直流充电站6号,19,1,23.68000000,0E-8,2.2.0
2015-07-24,987396,航空港区长安路·直流充电站3号,17,1,8.77000000,7.50000000,2.2.0
2015-07-25,191826,经开区航海东路·直流充电站1号,16,1,7.06000000,0.51000000,2.2.0
2015-07-25,250527,经开区第八大街·交直流充电站1号,11,1,2.57000000,3.19000000,2.2.0
2015-07-25,250527,经开区第八大街·交直流充电站1号,17,1,9.99000000,0E-8,2.2.0
2015-07-25,280221,经开区第八大街·交直流充电站2号,9,1,5.71000000,0E-8,2.2.0
2015-07-25,355208,经开区第八大街·交直流充电站3号,11,1,8.87000000,0E-8,2.2.0
2015-07-25,369001,航空港区迎宾大道·交流充电站1号,10,1,6.43000000,0E-8,2.2.0
2015-07-25,369001,航空港区迎宾大道·交流充电站1号,14,1,8.64000000,0E-8,2.2.0
2015-07-25,369001,航空港区迎宾大道·交流充电站1号,16,2,26.97000000,2.00000000,2.2.0
2015-07-25,369001,航空港区迎宾大道·交流充电站1号,17,3,20.01000000,0E-8,2.2.0
2015-07-25,369001,航空港区迎宾大道·交流充电站1号,18,1,4.17000000,0E-8,2.2.0
2015-07-25,474204,经开区航海东路·直流充电站3号,11,1,23.68000000,7.50000000,2.2.0
2015-07-25,474204,经开区航海东路·直流充电站3号,13,1,3.61000000,0.68000000,2.2.0
2015-07-25,474204,经开区航海东路·直流充电站3号,17,1,2.32000000,0E-8,2.2.0
2015-07-25,489543,二七区淮河路·交直流充电站1号,17,1,8.75000000,0E-8,2.2.0
2015-07-25,582873,高新区科学大道·交直流充电站6号,10,1,8.52000000,0E-8,2.2.0
2015-07-25,632920,高新区科学大道·交直流充电站9号,11,1,0.10000000,0E-8,2.2.0
2015-07-25,643012,金水区经三路·交直流充电站1号,11,1,1.88000000,0E-8,2.2.0
2015-07-25,672450,中原区建设路·交直流充电站4号,10,1,2.30000000,0E-8,2.2.0
2015-07-25,738900,经开区第八大街·交直流充电站6号,9,1,5.84000000,0E-8,2.2.0
2015-07-25,792421,中原区建设路·交直流充电站5号,18,1,9.09000000,0E-8,2.2.0
2015-07-25,874950,金水区北三环·直流充电站3号,14,1,2.60000000,0E-8,2.2.0
2015-07-25,875343,惠济区天河路·交流充电站1号,14,1,5.39000000,0E-8,2.2.0
2015-07-25,943765,高新区科学大道·交直流充电站12号,9,1,9.17000000,0E-8,2.2.0
2015-07-25,944515,经开区第八大街·交直流充电站8号,13,1,3.28000000,0E-8,2.2.0
2015-07-25,955429,航空港区迎宾大道·交流充电站2号,10,1,5.19000000,0E-8,2.2.0
2015-07-26,129465,高新区科学大道·交直流充电站1号,14,1,7.64000000,0E-8,2.2.0
2015-07-26,129465,高新区科学大道·交直流充电站1号,17,1,23.68000000,1.51000000,2.2.0
2015-07-26,131897,二七区嵩山路·交直流充电站1号,13,1,1.89000000,0E-8,2.2.0
2015-07-26,228137,上街区中心路·交直流充电站1号,8,1,8.70000000,0E-8,2.2.0
2015-07-26,280415,惠济区文化路·直流充电站1号,18,1,5.21000000,0E-8,2.2.0
2015-07-26,369001,航空港区迎宾大道·交流充电站1号,13,2,7.34000000,0E-8,2.2.0
2015-07-26,369001,航空港区迎宾大道·交流充电站1号,16,1,3.56000000,0E-8,2.2.0
2015-07-26,369001,航空港区迎宾大道·交流充电站1号,17,2,12.43000000,0E-8,2.2.0
2015-07-26,405157,经开区第八大街·交直流充电站4号,5,1,5.90000000,0E-8,2.2.0
2015-07-26,405157,经开区第八大街·交直流充电站4号,17,1,5.73000000,0E-8,2.2.0
2015-07-26,507660,中原区建设路·交直流充电站3号,13,1,10.33000000,0.58000000,2.2.0
2015-07-26,549414,高新区科学大道·交直流充电站4号,11,1,3.59000000,0E-8,2.2.0
2015-07-26,568071,二七区大学路·直流充电站2号,4,1,10.20000000,0E-8,2.2.0
2015-07-26,568071,二七区大学路·直流充电站2号,18,1,8.32000000,0E-8,2.2.0
2015-07-26,569886,二七区淮河路·交直流充电站2号,13,1,6.24000000,0E-8,2.2.0
2015-07-26,612116,高新区科学大道·交直流充电站8号,17,1,6.66000000,0E-8,2.2.0
2015-07-26,728918,郑东新区金水东路·交直流充电站6号,13,1,3.49000000,0E-8,2.2.0
2015-07-26,728918,郑东新区金水东路·交直流充电站6号,14,1,7.99000000,0E-8,2.2.0
2015-07-26,728918,郑东新区金水东路·交直流充电站6号,17,1,4.94000000,0E-8,2.2.0
2015-07-26,738900,经开区第八大街·交直流充电站6号,8,1,4.11000000,0E-8,2.2.0
2015-07-26,738900,经开区第八大街·交直流充电站6号,13,1,5.77000000,0E-8,2.2.0
2015-07-26,874950,金水区北三环·直流充电站3号,12,1,5.94000000,0.50000000,2.2.0
2015-07-26,875343,惠济区天河路·交流充电站1号,19,1,11.27000000,0E-8,2.2.0
2015-07-26,891421,二七区大学路·直流充电站5号,11,1,7.28000000,0E-8,2.2.0
2015-07-26,914305,高新区瑞达路·直流充电站10号,12,1,2.28000000,0E-8,2.2.0
2015-07-26,929628,管城区陇海路·超充充电站2号,15,1,8.72000000,0E-8,2.2.0
2015-07-26,944515,经开区第八大街·交直流充电站8号,18,1,2.40000000,0E-8,2.2.0
2015-07-26,951880,二七区大学路·直流充电站6号,15,1,6.98000000,0E-8,2.2.0
2015-07-26,955429,航空港区迎宾大道·交流充电站2号,12,1,7.15000000,0E-8,2.2.0
2015-07-26,955429,航空港区迎宾大道·交流充电站2号,15,1,6.40000000,0.65000000,2.2.0
2015-07-26,987396,航空港区长安路·直流充电站3号,8,1,4.35000000,0.17000000,2.2.0
2015-07-26,987396,航空港区长安路·直流充电站3号,13,1,0.07000000,0.12000000,2.2.0
2015-07-27,134427,郑东新区东风东路·交直流充电站1号,12,1,3.56000000,0E-8,2.2.0
2015-07-27,207262,郑东新区金水东路·交直流充电站1号,9,1,2.50000000,0E-8,2.2.0
2015-07-27,207262,郑东新区金水东路·交直流充电站1号,13,1,23.68000000,2.03000000,2.2.0
2015-07-27,256233,郑东新区金水东路·交直流充电站3号,13,1,4.43000000,0E-8,2.2.0
2015-07-27,260408,经开区航海东路·直流充电站2号,17,1,0.61000000,0E-8,2.2.0
2015-07-27,280221,经开区第八大街·交直流充电站2号,17,1,2.36000000,0E-8,2.2.0
2015-07-27,355208,经开区第八大街·交直流充电站3号,18,1,6.79000000,0E-8,2.2.0
2015-07-27,369001,航空港区迎宾大道·交流充电站1号,10,2,11.53000000,0E-8,2.2.0
2015-07-27,369001,航空港区迎宾大道·交流充电站1号,15,1,8.94000000,0E-8,2.2.0
2015-07-27,369001,航空港区迎宾大道·交流充电站1号,17,1,4.69000000,0E-8,2.2.0
2015-07-27,369001,航空港区迎宾大道·交流充电站1号,18,1,4.45000000,0.24000000,2.2.0
2015-07-27,369001,航空港区迎宾大道·交流充电站1号,19,1,9.00000000,0.54000000,2.2.0
2015-07-27,474204,经开区航海东路·直流充电站3号,15,1,8.18000000,0E-8,2.2.0
2015-07-27,507660,中原区建设路·交直流充电站3号,18,1,0.30000000,0E-8,2.2.0
2015-07-27,562656,经开区航海东路·直流充电站4号,16,1,6.78000000,0E-8,2.2.0
2015-07-27,572249,二七区大学路·直流充电站3号,12,1,23.68000000,3.56000000,2.2.0
2015-07-27,638536,二七区淮河路·交直流充电站3号,11,1,9.92000000,0E-8,2.2.0
2015-07-27,728918,郑东新区金水东路·交直流充电站6号,11,1,18.13000000,0E-8,2.2.0
2015-07-27,861532,郑东新区CBD·交直流充电站1号,14,1,7.13000000,1.21000000,2.2.0
2015-07-27,871619,金水区花园路·直流充电站2号,9,1,23.68000000,0E-8,2.2.0
2015-07-27,987396,航空港区长安路·直流充电站3号,12,1,5.75000000,0E-8,2.2.0
2015-07-28,129465,高新区科学大道·交直流充电站1号,11,1,23.68000000,0E-8,2.2.0
2015-07-28,219054,金水区北三环·直流充电站1号,10,1,5.59000000,0E-8,2.2.0
2015-07-28,219054,金水区北三环·直流充电站1号,17,1,7.67000000,0E-8,2.2.0
2015-07-28,228137,上街区中心路·交直流充电站1号,11,1,5.61000000,0E-8,2.2.0
2015-07-28,228137,上街区中心路·交直流充电站1号,17,1,8.62000000,0E-8,2.2.0
2015-07-28,237105,高新区梧桐街·超充充电站1号,13,1,6.78000000,0E-8,2.2.0
2015-07-28,260408,经开区航海东路·直流充电站2号,13,1,23.68000000,0E-8,2.2.0
2015-07-28,260408,经开区航海东路·直流充电站2号,17,1,3.48000000,0E-8,2.2.0
2015-07-28,280221,经开区第八大街·交直流充电站2号,19,1,5.86000000,0E-8,2.2.0
2015-07-28,355208,经开区第八大街·交直流充电站3号,11,1,1.24000000,0.14000000,2.2.0
2015-07-28,369001,航空港区迎宾大道·交流充电站1号,10,1,1.41000000,0E-8,2.2.0
2015-07-28,369001,航空港区迎宾大道·交流充电站1号,15,1,4.14000000,0E-8,2.2.0
2015-07-28,371335,高新区科学大道·交直流充电站2号,14,1,5.32000000,0E-8,2.2.0
2015-07-28,386940,金水区北三环·直流充电站2号,15,1,23.68000000,0E-8,2.2.0
2015-07-28,474204,经开区航海东路·直流充电站3号,11,1,8.07000000,0E-8,2.2.0
2015-07-28,489543,二七区淮河路·交直流充电站1号,10,1,6.51000000,0E-8,2.2.0
2015-07-28,514669,二七区嵩山路·交直流充电站3号,11,1,8.89000000,0E-8,2.2.0
2015-07-28,569889,高新区科学大道·交直流充电站5号,15,1,3.24000000,0E-8,2.2.0
2015-07-28,653450,上街区中心路·交直流充电站3号,10,1,4.14000000,0E-8,2.2.0
2015-07-28,728918,郑东新区金水东路·交直流充电站6号,14,1,2.09000000,0E-8,2.2.0
2015-07-28,787792,高新区瑞达路·直流充电站7号,9,1,7.90000000,0E-8,2.2.0
2015-07-28,787792,高新区瑞达路·直流充电站7号,14,1,23.68000000,0E-8,2.2.0
2015-07-28,863084,管城区陇海路·超充充电站1号,12,1,23.68000000,0E-8,2.2.0
2015-07-28,875343,惠济区天河路·交流充电站1号,10,1,10.54000000,0.52000000,2.2.0
2015-07-28,944515,经开区第八大街·交直流充电站8号,10,1,5.12000000,0E-8,2.2.0
2015-07-28,955429,航空港区迎宾大道·交流充电站2号,17,1,1.21000000,0E-8,2.2.0
2015-08-01,129465,高新区科学大道·交直流充电站1号,12,1,0.52000000,0.44000000,2.2.0
2015-08-01,191826,经开区航海东路·直流充电站1号,13,1,4.35000000,0E-8,2.2.0
2015-08-01,207262,郑东新区金水东路·交直流充电站1号,9,1,3.31000000,0E-8,2.2.0
2015-08-01,207262,郑东新区金水东路·交直流充电站1号,11,1,3.80000000,0E-8,2.2.0
2015-08-01,236379,郑东新区金水东路·交直流充电站2号,16,1,3.39000000,0E-8,2.2.0
2015-08-01,349635,上街区中心路·交直流充电站2号,12,1,0.67000000,0E-8,2.2.0
2015-08-01,355208,经开区第八大街·交直流充电站3号,11,1,10.73000000,0E-8,2.2.0
2015-08-01,369001,航空港区迎宾大道·交流充电站1号,12,2,11.90000000,0E-8,2.2.0
2015-08-01,369001,航空港区迎宾大道·交流充电站1号,16,1,8.26000000,0E-8,2.2.0
2015-08-01,371335,高新区科学大道·交直流充电站2号,16,1,4.46000000,0E-8,2.2.0
2015-08-01,489543,二七区淮河路·交直流充电站1号,12,1,4.11000000,0E-8,2.2.0
2015-08-01,489543,二七区淮河路·交直流充电站1号,19,1,3.14000000,0E-8,2.2.0
2015-08-01,549414,高新区科学大道·交直流充电站4号,11,1,23.68000000,0E-8,2.2.0
2015-08-01,549414,高新区科学大道·交直流充电站4号,16,1,2.76000000,0.07000000,2.2.0
2015-08-01,562656,经开区航海东路·直流充电站4号,11,1,10.36000000,0E-8,2.2.0
2015-08-01,569889,高新区科学大道·交直流充电站5号,12,1,0.52000000,0E-8,2.2.0
2015-08-01,664306,二七区淮河路·交直流充电站4号,8,1,3.21000000,0E-8,2.2.0
2015-08-01,664306,二七区淮河路·交直流充电站4号,13,1,3.65000000,0.73000000,2.2.0
2015-08-01,758780,惠济区文化路·直流充电站3号,16,1,7.04000000,0E-8,2.2.0
2015-08-01,863084,管城区陇海路·超充充电站1号,9,1,23.68000000,0E-8,2.2.0
2015-08-01,871619,金水区花园路·直流充电站2号,16,1,4.47000000,0E-8,2.2.0
2015-08-01,946482,惠济区文化路·直流充电站4号,14,1,0.41000000,0E-8,2.2.0
2015-08-01,955429,航空港区迎宾大道·交流充电站2号,8,1,3.19000000,0E-8,2.2.0
2015-08-01,955429,航空港区迎宾大道·交流充电站2号,12,1,6.60000000,0E-8,2.2.0
2015-08-02,207262,郑东新区金水东路·交直流充电站1号,12,2,5.40000000,0E-8,2.2.0
2015-08-02,219054,金水区北三环·直流充电站1号,12,1,6.21000000,0E-8,2.2.0
2015-08-02,219054,金水区北三环·直流充电站1号,19,1,4.03000000,0E-8,2.2.0
2015-08-02,228137,上街区中心路·交直流充电站1号,12,1,0.26000000,0E-8,2.2.0
2015-08-02,236379,郑东新区金水东路·交直流充电站2号,16,1,9.71000000,0E-8,2.2.0
2015-08-02,237105,高新区梧桐街·超充充电站1号,19,1,1.84000000,0E-8,2.2.0
2015-08-02,280221,经开区第八大街·交直流充电站2号,12,1,5.53000000,0.54000000,2.2.0
2015-08-02,280221,经开区第八大街·交直流充电站2号,17,1,7.36000000,0E-8,2.2.0
2015-08-02,366832,航空港区长安路·直流充电站2号,10,1,10.07000000,0E-8,2.2.0
2015-08-02,366832,航空港区长安路·直流充电站2号,12,1,5.26000000,0E-8,2.2.0
2015-08-02,369001,航空港区迎宾大道·交流充电站1号,10,1,1.96000000,0E-8,2.2.0
2015-08-02,369001,航空港区迎宾大道·交流充电站1号,11,1,0.70000000,0E-8,2.2.0
2015-08-02,369001,航空港区迎宾大道·交流充电站1号,13,1,23.68000000,7.50000000,2.2.0
2015-08-02,369001,航空港区迎宾大道·交流充电站1号,18,1,9.90000000,0E-8,2.2.0
2015-08-02,405157,经开区第八大街·交直流充电站4号,12,1,10.21000000,0E-8,2.2.0
2015-08-02,414088,二七区嵩山路·交直流充电站2号,16,1,4.95000000,0.15000000,2.2.0
2015-08-02,425476,郑东新区金水东路·交直流充电站4号,13,1,8.94000000,0E-8,2.2.0
2015-08-02,445920,金水区花园路·直流充电站1号,18,1,10.47000000,0E-8,2.2.0
2015-08-02,474204,经开区航海东路·直流充电站3号,10,1,7.25000000,0E-8,2.2.0
2015-08-02,474204,经开区航海东路·直流充电站3号,11,1,3.59000000,0E-8,2.2.0
2015-08-02,474204,经开区航海东路·直流充电站3号,18,1,8.12000000,0.64000000,2.2.0
2015-08-02,489543,二七区淮河路·交直流充电站1号,17,1,0.28000000,0E-8,2.2.0
2015-08-02,514669,二七区嵩山路·交直流充电站3号,20,1,3.51000000,3.80000000,2.2.0
2015-08-02,569886,二七区淮河路·交直流充电站2号,14,1,0.73000000,0E-8,2.2.0
2015-08-02,594591,高新区科学大道·交直流充电站7号,15,1,23.68000000,0E-8,2.2.0
2015-08-02,653450,上街区中心路·交直流充电站3号,17,1,1.55000000,0E-8,2.2.0
2015-08-02,672450,中原区建设路·交直流充电站4号,11,1,4.72000000,0E-8,2.2.0
2015-08-02,801274,经开区第八大街·交直流充电站7号,16,1,6.27000000,0E-8,2.2.0
2015-08-02,818217,经开区经北六路·直流充电站2号,16,1,7.88000000,0E-8,2.2.0
2015-08-02,864630,高新区瑞达路·直流充电站8号,17,1,7.20000000,0E-8,2.2.0
2015-08-02,875343,惠济区天河路·交流充电站1号,18,1,1.34000000,0E-8,2.2.0
2015-08-02,891421,二七区大学路·直流充电站5号,11,1,18.57000000,0E-8,2.2.0
2015-08-02,914907,高新区瑞达路·直流充电站11号,17,1,1.55000000,0E-8,2.2.0
2015-08-02,932939,二七区淮河路·交直流充电站5号,17,1,23.68000000,0E-8,2.2.0
2015-08-02,955429,航空港区迎宾大道·交流充电站2号,16,1,4.58000000,0E-8,2.2.0
2015-08-02,955429,航空港区迎宾大道·交流充电站2号,18,1,7.24000000,0.37000000,2.2.0
2015-08-02,987396,航空港区长安路·直流充电站3号,10,1,0.39000000,0.01000000,2.2.0
2015-08-03,129465,高新区科学大道·交直流充电站1号,10,1,6.29000000,0E-8,2.2.0
2015-08-03,260408,经开区航海东路·直流充电站2号,16,1,17.74000000,0E-8,2.2.0
2015-08-03,260408,经开区航海东路·直流充电站2号,20,1,9.56000000,0E-8,2.2.0
2015-08-03,260781,中原区建设路·交直流充电站2号,12,1,9.51000000,0E-8,2.2.0
2015-08-03,355208,经开区第八大街·交直流充电站3号,11,1,5.12000000,0E-8,2.2.0
2015-08-03,366832,航空港区长安路·直流充电站2号,12,1,0.94000000,0E-8,2.2.0
2015-08-03,369001,航空港区迎宾大道·交流充电站1号,12,1,7.58000000,0E-8,2.2.0
2015-08-03,369001,航空港区迎宾大道·交流充电站1号,16,1,0.11000000,0.06000000,2.2.0
2015-08-03,369001,航空港区迎宾大道·交流充电站1号,19,1,5.87000000,0E-8,2.2.0
2015-08-03,371335,高新区科学大道·交直流充电站2号,17,1,1.28000000,0.63000000,2.2.0
2015-08-03,405157,经开区第八大街·交直流充电站4号,11,1,5.21000000,0E-8,2.2.0
2015-08-03,414088,二七区嵩山路·交直流充电站2号,12,1,6.67000000,7.50000000,2.2.0
2015-08-03,425476,郑东新区金水东路·交直流充电站4号,11,1,10.58000000,0E-8,2.2.0
2015-08-03,431796,高新区科学大道·交直流充电站3号,11,1,3.62000000,0E-8,2.2.0
2015-08-03,474204,经开区航海东路·直流充电站3号,17,1,5.17000000,0E-8,2.2.0
2015-08-03,474204,经开区航海东路·直流充电站3号,23,1,23.68000000,0E-8,2.2.0
2015-08-03,549414,高新区科学大道·交直流充电站4号,19,1,4.69000000,0E-8,2.2.0
2015-08-03,568071,二七区大学路·直流充电站2号,16,1,23.68000000,0E-8,2.2.0
2015-08-03,568071,二七区大学路·直流充电站2号,18,1,1.91000000,0E-8,2.2.0
2015-08-03,569889,高新区科学大道·交直流充电站5号,21,1,5.82000000,0E-8,2.2.0
2015-08-03,653450,上街区中心路·交直流充电站3号,12,1,5.71000000,0E-8,2.2.0
2015-08-03,653450,上街区中心路·交直流充电站3号,15,1,13.15000000,0E-8,2.2.0
2015-08-03,664306,二七区淮河路·交直流充电站4号,19,1,5.88000000,0E-8,2.2.0
2015-08-03,711566,郑东新区金水东路·交直流充电站5号,20,1,3.91000000,0E-8,2.2.0
2015-08-03,730023,中原区西三环·交流充电站2号,16,1,3.41000000,0E-8,2.2.0
2015-08-03,738900,经开区第八大街·交直流充电站6号,16,1,2.55000000,0E-8,2.2.0
2015-08-03,738900,经开区第八大街·交直流充电站6号,18,1,0.76000000,0E-8,2.2.0
2015-08-03,792421,中原区建设路·交直流充电站5号,17,1,7.04000000,0E-8,2.2.0
2015-08-03,878706,高新区科学大道·交直流充电站10号,9,1,2.16000000,0E-8,2.2.0
2015-08-03,878706,高新区科学大道·交直流充电站10号,16,1,3.54000000,0E-8,2.2.0
2015-08-03,878706,高新区科学大道·交直流充电站10号,19,1,8.45000000,3.08000000,2.2.0
2015-08-03,902592,二七区嵩山路·交直流充电站4号,11,1,4.13000000,0E-8,2.2.0
2015-08-03,932939,二七区淮河路·交直流充电站5号,14,1,11.20000000,0E-8,2.2.0
2015-08-03,955429,航空港区迎宾大道·交流充电站2号,18,1,2.70000000,0E-8,2.2.0
2015-08-03,987396,航空港区长安路·直流充电站3号,16,1,3.71000000,0E-8,2.2.0
2015-08-03,987396,航空港区长安路·直流充电站3号,20,1,10.33000000,0E-8,2.2.0
2015-08-04,129465,高新区科学大道·交直流充电站1号,13,1,6.20000000,0E-8,2.2.0
2015-08-04,236379,郑东新区金水东路·交直流充电站2号,11,1,0.16000000,0E-8,2.2.0
2015-08-04,237105,高新区梧桐街·超充充电站1号,9,1,9.32000000,0E-8,2.2.0
2015-08-04,237105,高新区梧桐街·超充充电站1号,13,1,3.99000000,0.12000000,2.2.0
2015-08-04,250527,经开区第八大街·交直流充电站1号,14,1,2.02000000,0E-8,2.2.0
2015-08-04,250527,经开区第八大街·交直流充电站1号,19,1,4.65000000,0E-8,2.2.0
2015-08-04,260408,经开区航海东路·直流充电站2号,12,1,8.93000000,0E-8,2.2.0
2015-08-04,260781,中原区建设路·交直流充电站2号,14,1,4.22000000,0E-8,2.2.0
2015-08-04,280415,惠济区文化路·直流充电站1号,15,1,6.52000000,0E-8,2.2.0
2015-08-04,355208,经开区第八大街·交直流充电站3号,11,1,3.72000000,0E-8,2.2.0
2015-08-04,355208,经开区第八大街·交直流充电站3号,13,1,8.88000000,0E-8,2.2.0
2015-08-04,369001,航空港区迎宾大道·交流充电站1号,10,1,1.65000000,0E-8,2.2.0
2015-08-04,369001,航空港区迎宾大道·交流充电站1号,12,1,6.41000000,0E-8,2.2.0
2015-08-04,369001,航空港区迎宾大道·交流充电站1号,16,1,1.61000000,0E-8,2.2.0
2015-08-04,369001,航空港区迎宾大道·交流充电站1号,17,1,23.68000000,4.85000000,2.2.0
2015-08-04,369001,航空港区迎宾大道·交流充电站1号,20,1,3.30000000,0E-8,2.2.0
2015-08-04,371335,高新区科学大道·交直流充电站2号,17,1,5.29000000,0E-8,2.2.0
2015-08-04,425476,郑东新区金水东路·交直流充电站4号,13,1,3.39000000,0E-8,2.2.0
2015-08-04,474204,经开区航海东路·直流充电站3号,9,1,6.40000000,0E-8,2.2.0
2015-08-04,474204,经开区航海东路·直流充电站3号,12,1,2.33000000,0E-8,2.2.0
2015-08-04,474204,经开区航海东路·直流充电站3号,13,1,12.11000000,0E-8,2.2.0
2015-08-04,474204,经开区航海东路·直流充电站3号,16,1,4.26000000,0E-8,2.2.0
2015-08-04,481613,高新区瑞达路·直流充电站3号,14,1,4.80000000,0E-8,2.2.0
2015-08-04,507660,中原区建设路·交直流充电站3号,13,1,1.51000000,0E-8,2.2.0
2015-08-04,514669,二七区嵩山路·交直流充电站3号,13,1,0.87000000,0E-8,2.2.0
2015-08-04,517464,二七区大学路·直流充电站1号,17,1,9.36000000,0E-8,2.2.0
2015-08-04,549414,高新区科学大道·交直流充电站4号,17,1,23.68000000,0E-8,2.2.0
2015-08-04,562656,经开区航海东路·直流充电站4号,12,1,5.39000000,0E-8,2.2.0
2015-08-04,568071,二七区大学路·直流充电站2号,13,1,6.42000000,0E-8,2.2.0
2015-08-04,572249,二七区大学路·直流充电站3号,16,1,4.30000000,0E-8,2.2.0
2015-08-04,575971,高新区梧桐街·超充充电站2号,12,1,2.73000000,0E-8,2.2.0
2015-08-04,582873,高新区科学大道·交直流充电站6号,11,1,3.77000000,0E-8,2.2.0
2015-08-04,653450,上街区中心路·交直流充电站3号,11,1,6.58000000,0E-8,2.2.0
2015-08-04,664306,二七区淮河路·交直流充电站4号,12,1,6.70000000,7.50000000,2.2.0
2015-08-04,664306,二七区淮河路·交直流充电站4号,17,1,23.68000000,0E-8,2.2.0
2015-08-04,672450,中原区建设路·交直流充电站4号,14,1,3.06000000,0E-8,2.2.0
2015-08-04,728918,郑东新区金水东路·交直流充电站6号,10,1,3.44000000,2.49000000,2.2.0
2015-08-04,874950,金水区北三环·直流充电站3号,15,1,7.50000000,0E-8,2.2.0
2015-08-04,891421,二七区大学路·直流充电站5号,11,1,5.24000000,0E-8,2.2.0
2015-08-04,944515,经开区第八大街·交直流充电站8号,12,1,7.40000000,0E-8,2.2.0
2015-08-04,955429,航空港区迎宾大道·交流充电站2号,14,1,5.56000000,0E-8,2.2.0
2015-08-04,955429,航空港区迎宾大道·交流充电站2号,17,1,6.32000000,0E-8,2.2.0
2015-08-04,955429,航空港区迎宾大道·交流充电站2号,18,1,5.66000000,0E-8,2.2.0
2015-08-04,987396,航空港区长安路·直流充电站3号,11,1,4.72000000,0E-8,2.2.0
2015-08-04,995505,二七区淮河路·交直流充电站6号,10,1,4.51000000,0E-8,2.2.0
2015-08-05,207262,郑东新区金水东路·交直流充电站1号,13,1,23.68000000,2.12000000,2.2.0
2015-08-05,236379,郑东新区金水东路·交直流充电站2号,11,1,2.60000000,0E-8,2.2.0
2015-08-05,237105,高新区梧桐街·超充充电站1号,11,1,10.81000000,0E-8,2.2.0
2015-08-05,250527,经开区第八大街·交直流充电站1号,12,1,4.20000000,0E-8,2.2.0
2015-08-05,250527,经开区第八大街·交直流充电站1号,16,1,3.32000000,0E-8,2.2.0
2015-08-05,260781,中原区建设路·交直流充电站2号,10,1,23.68000000,0E-8,2.2.0
2015-08-05,260781,中原区建设路·交直流充电站2号,13,1,3.06000000,0E-8,2.2.0
2015-08-05,366832,航空港区长安路·直流充电站2号,20,1,8.92000000,0E-8,2.2.0
2015-08-05,369001,航空港区迎宾大道·交流充电站1号,12,3,17.70000000,0E-8,2.2.0
2015-08-05,369001,航空港区迎宾大道·交流充电站1号,19,1,6.93000000,0E-8,2.2.0
2015-08-05,371335,高新区科学大道·交直流充电站2号,12,1,9.33000000,0E-8,2.2.0
2015-08-05,405157,经开区第八大街·交直流充电站4号,16,1,8.53000000,0E-8,2.2.0
2015-08-05,474204,经开区航海东路·直流充电站3号,18,1,3.43000000,0E-8,2.2.0
2015-08-05,549414,高新区科学大道·交直流充电站4号,17,1,3.10000000,0E-8,2.2.0
2015-08-05,549414,高新区科学大道·交直流充电站4号,18,1,9.76000000,0E-8,2.2.0
2015-08-05,569886,二七区淮河路·交直流充电站2号,18,1,7.02000000,0E-8,2.2.0
2015-08-05,575971,高新区梧桐街·超充充电站2号,12,1,5.40000000,0E-8,2.2.0
2015-08-05,594591,高新区科学大道·交直流充电站7号,17,1,0.06000000,0E-8,2.2.0
2015-08-05,728918,郑东新区金水东路·交直流充电站6号,8,1,23.68000000,0E-8,2.2.0
2015-08-05,728918,郑东新区金水东路·交直流充电站6号,9,1,7.94000000,0E-8,2.2.0
2015-08-05,801274,经开区第八大街·交直流充电站7号,13,2,7.74000000,0E-8,2.2.0
2015-08-05,863084,管城区陇海路·超充充电站1号,9,1,5.84000000,0E-8,2.2.0
2015-08-05,878706,高新区科学大道·交直流充电站10号,13,1,4.72000000,0E-8,2.2.0
2015-08-05,920264,高新区科学大道·交直流充电站11号,10,1,6.64000000,0E-8,2.2.0
2015-08-05,920264,高新区科学大道·交直流充电站11号,14,1,1.21000000,0E-8,2.2.0
2015-08-05,943765,高新区科学大道·交直流充电站12号,9,1,13.93000000,0E-8,2.2.0
2015-08-05,955429,航空港区迎宾大道·交流充电站2号,17,1,4.22000000,0E-8,2.2.0
2015-08-05,955429,航空港区迎宾大道·交流充电站2号,18,1,9.25000000,0E-8,2.2.0
2015-08-05,987396,航空港区长安路·直流充电站3号,15,1,4.11000000,0E-8,2.2.0
2015-08-06,131897,二七区嵩山路·交直流充电站1号,19,1,9.47000000,0E-8,2.2.0
2015-08-06,219054,金水区北三环·直流充电站1号,10,1,23.68000000,0E-8,2.2.0
2015-08-06,219054,金水区北三环·直流充电站1号,11,1,6.11000000,0.46000000,2.2.0
2015-08-06,228137,上街区中心路·交直流充电站1号,16,1,7.33000000,0E-8,2.2.0
2015-08-06,250527,经开区第八大街·交直流充电站1号,5,1,3.65000000,0E-8,2.2.0
2015-08-06,250527,经开区第八大街·交直流充电站1号,14,1,11.78000000,0E-8,2.2.0
2015-08-06,280221,经开区第八大街·交直流充电站2号,18,1,4.51000000,0E-8,2.2.0
2015-08-06,369001,航空港区迎宾大道·交流充电站1号,17,1,4.25000000,0E-8,2.2.0
2015-08-06,445920,金水区花园路·直流充电站1号,16,1,6.94000000,0E-8,2.2.0
2015-08-06,474204,经开区航海东路·直流充电站3号,9,1,19.21000000,1.44000000,2.2.0
2015-08-06,474204,经开区航海东路·直流充电站3号,17,1,1.32000000,2.72000000,2.2.0
2015-08-06,474204,经开区航海东路·直流充电站3号,19,1,6.80000000,0E-8,2.2.0
2015-08-06,517464,二七区大学路·直流充电站1号,10,1,1.92000000,0E-8,2.2.0
2015-08-06,569886,二七区淮河路·交直流充电站2号,11,1,7.08000000,0E-8,2.2.0
2015-08-06,575971,高新区梧桐街·超充充电站2号,9,1,8.12000000,0E-8,2.2.0
2015-08-06,575971,高新区梧桐街·超充充电站2号,11,1,8.52000000,0E-8,2.2.0
2015-08-06,575971,高新区梧桐街·超充充电站2号,16,1,3.58000000,0E-8,2.2.0
2015-08-06,582873,高新区科学大道·交直流充电站6号,17,1,3.82000000,0E-8,2.2.0
2015-08-06,801274,经开区第八大街·交直流充电站7号,10,1,4.71000000,0E-8,2.2.0
2015-08-06,801274,经开区第八大街·交直流充电站7号,14,1,6.33000000,0E-8,2.2.0
2015-08-06,863084,管城区陇海路·超充充电站1号,16,1,6.80000000,0E-8,2.2.0
2015-08-06,911231,中原区建设路·交直流充电站6号,10,1,7.20000000,0E-8,2.2.0
2015-08-06,920264,高新区科学大道·交直流充电站11号,11,1,8.16000000,0E-8,2.2.0
2015-08-06,955429,航空港区迎宾大道·交流充电站2号,10,1,23.68000000,0E-8,2.2.0
2015-08-06,955429,航空港区迎宾大道·交流充电站2号,16,1,10.18000000,0E-8,2.2.0
2015-08-06,987396,航空港区长安路·直流充电站3号,9,1,4.95000000,0E-8,2.2.0
2015-08-07,191826,经开区航海东路·直流充电站1号,16,1,4.09000000,0E-8,2.2.0
2015-08-07,219054,金水区北三环·直流充电站1号,11,1,8.52000000,0E-8,2.2.0
2015-08-07,219054,金水区北三环·直流充电站1号,12,1,3.90000000,0E-8,2.2.0
2015-08-07,250527,经开区第八大街·交直流充电站1号,10,1,9.22000000,0E-8,2.2.0
2015-08-07,250527,经开区第八大街·交直流充电站1号,18,1,4.98000000,0.33000000,2.2.0
2015-08-07,265601,中原区西三环·交流充电站1号,15,1,5.91000000,0.57000000,2.2.0
2015-08-07,280221,经开区第八大街·交直流充电站2号,17,1,5.31000000,0E-8,2.2.0
2015-08-07,280221,经开区第八大街·交直流充电站2号,19,1,4.24000000,0E-8,2.2.0
2015-08-07,369001,航空港区迎宾大道·交流充电站1号,11,1,4.85000000,0E-8,2.2.0
2015-08-07,369001,航空港区迎宾大道·交流充电站1号,12,2,8.11000000,3.44000000,2.2.0
2015-08-07,369001,航空港区迎宾大道·交流充电站1号,18,1,23.68000000,2.39000000,2.2.0
2015-08-07,386940,金水区北三环·直流充电站2号,13,1,4.01000000,0E-8,2.2.0
2015-08-07,445920,金水区花园路·直流充电站1号,15,1,5.99000000,0E-8,2.2.0
2015-08-07,474204,经开区航海东路·直流充电站3号,10,1,3.18000000,0E-8,2.2.0
2015-08-07,474204,经开区航海东路·直流充电站3号,11,1,9.30000000,0.70000000,2.2.0
2015-08-07,474204,经开区航海东路·直流充电站3号,12,1,1.52000000,0E-8,2.2.0
2015-08-07,638536,二七区淮河路·交直流充电站3号,13,1,8.12000000,0.36000000,2.2.0
2015-08-07,664306,二七区淮河路·交直流充电站4号,15,1,4.30000000,0.21000000,2.2.0
2015-08-07,792421,中原区建设路·交直流充电站5号,12,1,7.44000000,0E-8,2.2.0
2015-08-07,871619,金水区花园路·直流充电站2号,12,1,8.76000000,0E-8,2.2.0
2015-08-07,871619,金水区花园路·直流充电站2号,16,1,6.13000000,0E-8,2.2.0
2015-08-07,875343,惠济区天河路·交流充电站1号,14,1,23.68000000,0E-8,2.2.0
2015-08-07,884707,高新区瑞达路·直流充电站9号,10,1,4.72000000,0E-8,2.2.0
2015-08-07,911231,中原区建设路·交直流充电站6号,9,1,6.50000000,0E-8,2.2.0
2015-08-07,920264,高新区科学大道·交直流充电站11号,13,1,5.75000000,0E-8,2.2.0
2015-08-07,932939,二七区淮河路·交直流充电站5号,10,1,5.11000000,0E-8,2.2.0
2015-08-07,944515,经开区第八大街·交直流充电站8号,16,1,9.15000000,0E-8,2.2.0
2015-08-07,944575,郑东新区金水东路·交直流充电站8号,10,1,4.72000000,0E-8,2.2.0
2015-08-07,955429,航空港区迎宾大道·交流充电站2号,10,1,0.90000000,0E-8,2.2.0
2015-08-07,955429,航空港区迎宾大道·交流充电站2号,11,1,7.55000000,0E-8,2.2.0
2015-08-07,955429,航空港区迎宾大道·交流充电站2号,19,1,3.15000000,0E-8,2.2.0
2015-08-07,987396,航空港区长安路·直流充电站3号,16,1,5.35000000,0E-8,2.2.0
2015-08-07,987396,航空港区长安路·直流充电站3号,17,1,3.98000000,0E-8,2.2.0
2015-08-08,228137,上街区中心路·交直流充电站1号,10,1,8.12000000,0E-8,2.2.0
2015-08-08,228137,上街区中心路·交直流充电站1号,15,1,7.46000000,1.30000000,2.2.0
2015-08-08,366832,航空港区长安路·直流充电站2号,17,1,1.13000000,0E-8,2.2.0
2015-08-08,369001,航空港区迎宾大道·交流充电站1号,13,1,8.70000000,0E-8,2.2.0
2015-08-08,369001,航空港区迎宾大道·交流充电站1号,17,1,2.92000000,0E-8,2.2.0
2015-08-08,369001,航空港区迎宾大道·交流充电站1号,18,1,0.61000000,0E-8,2.2.0
2015-08-08,371335,高新区科学大道·交直流充电站2号,10,1,23.59000000,0E-8,2.2.0
2015-08-08,405157,经开区第八大街·交直流充电站4号,14,1,2.76000000,0E-8,2.2.0
2015-08-08,405157,经开区第八大街·交直流充电站4号,15,1,7.12000000,0E-8,2.2.0
2015-08-08,474204,经开区航海东路·直流充电站3号,13,2,12.66000000,0.46000000,2.2.0
2015-08-08,540225,高新区瑞达路·直流充电站5号,12,1,2.30000000,0E-8,2.2.0
2015-08-08,540225,高新区瑞达路·直流充电站5号,15,1,4.93000000,0E-8,2.2.0
2015-08-08,568071,二七区大学路·直流充电站2号,13,1,9.44000000,0.85000000,2.2.0
2015-08-08,569886,二七区淮河路·交直流充电站2号,15,1,7.23000000,0E-8,2.2.0
2015-08-08,569889,高新区科学大道·交直流充电站5号,10,1,6.25000000,0E-8,2.2.0
2015-08-08,582873,高新区科学大道·交直流充电站6号,13,1,23.68000000,0E-8,2.2.0
2015-08-08,638536,二七区淮河路·交直流充电站3号,18,1,5.74000000,1.11000000,2.2.0
2015-08-08,664306,二七区淮河路·交直流充电站4号,15,1,6.10000000,0E-8,2.2.0
2015-08-08,672450,中原区建设路·交直流充电站4号,8,1,3.12000000,4.48000000,2.2.0
2015-08-08,738900,经开区第八大街·交直流充电站6号,16,1,23.68000000,0E-8,2.2.0
2015-08-08,864630,高新区瑞达路·直流充电站8号,17,1,2.97000000,0E-8,2.2.0
2015-08-08,891421,二七区大学路·直流充电站5号,17,1,6.75000000,0E-8,2.2.0
2015-08-08,902592,二七区嵩山路·交直流充电站4号,16,1,3.16000000,0E-8,2.2.0
2015-08-08,914305,高新区瑞达路·直流充电站10号,21,1,4.95000000,0E-8,2.2.0
2015-08-08,932939,二七区淮河路·交直流充电站5号,18,1,23.68000000,0E-8,2.2.0
2015-08-08,932939,二七区淮河路·交直流充电站5号,19,1,6.74000000,0E-8,2.2.0
2015-08-08,944515,经开区第八大街·交直流充电站8号,12,1,23.68000000,2.65000000,2.2.0
2015-08-08,944515,经开区第八大街·交直流充电站8号,16,1,0.45000000,0E-8,2.2.0
2015-08-08,987396,航空港区长安路·直流充电站3号,12,1,3.70000000,0E-8,2.2.0
2015-08-09,131897,二七区嵩山路·交直流充电站1号,9,1,3.43000000,0E-8,2.2.0
2015-08-09,219054,金水区北三环·直流充电站1号,16,1,23.68000000,0E-8,2.2.0
2015-08-09,219054,金水区北三环·直流充电站1号,18,1,11.58000000,0E-8,2.2.0
2015-08-09,236840,郑东新区东风东路·交直流充电站2号,12,1,4.75000000,0E-8,2.2.0
2015-08-09,237105,高新区梧桐街·超充充电站1号,16,1,9.99000000,0E-8,2.2.0
2015-08-09,250527,经开区第八大街·交直流充电站1号,10,1,23.68000000,7.50000000,2.2.0
2015-08-09,280221,经开区第八大街·交直流充电站2号,13,1,6.02000000,0E-8,2.2.0
2015-08-09,366832,航空港区长安路·直流充电站2号,12,1,4.71000000,0E-8,2.2.0
2015-08-09,369001,航空港区迎宾大道·交流充电站1号,11,1,3.06000000,0.31000000,2.2.0
2015-08-09,369001,航空港区迎宾大道·交流充电站1号,12,1,10.78000000,0E-8,2.2.0
2015-08-09,371335,高新区科学大道·交直流充电站2号,17,1,11.15000000,0E-8,2.2.0
2015-08-09,371335,高新区科学大道·交直流充电站2号,18,1,0.36000000,0E-8,2.2.0
2015-08-09,425476,郑东新区金水东路·交直流充电站4号,10,1,3.89000000,0E-8,2.2.0
2015-08-09,517464,二七区大学路·直流充电站1号,14,1,4.06000000,0E-8,2.2.0
2015-08-09,568071,二七区大学路·直流充电站2号,19,1,2.09000000,0E-8,2.2.0
2015-08-09,569886,二七区淮河路·交直流充电站2号,8,1,11.04000000,0E-8,2.2.0
2015-08-09,569889,高新区科学大道·交直流充电站5号,17,1,10.63000000,0E-8,2.2.0
2015-08-09,575971,高新区梧桐街·超充充电站2号,17,1,2.14000000,0E-8,2.2.0
2015-08-09,632920,高新区科学大道·交直流充电站9号,13,1,6.80000000,0E-8,2.2.0
2015-08-09,653450,上街区中心路·交直流充电站3号,11,1,8.80000000,0E-8,2.2.0
2015-08-09,653450,上街区中心路·交直流充电站3号,17,1,5.61000000,0E-8,2.2.0
2015-08-09,664306,二七区淮河路·交直流充电站4号,10,1,7.37000000,0E-8,2.2.0
2015-08-09,693651,上街区中心路·交直流充电站4号,17,1,23.68000000,0E-8,2.2.0
2015-08-09,730023,中原区西三环·交流充电站2号,13,1,8.92000000,0E-8,2.2.0
2015-08-09,803398,二七区大学路·直流充电站4号,9,1,9.95000000,0E-8,2.2.0
2015-08-09,861532,郑东新区CBD·交直流充电站1号,16,1,2.41000000,0E-8,2.2.0
2015-08-09,863084,管城区陇海路·超充充电站1号,13,1,7.23000000,0E-8,2.2.0
2015-08-09,884707,高新区瑞达路·直流充电站9号,15,1,2.44000000,0E-8,2.2.0
2015-08-09,902592,二七区嵩山路·交直流充电站4号,11,1,11.87000000,0E-8,2.2.0
2015-08-09,944515,经开区第八大街·交直流充电站8号,12,1,1.86000000,0E-8,2.2.0
2015-08-09,955429,航空港区迎宾大道·交流充电站2号,16,1,7.08000000,0E-8,2.2.0
2015-08-09,987396,航空港区长安路·直流充电站3号,10,1,15.13000000,0E-8,2.2.0
2015-08-09,995505,二七区淮河路·交直流充电站6号,16,1,7.69000000,0E-8,2.2.0
2015-08-10,228137,上街区中心路·交直流充电站1号,11,2,9.50000000,0.20000000,2.2.0
2015-08-10,250527,经开区第八大街·交直流充电站1号,17,1,3.57000000,5.69000000,2.2.0
2015-08-10,250527,经开区第八大街·交直流充电站1号,18,1,5.83000000,0E-8,2.2.0
2015-08-10,260781,中原区建设路·交直流充电站2号,12,1,4.89000000,0E-8,2.2.0
2015-08-10,280221,经开区第八大街·交直流充电站2号,16,1,23.68000000,0E-8,2.2.0
2015-08-10,369001,航空港区迎宾大道·交流充电站1号,11,1,8.85000000,0.85000000,2.2.0
2015-08-10,369001,航空港区迎宾大道·交流充电站1号,16,1,1.64000000,0E-8,2.2.0
2015-08-10,369001,航空港区迎宾大道·交流充电站1号,19,1,3.46000000,0E-8,2.2.0
2015-08-10,414088,二七区嵩山路·交直流充电站2号,19,1,23.68000000,0E-8,2.2.0
2015-08-10,474204,经开区航海东路·直流充电站3号,9,1,4.23000000,0E-8,2.2.0
2015-08-10,474204,经开区航海东路·直流充电站3号,12,1,0.23000000,0E-8,2.2.0
2015-08-10,474204,经开区航海东路·直流充电站3号,13,1,3.25000000,0E-8,2.2.0
2015-08-10,549414,高新区科学大道·交直流充电站4号,11,1,23.68000000,0E-8,2.2.0
2015-08-10,569886,二七区淮河路·交直流充电站2号,18,1,9.00000000,0E-8,2.2.0
2015-08-10,569889,高新区科学大道·交直流充电站5号,13,2,3.22000000,0E-8,2.2.0
2015-08-10,632920,高新区科学大道·交直流充电站9号,10,1,7.67000000,0E-8,2.2.0
2015-08-10,643012,金水区经三路·交直流充电站1号,16,1,4.52000000,0E-8,2.2.0
2015-08-10,653450,上街区中心路·交直流充电站3号,12,1,9.80000000,0E-8,2.2.0
2015-08-10,653450,上街区中心路·交直流充电站3号,13,1,2.07000000,0E-8,2.2.0
2015-08-10,738900,经开区第八大街·交直流充电站6号,8,1,1.29000000,0E-8,2.2.0
2015-08-10,738900,经开区第八大街·交直流充电站6号,18,1,5.85000000,0E-8,2.2.0
2015-08-10,782629,金水区经三路·交直流充电站3号,12,1,4.49000000,0E-8,2.2.0
2015-08-10,801274,经开区第八大街·交直流充电站7号,15,1,2.29000000,0E-8,2.2.0
2015-08-10,803398,二七区大学路·直流充电站4号,16,1,6.54000000,0E-8,2.2.0
2015-08-10,911231,中原区建设路·交直流充电站6号,16,1,2.76000000,0E-8,2.2.0
2015-08-10,943765,高新区科学大道·交直流充电站12号,12,1,23.68000000,0E-8,2.2.0
2015-08-11,129465,高新区科学大道·交直流充电站1号,15,1,3.49000000,0E-8,2.2.0
2015-08-11,207262,郑东新区金水东路·交直流充电站1号,10,1,13.86000000,0E-8,2.2.0
2015-08-11,207262,郑东新区金水东路·交直流充电站1号,15,2,26.88000000,0E-8,2.2.0
2015-08-11,207262,郑东新区金水东路·交直流充电站1号,16,1,4.13000000,0E-8,2.2.0
2015-08-11,228137,上街区中心路·交直流充电站1号,13,1,8.77000000,0E-8,2.2.0
2015-08-11,250527,经开区第八大街·交直流充电站1号,8,1,7.88000000,0E-8,2.2.0
2015-08-11,349635,上街区中心路·交直流充电站2号,10,1,0.65000000,0E-8,2.2.0
2015-08-11,369001,航空港区迎宾大道·交流充电站1号,11,2,27.59000000,0E-8,2.2.0
2015-08-11,369001,航空港区迎宾大道·交流充电站1号,12,1,3.50000000,0E-8,2.2.0
2015-08-11,369001,航空港区迎宾大道·交流充电站1号,16,2,14.54000000,0E-8,2.2.0
2015-08-11,371335,高新区科学大道·交直流充电站2号,17,1,7.04000000,0E-8,2.2.0
2015-08-11,405157,经开区第八大街·交直流充电站4号,13,3,12.51000000,0E-8,2.2.0
2015-08-11,405157,经开区第八大街·交直流充电站4号,17,1,3.78000000,0E-8,2.2.0
2015-08-11,414088,二七区嵩山路·交直流充电站2号,16,1,2.76000000,0E-8,2.2.0
2015-08-11,445920,金水区花园路·直流充电站1号,15,1,2.47000000,0E-8,2.2.0
2015-08-11,474204,经开区航海东路·直流充电站3号,12,1,6.92000000,0E-8,2.2.0
2015-08-11,474204,经开区航海东路·直流充电站3号,15,1,4.92000000,0.66000000,2.2.0
2015-08-11,474204,经开区航海东路·直流充电站3号,16,1,4.22000000,0E-8,2.2.0
2015-08-11,474204,经开区航海东路·直流充电站3号,20,1,3.27000000,0E-8,2.2.0
2015-08-11,569889,高新区科学大道·交直流充电站5号,10,1,6.06000000,0E-8,2.2.0
2015-08-11,572249,二七区大学路·直流充电站3号,17,1,5.03000000,0E-8,2.2.0
2015-08-11,575971,高新区梧桐街·超充充电站2号,16,1,10.10000000,0E-8,2.2.0
2015-08-11,575971,高新区梧桐街·超充充电站2号,18,1,6.93000000,0E-8,2.2.0
2015-08-11,638536,二七区淮河路·交直流充电站3号,17,1,7.48000000,0E-8,2.2.0
2015-08-11,672450,中原区建设路·交直流充电站4号,11,1,0.71000000,0E-8,2.2.0
2015-08-11,711566,郑东新区金水东路·交直流充电站5号,11,1,10.71000000,0.84000000,2.2.0
2015-08-11,728918,郑东新区金水东路·交直流充电站6号,13,1,23.68000000,0E-8,2.2.0
2015-08-11,728918,郑东新区金水东路·交直流充电站6号,16,1,6.58000000,0E-8,2.2.0
2015-08-11,738900,经开区第八大街·交直流充电站6号,17,1,2.19000000,0E-8,2.2.0
2015-08-11,878706,高新区科学大道·交直流充电站10号,9,1,5.36000000,0E-8,2.2.0
2015-08-11,920264,高新区科学大道·交直流充电站11号,11,1,8.04000000,0E-8,2.2.0
2015-08-11,932939,二七区淮河路·交直流充电站5号,16,1,6.37000000,0E-8,2.2.0
2015-08-11,955429,航空港区迎宾大道·交流充电站2号,9,1,6.97000000,0.56000000,2.2.0
2015-08-11,955429,航空港区迎宾大道·交流充电站2号,10,1,2.92000000,0.39000000,2.2.0
2015-08-11,987396,航空港区长安路·直流充电站3号,11,1,3.37000000,0.27000000,2.2.0
2015-08-12,219054,金水区北三环·直流充电站1号,11,1,3.26000000,0E-8,2.2.0
2015-08-12,228137,上街区中心路·交直流充电站1号,11,1,7.41000000,0E-8,2.2.0
2015-08-12,228137,上街区中心路·交直流充电站1号,17,1,5.95000000,0E-8,2.2.0
2015-08-12,250527,经开区第八大街·交直流充电站1号,9,2,8.07000000,0E-8,2.2.0
2015-08-12,260408,经开区航海东路·直流充电站2号,9,1,23.68000000,0E-8,2.2.0
2015-08-12,369001,航空港区迎宾大道·交流充电站1号,14,1,5.54000000,0E-8,2.2.0
2015-08-12,369001,航空港区迎宾大道·交流充电站1号,19,1,23.68000000,0E-8,2.2.0
2015-08-12,474204,经开区航海东路·直流充电站3号,10,1,6.95000000,0E-8,2.2.0
2015-08-12,568071,二七区大学路·直流充电站2号,9,1,2.80000000,0E-8,2.2.0
2015-08-12,575971,高新区梧桐街·超充充电站2号,16,1,10.66000000,0E-8,2.2.0
2015-08-12,653450,上街区中心路·交直流充电站3号,17,1,4.37000000,0E-8,2.2.0
2015-08-12,653450,上街区中心路·交直流充电站3号,18,1,0.95000000,0.15000000,2.2.0
2015-08-12,801274,经开区第八大街·交直流充电站7号,17,1,0.87000000,0E-8,2.2.0
2015-08-12,863084,管城区陇海路·超充充电站1号,16,1,10.97000000,1.99000000,2.2.0
2015-08-12,875343,惠济区天河路·交流充电站1号,9,1,3.57000000,0E-8,2.2.0
2015-08-12,878706,高新区科学大道·交直流充电站10号,16,2,7.97000000,15.00000000,2.2.0
2015-08-12,878706,高新区科学大道·交直流充电站10号,17,1,8.62000000,0E-8,2.2.0
2015-08-12,902592,二七区嵩山路·交直流充电站4号,11,1,6.38000000,0E-8,2.2.0
2015-08-12,902592,二七区嵩山路·交直流充电站4号,20,1,3.17000000,0E-8,2.2.0
2015-08-12,955429,航空港区迎宾大道·交流充电站2号,15,1,0.95000000,0E-8,2.2.0
2015-08-12,955429,航空港区迎宾大道·交流充电站2号,17,1,4.52000000,0.69000000,2.2.0
2015-08-12,955429,航空港区迎宾大道·交流充电站2号,20,1,23.68000000,7.50000000,2.2.0
2015-08-13,129465,高新区科学大道·交直流充电站1号,15,1,10.55000000,0E-8,2.2.0
2015-08-13,131897,二七区嵩山路·交直流充电站1号,17,1,4.54000000,0E-8,2.2.0
2015-08-13,200695,中原区建设路·交直流充电站1号,17,1,11.61000000,0E-8,2.2.0
2015-08-13,207262,郑东新区金水东路·交直流充电站1号,11,1,4.25000000,0E-8,2.2.0
2015-08-13,219054,金水区北三环·直流充电站1号,18,1,8.77000000,0E-8,2.2.0
2015-08-13,228137,上街区中心路·交直流充电站1号,17,1,2.17000000,0E-8,2.2.0
2015-08-13,250527,经开区第八大街·交直流充电站1号,10,1,4.96000000,0E-8,2.2.0
2015-08-13,280221,经开区第八大街·交直流充电站2号,14,1,7.68000000,0E-8,2.2.0
2015-08-13,349635,上街区中心路·交直流充电站2号,10,1,6.56000000,4.51000000,2.2.0
2015-08-13,369001,航空港区迎宾大道·交流充电站1号,10,1,3.72000000,0E-8,2.2.0
2015-08-13,369001,航空港区迎宾大道·交流充电站1号,16,1,6.65000000,0E-8,2.2.0
2015-08-13,369001,航空港区迎宾大道·交流充电站1号,17,1,5.79000000,1.07000000,2.2.0
2015-08-13,404112,惠济区文化路·直流充电站2号,13,1,7.44000000,0E-8,2.2.0
2015-08-13,405157,经开区第八大街·交直流充电站4号,10,1,5.45000000,0E-8,2.2.0
2015-08-13,414088,二七区嵩山路·交直流充电站2号,11,1,2.65000000,0E-8,2.2.0
2015-08-13,414088,二七区嵩山路·交直流充电站2号,17,1,9.53000000,0E-8,2.2.0
2015-08-13,425476,郑东新区金水东路·交直流充电站4号,11,1,3.82000000,0E-8,2.2.0
2015-08-13,445920,金水区花园路·直流充电站1号,12,1,2.56000000,0E-8,2.2.0
2015-08-13,474204,经开区航海东路·直流充电站3号,10,1,6.86000000,0.20000000,2.2.0
2015-08-13,474204,经开区航海东路·直流充电站3号,13,1,0.86000000,0E-8,2.2.0
2015-08-13,474204,经开区航海东路·直流充电站3号,19,1,5.52000000,7.50000000,2.2.0
2015-08-13,568071,二七区大学路·直流充电站2号,18,1,5.53000000,0E-8,2.2.0
2015-08-13,569886,二七区淮河路·交直流充电站2号,13,1,23.68000000,0E-8,2.2.0
2015-08-13,632920,高新区科学大道·交直流充电站9号,17,1,6.55000000,0E-8,2.2.0
2015-08-13,653450,上街区中心路·交直流充电站3号,16,1,23.68000000,3.08000000,2.2.0
2015-08-13,728918,郑东新区金水东路·交直流充电站6号,11,1,6.07000000,0E-8,2.2.0
2015-08-13,730023,中原区西三环·交流充电站2号,16,1,1.25000000,0.09000000,2.2.0
2015-08-13,818217,经开区经北六路·直流充电站2号,12,1,2.79000000,0E-8,2.2.0
2015-08-13,863084,管城区陇海路·超充充电站1号,12,1,12.03000000,1.05000000,2.2.0
2015-08-13,875343,惠济区天河路·交流充电站1号,10,1,2.35000000,0E-8,2.2.0
2015-08-13,878706,高新区科学大道·交直流充电站10号,11,2,29.01000000,1.85000000,2.2.0
2015-08-13,902592,二七区嵩山路·交直流充电站4号,18,1,4.97000000,0E-8,2.2.0
2015-08-13,944575,郑东新区金水东路·交直流充电站8号,11,1,1.79000000,0E-8,2.2.0
2015-08-13,951880,二七区大学路·直流充电站6号,9,1,23.68000000,0E-8,2.2.0
2015-08-13,955429,航空港区迎宾大道·交流充电站2号,16,1,4.68000000,0E-8,2.2.0
2015-08-13,955429,航空港区迎宾大道·交流充电站2号,18,2,13.43000000,0E-8,2.2.0
2015-08-13,955429,航空港区迎宾大道·交流充电站2号,20,1,2.48000000,0E-8,2.2.0
2015-08-13,995505,二七区淮河路·交直流充电站6号,11,1,7.33000000,0E-8,2.2.0
2015-08-14,129465,高新区科学大道·交直流充电站1号,9,1,23.68000000,0E-8,2.2.0
2015-08-14,129465,高新区科学大道·交直流充电站1号,13,1,0.88000000,0E-8,2.2.0
2015-08-14,219054,金水区北三环·直流充电站1号,10,1,7.88000000,0E-8,2.2.0
2015-08-14,228137,上街区中心路·交直流充电站1号,10,2,3.75000000,0E-8,2.2.0
2015-08-14,237105,高新区梧桐街·超充充电站1号,11,1,3.32000000,0E-8,2.2.0
2015-08-14,237105,高新区梧桐街·超充充电站1号,12,1,6.28000000,0E-8,2.2.0
2015-08-14,237105,高新区梧桐街·超充充电站1号,15,1,5.94000000,0E-8,2.2.0
2015-08-14,250527,经开区第八大街·交直流充电站1号,3,1,10.28000000,0.78000000,2.2.0
2015-08-14,280221,经开区第八大街·交直流充电站2号,11,1,3.55000000,0.45000000,2.2.0
2015-08-14,366832,航空港区长安路·直流充电站2号,13,1,23.68000000,0E-8,2.2.0
2015-08-14,369001,航空港区迎宾大道·交流充电站1号,10,1,8.91000000,0E-8,2.2.0
2015-08-14,405157,经开区第八大街·交直流充电站4号,12,1,7.54000000,0E-8,2.2.0
2015-08-14,414088,二七区嵩山路·交直流充电站2号,19,1,5.60000000,0E-8,2.2.0
2015-08-14,474204,经开区航海东路·直流充电站3号,10,1,3.74000000,0E-8,2.2.0
2015-08-14,474204,经开区航海东路·直流充电站3号,18,1,7.51000000,0E-8,2.2.0
2015-08-14,489543,二七区淮河路·交直流充电站1号,11,2,8.40000000,0E-8,2.2.0
2015-08-14,514669,二七区嵩山路·交直流充电站3号,18,1,1.02000000,1.74000000,2.2.0
2015-08-14,549414,高新区科学大道·交直流充电站4号,10,1,7.72000000,0E-8,2.2.0
2015-08-14,623134,郑东新区东风东路·交直流充电站3号,10,1,1.29000000,0E-8,2.2.0
2015-08-14,638536,二七区淮河路·交直流充电站3号,12,1,2.86000000,0E-8,2.2.0
2015-08-14,672450,中原区建设路·交直流充电站4号,13,1,5.40000000,0E-8,2.2.0
2015-08-14,728918,郑东新区金水东路·交直流充电站6号,12,1,13.75000000,0E-8,2.2.0
2015-08-14,875343,惠济区天河路·交流充电站1号,13,1,3.57000000,0E-8,2.2.0
2015-08-14,878706,高新区科学大道·交直流充电站10号,17,1,5.10000000,0E-8,2.2.0
2015-08-14,944515,经开区第八大街·交直流充电站8号,11,1,3.43000000,0E-8,2.2.0
2015-08-14,944515,经开区第八大街·交直流充电站8号,12,1,6.95000000,3.41000000,2.2.0
2015-08-14,951880,二七区大学路·直流充电站6号,11,1,2.17000000,0E-8,2.2.0
2015-08-14,951880,二七区大学路·直流充电站6号,17,1,7.94000000,0E-8,2.2.0
2015-08-14,955429,航空港区迎宾大道·交流充电站2号,12,1,23.39000000,0E-8,2.2.0
2015-08-14,955429,航空港区迎宾大道·交流充电站2号,16,1,1.57000000,0E-8,2.2.0
2015-08-14,955429,航空港区迎宾大道·交流充电站2号,17,1,0.74000000,0E-8,2.2.0
2015-08-14,995505,二七区淮河路·交直流充电站6号,17,1,3.57000000,0E-8,2.2.0
2015-08-15,129465,高新区科学大道·交直流充电站1号,8,1,6.98000000,0E-8,2.2.0
2015-08-15,129465,高新区科学大道·交直流充电站1号,12,1,4.52000000,0E-8,2.2.0
2015-08-15,207262,郑东新区金水东路·交直流充电站1号,12,1,2.20000000,0E-8,2.2.0
2015-08-15,228137,上街区中心路·交直流充电站1号,18,1,4.87000000,7.50000000,2.2.0
2015-08-15,236379,郑东新区金水东路·交直流充电站2号,12,1,5.10000000,0E-8,2.2.0
2015-08-15,250527,经开区第八大街·交直流充电站1号,12,1,4.56000000,0E-8,2.2.0
2015-08-15,280221,经开区第八大街·交直流充电站2号,19,1,4.67000000,0.21000000,2.2.0
2015-08-15,366832,航空港区长安路·直流充电站2号,8,1,4.11000000,0E-8,2.2.0
2015-08-15,369001,航空港区迎宾大道·交流充电站1号,10,1,5.55000000,0E-8,2.2.0
2015-08-15,369001,航空港区迎宾大道·交流充电站1号,19,1,0.88000000,0E-8,2.2.0
2015-08-15,431796,高新区科学大道·交直流充电站3号,11,1,4.33000000,0E-8,2.2.0
2015-08-15,474204,经开区航海东路·直流充电站3号,11,2,13.63000000,0E-8,2.2.0
2015-08-15,507660,中原区建设路·交直流充电站3号,18,1,2.75000000,0E-8,2.2.0
2015-08-15,514669,二七区嵩山路·交直流充电站3号,17,1,2.08000000,0.19000000,2.2.0
2015-08-15,568071,二七区大学路·直流充电站2号,11,1,5.14000000,0E-8,2.2.0
2015-08-15,572249,二七区大学路·直流充电站3号,16,1,4.49000000,0E-8,2.2.0
2015-08-15,638536,二七区淮河路·交直流充电站3号,4,1,5.23000000,0E-8,2.2.0
2015-08-15,653450,上街区中心路·交直流充电站3号,16,1,4.54000000,0.62000000,2.2.0
2015-08-15,711566,郑东新区金水东路·交直流充电站5号,17,1,23.56000000,0E-8,2.2.0
2015-08-15,792421,中原区建设路·交直流充电站5号,15,1,0.53000000,0E-8,2.2.0
2015-08-15,803398,二七区大学路·直流充电站4号,12,1,6.30000000,0E-8,2.2.0
2015-08-15,871619,金水区花园路·直流充电站2号,12,1,6.18000000,0E-8,2.2.0
2015-08-15,878706,高新区科学大道·交直流充电站10号,10,1,4.87000000,0E-8,2.2.0
2015-08-15,932939,二七区淮河路·交直流充电站5号,9,1,12.71000000,0E-8,2.2.0
2015-08-15,951880,二七区大学路·直流充电站6号,16,1,8.46000000,0E-8,2.2.0
2015-08-15,955429,航空港区迎宾大道·交流充电站2号,11,1,4.80000000,0E-8,2.2.0
2015-08-15,955429,航空港区迎宾大道·交流充电站2号,15,1,23.68000000,0E-8,2.2.0
2015-08-15,955429,航空港区迎宾大道·交流充电站2号,16,1,7.54000000,0E-8,2.2.0
2015-08-15,987396,航空港区长安路·直流充电站3号,16,1,8.07000000,0E-8,2.2.0
2015-08-15,995505,二七区淮河路·交直流充电站6号,11,1,3.34000000,0E-8,2.2.0
2015-08-16,191826,经开区航海东路·直流充电站1号,16,1,12.95000000,0E-8,2.2.0
2015-08-16,200695,中原区建设路·交直流充电站1号,12,1,4.65000000,0E-8,2.2.0
2015-08-16,207262,郑东新区金水东路·交直流充电站1号,9,1,5.61000000,7.50000000,2.2.0
2015-08-16,228137,上街区中心路·交直流充电站1号,10,1,2.79000000,0E-8,2.2.0
2015-08-16,237105,高新区梧桐街·超充充电站1号,12,1,23.68000000,0E-8,2.2.0
2015-08-16,260781,中原区建设路·交直流充电站2号,9,1,3.98000000,0E-8,2.2.0
2015-08-16,265601,中原区西三环·交流充电站1号,16,1,8.04000000,0E-8,2.2.0
2015-08-16,280415,惠济区文化路·直流充电站1号,20,1,3.79000000,0E-8,2.2.0
2015-08-16,366832,航空港区长安路·直流充电站2号,18,1,9.03000000,0E-8,2.2.0
2015-08-16,369001,航空港区迎宾大道·交流充电站1号,10,1,4.35000000,0E-8,2.2.0
2015-08-16,369001,航空港区迎宾大道·交流充电站1号,17,1,11.57000000,0E-8,2.2.0
2015-08-16,371335,高新区科学大道·交直流充电站2号,20,1,10.72000000,0E-8,2.2.0
2015-08-16,414088,二七区嵩山路·交直流充电站2号,12,1,6.28000000,0E-8,2.2.0
2015-08-16,414088,二七区嵩山路·交直流充电站2号,13,1,23.68000000,0E-8,2.2.0
2015-08-16,474204,经开区航海东路·直流充电站3号,11,1,7.80000000,0E-8,2.2.0
2015-08-16,474204,经开区航海东路·直流充电站3号,16,3,10.65000000,0.14000000,2.2.0
2015-08-16,474204,经开区航海东路·直流充电站3号,17,1,7.50000000,0E-8,2.2.0
2015-08-16,514669,二七区嵩山路·交直流充电站3号,12,1,6.14000000,0E-8,2.2.0
2015-08-16,514669,二七区嵩山路·交直流充电站3号,13,1,6.16000000,0E-8,2.2.0
2015-08-16,549414,高新区科学大道·交直流充电站4号,10,1,3.14000000,0E-8,2.2.0
2015-08-16,562656,经开区航海东路·直流充电站4号,13,1,11.52000000,0E-8,2.2.0
2015-08-16,562656,经开区航海东路·直流充电站4号,16,1,23.68000000,0E-8,2.2.0
2015-08-16,638536,二七区淮河路·交直流充电站3号,19,1,10.34000000,0E-8,2.2.0
2015-08-16,643012,金水区经三路·交直流充电站1号,9,1,23.68000000,0E-8,2.2.0
2015-08-16,653450,上街区中心路·交直流充电站3号,21,1,8.06000000,0E-8,2.2.0
2015-08-16,664306,二七区淮河路·交直流充电站4号,17,1,7.01000000,0E-8,2.2.0
2015-08-16,738900,经开区第八大街·交直流充电站6号,12,1,6.84000000,0.30000000,2.2.0
2015-08-16,803398,二七区大学路·直流充电站4号,16,1,0.70000000,0E-8,2.2.0
2015-08-16,818217,经开区经北六路·直流充电站2号,11,1,7.15000000,0E-8,2.2.0
2015-08-16,861532,郑东新区CBD·交直流充电站1号,16,1,8.16000000,0E-8,2.2.0
2015-08-16,863084,管城区陇海路·超充充电站1号,11,1,6.25000000,0E-8,2.2.0
2015-08-16,874950,金水区北三环·直流充电站3号,10,1,7.69000000,0E-8,2.2.0
2015-08-16,878706,高新区科学大道·交直流充电站10号,12,1,23.68000000,0E-8,2.2.0
2015-08-16,891421,二七区大学路·直流充电站5号,18,1,9.00000000,1.37000000,2.2.0
2015-08-16,929628,管城区陇海路·超充充电站2号,12,1,9.71000000,0E-8,2.2.0
2015-08-16,943765,高新区科学大道·交直流充电站12号,17,1,9.21000000,0E-8,2.2.0
2015-08-16,944515,经开区第八大街·交直流充电站8号,12,1,0.90000000,0E-8,2.2.0
2015-08-16,955429,航空港区迎宾大道·交流充电站2号,11,1,4.81000000,0E-8,2.2.0
2015-08-16,955429,航空港区迎宾大道·交流充电站2号,13,1,2.07000000,0E-8,2.2.0
2015-08-17,200695,中原区建设路·交直流充电站1号,17,1,23.68000000,2.20000000,2.2.0
2015-08-17,207262,郑东新区金水东路·交直流充电站1号,10,1,5.02000000,0.20000000,2.2.0
2015-08-17,228137,上街区中心路·交直流充电站1号,18,1,5.88000000,0E-8,2.2.0
2015-08-17,250527,经开区第八大街·交直流充电站1号,11,1,23.68000000,0E-8,2.2.0
2015-08-17,349635,上街区中心路·交直流充电站2号,17,1,5.64000000,0E-8,2.2.0
2015-08-17,366832,航空港区长安路·直流充电站2号,20,1,13.43000000,0E-8,2.2.0
2015-08-17,369001,航空港区迎宾大道·交流充电站1号,14,1,0.26000000,0E-8,2.2.0
2015-08-17,369001,航空港区迎宾大道·交流充电站1号,16,1,5.47000000,0E-8,2.2.0
2015-08-17,369001,航空港区迎宾大道·交流充电站1号,17,1,8.17000000,0.34000000,2.2.0
2015-08-17,404112,惠济区文化路·直流充电站2号,13,1,2.64000000,0E-8,2.2.0
2015-08-17,414088,二七区嵩山路·交直流充电站2号,13,1,5.31000000,0E-8,2.2.0
2015-08-17,414088,二七区嵩山路·交直流充电站2号,16,1,0.85000000,0E-8,2.2.0
2015-08-17,425476,郑东新区金水东路·交直流充电站4号,17,1,4.54000000,0E-8,2.2.0
2015-08-17,474204,经开区航海东路·直流充电站3号,10,1,0.85000000,0E-8,2.2.0
2015-08-17,474204,经开区航海东路·直流充电站3号,11,1,1.94000000,0E-8,2.2.0
2015-08-17,474204,经开区航海东路·直流充电站3号,12,1,1.46000000,0E-8,2.2.0
2015-08-17,474204,经开区航海东路·直流充电站3号,16,1,6.79000000,0E-8,2.2.0
2015-08-17,474204,经开区航海东路·直流充电站3号,17,1,7.17000000,0.63000000,2.2.0
2015-08-17,517464,二七区大学路·直流充电站1号,12,1,7.03000000,0.61000000,2.2.0
2015-08-17,568071,二七区大学路·直流充电站2号,13,1,6.23000000,0E-8,2.2.0
2015-08-17,572249,二七区大学路·直流充电站3号,11,1,5.81000000,0.59000000,2.2.0
2015-08-17,572249,二七区大学路·直流充电站3号,17,1,4.04000000,0.83000000,2.2.0
2015-08-17,587514,高新区瑞达路·直流充电站6号,19,1,3.94000000,0E-8,2.2.0
2015-08-17,638536,二七区淮河路·交直流充电站3号,11,1,23.68000000,0E-8,2.2.0
2015-08-17,638536,二七区淮河路·交直流充电站3号,18,1,1.77000000,0E-8,2.2.0
2015-08-17,653450,上街区中心路·交直流充电站3号,14,1,4.73000000,0E-8,2.2.0
2015-08-17,729642,金水区经三路·交直流充电站2号,12,1,7.37000000,0.75000000,2.2.0
2015-08-17,729642,金水区经三路·交直流充电站2号,14,1,2.07000000,0.15000000,2.2.0
2015-08-17,738900,经开区第八大街·交直流充电站6号,17,1,23.68000000,0E-8,2.2.0
2015-08-17,758780,惠济区文化路·直流充电站3号,11,1,23.68000000,3.08000000,2.2.0
2015-08-17,787792,高新区瑞达路·直流充电站7号,12,1,3.14000000,0.30000000,2.2.0
2015-08-17,801274,经开区第八大街·交直流充电站7号,18,1,9.33000000,0E-8,2.2.0
2015-08-17,871619,金水区花园路·直流充电站2号,12,1,7.60000000,0E-8,2.2.0
2015-08-17,878706,高新区科学大道·交直流充电站10号,16,1,6.25000000,0E-8,2.2.0
2015-08-17,878706,高新区科学大道·交直流充电站10号,18,1,2.69000000,0E-8,2.2.0
2015-08-17,943765,高新区科学大道·交直流充电站12号,10,1,0.27000000,0E-8,2.2.0
2015-08-17,944515,经开区第八大街·交直流充电站8号,11,1,3.82000000,0E-8,2.2.0
2015-08-17,944515,经开区第八大街·交直流充电站8号,16,1,3.96000000,0E-8,2.2.0
2015-08-17,944515,经开区第八大街·交直流充电站8号,17,1,6.53000000,0E-8,2.2.0
2015-08-17,951880,二七区大学路·直流充电站6号,10,1,6.99000000,0E-8,2.2.0
2015-08-17,955429,航空港区迎宾大道·交流充电站2号,10,1,7.83000000,0E-8,2.2.0
2015-08-17,955429,航空港区迎宾大道·交流充电站2号,11,1,1.59000000,0E-8,2.2.0
2015-08-17,955429,航空港区迎宾大道·交流充电站2号,12,1,5.12000000,0E-8,2.2.0
2015-08-18,131897,二七区嵩山路·交直流充电站1号,9,1,2.36000000,0E-8,2.2.0
2015-08-18,131897,二七区嵩山路·交直流充电站1号,17,1,4.79000000,0E-8,2.2.0
2015-08-18,131897,二七区嵩山路·交直流充电站1号,18,1,7.89000000,0E-8,2.2.0
2015-08-18,250527,经开区第八大街·交直流充电站1号,18,1,23.57000000,0E-8,2.2.0
2015-08-18,280415,惠济区文化路·直流充电站1号,17,1,5.03000000,1.14000000,2.2.0
2015-08-18,355208,经开区第八大街·交直流充电站3号,13,1,4.81000000,0E-8,2.2.0
2015-08-18,369001,航空港区迎宾大道·交流充电站1号,13,1,23.68000000,0E-8,2.2.0
2015-08-18,371335,高新区科学大道·交直流充电站2号,16,1,3.88000000,0E-8,2.2.0
2015-08-18,405157,经开区第八大街·交直流充电站4号,9,1,10.36000000,0E-8,2.2.0
2015-08-18,445920,金水区花园路·直流充电站1号,12,1,8.36000000,0E-8,2.2.0
2015-08-18,474204,经开区航海东路·直流充电站3号,11,1,7.00000000,0E-8,2.2.0
2015-08-18,474204,经开区航海东路·直流充电站3号,18,1,1.63000000,0E-8,2.2.0
2015-08-18,481613,高新区瑞达路·直流充电站3号,11,1,3.93000000,0E-8,2.2.0
2015-08-18,489543,二七区淮河路·交直流充电站1号,16,1,0.42000000,0E-8,2.2.0
2015-08-18,489543,二七区淮河路·交直流充电站1号,17,1,9.63000000,0E-8,2.2.0
2015-08-18,507660,中原区建设路·交直流充电站3号,11,1,3.78000000,0E-8,2.2.0
2015-08-18,549414,高新区科学大道·交直流充电站4号,17,1,1.58000000,0E-8,2.2.0
2015-08-18,612116,高新区科学大道·交直流充电站8号,17,1,2.80000000,0E-8,2.2.0
2015-08-18,638536,二七区淮河路·交直流充电站3号,12,1,1.71000000,0.31000000,2.2.0
2015-08-18,638536,二七区淮河路·交直流充电站3号,18,1,8.48000000,0E-8,2.2.0
2015-08-18,653450,上街区中心路·交直流充电站3号,8,1,3.69000000,0E-8,2.2.0
2015-08-18,664306,二七区淮河路·交直流充电站4号,10,1,3.41000000,0E-8,2.2.0
2015-08-18,728918,郑东新区金水东路·交直流充电站6号,18,1,5.85000000,0E-8,2.2.0
2015-08-18,729642,金水区经三路·交直流充电站2号,11,1,5.19000000,0E-8,2.2.0
2015-08-18,730023,中原区西三环·交流充电站2号,16,1,5.10000000,0E-8,2.2.0
2015-08-18,801274,经开区第八大街·交直流充电站7号,11,2,27.23000000,0E-8,2.2.0
2015-08-18,801274,经开区第八大街·交直流充电站7号,17,1,4.48000000,0E-8,2.2.0
2015-08-18,878706,高新区科学大道·交直流充电站10号,11,1,5.99000000,0E-8,2.2.0
2015-08-18,878706,高新区科学大道·交直流充电站10号,20,1,23.68000000,0E-8,2.2.0
2015-08-18,951880,二七区大学路·直流充电站6号,16,1,7.13000000,0E-8,2.2.0
2015-08-18,987396,航空港区长安路·直流充电站3号,10,1,7.79000000,0E-8,2.2.0
2015-08-19,191826,经开区航海东路·直流充电站1号,12,1,6.48000000,0.25000000,2.2.0
2015-08-19,207262,郑东新区金水东路·交直流充电站1号,10,1,6.83000000,0E-8,2.2.0
2015-08-19,207262,郑东新区金水东路·交直流充电站1号,14,1,3.17000000,0E-8,2.2.0
2015-08-19,228137,上街区中心路·交直流充电站1号,11,2,5.44000000,0E-8,2.2.0
2015-08-19,250527,经开区第八大街·交直流充电站1号,11,1,10.92000000,0E-8,2.2.0
2015-08-19,250527,经开区第八大街·交直流充电站1号,12,1,3.54000000,0E-8,2.2.0
2015-08-19,250527,经开区第八大街·交直流充电站1号,17,1,5.26000000,0E-8,2.2.0
2015-08-19,369001,航空港区迎宾大道·交流充电站1号,10,1,5.37000000,0E-8,2.2.0
2015-08-19,369001,航空港区迎宾大道·交流充电站1号,12,2,8.08000000,0E-8,2.2.0
2015-08-19,369001,航空港区迎宾大道·交流充电站1号,14,1,6.71000000,0E-8,2.2.0
2015-08-19,369001,航空港区迎宾大道·交流充电站1号,16,1,12.49000000,0E-8,2.2.0
2015-08-19,369001,航空港区迎宾大道·交流充电站1号,17,1,4.87000000,0.44000000,2.2.0
2015-08-19,445920,金水区花园路·直流充电站1号,18,1,1.93000000,0E-8,2.2.0
2015-08-19,489543,二七区淮河路·交直流充电站1号,17,1,3.83000000,0E-8,2.2.0
2015-08-19,514669,二七区嵩山路·交直流充电站3号,11,1,3.67000000,0E-8,2.2.0
2015-08-19,549414,高新区科学大道·交直流充电站4号,11,1,6.63000000,0E-8,2.2.0
2015-08-19,569886,二七区淮河路·交直流充电站2号,16,1,4.65000000,0E-8,2.2.0
2015-08-19,594591,高新区科学大道·交直流充电站7号,15,1,4.89000000,0E-8,2.2.0
2015-08-19,728918,郑东新区金水东路·交直流充电站6号,18,1,4.50000000,0E-8,2.2.0
2015-08-19,758780,惠济区文化路·直流充电站3号,16,1,5.84000000,0E-8,2.2.0
2015-08-19,792421,中原区建设路·交直流充电站5号,13,1,4.65000000,0E-8,2.2.0
2015-08-19,871619,金水区花园路·直流充电站2号,20,1,6.11000000,0E-8,2.2.0
2015-08-19,875343,惠济区天河路·交流充电站1号,18,1,3.85000000,0E-8,2.2.0
2015-08-19,875343,惠济区天河路·交流充电站1号,19,1,2.78000000,0E-8,2.2.0
2015-08-19,922416,高新区瑞达路·直流充电站12号,17,1,8.02000000,0E-8,2.2.0
2015-08-19,943765,高新区科学大道·交直流充电站12号,18,1,5.11000000,3.16000000,2.2.0
2015-08-19,944575,郑东新区金水东路·交直流充电站8号,17,1,6.16000000,0.55000000,2.2.0
2015-08-19,951880,二七区大学路·直流充电站6号,17,1,1.37000000,0E-8,2.2.0
2015-08-19,955429,航空港区迎宾大道·交流充电站2号,17,1,6.17000000,0E-8,2.2.0
2015-08-20,207262,郑东新区金水东路·交直流充电站1号,20,1,8.87000000,0E-8,2.2.0
2015-08-20,228137,上街区中心路·交直流充电站1号,10,1,23.68000000,0E-8,2.2.0
2015-08-20,228137,上街区中心路·交直流充电站1号,11,2,21.83000000,0E-8,2.2.0
2015-08-20,237105,高新区梧桐街·超充充电站1号,13,1,4.12000000,0E-8,2.2.0
2015-08-20,366832,航空港区长安路·直流充电站2号,17,1,7.32000000,1.45000000,2.2.0
2015-08-20,405157,经开区第八大街·交直流充电站4号,13,2,12.76000000,2.76000000,2.2.0
2015-08-20,474204,经开区航海东路·直流充电站3号,8,1,10.41000000,0E-8,2.2.0
2015-08-20,474204,经开区航海东路·直流充电站3号,11,2,6.40000000,0E-8,2.2.0
2015-08-20,549414,高新区科学大道·交直流充电站4号,12,1,0.39000000,0E-8,2.2.0
2015-08-20,562656,经开区航海东路·直流充电站4号,20,1,2.51000000,0E-8,2.2.0
2015-08-20,568071,二七区大学路·直流充电站2号,12,1,3.40000000,0E-8,2.2.0
2015-08-20,569886,二七区淮河路·交直流充电站2号,10,1,1.33000000,0.10000000,2.2.0
2015-08-20,572249,二七区大学路·直流充电站3号,11,1,7.28000000,0E-8,2.2.0
2015-08-20,587514,高新区瑞达路·直流充电站6号,15,1,5.77000000,0E-8,2.2.0
2015-08-20,594591,高新区科学大道·交直流充电站7号,17,1,2.59000000,0E-8,2.2.0
2015-08-20,612116,高新区科学大道·交直流充电站8号,11,1,4.97000000,0E-8,2.2.0
2015-08-20,638536,二七区淮河路·交直流充电站3号,14,1,12.62000000,0E-8,2.2.0
2015-08-20,643012,金水区经三路·交直流充电站1号,14,1,7.99000000,0E-8,2.2.0
2015-08-20,728918,郑东新区金水东路·交直流充电站6号,13,1,23.68000000,0E-8,2.2.0
2015-08-20,729642,金水区经三路·交直流充电站2号,15,1,6.86000000,0E-8,2.2.0
2015-08-20,801274,经开区第八大街·交直流充电站7号,15,1,4.49000000,0E-8,2.2.0
2015-08-20,875343,惠济区天河路·交流充电站1号,13,1,1.92000000,0E-8,2.2.0
2015-08-20,878706,高新区科学大道·交直流充电站10号,11,1,6.84000000,0E-8,2.2.0
2015-08-20,878706,高新区科学大道·交直流充电站10号,12,1,3.04000000,0E-8,2.2.0
2015-08-20,878706,高新区科学大道·交直流充电站10号,16,1,7.73000000,0E-8,2.2.0
2015-08-20,878706,高新区科学大道·交直流充电站10号,18,1,2.62000000,0E-8,2.2.0
2015-08-20,911231,中原区建设路·交直流充电站6号,15,1,23.68000000,0E-8,2.2.0
2015-08-20,929628,管城区陇海路·超充充电站2号,11,1,7.82000000,0E-8,2.2.0
2015-08-20,929628,管城区陇海路·超充充电站2号,16,1,17.11000000,0E-8,2.2.0
2015-08-20,944575,郑东新区金水东路·交直流充电站8号,11,1,10.05000000,0E-8,2.2.0
2015-08-20,955429,航空港区迎宾大道·交流充电站2号,13,1,4.56000000,0E-8,2.2.0
2015-08-20,955429,航空港区迎宾大道·交流充电站2号,18,1,23.68000000,0E-8,2.2.0
2015-08-20,987396,航空港区长安路·直流充电站3号,16,1,9.74000000,0.95000000,2.2.0
2015-08-21,219054,金水区北三环·直流充电站1号,11,1,23.68000000,0E-8,2.2.0
2015-08-21,219054,金水区北三环·直流充电站1号,13,1,8.26000000,0E-8,2.2.0
2015-08-21,219054,金水区北三环·直流充电站1号,15,1,1.77000000,0E-8,2.2.0
2015-08-21,228137,上街区中心路·交直流充电站1号,10,1,10.21000000,0.77000000,2.2.0
2015-08-21,228137,上街区中心路·交直流充电站1号,11,1,2.90000000,0E-8,2.2.0
2015-08-21,280415,惠济区文化路·直流充电站1号,16,1,6.87000000,0E-8,2.2.0
2015-08-21,355208,经开区第八大街·交直流充电站3号,11,1,5.86000000,0E-8,2.2.0
2015-08-21,355208,经开区第八大街·交直流充电站3号,13,1,4.96000000,0E-8,2.2.0
2015-08-21,366832,航空港区长安路·直流充电站2号,15,1,0.05000000,0E-8,2.2.0
2015-08-21,369001,航空港区迎宾大道·交流充电站1号,10,1,7.93000000,0E-8,2.2.0
2015-08-21,369001,航空港区迎宾大道·交流充电站1号,13,1,11.15000000,0E-8,2.2.0
2015-08-21,369001,航空港区迎宾大道·交流充电站1号,16,1,5.11000000,0E-8,2.2.0
2015-08-21,369001,航空港区迎宾大道·交流充电站1号,18,1,3.10000000,0E-8,2.2.0
2015-08-21,425476,郑东新区金水东路·交直流充电站4号,10,1,1.45000000,0E-8,2.2.0
2015-08-21,474204,经开区航海东路·直流充电站3号,12,1,5.11000000,0E-8,2.2.0
2015-08-21,474204,经开区航海东路·直流充电站3号,13,1,4.46000000,0.44000000,2.2.0
2015-08-21,562656,经开区航海东路·直流充电站4号,3,1,7.99000000,0.79000000,2.2.0
2015-08-21,569886,二七区淮河路·交直流充电站2号,12,1,8.50000000,0E-8,2.2.0
2015-08-21,623134,郑东新区东风东路·交直流充电站3号,16,1,5.18000000,0E-8,2.2.0
2015-08-21,653450,上街区中心路·交直流充电站3号,10,1,23.68000000,0E-8,2.2.0
2015-08-21,728918,郑东新区金水东路·交直流充电站6号,16,1,6.19000000,0E-8,2.2.0
2015-08-21,728918,郑东新区金水东路·交直流充电站6号,17,1,4.68000000,0E-8,2.2.0
2015-08-21,738900,经开区第八大街·交直流充电站6号,15,1,3.35000000,0.58000000,2.2.0
2015-08-21,801274,经开区第八大街·交直流充电站7号,8,1,7.15000000,0E-8,2.2.0
2015-08-21,801274,经开区第八大街·交直流充电站7号,13,1,4.17000000,0E-8,2.2.0
2015-08-21,803398,二七区大学路·直流充电站4号,13,1,6.70000000,0E-8,2.2.0
2015-08-21,874950,金水区北三环·直流充电站3号,11,1,5.76000000,0E-8,2.2.0
2015-08-21,875343,惠济区天河路·交流充电站1号,16,1,3.70000000,0E-8,2.2.0
2015-08-21,875343,惠济区天河路·交流充电站1号,18,1,0.74000000,0E-8,2.2.0
2015-08-21,878706,高新区科学大道·交直流充电站10号,1,1,7.15000000,0E-8,2.2.0
2015-08-21,944515,经开区第八大街·交直流充电站8号,13,1,8.64000000,0E-8,2.2.0
2015-08-21,944515,经开区第八大街·交直流充电站8号,16,1,10.71000000,0E-8,2.2.0
2015-08-21,944575,郑东新区金水东路·交直流充电站8号,11,1,11.83000000,0E-8,2.2.0
2015-08-21,955429,航空港区迎宾大道·交流充电站2号,10,1,9.33000000,0E-8,2.2.0
2015-08-21,955429,航空港区迎宾大道·交流充电站2号,11,1,8.53000000,0E-8,2.2.0
2015-08-21,955429,航空港区迎宾大道·交流充电站2号,13,1,1.08000000,0E-8,2.2.0
2015-08-21,955429,航空港区迎宾大道·交流充电站2号,16,1,6.13000000,0E-8,2.2.0
2015-08-21,955429,航空港区迎宾大道·交流充电站2号,18,1,7.17000000,0E-8,2.2.0
2015-08-21,995505,二七区淮河路·交直流充电站6号,16,1,5.22000000,0E-8,2.2.0
2015-08-22,207262,郑东新区金水东路·交直流充电站1号,13,1,5.03000000,0E-8,2.2.0
2015-08-22,250527,经开区第八大街·交直流充电站1号,16,1,7.38000000,0E-8,2.2.0
2015-08-22,369001,航空港区迎宾大道·交流充电站1号,17,2,8.14000000,0E-8,2.2.0
2015-08-22,405157,经开区第八大街·交直流充电站4号,11,1,5.00000000,0E-8,2.2.0
2015-08-22,405157,经开区第八大街·交直流充电站4号,16,1,2.93000000,0E-8,2.2.0
2015-08-22,474204,经开区航海东路·直流充电站3号,9,1,7.00000000,0E-8,2.2.0
2015-08-22,474204,经开区航海东路·直流充电站3号,14,1,13.40000000,0E-8,2.2.0
2015-08-22,474204,经开区航海东路·直流充电站3号,19,1,23.68000000,0E-8,2.2.0
2015-08-22,569886,二七区淮河路·交直流充电站2号,11,1,7.58000000,0E-8,2.2.0
2015-08-22,569886,二七区淮河路·交直流充电站2号,16,1,1.57000000,0E-8,2.2.0
2015-08-22,569889,高新区科学大道·交直流充电站5号,18,1,1.90000000,0E-8,2.2.0
2015-08-22,612116,高新区科学大道·交直流充电站8号,16,1,9.82000000,0E-8,2.2.0
2015-08-22,653450,上街区中心路·交直流充电站3号,10,1,3.65000000,0E-8,2.2.0
2015-08-22,664306,二七区淮河路·交直流充电站4号,15,1,23.68000000,0E-8,2.2.0
2015-08-22,711566,郑东新区金水东路·交直流充电站5号,22,1,4.08000000,0.23000000,2.2.0
2015-08-22,728918,郑东新区金水东路·交直流充电站6号,12,1,6.52000000,0E-8,2.2.0
2015-08-22,758780,惠济区文化路·直流充电站3号,19,1,4.45000000,0E-8,2.2.0
2015-08-22,878706,高新区科学大道·交直流充电站10号,16,1,7.31000000,0E-8,2.2.0
2015-08-22,878706,高新区科学大道·交直流充电站10号,19,1,1.19000000,0E-8,2.2.0
2015-08-22,932939,二七区淮河路·交直流充电站5号,10,1,6.21000000,0.37000000,2.2.0
2015-08-22,944515,经开区第八大街·交直流充电站8号,11,1,3.31000000,0E-8,2.2.0
2015-08-22,944515,经开区第八大街·交直流充电站8号,12,1,23.68000000,0E-8,2.2.0
2015-08-22,944575,郑东新区金水东路·交直流充电站8号,11,1,3.41000000,0E-8,2.2.0
2015-08-22,951880,二七区大学路·直流充电站6号,17,1,3.25000000,0E-8,2.2.0
2015-08-22,955429,航空港区迎宾大道·交流充电站2号,11,1,9.88000000,0E-8,2.2.0
2015-08-22,987396,航空港区长安路·直流充电站3号,12,1,0.28000000,0E-8,2.2.0
2015-08-23,191826,经开区航海东路·直流充电站1号,15,1,2.49000000,0E-8,2.2.0
2015-08-23,191826,经开区航海东路·直流充电站1号,18,1,7.11000000,0E-8,2.2.0
2015-08-23,237105,高新区梧桐街·超充充电站1号,23,1,8.16000000,0E-8,2.2.0
2015-08-23,250527,经开区第八大街·交直流充电站1号,9,1,4.02000000,0E-8,2.2.0
2015-08-23,366832,航空港区长安路·直流充电站2号,13,2,8.87000000,3.33000000,2.2.0
2015-08-23,369001,航空港区迎宾大道·交流充电站1号,8,1,2.37000000,0.07000000,2.2.0
2015-08-23,369001,航空港区迎宾大道·交流充电站1号,16,1,2.24000000,0E-8,2.2.0
2015-08-23,369001,航空港区迎宾大道·交流充电站1号,17,1,3.40000000,1.14000000,2.2.0
2015-08-23,369001,航空港区迎宾大道·交流充电站1号,18,1,5.02000000,0E-8,2.2.0
2015-08-23,371335,高新区科学大道·交直流充电站2号,12,1,4.12000000,0E-8,2.2.0
2015-08-23,371335,高新区科学大道·交直流充电站2号,16,1,3.10000000,0E-8,2.2.0
2015-08-23,404112,惠济区文化路·直流充电站2号,12,2,13.22000000,0E-8,2.2.0
2015-08-23,405157,经开区第八大街·交直流充电站4号,9,1,1.88000000,0E-8,2.2.0
2015-08-23,414088,二七区嵩山路·交直流充电站2号,17,1,7.99000000,0E-8,2.2.0
2015-08-23,474204,经开区航海东路·直流充电站3号,11,1,8.12000000,0E-8,2.2.0
2015-08-23,474204,经开区航海东路·直流充电站3号,17,1,2.74000000,0E-8,2.2.0
2015-08-23,489543,二七区淮河路·交直流充电站1号,14,1,3.24000000,0E-8,2.2.0
2015-08-23,569889,高新区科学大道·交直流充电站5号,17,1,0.49000000,0E-8,2.2.0
2015-08-23,572249,二七区大学路·直流充电站3号,12,1,6.32000000,0E-8,2.2.0
2015-08-23,575971,高新区梧桐街·超充充电站2号,11,1,2.00000000,0E-8,2.2.0
2015-08-23,643012,金水区经三路·交直流充电站1号,20,1,7.39000000,0E-8,2.2.0
2015-08-23,711566,郑东新区金水东路·交直流充电站5号,11,1,8.47000000,0.34000000,2.2.0
2015-08-23,728918,郑东新区金水东路·交直流充电站6号,11,1,11.84000000,0E-8,2.2.0
2015-08-23,874950,金水区北三环·直流充电站3号,12,1,6.73000000,0E-8,2.2.0
2015-08-23,875343,惠济区天河路·交流充电站1号,12,1,7.44000000,0E-8,2.2.0
2015-08-23,875343,惠济区天河路·交流充电站1号,17,1,5.20000000,0E-8,2.2.0
2015-08-23,878706,高新区科学大道·交直流充电站10号,8,1,5.31000000,0E-8,2.2.0
2015-08-23,902592,二七区嵩山路·交直流充电站4号,21,1,6.76000000,0E-8,2.2.0
2015-08-23,943765,高新区科学大道·交直流充电站12号,9,1,4.05000000,0E-8,2.2.0
2015-08-23,944515,经开区第八大街·交直流充电站8号,12,1,9.03000000,0E-8,2.2.0
2015-08-23,944575,郑东新区金水东路·交直流充电站8号,16,1,10.15000000,0.45000000,2.2.0
2015-08-23,951880,二七区大学路·直流充电站6号,20,1,2.26000000,0E-8,2.2.0
2015-08-23,955429,航空港区迎宾大道·交流充电站2号,9,1,4.87000000,0E-8,2.2.0
2015-08-23,955429,航空港区迎宾大道·交流充电站2号,13,1,6.56000000,0E-8,2.2.0
2015-08-23,955429,航空港区迎宾大道·交流充电站2号,16,2,26.48000000,0E-8,2.2.0
2015-08-23,987396,航空港区长安路·直流充电站3号,16,1,23.68000000,0E-8,2.2.0
2015-08-24,219054,金水区北三环·直流充电站1号,10,1,2.82000000,0.79000000,2.2.0
2015-08-24,219054,金水区北三环·直流充电站1号,19,1,7.48000000,0E-8,2.2.0
2015-08-24,228137,上街区中心路·交直流充电站1号,10,1,1.82000000,0E-8,2.2.0
2015-08-24,250527,经开区第八大街·交直流充电站1号,15,1,4.40000000,0.37000000,2.2.0
2015-08-24,366832,航空港区长安路·直流充电站2号,9,1,7.73000000,0E-8,2.2.0
2015-08-24,369001,航空港区迎宾大道·交流充电站1号,11,1,10.47000000,0E-8,2.2.0
2015-08-24,369001,航空港区迎宾大道·交流充电站1号,12,1,4.13000000,0E-8,2.2.0
2015-08-24,369001,航空港区迎宾大道·交流充电站1号,14,1,8.21000000,0E-8,2.2.0
2015-08-24,369001,航空港区迎宾大道·交流充电站1号,17,1,6.70000000,0E-8,2.2.0
2015-08-24,369001,航空港区迎宾大道·交流充电站1号,18,1,6.27000000,0E-8,2.2.0
2015-08-24,371335,高新区科学大道·交直流充电站2号,8,1,23.68000000,0E-8,2.2.0
2015-08-24,371335,高新区科学大道·交直流充电站2号,19,1,6.08000000,0E-8,2.2.0
2015-08-24,405157,经开区第八大街·交直流充电站4号,18,1,0.08000000,0E-8,2.2.0
2015-08-24,425476,郑东新区金水东路·交直流充电站4号,9,1,4.03000000,0E-8,2.2.0
2015-08-24,445920,金水区花园路·直流充电站1号,16,1,8.44000000,0E-8,2.2.0
2015-08-24,474204,经开区航海东路·直流充电站3号,10,1,12.73000000,0E-8,2.2.0
2015-08-24,474204,经开区航海东路·直流充电站3号,12,1,6.26000000,0E-8,2.2.0
2015-08-24,474204,经开区航海东路·直流充电站3号,18,2,5.31000000,7.50000000,2.2.0
2015-08-24,514669,二七区嵩山路·交直流充电站3号,11,1,4.42000000,0E-8,2.2.0
2015-08-24,568071,二七区大学路·直流充电站2号,13,1,2.67000000,0E-8,2.2.0
2015-08-24,568071,二七区大学路·直流充电站2号,17,1,3.75000000,0E-8,2.2.0
2015-08-24,572249,二七区大学路·直流充电站3号,15,1,1.92000000,0E-8,2.2.0
2015-08-24,616125,经开区经北六路·直流充电站1号,12,1,9.99000000,0E-8,2.2.0
2015-08-24,758780,惠济区文化路·直流充电站3号,12,1,23.68000000,0E-8,2.2.0
2015-08-24,875343,惠济区天河路·交流充电站1号,9,1,10.67000000,0E-8,2.2.0
2015-08-24,875343,惠济区天河路·交流充电站1号,13,1,8.22000000,0E-8,2.2.0
2015-08-24,875343,惠济区天河路·交流充电站1号,16,1,6.31000000,0E-8,2.2.0
2015-08-24,891421,二七区大学路·直流充电站5号,19,1,10.25000000,0E-8,2.2.0
2015-08-24,944515,经开区第八大街·交直流充电站8号,8,1,0.65000000,0E-8,2.2.0
2015-08-24,944515,经开区第八大街·交直流充电站8号,11,1,4.43000000,0.80000000,2.2.0
2015-08-24,944515,经开区第八大街·交直流充电站8号,15,1,9.45000000,0E-8,2.2.0
2015-08-24,951880,二七区大学路·直流充电站6号,16,1,0.88000000,0E-8,2.2.0
2015-08-24,955429,航空港区迎宾大道·交流充电站2号,12,1,1.92000000,0E-8,2.2.0
2015-08-24,955429,航空港区迎宾大道·交流充电站2号,17,1,19.38000000,0E-8,2.2.0
2015-08-25,191826,经开区航海东路·直流充电站1号,17,1,2.68000000,0E-8,2.2.0
2015-08-25,207262,郑东新区金水东路·交直流充电站1号,17,1,10.56000000,0E-8,2.2.0
2015-08-25,219054,金水区北三环·直流充电站1号,11,1,5.97000000,0E-8,2.2.0
2015-08-25,228137,上街区中心路·交直流充电站1号,16,1,3.41000000,0E-8,2.2.0
2015-08-25,228137,上街区中心路·交直流充电站1号,18,1,7.32000000,0E-8,2.2.0
2015-08-25,250527,经开区第八大街·交直流充电站1号,15,1,9.02000000,0E-8,2.2.0
2015-08-25,250527,经开区第八大街·交直流充电站1号,17,1,23.68000000,0E-8,2.2.0
2015-08-25,260408,经开区航海东路·直流充电站2号,16,1,2.43000000,0E-8,2.2.0
2015-08-25,260781,中原区建设路·交直流充电站2号,11,1,3.62000000,0E-8,2.2.0
2015-08-25,280415,惠济区文化路·直流充电站1号,17,1,4.65000000,0E-8,2.2.0
2015-08-25,349635,上街区中心路·交直流充电站2号,11,1,3.57000000,0E-8,2.2.0
2015-08-25,366832,航空港区长安路·直流充电站2号,11,1,7.20000000,0E-8,2.2.0
2015-08-25,369001,航空港区迎宾大道·交流充电站1号,17,1,23.68000000,0E-8,2.2.0
2015-08-25,369001,航空港区迎宾大道·交流充电站1号,19,1,5.85000000,0E-8,2.2.0
2015-08-25,369001,航空港区迎宾大道·交流充电站1号,20,1,5.94000000,0E-8,2.2.0
2015-08-25,371335,高新区科学大道·交直流充电站2号,12,1,4.72000000,0E-8,2.2.0
2015-08-25,414088,二七区嵩山路·交直流充电站2号,15,1,8.35000000,0E-8,2.2.0
2015-08-25,445920,金水区花园路·直流充电站1号,11,2,12.48000000,0.32000000,2.2.0
2015-08-25,474204,经开区航海东路·直流充电站3号,14,1,3.80000000,0E-8,2.2.0
2015-08-25,474204,经开区航海东路·直流充电站3号,16,1,5.04000000,0E-8,2.2.0
2015-08-25,489543,二七区淮河路·交直流充电站1号,17,1,5.09000000,0E-8,2.2.0
2015-08-25,562656,经开区航海东路·直流充电站4号,12,1,2.44000000,0E-8,2.2.0
2015-08-25,562656,经开区航海东路·直流充电站4号,14,1,4.93000000,0E-8,2.2.0
2015-08-25,575971,高新区梧桐街·超充充电站2号,16,1,1.43000000,0E-8,2.2.0
2015-08-25,632920,高新区科学大道·交直流充电站9号,17,1,23.68000000,0E-8,2.2.0
2015-08-25,638536,二七区淮河路·交直流充电站3号,15,1,5.87000000,0E-8,2.2.0
2015-08-25,728918,郑东新区金水东路·交直流充电站6号,19,1,2.53000000,0E-8,2.2.0
2015-08-25,730023,中原区西三环·交流充电站2号,11,1,2.97000000,0.24000000,2.2.0
2015-08-25,738900,经开区第八大街·交直流充电站6号,13,1,9.76000000,0E-8,2.2.0
2015-08-25,792421,中原区建设路·交直流充电站5号,19,1,3.39000000,0E-8,2.2.0
2015-08-25,803398,二七区大学路·直流充电站4号,12,1,4.48000000,0E-8,2.2.0
2015-08-25,803398,二七区大学路·直流充电站4号,18,1,3.69000000,0.35000000,2.2.0
2015-08-25,863084,管城区陇海路·超充充电站1号,16,1,6.28000000,0E-8,2.2.0
2015-08-25,875343,惠济区天河路·交流充电站1号,18,1,0.76000000,0.07000000,2.2.0
2015-08-25,902592,二七区嵩山路·交直流充电站4号,11,1,23.68000000,0E-8,2.2.0
2015-08-25,944515,经开区第八大街·交直流充电站8号,10,1,23.68000000,0E-8,2.2.0
2015-08-25,944515,经开区第八大街·交直流充电站8号,17,1,21.25000000,0E-8,2.2.0
2015-08-25,951880,二七区大学路·直流充电站6号,15,1,7.41000000,0E-8,2.2.0
2015-08-25,955429,航空港区迎宾大道·交流充电站2号,8,1,4.07000000,0.70000000,2.2.0
2015-08-25,955429,航空港区迎宾大道·交流充电站2号,9,1,5.51000000,0E-8,2.2.0
2015-08-25,955429,航空港区迎宾大道·交流充电站2号,11,1,6.06000000,0E-8,2.2.0
2015-08-25,955429,航空港区迎宾大道·交流充电站2号,18,1,2.03000000,0E-8,2.2.0
2015-08-25,955429,航空港区迎宾大道·交流充电站2号,19,1,4.06000000,0E-8,2.2.0
2015-08-26,207262,郑东新区金水东路·交直流充电站1号,12,1,23.68000000,0E-8,2.2.0
2015-08-26,207262,郑东新区金水东路·交直流充电站1号,17,1,23.68000000,0E-8,2.2.0
2015-08-26,219054,金水区北三环·直流充电站1号,17,1,4.27000000,0E-8,2.2.0
2015-08-26,228137,上街区中心路·交直流充电站1号,11,1,0.63000000,0E-8,2.2.0
2015-08-26,228137,上街区中心路·交直流充电站1号,15,1,7.30000000,0E-8,2.2.0
2015-08-26,236840,郑东新区东风东路·交直流充电站2号,12,1,8.26000000,0E-8,2.2.0
2015-08-26,369001,航空港区迎宾大道·交流充电站1号,10,1,11.60000000,0E-8,2.2.0
2015-08-26,369001,航空港区迎宾大道·交流充电站1号,13,1,6.82000000,0E-8,2.2.0
2015-08-26,369001,航空港区迎宾大道·交流充电站1号,17,1,4.66000000,0E-8,2.2.0
2015-08-26,369001,航空港区迎宾大道·交流充电站1号,18,1,0.05000000,0E-8,2.2.0
2015-08-26,371335,高新区科学大道·交直流充电站2号,12,1,1.44000000,0E-8,2.2.0
2015-08-26,425476,郑东新区金水东路·交直流充电站4号,17,1,6.00000000,0E-8,2.2.0
2015-08-26,514669,二七区嵩山路·交直流充电站3号,12,1,3.98000000,0E-8,2.2.0
2015-08-26,549414,高新区科学大道·交直流充电站4号,11,1,8.55000000,0E-8,2.2.0
2015-08-26,569889,高新区科学大道·交直流充电站5号,13,1,2.13000000,0E-8,2.2.0
2015-08-26,587514,高新区瑞达路·直流充电站6号,12,1,1.91000000,0E-8,2.2.0
2015-08-26,638536,二七区淮河路·交直流充电站3号,13,1,23.68000000,0E-8,2.2.0
2015-08-26,664306,二七区淮河路·交直流充电站4号,9,1,4.62000000,0E-8,2.2.0
2015-08-26,711566,郑东新区金水东路·交直流充电站5号,16,1,4.89000000,0E-8,2.2.0
2015-08-26,729642,金水区经三路·交直流充电站2号,14,1,2.92000000,0E-8,2.2.0
2015-08-26,730023,中原区西三环·交流充电站2号,16,1,8.95000000,0E-8,2.2.0
2015-08-26,738900,经开区第八大街·交直流充电站6号,17,1,8.03000000,0E-8,2.2.0
2015-08-26,782629,金水区经三路·交直流充电站3号,17,1,4.49000000,0E-8,2.2.0
2015-08-26,801274,经开区第八大街·交直流充电站7号,10,1,2.88000000,0E-8,2.2.0
2015-08-26,863084,管城区陇海路·超充充电站1号,15,1,23.68000000,0E-8,2.2.0
2015-08-26,875343,惠济区天河路·交流充电站1号,9,1,5.55000000,0E-8,2.2.0
2015-08-26,878706,高新区科学大道·交直流充电站10号,7,1,7.99000000,0E-8,2.2.0
2015-08-26,894409,郑东新区金水东路·交直流充电站7号,13,1,5.37000000,0E-8,2.2.0
2015-08-26,944515,经开区第八大街·交直流充电站8号,11,1,3.53000000,0E-8,2.2.0
2015-08-26,955429,航空港区迎宾大道·交流充电站2号,13,1,8.01000000,0E-8,2.2.0
2015-08-26,955429,航空港区迎宾大道·交流充电站2号,17,1,8.67000000,0E-8,2.2.0
2015-08-26,995505,二七区淮河路·交直流充电站6号,9,1,3.43000000,0E-8,2.2.0
2015-08-27,129465,高新区科学大道·交直流充电站1号,16,1,0.77000000,0E-8,2.2.0
2015-08-27,131897,二七区嵩山路·交直流充电站1号,18,1,10.62000000,2.16000000,2.2.0
2015-08-27,200695,中原区建设路·交直流充电站1号,11,1,1.63000000,0E-8,2.2.0
2015-08-27,219054,金水区北三环·直流充电站1号,11,1,3.82000000,0E-8,2.2.0
2015-08-27,228137,上街区中心路·交直流充电站1号,14,1,3.33000000,0E-8,2.2.0
2015-08-27,228137,上街区中心路·交直流充电站1号,18,1,2.52000000,0E-8,2.2.0
2015-08-27,366832,航空港区长安路·直流充电站2号,17,1,3.51000000,0E-8,2.2.0
2015-08-27,369001,航空港区迎宾大道·交流充电站1号,10,1,7.19000000,0E-8,2.2.0
2015-08-27,369001,航空港区迎宾大道·交流充电站1号,14,1,2.34000000,0E-8,2.2.0
2015-08-27,369001,航空港区迎宾大道·交流充电站1号,17,2,5.67000000,0E-8,2.2.0
2015-08-27,405157,经开区第八大街·交直流充电站4号,21,1,4.31000000,0E-8,2.2.0
2015-08-27,445920,金水区花园路·直流充电站1号,13,1,5.87000000,0E-8,2.2.0
2015-08-27,445920,金水区花园路·直流充电站1号,16,1,1.76000000,0E-8,2.2.0
2015-08-27,451479,高新区瑞达路·直流充电站2号,12,1,11.32000000,0E-8,2.2.0
2015-08-27,474204,经开区航海东路·直流充电站3号,12,2,18.65000000,0E-8,2.2.0
2015-08-27,474204,经开区航海东路·直流充电站3号,14,1,9.95000000,0E-8,2.2.0
2015-08-27,489543,二七区淮河路·交直流充电站1号,19,1,0.41000000,0E-8,2.2.0
2015-08-27,500856,经开区第八大街·交直流充电站5号,18,1,5.02000000,0E-8,2.2.0
2015-08-27,562656,经开区航海东路·直流充电站4号,13,1,6.52000000,0E-8,2.2.0
2015-08-27,594591,高新区科学大道·交直流充电站7号,19,1,5.34000000,0E-8,2.2.0
2015-08-27,638536,二七区淮河路·交直流充电站3号,17,1,10.16000000,0E-8,2.2.0
2015-08-27,653450,上街区中心路·交直流充电站3号,17,1,23.68000000,0E-8,2.2.0
2015-08-27,664306,二七区淮河路·交直流充电站4号,11,1,6.09000000,0E-8,2.2.0
2015-08-27,728918,郑东新区金水东路·交直流充电站6号,12,1,23.68000000,0E-8,2.2.0
2015-08-27,728918,郑东新区金水东路·交直流充电站6号,17,1,23.68000000,0E-8,2.2.0
2015-08-27,730023,中原区西三环·交流充电站2号,12,1,1.24000000,0E-8,2.2.0
2015-08-27,792421,中原区建设路·交直流充电站5号,15,1,7.02000000,0E-8,2.2.0
2015-08-27,803398,二七区大学路·直流充电站4号,15,1,4.03000000,0E-8,2.2.0
2015-08-27,863084,管城区陇海路·超充充电站1号,17,1,4.74000000,0E-8,2.2.0
2015-08-27,878706,高新区科学大道·交直流充电站10号,15,2,13.14000000,0E-8,2.2.0
2015-08-27,891421,二七区大学路·直流充电站5号,9,1,5.48000000,0E-8,2.2.0
2015-08-27,911231,中原区建设路·交直流充电站6号,13,1,4.27000000,0E-8,2.2.0
2015-08-27,920264,高新区科学大道·交直流充电站11号,16,1,6.86000000,0.50000000,2.2.0
2015-08-27,943765,高新区科学大道·交直流充电站12号,10,1,3.85000000,0E-8,2.2.0
2015-08-28,129465,高新区科学大道·交直流充电站1号,10,1,8.94000000,0E-8,2.2.0
2015-08-28,200695,中原区建设路·交直流充电站1号,12,1,3.05000000,0E-8,2.2.0
2015-08-28,207262,郑东新区金水东路·交直流充电站1号,11,1,1.07000000,0E-8,2.2.0
2015-08-28,207262,郑东新区金水东路·交直流充电站1号,16,1,3.17000000,0.18000000,2.2.0
2015-08-28,228137,上街区中心路·交直流充电站1号,11,1,10.43000000,0E-8,2.2.0
2015-08-28,228137,上街区中心路·交直流充电站1号,17,1,4.15000000,0E-8,2.2.0
2015-08-28,228137,上街区中心路·交直流充电站1号,19,1,8.85000000,0E-8,2.2.0
2015-08-28,250527,经开区第八大街·交直流充电站1号,13,1,23.68000000,0E-8,2.2.0
2015-08-28,250527,经开区第八大街·交直流充电站1号,14,1,23.68000000,0E-8,2.2.0
2015-08-28,280221,经开区第八大街·交直流充电站2号,9,1,9.00000000,0E-8,2.2.0
2015-08-28,280415,惠济区文化路·直流充电站1号,11,1,3.96000000,0E-8,2.2.0
2015-08-28,369001,航空港区迎宾大道·交流充电站1号,16,1,3.77000000,0E-8,2.2.0
2015-08-28,369001,航空港区迎宾大道·交流充电站1号,17,2,11.92000000,8.56000000,2.2.0
2015-08-28,371335,高新区科学大道·交直流充电站2号,9,1,5.87000000,0E-8,2.2.0
2015-08-28,371335,高新区科学大道·交直流充电站2号,12,1,0.44000000,0.83000000,2.2.0
2015-08-28,386940,金水区北三环·直流充电站2号,12,1,4.01000000,0E-8,2.2.0
2015-08-28,445920,金水区花园路·直流充电站1号,11,1,23.68000000,0E-8,2.2.0
2015-08-28,489543,二七区淮河路·交直流充电站1号,10,1,2.02000000,0E-8,2.2.0
2015-08-28,489543,二七区淮河路·交直流充电站1号,12,1,1.01000000,0E-8,2.2.0
2015-08-28,507660,中原区建设路·交直流充电站3号,12,1,3.11000000,0E-8,2.2.0
2015-08-28,517464,二七区大学路·直流充电站1号,12,1,0.24000000,0.02000000,2.2.0
2015-08-28,569886,二七区淮河路·交直流充电站2号,14,1,8.52000000,0E-8,2.2.0
2015-08-28,572249,二七区大学路·直流充电站3号,4,1,23.68000000,0.80000000,2.2.0
2015-08-28,582873,高新区科学大道·交直流充电站6号,17,1,5.71000000,0E-8,2.2.0
2015-08-28,638536,二七区淮河路·交直流充电站3号,10,1,23.68000000,0E-8,2.2.0
2015-08-28,664306,二七区淮河路·交直流充电站4号,19,1,6.82000000,0E-8,2.2.0
2015-08-28,738900,经开区第八大街·交直流充电站6号,17,1,8.05000000,0E-8,2.2.0
2015-08-28,792421,中原区建设路·交直流充电站5号,16,1,6.34000000,0E-8,2.2.0
2015-08-28,801274,经开区第八大街·交直流充电站7号,12,1,4.61000000,0E-8,2.2.0
2015-08-28,871619,金水区花园路·直流充电站2号,9,1,1.83000000,0E-8,2.2.0
2015-08-28,874950,金水区北三环·直流充电站3号,13,1,1.41000000,0E-8,2.2.0
2015-08-28,878706,高新区科学大道·交直流充电站10号,9,1,16.12000000,2.72000000,2.2.0
2015-08-28,878706,高新区科学大道·交直流充电站10号,10,1,5.37000000,0E-8,2.2.0
2015-08-28,878706,高新区科学大道·交直流充电站10号,11,1,10.21000000,0E-8,2.2.0
2015-08-28,902592,二七区嵩山路·交直流充电站4号,16,1,5.45000000,0E-8,2.2.0
2015-08-28,955429,航空港区迎宾大道·交流充电站2号,12,1,7.70000000,0.19000000,2.2.0
2015-08-28,987396,航空港区长安路·直流充电站3号,15,1,3.67000000,0E-8,2.2.0
2015-08-28,987396,航空港区长安路·直流充电站3号,17,1,10.72000000,0E-8,2.2.0
2015-08-28,989457,郑东新区东风东路·交直流充电站4号,12,1,0.38000000,0E-8,2.2.0
2015-09-01,200695,中原区建设路·交直流充电站1号,17,1,2.31000000,0E-8,2.2.0
2015-09-01,207262,郑东新区金水东路·交直流充电站1号,11,1,7.99000000,0E-8,2.2.0
2015-09-01,207262,郑东新区金水东路·交直流充电站1号,12,1,3.46000000,0E-8,2.2.0
2015-09-01,207262,郑东新区金水东路·交直流充电站1号,16,1,4.11000000,0E-8,2.2.0
2015-09-01,228137,上街区中心路·交直流充电站1号,12,1,5.55000000,0E-8,2.2.0
2015-09-01,250527,经开区第八大街·交直流充电站1号,10,1,13.43000000,0E-8,2.2.0
2015-09-01,366832,航空港区长安路·直流充电站2号,10,1,23.68000000,0E-8,2.2.0
2015-09-01,369001,航空港区迎宾大道·交流充电站1号,16,1,7.46000000,0E-8,2.2.0
2015-09-01,371335,高新区科学大道·交直流充电站2号,9,1,14.24000000,0E-8,2.2.0
2015-09-01,405157,经开区第八大街·交直流充电站4号,14,1,6.83000000,0E-8,2.2.0
2015-09-01,425476,郑东新区金水东路·交直流充电站4号,12,1,0.99000000,0E-8,2.2.0
2015-09-01,445920,金水区花园路·直流充电站1号,12,1,23.68000000,0E-8,2.2.0
2015-09-01,445920,金水区花园路·直流充电站1号,16,1,5.47000000,0.27000000,2.2.0
2015-09-01,474204,经开区航海东路·直流充电站3号,11,1,2.38000000,0E-8,2.2.0
2015-09-01,474204,经开区航海东路·直流充电站3号,12,1,5.77000000,0E-8,2.2.0
2015-09-01,568071,二七区大学路·直流充电站2号,15,1,1.68000000,0E-8,2.2.0
2015-09-01,569886,二七区淮河路·交直流充电站2号,12,1,8.78000000,0E-8,2.2.0
2015-09-01,569889,高新区科学大道·交直流充电站5号,10,1,0.46000000,0E-8,2.2.0
2015-09-01,569889,高新区科学大道·交直流充电站5号,11,1,4.90000000,0E-8,2.2.0
2015-09-01,575971,高新区梧桐街·超充充电站2号,16,1,4.57000000,0E-8,2.2.0
2015-09-01,575971,高新区梧桐街·超充充电站2号,17,1,23.68000000,0E-8,2.2.0
2015-09-01,612116,高新区科学大道·交直流充电站8号,16,1,2.06000000,0E-8,2.2.0
2015-09-01,638536,二七区淮河路·交直流充电站3号,14,1,10.14000000,0.69000000,2.2.0
2015-09-01,638536,二七区淮河路·交直流充电站3号,18,1,3.28000000,0E-8,2.2.0
2015-09-01,653450,上街区中心路·交直流充电站3号,13,1,3.73000000,0E-8,2.2.0
2015-09-01,664306,二七区淮河路·交直流充电站4号,11,1,10.69000000,0E-8,2.2.0
2015-09-01,664306,二七区淮河路·交直流充电站4号,17,1,5.68000000,0E-8,2.2.0
2015-09-01,711566,郑东新区金水东路·交直流充电站5号,11,1,2.56000000,0E-8,2.2.0
2015-09-01,728918,郑东新区金水东路·交直流充电站6号,17,2,10.34000000,0E-8,2.2.0
2015-09-01,738900,经开区第八大街·交直流充电站6号,12,1,2.38000000,0E-8,2.2.0
2015-09-01,871619,金水区花园路·直流充电站2号,17,1,3.74000000,0E-8,2.2.0
2015-09-01,878706,高新区科学大道·交直流充电站10号,11,1,6.92000000,0E-8,2.2.0
2015-09-01,878706,高新区科学大道·交直流充电站10号,16,1,5.22000000,0E-8,2.2.0
2015-09-01,891421,二七区大学路·直流充电站5号,13,1,7.64000000,0E-8,2.2.0
2015-09-01,891421,二七区大学路·直流充电站5号,17,1,2.95000000,0E-8,2.2.0
2015-09-01,902592,二七区嵩山路·交直流充电站4号,11,1,2.60000000,0E-8,2.2.0
2015-09-01,902592,二七区嵩山路·交直流充电站4号,12,1,7.59000000,0E-8,2.2.0
2015-09-01,902592,二七区嵩山路·交直流充电站4号,15,1,0.18000000,0E-8,2.2.0
2015-09-01,911231,中原区建设路·交直流充电站6号,13,1,10.67000000,0E-8,2.2.0
2015-09-01,944515,经开区第八大街·交直流充电站8号,8,1,8.95000000,0E-8,2.2.0
2015-09-01,944515,经开区第八大街·交直流充电站8号,9,1,5.78000000,0E-8,2.2.0
2015-09-01,944515,经开区第八大街·交直流充电站8号,17,1,2.57000000,0E-8,2.2.0
2015-09-01,951880,二七区大学路·直流充电站6号,12,1,9.78000000,0E-8,2.2.0
2015-09-01,955429,航空港区迎宾大道·交流充电站2号,11,1,3.53000000,0E-8,2.2.0
2015-09-01,955429,航空港区迎宾大道·交流充电站2号,16,1,11.01000000,0E-8,2.2.0
2015-09-01,987396,航空港区长安路·直流充电站3号,12,1,9.36000000,0E-8,2.2.0
2015-09-02,207262,郑东新区金水东路·交直流充电站1号,13,2,14.54000000,0.91000000,2.2.0
2015-09-02,250527,经开区第八大街·交直流充电站1号,17,1,2.78000000,0E-8,2.2.0
2015-09-02,369001,航空港区迎宾大道·交流充电站1号,11,1,6.31000000,0E-8,2.2.0
2015-09-02,369001,航空港区迎宾大道·交流充电站1号,16,3,18.72000000,0E-8,2.2.0
2015-09-02,369001,航空港区迎宾大道·交流充电站1号,17,1,3.97000000,0.74000000,2.2.0
2015-09-02,371335,高新区科学大道·交直流充电站2号,17,1,9.33000000,0E-8,2.2.0
2015-09-02,405157,经开区第八大街·交直流充电站4号,15,1,23.68000000,0E-8,2.2.0
2015-09-02,414088,二七区嵩山路·交直流充电站2号,11,1,23.68000000,0E-8,2.2.0
2015-09-02,414088,二七区嵩山路·交直流充电站2号,13,1,7.42000000,0E-8,2.2.0
2015-09-02,414088,二七区嵩山路·交直流充电站2号,16,1,2.07000000,0E-8,2.2.0
2015-09-02,474204,经开区航海东路·直流充电站3号,17,1,23.03000000,0E-8,2.2.0
2015-09-02,500856,经开区第八大街·交直流充电站5号,10,1,7.59000000,0E-8,2.2.0
2015-09-02,517464,二七区大学路·直流充电站1号,18,1,4.28000000,0E-8,2.2.0
2015-09-02,575971,高新区梧桐街·超充充电站2号,12,1,2.54000000,0E-8,2.2.0
2015-09-02,672450,中原区建设路·交直流充电站4号,15,1,9.23000000,0E-8,2.2.0
2015-09-02,728918,郑东新区金水东路·交直流充电站6号,11,1,4.52000000,0E-8,2.2.0
2015-09-02,758780,惠济区文化路·直流充电站3号,10,1,10.93000000,0E-8,2.2.0
2015-09-02,787792,高新区瑞达路·直流充电站7号,10,1,5.98000000,0E-8,2.2.0
2015-09-02,787792,高新区瑞达路·直流充电站7号,18,1,2.23000000,0E-8,2.2.0
2015-09-02,801274,经开区第八大街·交直流充电站7号,16,1,5.46000000,0E-8,2.2.0
2015-09-02,874950,金水区北三环·直流充电站3号,11,1,5.08000000,0E-8,2.2.0
2015-09-02,875343,惠济区天河路·交流充电站1号,10,1,3.27000000,0E-8,2.2.0
2015-09-02,878706,高新区科学大道·交直流充电站10号,13,1,23.68000000,0E-8,2.2.0
2015-09-02,920264,高新区科学大道·交直流充电站11号,12,1,4.54000000,0E-8,2.2.0
2015-09-02,943765,高新区科学大道·交直流充电站12号,17,1,23.68000000,0E-8,2.2.0
2015-09-02,944515,经开区第八大街·交直流充电站8号,14,1,12.08000000,0E-8,2.2.0
2015-09-02,946482,惠济区文化路·直流充电站4号,12,1,3.21000000,0E-8,2.2.0
2015-09-03,200695,中原区建设路·交直流充电站1号,11,1,6.00000000,0E-8,2.2.0
2015-09-03,207262,郑东新区金水东路·交直流充电站1号,17,1,9.00000000,1.46000000,2.2.0
2015-09-03,228137,上街区中心路·交直流充电站1号,8,1,6.93000000,0E-8,2.2.0
2015-09-03,237105,高新区梧桐街·超充充电站1号,16,1,6.46000000,0E-8,2.2.0
2015-09-03,280221,经开区第八大街·交直流充电站2号,11,1,7.17000000,0E-8,2.2.0
2015-09-03,366832,航空港区长安路·直流充电站2号,9,1,2.26000000,0E-8,2.2.0
2015-09-03,366832,航空港区长安路·直流充电站2号,11,1,5.47000000,0E-8,2.2.0
2015-09-03,366832,航空港区长安路·直流充电站2号,19,1,2.91000000,0E-8,2.2.0
2015-09-03,369001,航空港区迎宾大道·交流充电站1号,9,1,4.39000000,0.39000000,2.2.0
2015-09-03,369001,航空港区迎宾大道·交流充电站1号,11,1,4.94000000,0E-8,2.2.0
2015-09-03,369001,航空港区迎宾大道·交流充电站1号,19,1,7.81000000,0.64000000,2.2.0
2015-09-03,371335,高新区科学大道·交直流充电站2号,11,1,5.48000000,0E-8,2.2.0
2015-09-03,405157,经开区第八大街·交直流充电站4号,11,1,4.41000000,0E-8,2.2.0
2015-09-03,405157,经开区第八大街·交直流充电站4号,18,1,4.42000000,0E-8,2.2.0
2015-09-03,414088,二七区嵩山路·交直流充电站2号,16,1,5.23000000,0E-8,2.2.0
2015-09-03,431796,高新区科学大道·交直流充电站3号,17,1,3.99000000,0E-8,2.2.0
2015-09-03,474204,经开区航海东路·直流充电站3号,16,1,3.87000000,0E-8,2.2.0
2015-09-03,474204,经开区航海东路·直流充电站3号,17,1,3.55000000,0E-8,2.2.0
2015-09-03,474204,经开区航海东路·直流充电站3号,19,1,6.08000000,0E-8,2.2.0
2015-09-03,500856,经开区第八大街·交直流充电站5号,19,1,0.82000000,0E-8,2.2.0
2015-09-03,507660,中原区建设路·交直流充电站3号,17,1,6.49000000,0E-8,2.2.0
2015-09-03,514669,二七区嵩山路·交直流充电站3号,12,1,8.87000000,0.88000000,2.2.0
2015-09-03,517464,二七区大学路·直流充电站1号,15,1,8.37000000,0E-8,2.2.0
2015-09-03,569889,高新区科学大道·交直流充电站5号,11,1,5.30000000,0E-8,2.2.0
2015-09-03,623134,郑东新区东风东路·交直流充电站3号,9,1,7.60000000,0E-8,2.2.0
2015-09-03,638536,二七区淮河路·交直流充电站3号,19,1,2.31000000,0E-8,2.2.0
2015-09-03,672450,中原区建设路·交直流充电站4号,19,1,9.17000000,0E-8,2.2.0
2015-09-03,711566,郑东新区金水东路·交直流充电站5号,9,1,6.54000000,0E-8,2.2.0
2015-09-03,728918,郑东新区金水东路·交直流充电站6号,17,1,3.47000000,0E-8,2.2.0
2015-09-03,782629,金水区经三路·交直流充电站3号,11,1,2.29000000,0E-8,2.2.0
2015-09-03,861532,郑东新区CBD·交直流充电站1号,9,1,2.16000000,0E-8,2.2.0
2015-09-03,875343,惠济区天河路·交流充电站1号,18,1,0.87000000,0E-8,2.2.0
2015-09-03,891421,二七区大学路·直流充电站5号,10,1,2.50000000,0E-8,2.2.0
2015-09-03,944515,经开区第八大街·交直流充电站8号,14,1,23.68000000,0E-8,2.2.0
2015-09-03,944515,经开区第八大街·交直流充电站8号,16,1,8.12000000,0E-8,2.2.0
2015-09-03,955429,航空港区迎宾大道·交流充电站2号,14,1,5.79000000,0E-8,2.2.0
2015-09-03,955429,航空港区迎宾大道·交流充电站2号,16,1,5.66000000,0E-8,2.2.0
2015-09-03,995505,二七区淮河路·交直流充电站6号,12,1,13.71000000,0E-8,2.2.0
2015-09-04,207262,郑东新区金水东路·交直流充电站1号,12,2,13.72000000,0E-8,2.2.0
2015-09-04,207262,郑东新区金水东路·交直流充电站1号,14,1,1.80000000,0E-8,2.2.0
2015-09-04,207262,郑东新区金水东路·交直流充电站1号,15,1,5.36000000,0E-8,2.2.0
2015-09-04,207262,郑东新区金水东路·交直流充电站1号,17,1,5.00000000,0E-8,2.2.0
2015-09-04,237105,高新区梧桐街·超充充电站1号,17,1,0.17000000,0E-8,2.2.0
2015-09-04,369001,航空港区迎宾大道·交流充电站1号,12,1,7.74000000,0E-8,2.2.0
2015-09-04,369001,航空港区迎宾大道·交流充电站1号,16,1,2.88000000,0E-8,2.2.0
2015-09-04,369001,航空港区迎宾大道·交流充电站1号,17,1,5.91000000,0E-8,2.2.0
2015-09-04,405157,经开区第八大街·交直流充电站4号,17,1,14.69000000,0E-8,2.2.0
2015-09-04,414088,二七区嵩山路·交直流充电站2号,16,1,5.93000000,0.23000000,2.2.0
2015-09-04,474204,经开区航海东路·直流充电站3号,11,1,2.27000000,0E-8,2.2.0
2015-09-04,474204,经开区航海东路·直流充电站3号,12,1,11.16000000,0E-8,2.2.0
2015-09-04,489543,二七区淮河路·交直流充电站1号,17,1,3.90000000,0E-8,2.2.0
2015-09-04,514669,二七区嵩山路·交直流充电站3号,9,1,2.13000000,0E-8,2.2.0
2015-09-04,562656,经开区航海东路·直流充电站4号,11,1,1.17000000,0E-8,2.2.0
2015-09-04,562656,经开区航海东路·直流充电站4号,12,1,10.19000000,0E-8,2.2.0
2015-09-04,568071,二七区大学路·直流充电站2号,9,1,0.60000000,0E-8,2.2.0
2015-09-04,568071,二七区大学路·直流充电站2号,13,1,3.04000000,0E-8,2.2.0
2015-09-04,582873,高新区科学大道·交直流充电站6号,11,1,7.95000000,0E-8,2.2.0
2015-09-04,612116,高新区科学大道·交直流充电站8号,12,1,6.24000000,0E-8,2.2.0
2015-09-04,623134,郑东新区东风东路·交直流充电站3号,11,1,9.43000000,0E-8,2.2.0
2015-09-04,638536,二七区淮河路·交直流充电站3号,15,1,6.50000000,0E-8,2.2.0
2015-09-04,643012,金水区经三路·交直流充电站1号,16,1,4.53000000,0E-8,2.2.0
2015-09-04,664306,二七区淮河路·交直流充电站4号,11,1,18.55000000,0E-8,2.2.0
2015-09-04,693651,上街区中心路·交直流充电站4号,10,1,1.51000000,0E-8,2.2.0
2015-09-04,728918,郑东新区金水东路·交直流充电站6号,13,1,9.04000000,0E-8,2.2.0
2015-09-04,801274,经开区第八大街·交直流充电站7号,14,1,3.77000000,0E-8,2.2.0
2015-09-04,801274,经开区第八大街·交直流充电站7号,20,1,10.81000000,7.50000000,2.2.0
2015-09-04,803398,二七区大学路·直流充电站4号,18,1,2.18000000,0E-8,2.2.0
2015-09-04,875343,惠济区天河路·交流充电站1号,10,1,2.99000000,0E-8,2.2.0
2015-09-04,878706,高新区科学大道·交直流充电站10号,11,1,6.29000000,0E-8,2.2.0
2015-09-04,878706,高新区科学大道·交直流充电站10号,16,1,5.83000000,1.14000000,2.2.0
2015-09-04,902592,二七区嵩山路·交直流充电站4号,10,1,4.99000000,0E-8,2.2.0
2015-09-04,902592,二七区嵩山路·交直流充电站4号,19,1,6.23000000,0E-8,2.2.0
2015-09-04,920264,高新区科学大道·交直流充电站11号,11,1,4.75000000,0.42000000,2.2.0
2015-09-04,932939,二七区淮河路·交直流充电站5号,21,1,8.48000000,0.55000000,2.2.0
2015-09-04,951880,二七区大学路·直流充电站6号,17,1,6.43000000,0E-8,2.2.0
2015-09-04,955429,航空港区迎宾大道·交流充电站2号,21,1,23.68000000,0E-8,2.2.0
2015-09-04,987396,航空港区长安路·直流充电站3号,13,1,2.35000000,0E-8,2.2.0
2015-09-04,995505,二七区淮河路·交直流充电站6号,18,1,8.01000000,0E-8,2.2.0
2015-09-05,191826,经开区航海东路·直流充电站1号,17,1,23.68000000,0E-8,2.2.0
2015-09-05,207262,郑东新区金水东路·交直流充电站1号,17,1,3.06000000,0E-8,2.2.0
2015-09-05,280415,惠济区文化路·直流充电站1号,16,1,8.19000000,0E-8,2.2.0
2015-09-05,349635,上街区中心路·交直流充电站2号,10,1,5.06000000,0E-8,2.2.0
2015-09-05,355208,经开区第八大街·交直流充电站3号,17,1,6.52000000,0E-8,2.2.0
2015-09-05,369001,航空港区迎宾大道·交流充电站1号,11,1,8.36000000,0E-8,2.2.0
2015-09-05,369001,航空港区迎宾大道·交流充电站1号,17,1,7.29000000,0E-8,2.2.0
2015-09-05,405157,经开区第八大街·交直流充电站4号,18,1,0.29000000,0E-8,2.2.0
2015-09-05,414088,二七区嵩山路·交直流充电站2号,17,1,4.72000000,0E-8,2.2.0
2015-09-05,445920,金水区花园路·直流充电站1号,8,1,5.77000000,0E-8,2.2.0
2015-09-05,474204,经开区航海东路·直流充电站3号,11,2,14.40000000,0E-8,2.2.0
2015-09-05,474204,经开区航海东路·直流充电站3号,12,1,4.81000000,0E-8,2.2.0
2015-09-05,474204,经开区航海东路·直流充电站3号,15,2,38.92000000,2.58000000,2.2.0
2015-09-05,540225,高新区瑞达路·直流充电站5号,19,1,23.68000000,0E-8,2.2.0
2015-09-05,623134,郑东新区东风东路·交直流充电站3号,17,1,3.98000000,0E-8,2.2.0
2015-09-05,632920,高新区科学大道·交直流充电站9号,11,1,9.52000000,0E-8,2.2.0
2015-09-05,638536,二七区淮河路·交直流充电站3号,17,1,7.08000000,0E-8,2.2.0
2015-09-05,653450,上街区中心路·交直流充电站3号,16,1,10.16000000,0E-8,2.2.0
2015-09-05,664306,二七区淮河路·交直流充电站4号,11,1,7.50000000,0E-8,2.2.0
2015-09-05,672450,中原区建设路·交直流充电站4号,10,1,0.97000000,0.06000000,2.2.0
2015-09-05,728918,郑东新区金水东路·交直流充电站6号,4,1,2.27000000,0E-8,2.2.0
2015-09-05,738900,经开区第八大街·交直流充电站6号,12,2,10.45000000,0E-8,2.2.0
2015-09-05,792421,中原区建设路·交直流充电站5号,9,1,3.19000000,0E-8,2.2.0
2015-09-05,875343,惠济区天河路·交流充电站1号,8,1,5.60000000,0E-8,2.2.0
2015-09-05,875343,惠济区天河路·交流充电站1号,11,1,0.21000000,0E-8,2.2.0
2015-09-05,902592,二七区嵩山路·交直流充电站4号,12,1,12.38000000,0E-8,2.2.0
2015-09-05,902592,二七区嵩山路·交直流充电站4号,18,1,3.65000000,0.26000000,2.2.0
2015-09-05,943765,高新区科学大道·交直流充电站12号,16,1,4.39000000,0E-8,2.2.0
2015-09-05,944515,经开区第八大街·交直流充电站8号,16,2,12.53000000,0E-8,2.2.0
2015-09-05,955429,航空港区迎宾大道·交流充电站2号,10,1,23.68000000,0E-8,2.2.0
2015-09-05,955429,航空港区迎宾大道·交流充电站2号,12,1,6.33000000,0E-8,2.2.0
2015-09-05,955429,航空港区迎宾大道·交流充电站2号,16,2,12.25000000,0E-8,2.2.0
2015-09-06,191826,经开区航海东路·直流充电站1号,11,1,3.16000000,0E-8,2.2.0
2015-09-06,237105,高新区梧桐街·超充充电站1号,17,2,9.58000000,0E-8,2.2.0
2015-09-06,250527,经开区第八大街·交直流充电站1号,14,1,1.90000000,0E-8,2.2.0
2015-09-06,260408,经开区航海东路·直流充电站2号,17,1,6.99000000,0E-8,2.2.0
2015-09-06,280221,经开区第八大街·交直流充电站2号,11,1,13.41000000,0E-8,2.2.0
2015-09-06,280221,经开区第八大街·交直流充电站2号,12,1,23.68000000,0E-8,2.2.0
2015-09-06,366832,航空港区长安路·直流充电站2号,16,1,1.20000000,0.18000000,2.2.0
2015-09-06,369001,航空港区迎宾大道·交流充电站1号,12,1,8.22000000,0E-8,2.2.0
2015-09-06,369001,航空港区迎宾大道·交流充电站1号,14,1,23.68000000,0E-8,2.2.0
2015-09-06,369001,航空港区迎宾大道·交流充电站1号,15,1,12.54000000,0E-8,2.2.0
2015-09-06,369001,航空港区迎宾大道·交流充电站1号,19,1,7.44000000,0E-8,2.2.0
2015-09-06,369001,航空港区迎宾大道·交流充电站1号,21,1,5.79000000,0E-8,2.2.0
2015-09-06,371335,高新区科学大道·交直流充电站2号,11,1,7.27000000,6.16000000,2.2.0
2015-09-06,371335,高新区科学大道·交直流充电站2号,12,1,7.08000000,0.43000000,2.2.0
2015-09-06,371335,高新区科学大道·交直流充电站2号,16,1,7.85000000,1.38000000,2.2.0
2015-09-06,445920,金水区花园路·直流充电站1号,10,1,2.30000000,0E-8,2.2.0
2015-09-06,474204,经开区航海东路·直流充电站3号,11,1,23.68000000,0E-8,2.2.0
2015-09-06,474204,经开区航海东路·直流充电站3号,18,1,0.25000000,0E-8,2.2.0
2015-09-06,575971,高新区梧桐街·超充充电站2号,11,1,23.68000000,0E-8,2.2.0
2015-09-06,582873,高新区科学大道·交直流充电站6号,16,1,7.07000000,0E-8,2.2.0
2015-09-06,638536,二七区淮河路·交直流充电站3号,17,1,11.95000000,0E-8,2.2.0
2015-09-06,643012,金水区经三路·交直流充电站1号,12,1,9.62000000,0E-8,2.2.0
2015-09-06,653450,上街区中心路·交直流充电站3号,12,1,0.56000000,0E-8,2.2.0
2015-09-06,653450,上街区中心路·交直流充电站3号,16,1,1.79000000,0E-8,2.2.0
2015-09-06,728918,郑东新区金水东路·交直流充电站6号,12,2,3.27000000,0E-8,2.2.0
2015-09-06,758780,惠济区文化路·直流充电站3号,11,1,1.69000000,0E-8,2.2.0
2015-09-06,787792,高新区瑞达路·直流充电站7号,17,1,8.89000000,0E-8,2.2.0
2015-09-06,801274,经开区第八大街·交直流充电站7号,13,1,7.90000000,0E-8,2.2.0
2015-09-06,944515,经开区第八大街·交直流充电站8号,11,1,1.74000000,0E-8,2.2.0
2015-09-06,944575,郑东新区金水东路·交直流充电站8号,15,1,6.26000000,0E-8,2.2.0
2015-09-06,944575,郑东新区金水东路·交直流充电站8号,17,1,10.24000000,0E-8,2.2.0
2015-09-06,955429,航空港区迎宾大道·交流充电站2号,13,1,5.51000000,0.37000000,2.2.0
2015-09-06,987396,航空港区长安路·直流充电站3号,10,1,2.03000000,0E-8,2.2.0
2015-09-06,987396,航空港区长安路·直流充电站3号,13,2,12.39000000,0E-8,2.2.0
2015-09-06,987396,航空港区长安路·直流充电站3号,16,1,5.36000000,0E-8,2.2.0
2015-09-06,995505,二七区淮河路·交直流充电站6号,20,1,13.65000000,0E-8,2.2.0
2015-09-07,131897,二七区嵩山路·交直流充电站1号,11,1,7.23000000,0E-8,2.2.0
2015-09-07,131897,二七区嵩山路·交直流充电站1号,16,1,4.57000000,0E-8,2.2.0
2015-09-07,228137,上街区中心路·交直流充电站1号,11,1,5.93000000,0E-8,2.2.0
2015-09-07,228137,上街区中心路·交直流充电站1号,12,1,0.65000000,0E-8,2.2.0
2015-09-07,228137,上街区中心路·交直流充电站1号,14,1,0.89000000,0E-8,2.2.0
2015-09-07,250527,经开区第八大街·交直流充电站1号,10,2,9.88000000,0E-8,2.2.0
2015-09-07,250527,经开区第八大街·交直流充电站1号,13,1,5.85000000,6.38000000,2.2.0
2015-09-07,280221,经开区第八大街·交直流充电站2号,11,1,9.27000000,0E-8,2.2.0
2015-09-07,369001,航空港区迎宾大道·交流充电站1号,11,1,12.07000000,0E-8,2.2.0
2015-09-07,369001,航空港区迎宾大道·交流充电站1号,13,1,2.10000000,0E-8,2.2.0
2015-09-07,369001,航空港区迎宾大道·交流充电站1号,14,1,9.28000000,0E-8,2.2.0
2015-09-07,369001,航空港区迎宾大道·交流充电站1号,15,1,23.68000000,0E-8,2.2.0
2015-09-07,369001,航空港区迎宾大道·交流充电站1号,16,2,19.32000000,0E-8,2.2.0
2015-09-07,369001,航空港区迎宾大道·交流充电站1号,17,1,2.26000000,0E-8,2.2.0
2015-09-07,369001,航空港区迎宾大道·交流充电站1号,18,2,29.59000000,0E-8,2.2.0
2015-09-07,371335,高新区科学大道·交直流充电站2号,11,1,7.79000000,0E-8,2.2.0
2015-09-07,405157,经开区第八大街·交直流充电站4号,17,1,10.46000000,0E-8,2.2.0
2015-09-07,474204,经开区航海东路·直流充电站3号,13,1,4.22000000,0E-8,2.2.0
2015-09-07,474204,经开区航海东路·直流充电站3号,21,1,0.61000000,0E-8,2.2.0
2015-09-07,489543,二七区淮河路·交直流充电站1号,14,1,8.46000000,0E-8,2.2.0
2015-09-07,517464,二七区大学路·直流充电站1号,9,1,2.29000000,0E-8,2.2.0
2015-09-07,517464,二七区大学路·直流充电站1号,12,1,5.02000000,0E-8,2.2.0
2015-09-07,562656,经开区航海东路·直流充电站4号,18,1,7.57000000,0E-8,2.2.0
2015-09-07,569886,二七区淮河路·交直流充电站2号,17,1,17.62000000,0E-8,2.2.0
2015-09-07,569886,二七区淮河路·交直流充电站2号,20,1,4.01000000,0E-8,2.2.0
2015-09-07,594591,高新区科学大道·交直流充电站7号,12,1,1.37000000,0E-8,2.2.0
2015-09-07,638536,二七区淮河路·交直流充电站3号,17,1,5.73000000,0E-8,2.2.0
2015-09-07,664306,二七区淮河路·交直流充电站4号,17,1,6.57000000,0.65000000,2.2.0
2015-09-07,693651,上街区中心路·交直流充电站4号,13,1,23.68000000,0E-8,2.2.0
2015-09-07,728918,郑东新区金水东路·交直流充电站6号,17,1,2.71000000,0E-8,2.2.0
2015-09-07,738900,经开区第八大街·交直流充电站6号,17,1,23.68000000,0E-8,2.2.0
2015-09-07,782629,金水区经三路·交直流充电站3号,14,1,23.68000000,0E-8,2.2.0
2015-09-07,801274,经开区第八大街·交直流充电站7号,15,1,6.74000000,0E-8,2.2.0
2015-09-07,874950,金水区北三环·直流充电站3号,8,1,6.68000000,0E-8,2.2.0
2015-09-07,875343,惠济区天河路·交流充电站1号,18,1,4.05000000,0E-8,2.2.0
2015-09-07,951880,二七区大学路·直流充电站6号,10,1,0.20000000,0.02000000,2.2.0
2015-09-07,981639,中原区桐柏路·交直流充电站1号,10,1,2.32000000,0E-8,2.2.0
2015-09-07,987396,航空港区长安路·直流充电站3号,11,1,2.34000000,0E-8,2.2.0
2015-09-08,129465,高新区科学大道·交直流充电站1号,18,1,4.56000000,0E-8,2.2.0
2015-09-08,207262,郑东新区金水东路·交直流充电站1号,10,2,8.88000000,0E-8,2.2.0
2015-09-08,219054,金水区北三环·直流充电站1号,11,1,8.08000000,0E-8,2.2.0
2015-09-08,228137,上街区中心路·交直流充电站1号,11,2,31.15000000,0E-8,2.2.0
2015-09-08,228137,上街区中心路·交直流充电站1号,17,1,23.68000000,7.50000000,2.2.0
2015-09-08,250527,经开区第八大街·交直流充电站1号,12,1,7.96000000,0E-8,2.2.0
2015-09-08,280415,惠济区文化路·直流充电站1号,19,1,23.68000000,4.79000000,2.2.0
2015-09-08,366832,航空港区长安路·直流充电站2号,17,1,1.48000000,0E-8,2.2.0
2015-09-08,366832,航空港区长安路·直流充电站2号,18,1,2.67000000,0.27000000,2.2.0
2015-09-08,369001,航空港区迎宾大道·交流充电站1号,8,1,5.63000000,0E-8,2.2.0
2015-09-08,369001,航空港区迎宾大道·交流充电站1号,11,1,6.47000000,0E-8,2.2.0
2015-09-08,369001,航空港区迎宾大道·交流充电站1号,13,1,3.90000000,0E-8,2.2.0
2015-09-08,369001,航空港区迎宾大道·交流充电站1号,17,1,5.08000000,0E-8,2.2.0
2015-09-08,369001,航空港区迎宾大道·交流充电站1号,19,1,10.26000000,0E-8,2.2.0
2015-09-08,405157,经开区第八大街·交直流充电站4号,16,1,9.81000000,0E-8,2.2.0
2015-09-08,445920,金水区花园路·直流充电站1号,12,1,6.83000000,0E-8,2.2.0
2015-09-08,474204,经开区航海东路·直流充电站3号,11,1,8.04000000,0E-8,2.2.0
2015-09-08,474204,经开区航海东路·直流充电站3号,12,1,0.40000000,0E-8,2.2.0
2015-09-08,474204,经开区航海东路·直流充电站3号,13,1,6.14000000,0E-8,2.2.0
2015-09-08,474204,经开区航海东路·直流充电站3号,16,1,9.18000000,0E-8,2.2.0
2015-09-08,474204,经开区航海东路·直流充电站3号,17,1,0.73000000,0E-8,2.2.0
2015-09-08,572249,二七区大学路·直流充电站3号,15,1,5.84000000,0E-8,2.2.0
2015-09-08,643012,金水区经三路·交直流充电站1号,10,1,3.52000000,0.30000000,2.2.0
2015-09-08,728918,郑东新区金水东路·交直流充电站6号,11,1,2.41000000,0E-8,2.2.0
2015-09-08,728918,郑东新区金水东路·交直流充电站6号,16,1,0.75000000,0E-8,2.2.0
2015-09-08,729642,金水区经三路·交直流充电站2号,12,1,23.68000000,0E-8,2.2.0
2015-09-08,730023,中原区西三环·交流充电站2号,11,1,4.07000000,4.74000000,2.2.0
2015-09-08,738900,经开区第八大街·交直流充电站6号,13,1,4.17000000,0E-8,2.2.0
2015-09-08,803398,二七区大学路·直流充电站4号,11,1,23.68000000,0E-8,2.2.0
2015-09-08,803398,二七区大学路·直流充电站4号,16,1,6.02000000,0E-8,2.2.0
2015-09-08,875343,惠济区天河路·交流充电站1号,17,1,5.18000000,7.50000000,2.2.0
2015-09-08,878706,高新区科学大道·交直流充电站10号,19,1,4.46000000,0E-8,2.2.0
2015-09-08,914907,高新区瑞达路·直流充电站11号,11,1,7.62000000,0E-8,2.2.0
2015-09-08,914907,高新区瑞达路·直流充电站11号,12,1,3.90000000,0E-8,2.2.0
2015-09-08,944515,经开区第八大街·交直流充电站8号,18,1,14.07000000,0E-8,2.2.0
2015-09-08,955429,航空港区迎宾大道·交流充电站2号,10,1,4.14000000,0.23000000,2.2.0
2015-09-08,955429,航空港区迎宾大道·交流充电站2号,19,1,9.11000000,0E-8,2.2.0
2015-09-08,987396,航空港区长安路·直流充电站3号,12,1,23.68000000,0E-8,2.2.0
2015-09-09,129465,高新区科学大道·交直流充电站1号,16,1,5.03000000,0E-8,2.2.0
2015-09-09,134427,郑东新区东风东路·交直流充电站1号,12,1,8.96000000,1.81000000,2.2.0
2015-09-09,219054,金水区北三环·直流充电站1号,15,1,7.99000000,0E-8,2.2.0
2015-09-09,237105,高新区梧桐街·超充充电站1号,15,1,4.61000000,3.24000000,2.2.0
2015-09-09,250527,经开区第八大街·交直流充电站1号,15,1,5.70000000,0E-8,2.2.0
2015-09-09,250527,经开区第八大街·交直流充电站1号,18,1,6.47000000,0E-8,2.2.0
2015-09-09,280221,经开区第八大街·交直流充电站2号,12,1,4.43000000,0.21000000,2.2.0
2015-09-09,369001,航空港区迎宾大道·交流充电站1号,10,1,10.04000000,0.86000000,2.2.0
2015-09-09,369001,航空港区迎宾大道·交流充电站1号,11,1,3.35000000,0E-8,2.2.0
2015-09-09,369001,航空港区迎宾大道·交流充电站1号,12,1,10.93000000,0E-8,2.2.0
2015-09-09,371335,高新区科学大道·交直流充电站2号,15,1,3.26000000,0E-8,2.2.0
2015-09-09,425476,郑东新区金水东路·交直流充电站4号,16,1,3.30000000,0.29000000,2.2.0
2015-09-09,445920,金水区花园路·直流充电站1号,11,1,7.61000000,0E-8,2.2.0
2015-09-09,474204,经开区航海东路·直流充电站3号,9,1,23.68000000,0E-8,2.2.0
2015-09-09,489543,二七区淮河路·交直流充电站1号,16,1,8.13000000,0E-8,2.2.0
2015-09-09,594591,高新区科学大道·交直流充电站7号,12,1,8.08000000,0E-8,2.2.0
2015-09-09,638536,二七区淮河路·交直流充电站3号,20,1,1.03000000,0E-8,2.2.0
2015-09-09,653450,上街区中心路·交直流充电站3号,17,1,7.18000000,0E-8,2.2.0
2015-09-09,664306,二七区淮河路·交直流充电站4号,10,1,8.63000000,0E-8,2.2.0
2015-09-09,738900,经开区第八大街·交直流充电站6号,18,1,5.39000000,0E-8,2.2.0
2015-09-09,801274,经开区第八大街·交直流充电站7号,17,1,3.61000000,0.29000000,2.2.0
2015-09-09,803398,二七区大学路·直流充电站4号,15,1,3.48000000,0E-8,2.2.0
2015-09-09,863084,管城区陇海路·超充充电站1号,17,1,23.68000000,0E-8,2.2.0
2015-09-09,874950,金水区北三环·直流充电站3号,12,1,3.91000000,0E-8,2.2.0
2015-09-09,878706,高新区科学大道·交直流充电站10号,12,1,5.72000000,0E-8,2.2.0
2015-09-09,911231,中原区建设路·交直流充电站6号,13,1,1.48000000,0E-8,2.2.0
2015-09-09,943765,高新区科学大道·交直流充电站12号,16,1,0.51000000,0.64000000,2.2.0
2015-09-09,951880,二七区大学路·直流充电站6号,11,1,9.05000000,0E-8,2.2.0
2015-09-09,951880,二七区大学路·直流充电站6号,16,1,3.85000000,0E-8,2.2.0
2015-09-09,987396,航空港区长安路·直流充电站3号,10,1,13.32000000,0E-8,2.2.0
2015-09-10,228137,上街区中心路·交直流充电站1号,16,1,6.29000000,0.47000000,2.2.0
2015-09-10,237105,高新区梧桐街·超充充电站1号,13,1,9.50000000,0E-8,2.2.0
2015-09-10,250527,经开区第八大街·交直流充电站1号,13,1,4.30000000,0E-8,2.2.0
2015-09-10,250527,经开区第八大街·交直流充电站1号,18,1,3.84000000,0E-8,2.2.0
2015-09-10,260408,经开区航海东路·直流充电站2号,15,1,5.97000000,0E-8,2.2.0
2015-09-10,355208,经开区第八大街·交直流充电站3号,9,1,3.94000000,1.27000000,2.2.0
2015-09-10,366832,航空港区长安路·直流充电站2号,12,1,7.54000000,0E-8,2.2.0
2015-09-10,369001,航空港区迎宾大道·交流充电站1号,10,1,5.11000000,0.71000000,2.2.0
2015-09-10,369001,航空港区迎宾大道·交流充电站1号,12,2,23.75000000,0E-8,2.2.0
2015-09-10,369001,航空港区迎宾大道·交流充电站1号,15,1,0.95000000,0E-8,2.2.0
2015-09-10,369001,航空港区迎宾大道·交流充电站1号,16,1,3.49000000,0E-8,2.2.0
2015-09-10,369001,航空港区迎宾大道·交流充电站1号,17,2,5.40000000,0E-8,2.2.0
2015-09-10,369001,航空港区迎宾大道·交流充电站1号,19,1,5.98000000,0E-8,2.2.0
2015-09-10,371335,高新区科学大道·交直流充电站2号,16,1,23.68000000,0E-8,2.2.0
2015-09-10,386940,金水区北三环·直流充电站2号,21,1,2.64000000,0E-8,2.2.0
2015-09-10,405157,经开区第八大街·交直流充电站4号,10,1,7.80000000,0E-8,2.2.0
2015-09-10,405157,经开区第八大街·交直流充电站4号,16,1,5.51000000,0E-8,2.2.0
2015-09-10,474204,经开区航海东路·直流充电站3号,10,1,5.00000000,0E-8,2.2.0
2015-09-10,474204,经开区航海东路·直流充电站3号,16,1,23.68000000,0E-8,2.2.0
2015-09-10,474204,经开区航海东路·直流充电站3号,18,1,5.07000000,0E-8,2.2.0
2015-09-10,489543,二七区淮河路·交直流充电站1号,15,1,1.99000000,0E-8,2.2.0
2015-09-10,568071,二七区大学路·直流充电站2号,18,2,29.36000000,2.28000000,2.2.0
2015-09-10,569889,高新区科学大道·交直流充电站5号,0,1,4.30000000,0E-8,2.2.0
2015-09-10,632920,高新区科学大道·交直流充电站9号,9,1,2.82000000,0E-8,2.2.0
2015-09-10,653450,上街区中心路·交直流充电站3号,13,1,3.76000000,0E-8,2.2.0
2015-09-10,664306,二七区淮河路·交直流充电站4号,13,1,2.34000000,0E-8,2.2.0
2015-09-10,738900,经开区第八大街·交直流充电站6号,11,1,13.74000000,0E-8,2.2.0
2015-09-10,758780,惠济区文化路·直流充电站3号,10,1,9.76000000,0E-8,2.2.0
2015-09-10,875343,惠济区天河路·交流充电站1号,14,1,3.83000000,0E-8,2.2.0
2015-09-10,878706,高新区科学大道·交直流充电站10号,11,1,4.51000000,0E-8,2.2.0
2015-09-10,878706,高新区科学大道·交直流充电站10号,16,1,5.10000000,0E-8,2.2.0
2015-09-10,902592,二七区嵩山路·交直流充电站4号,13,1,2.50000000,0E-8,2.2.0
2015-09-10,929628,管城区陇海路·超充充电站2号,16,1,7.65000000,0E-8,2.2.0
2015-09-10,932939,二七区淮河路·交直流充电站5号,18,1,23.68000000,0E-8,2.2.0
2015-09-10,944515,经开区第八大街·交直流充电站8号,8,1,2.35000000,0E-8,2.2.0
2015-09-10,944515,经开区第八大街·交直流充电站8号,14,1,6.27000000,0E-8,2.2.0
2015-09-10,955429,航空港区迎宾大道·交流充电站2号,17,1,4.13000000,0E-8,2.2.0
2015-09-10,987396,航空港区长安路·直流充电站3号,13,1,3.08000000,0E-8,2.2.0
2015-09-10,987396,航空港区长安路·直流充电站3号,16,1,1.92000000,0E-8,2.2.0
2015-09-10,987396,航空港区长安路·直流充电站3号,17,1,3.89000000,0E-8,2.2.0
2015-09-10,989457,郑东新区东风东路·交直流充电站4号,15,1,5.80000000,0E-8,2.2.0
2015-09-11,129465,高新区科学大道·交直流充电站1号,9,1,10.04000000,0E-8,2.2.0
2015-09-11,219054,金水区北三环·直流充电站1号,11,1,23.68000000,0E-8,2.2.0
2015-09-11,219054,金水区北三环·直流充电站1号,12,1,3.67000000,0E-8,2.2.0
2015-09-11,219054,金水区北三环·直流充电站1号,17,1,4.65000000,0E-8,2.2.0
2015-09-11,228137,上街区中心路·交直流充电站1号,0,1,2.56000000,1.83000000,2.2.0
2015-09-11,228137,上街区中心路·交直流充电站1号,8,1,23.68000000,0E-8,2.2.0
2015-09-11,228137,上街区中心路·交直流充电站1号,11,1,5.65000000,0E-8,2.2.0
2015-09-11,228137,上街区中心路·交直流充电站1号,14,1,6.29000000,0E-8,2.2.0
2015-09-11,237105,高新区梧桐街·超充充电站1号,13,1,7.61000000,0E-8,2.2.0
2015-09-11,237105,高新区梧桐街·超充充电站1号,17,1,0.41000000,0E-8,2.2.0
2015-09-11,288445,航空港区长安路·直流充电站1号,11,1,6.10000000,0E-8,2.2.0
2015-09-11,369001,航空港区迎宾大道·交流充电站1号,10,1,1.88000000,0E-8,2.2.0
2015-09-11,369001,航空港区迎宾大道·交流充电站1号,16,1,2.88000000,0E-8,2.2.0
2015-09-11,405157,经开区第八大街·交直流充电站4号,14,1,12.27000000,0E-8,2.2.0
2015-09-11,431796,高新区科学大道·交直流充电站3号,11,1,10.87000000,0E-8,2.2.0
2015-09-11,474204,经开区航海东路·直流充电站3号,11,1,5.51000000,0E-8,2.2.0
2015-09-11,474204,经开区航海东路·直流充电站3号,12,1,1.74000000,0E-8,2.2.0
2015-09-11,489543,二七区淮河路·交直流充电站1号,12,1,3.01000000,0E-8,2.2.0
2015-09-11,507660,中原区建设路·交直流充电站3号,15,1,6.57000000,0E-8,2.2.0
2015-09-11,517464,二七区大学路·直流充电站1号,16,1,0.55000000,0E-8,2.2.0
2015-09-11,540225,高新区瑞达路·直流充电站5号,21,1,10.64000000,0E-8,2.2.0
2015-09-11,562656,经开区航海东路·直流充电站4号,11,1,5.21000000,0E-8,2.2.0
2015-09-11,568071,二七区大学路·直流充电站2号,11,1,9.74000000,0E-8,2.2.0
2015-09-11,569889,高新区科学大道·交直流充电站5号,18,1,0.65000000,0E-8,2.2.0
2015-09-11,572249,二七区大学路·直流充电站3号,10,1,5.79000000,0E-8,2.2.0
2015-09-11,623134,郑东新区东风东路·交直流充电站3号,15,1,4.70000000,0E-8,2.2.0
2015-09-11,638536,二七区淮河路·交直流充电站3号,12,1,6.80000000,0E-8,2.2.0
2015-09-11,664306,二七区淮河路·交直流充电站4号,8,1,23.68000000,0E-8,2.2.0
2015-09-11,728918,郑东新区金水东路·交直流充电站6号,19,1,1.98000000,0E-8,2.2.0
2015-09-11,738900,经开区第八大街·交直流充电站6号,17,2,7.84000000,0E-8,2.2.0
2015-09-11,758780,惠济区文化路·直流充电站3号,16,1,1.67000000,0.05000000,2.2.0
2015-09-11,801274,经开区第八大街·交直流充电站7号,11,1,5.51000000,0E-8,2.2.0
2015-09-11,803398,二七区大学路·直流充电站4号,14,1,4.70000000,0E-8,2.2.0
2015-09-11,878706,高新区科学大道·交直流充电站10号,12,1,5.59000000,0E-8,2.2.0
2015-09-11,891421,二七区大学路·直流充电站5号,15,1,23.68000000,1.30000000,2.2.0
2015-09-11,902592,二七区嵩山路·交直流充电站4号,13,1,4.31000000,0E-8,2.2.0
2015-09-11,902592,二七区嵩山路·交直流充电站4号,16,1,3.45000000,0E-8,2.2.0
2015-09-11,914305,高新区瑞达路·直流充电站10号,12,1,23.68000000,1.39000000,2.2.0
2015-09-11,944515,经开区第八大街·交直流充电站8号,13,1,7.04000000,0.47000000,2.2.0
2015-09-11,951880,二七区大学路·直流充电站6号,17,1,6.25000000,0E-8,2.2.0
2015-09-11,951880,二七区大学路·直流充电站6号,18,1,3.13000000,0E-8,2.2.0
2015-09-11,955429,航空港区迎宾大道·交流充电站2号,12,1,0.86000000,0E-8,2.2.0
2015-09-11,955429,航空港区迎宾大道·交流充电站2号,19,1,6.92000000,0E-8,2.2.0
2015-09-11,987396,航空港区长安路·直流充电站3号,18,1,5.06000000,0E-8,2.2.0
2015-09-12,129465,高新区科学大道·交直流充电站1号,18,1,7.88000000,0E-8,2.2.0
2015-09-12,207262,郑东新区金水东路·交直流充电站1号,17,1,4.42000000,0E-8,2.2.0
2015-09-12,219054,金水区北三环·直流充电站1号,12,1,0.56000000,0E-8,2.2.0
2015-09-12,219054,金水区北三环·直流充电站1号,16,1,5.29000000,0E-8,2.2.0
2015-09-12,250527,经开区第八大街·交直流充电站1号,15,1,0.74000000,0E-8,2.2.0
2015-09-12,280221,经开区第八大街·交直流充电站2号,17,1,1.76000000,0.20000000,2.2.0
2015-09-12,355208,经开区第八大街·交直流充电站3号,15,1,2.85000000,0E-8,2.2.0
2015-09-12,369001,航空港区迎宾大道·交流充电站1号,12,1,3.05000000,0E-8,2.2.0
2015-09-12,371335,高新区科学大道·交直流充电站2号,9,1,2.31000000,0E-8,2.2.0
2015-09-12,386940,金水区北三环·直流充电站2号,10,1,5.61000000,0E-8,2.2.0
2015-09-12,425476,郑东新区金水东路·交直流充电站4号,19,1,4.80000000,0.13000000,2.2.0
2015-09-12,431796,高新区科学大道·交直流充电站3号,16,1,23.68000000,0E-8,2.2.0
2015-09-12,445920,金水区花园路·直流充电站1号,11,1,23.68000000,0E-8,2.2.0
2015-09-12,474204,经开区航海东路·直流充电站3号,12,1,0.16000000,0E-8,2.2.0
2015-09-12,474204,经开区航海东路·直流充电站3号,20,1,23.68000000,0E-8,2.2.0
2015-09-12,500856,经开区第八大街·交直流充电站5号,11,1,14.86000000,0E-8,2.2.0
2015-09-12,517464,二七区大学路·直流充电站1号,9,1,6.31000000,0.54000000,2.2.0
2015-09-12,594591,高新区科学大道·交直流充电站7号,14,1,7.80000000,0E-8,2.2.0
2015-09-12,728918,郑东新区金水东路·交直流充电站6号,13,1,7.07000000,0E-8,2.2.0
2015-09-12,738900,经开区第八大街·交直流充电站6号,8,1,23.68000000,0E-8,2.2.0
2015-09-12,875343,惠济区天河路·交流充电站1号,13,1,8.93000000,0E-8,2.2.0
2015-09-12,875343,惠济区天河路·交流充电站1号,20,1,4.27000000,7.50000000,2.2.0
2015-09-12,878706,高新区科学大道·交直流充电站10号,8,1,0.04000000,0E-8,2.2.0
2015-09-12,878706,高新区科学大道·交直流充电站10号,11,1,0.58000000,0E-8,2.2.0
2015-09-12,878706,高新区科学大道·交直流充电站10号,17,1,5.56000000,0E-8,2.2.0
2015-09-12,891421,二七区大学路·直流充电站5号,14,1,6.82000000,0E-8,2.2.0
2015-09-12,920264,高新区科学大道·交直流充电站11号,18,1,6.43000000,0.25000000,2.2.0
2015-09-12,922416,高新区瑞达路·直流充电站12号,12,1,8.03000000,0E-8,2.2.0
2015-09-12,951880,二七区大学路·直流充电站6号,16,1,3.36000000,0.25000000,2.2.0
2015-09-12,955429,航空港区迎宾大道·交流充电站2号,12,1,6.55000000,0E-8,2.2.0
2015-09-12,955429,航空港区迎宾大道·交流充电站2号,13,1,1.29000000,0E-8,2.2.0
2015-09-12,987396,航空港区长安路·直流充电站3号,18,1,4.89000000,0E-8,2.2.0
2015-09-13,207262,郑东新区金水东路·交直流充电站1号,11,1,1.81000000,0E-8,2.2.0
2015-09-13,207262,郑东新区金水东路·交直流充电站1号,13,2,10.28000000,0E-8,2.2.0
2015-09-13,219054,金水区北三环·直流充电站1号,18,1,23.68000000,7.50000000,2.2.0
2015-09-13,236379,郑东新区金水东路·交直流充电站2号,9,1,6.63000000,0E-8,2.2.0
2015-09-13,250527,经开区第八大街·交直流充电站1号,12,1,8.56000000,4.21000000,2.2.0
2015-09-13,250527,经开区第八大街·交直流充电站1号,19,1,9.34000000,0E-8,2.2.0
2015-09-13,260781,中原区建设路·交直流充电站2号,15,1,6.44000000,0E-8,2.2.0
2015-09-13,280221,经开区第八大街·交直流充电站2号,11,1,3.53000000,0E-8,2.2.0
2015-09-13,366832,航空港区长安路·直流充电站2号,16,1,4.24000000,0E-8,2.2.0
2015-09-13,366832,航空港区长安路·直流充电站2号,19,1,6.58000000,0E-8,2.2.0
2015-09-13,369001,航空港区迎宾大道·交流充电站1号,10,1,5.93000000,0E-8,2.2.0
2015-09-13,369001,航空港区迎宾大道·交流充电站1号,11,1,4.65000000,0E-8,2.2.0
2015-09-13,369001,航空港区迎宾大道·交流充电站1号,14,1,3.21000000,0E-8,2.2.0
2015-09-13,369001,航空港区迎宾大道·交流充电站1号,15,1,5.39000000,0E-8,2.2.0
2015-09-13,371335,高新区科学大道·交直流充电站2号,12,1,10.17000000,0E-8,2.2.0
2015-09-13,371335,高新区科学大道·交直流充电站2号,17,1,1.91000000,0E-8,2.2.0
2015-09-13,414088,二七区嵩山路·交直流充电站2号,9,1,7.93000000,0E-8,2.2.0
2015-09-13,445920,金水区花园路·直流充电站1号,11,1,2.70000000,0E-8,2.2.0
2015-09-13,474204,经开区航海东路·直流充电站3号,17,1,2.77000000,0E-8,2.2.0
2015-09-13,507660,中原区建设路·交直流充电站3号,9,1,7.45000000,0E-8,2.2.0
2015-09-13,507660,中原区建设路·交直流充电站3号,18,1,23.68000000,0E-8,2.2.0
2015-09-13,540225,高新区瑞达路·直流充电站5号,15,1,4.22000000,0E-8,2.2.0
2015-09-13,572249,二七区大学路·直流充电站3号,10,1,10.41000000,0E-8,2.2.0
2015-09-13,638536,二七区淮河路·交直流充电站3号,11,1,6.20000000,0E-8,2.2.0
2015-09-13,653450,上街区中心路·交直流充电站3号,12,1,2.23000000,0E-8,2.2.0
2015-09-13,664306,二七区淮河路·交直流充电站4号,9,1,23.68000000,0E-8,2.2.0
2015-09-13,664306,二七区淮河路·交直流充电站4号,12,1,6.28000000,0E-8,2.2.0
2015-09-13,672450,中原区建设路·交直流充电站4号,17,1,11.84000000,0E-8,2.2.0
2015-09-13,728918,郑东新区金水东路·交直流充电站6号,11,1,7.27000000,0E-8,2.2.0
2015-09-13,728918,郑东新区金水东路·交直流充电站6号,17,1,11.16000000,0E-8,2.2.0
2015-09-13,730023,中原区西三环·交流充电站2号,11,1,9.44000000,0E-8,2.2.0
2015-09-13,803398,二七区大学路·直流充电站4号,18,1,5.90000000,0.65000000,2.2.0
2015-09-13,871619,金水区花园路·直流充电站2号,11,1,9.75000000,0E-8,2.2.0
2015-09-13,875343,惠济区天河路·交流充电站1号,12,1,8.08000000,0E-8,2.2.0
2015-09-13,878706,高新区科学大道·交直流充电站10号,12,1,3.97000000,0E-8,2.2.0
2015-09-13,902592,二七区嵩山路·交直流充电站4号,17,1,9.29000000,0E-8,2.2.0
2015-09-13,920264,高新区科学大道·交直流充电站11号,11,1,10.35000000,0E-8,2.2.0
2015-09-13,920264,高新区科学大道·交直流充电站11号,12,1,9.22000000,0E-8,2.2.0
2015-09-13,920264,高新区科学大道·交直流充电站11号,13,1,6.97000000,0E-8,2.2.0
2015-09-13,932939,二七区淮河路·交直流充电站5号,16,1,3.99000000,0E-8,2.2.0
2015-09-13,932939,二七区淮河路·交直流充电站5号,19,1,8.76000000,0E-8,2.2.0
2015-09-13,943765,高新区科学大道·交直流充电站12号,12,1,6.07000000,0E-8,2.2.0
2015-09-13,944515,经开区第八大街·交直流充电站8号,1,1,6.13000000,0E-8,2.2.0
2015-09-13,944515,经开区第八大街·交直流充电站8号,16,2,29.33000000,0E-8,2.2.0
2015-09-13,951880,二七区大学路·直流充电站6号,13,1,5.18000000,0E-8,2.2.0
2015-09-13,951880,二七区大学路·直流充电站6号,15,1,2.89000000,0E-8,2.2.0
2015-09-13,955429,航空港区迎宾大道·交流充电站2号,11,1,5.06000000,0E-8,2.2.0
2015-09-13,955429,航空港区迎宾大道·交流充电站2号,16,1,7.83000000,0E-8,2.2.0
2015-09-13,955429,航空港区迎宾大道·交流充电站2号,18,1,3.46000000,7.50000000,2.2.0
2015-09-14,228137,上街区中心路·交直流充电站1号,10,1,8.82000000,0E-8,2.2.0
2015-09-14,228137,上街区中心路·交直流充电站1号,17,1,6.53000000,0E-8,2.2.0
2015-09-14,237105,高新区梧桐街·超充充电站1号,16,1,9.22000000,0E-8,2.2.0
2015-09-14,250527,经开区第八大街·交直流充电站1号,10,1,5.96000000,0E-8,2.2.0
2015-09-14,260408,经开区航海东路·直流充电站2号,12,1,4.65000000,0E-8,2.2.0
2015-09-14,260408,经开区航海东路·直流充电站2号,16,1,23.68000000,0E-8,2.2.0
2015-09-14,355208,经开区第八大街·交直流充电站3号,8,1,8.04000000,0E-8,2.2.0
2015-09-14,355208,经开区第八大街·交直流充电站3号,14,1,2.04000000,0.23000000,2.2.0
2015-09-14,366832,航空港区长安路·直流充电站2号,13,1,23.68000000,2.42000000,2.2.0
2015-09-14,369001,航空港区迎宾大道·交流充电站1号,10,1,6.86000000,0E-8,2.2.0
2015-09-14,369001,航空港区迎宾大道·交流充电站1号,11,3,13.71000000,0E-8,2.2.0
2015-09-14,369001,航空港区迎宾大道·交流充电站1号,12,1,0.10000000,0.09000000,2.2.0
2015-09-14,369001,航空港区迎宾大道·交流充电站1号,17,1,5.69000000,0E-8,2.2.0
2015-09-14,405157,经开区第八大街·交直流充电站4号,12,1,1.35000000,0E-8,2.2.0
2015-09-14,425476,郑东新区金水东路·交直流充电站4号,14,1,1.41000000,0E-8,2.2.0
2015-09-14,474204,经开区航海东路·直流充电站3号,12,1,23.68000000,0E-8,2.2.0
2015-09-14,474204,经开区航海东路·直流充电站3号,13,1,3.74000000,0E-8,2.2.0
2015-09-14,474204,经开区航海东路·直流充电站3号,16,1,7.81000000,5.29000000,2.2.0
2015-09-14,489543,二七区淮河路·交直流充电站1号,16,1,4.36000000,0E-8,2.2.0
2015-09-14,514669,二七区嵩山路·交直流充电站3号,16,1,7.04000000,0E-8,2.2.0
2015-09-14,562656,经开区航海东路·直流充电站4号,18,1,2.78000000,0E-8,2.2.0
2015-09-14,568071,二七区大学路·直流充电站2号,10,1,7.21000000,0E-8,2.2.0
2015-09-14,643012,金水区经三路·交直流充电站1号,17,1,3.05000000,0E-8,2.2.0
2015-09-14,653450,上街区中心路·交直流充电站3号,17,1,9.17000000,0E-8,2.2.0
2015-09-14,664306,二七区淮河路·交直流充电站4号,13,1,1.39000000,0E-8,2.2.0
2015-09-14,672450,中原区建设路·交直流充电站4号,17,1,6.76000000,5.95000000,2.2.0
2015-09-14,728918,郑东新区金水东路·交直流充电站6号,16,1,8.82000000,0E-8,2.2.0
2015-09-14,728918,郑东新区金水东路·交直流充电站6号,18,1,4.23000000,0E-8,2.2.0
2015-09-14,738900,经开区第八大街·交直流充电站6号,12,1,12.86000000,0E-8,2.2.0
2015-09-14,782629,金水区经三路·交直流充电站3号,16,2,15.15000000,0E-8,2.2.0
2015-09-14,874950,金水区北三环·直流充电站3号,10,1,7.19000000,0E-8,2.2.0
2015-09-14,891421,二七区大学路·直流充电站5号,9,1,1.54000000,0E-8,2.2.0
2015-09-14,902592,二七区嵩山路·交直流充电站4号,15,1,5.32000000,0E-8,2.2.0
2015-09-14,943765,高新区科学大道·交直流充电站12号,17,1,3.93000000,0E-8,2.2.0
2015-09-14,955429,航空港区迎宾大道·交流充电站2号,11,1,0.21000000,0E-8,2.2.0
2015-09-14,955429,航空港区迎宾大道·交流充电站2号,12,1,5.93000000,0E-8,2.2.0
2015-09-14,995505,二七区淮河路·交直流充电站6号,16,1,1.56000000,0E-8,2.2.0
2015-09-15,200695,中原区建设路·交直流充电站1号,18,1,23.68000000,7.50000000,2.2.0
2015-09-15,228137,上街区中心路·交直流充电站1号,8,1,8.81000000,0E-8,2.2.0
2015-09-15,228137,上街区中心路·交直流充电站1号,17,1,5.65000000,0E-8,2.2.0
2015-09-15,236379,郑东新区金水东路·交直流充电站2号,18,1,12.73000000,2.39000000,2.2.0
2015-09-15,250527,经开区第八大街·交直流充电站1号,12,1,4.49000000,0E-8,2.2.0
2015-09-15,250527,经开区第八大街·交直流充电站1号,17,2,4.30000000,0E-8,2.2.0
2015-09-15,265601,中原区西三环·交流充电站1号,8,1,0.92000000,0E-8,2.2.0
2015-09-15,369001,航空港区迎宾大道·交流充电站1号,8,1,7.36000000,7.50000000,2.2.0
2015-09-15,369001,航空港区迎宾大道·交流充电站1号,11,1,6.08000000,0E-8,2.2.0
2015-09-15,369001,航空港区迎宾大道·交流充电站1号,12,2,11.41000000,0E-8,2.2.0
2015-09-15,369001,航空港区迎宾大道·交流充电站1号,13,1,4.29000000,0E-8,2.2.0
2015-09-15,369001,航空港区迎宾大道·交流充电站1号,15,1,2.19000000,0E-8,2.2.0
2015-09-15,369001,航空港区迎宾大道·交流充电站1号,18,2,13.49000000,0E-8,2.2.0
2015-09-15,405157,经开区第八大街·交直流充电站4号,12,1,5.88000000,0E-8,2.2.0
2015-09-15,405157,经开区第八大街·交直流充电站4号,16,1,2.79000000,0E-8,2.2.0
2015-09-15,425476,郑东新区金水东路·交直流充电站4号,18,1,23.68000000,0E-8,2.2.0
2015-09-15,474204,经开区航海东路·直流充电站3号,11,2,8.73000000,0E-8,2.2.0
2015-09-15,474204,经开区航海东路·直流充电站3号,12,1,4.30000000,4.14000000,2.2.0
2015-09-15,474204,经开区航海东路·直流充电站3号,13,1,5.95000000,0E-8,2.2.0
2015-09-15,569889,高新区科学大道·交直流充电站5号,13,1,8.16000000,0E-8,2.2.0
2015-09-15,575971,高新区梧桐街·超充充电站2号,13,1,3.36000000,0.32000000,2.2.0
2015-09-15,575971,高新区梧桐街·超充充电站2号,14,1,8.27000000,3.22000000,2.2.0
2015-09-15,594591,高新区科学大道·交直流充电站7号,11,1,2.45000000,0E-8,2.2.0
2015-09-15,594591,高新区科学大道·交直流充电站7号,17,1,4.96000000,0E-8,2.2.0
2015-09-15,632920,高新区科学大道·交直流充电站9号,9,1,0.06000000,0E-8,2.2.0
2015-09-15,653450,上街区中心路·交直流充电站3号,11,1,7.13000000,0E-8,2.2.0
2015-09-15,664306,二七区淮河路·交直流充电站4号,12,1,2.36000000,0E-8,2.2.0
2015-09-15,693651,上街区中心路·交直流充电站4号,12,1,7.02000000,0E-8,2.2.0
2015-09-15,728918,郑东新区金水东路·交直流充电站6号,12,1,23.68000000,0E-8,2.2.0
2015-09-15,728918,郑东新区金水东路·交直流充电站6号,20,1,23.68000000,0E-8,2.2.0
2015-09-15,738900,经开区第八大街·交直流充电站6号,11,1,5.47000000,0E-8,2.2.0
2015-09-15,792421,中原区建设路·交直流充电站5号,12,1,4.52000000,0E-8,2.2.0
2015-09-15,874950,金水区北三环·直流充电站3号,11,1,6.43000000,0E-8,2.2.0
2015-09-15,878706,高新区科学大道·交直流充电站10号,12,1,5.70000000,0.14000000,2.2.0
2015-09-15,920264,高新区科学大道·交直流充电站11号,22,1,3.83000000,0E-8,2.2.0
2015-09-15,944515,经开区第八大街·交直流充电站8号,20,1,7.65000000,0E-8,2.2.0
2015-09-15,944575,郑东新区金水东路·交直流充电站8号,20,1,7.87000000,0.76000000,2.2.0
2015-09-15,955429,航空港区迎宾大道·交流充电站2号,10,1,1.42000000,0E-8,2.2.0
2015-09-15,955429,航空港区迎宾大道·交流充电站2号,13,1,6.29000000,0E-8,2.2.0
2015-09-15,955429,航空港区迎宾大道·交流充电站2号,16,1,5.64000000,0.47000000,2.2.0
2015-09-15,987396,航空港区长安路·直流充电站3号,10,1,8.53000000,0E-8,2.2.0
2015-09-15,987396,航空港区长安路·直流充电站3号,15,1,1.28000000,0E-8,2.2.0
2015-09-15,995505,二七区淮河路·交直流充电站6号,11,1,23.68000000,0E-8,2.2.0
2015-09-16,129465,高新区科学大道·交直流充电站1号,16,2,28.98000000,0E-8,2.2.0
2015-09-16,228137,上街区中心路·交直流充电站1号,11,1,23.68000000,1.03000000,2.2.0
2015-09-16,228137,上街区中心路·交直流充电站1号,12,2,13.18000000,0E-8,2.2.0
2015-09-16,349635,上街区中心路·交直流充电站2号,10,1,23.68000000,0E-8,2.2.0
2015-09-16,355208,经开区第八大街·交直流充电站3号,17,1,1.99000000,0E-8,2.2.0
2015-09-16,366832,航空港区长安路·直流充电站2号,16,1,5.40000000,0E-8,2.2.0
2015-09-16,369001,航空港区迎宾大道·交流充电站1号,16,1,23.68000000,2.65000000,2.2.0
2015-09-16,371335,高新区科学大道·交直流充电站2号,11,1,12.38000000,0E-8,2.2.0
2015-09-16,371335,高新区科学大道·交直流充电站2号,12,1,2.01000000,0E-8,2.2.0
2015-09-16,405157,经开区第八大街·交直流充电站4号,9,1,0.15000000,0E-8,2.2.0
2015-09-16,414088,二七区嵩山路·交直流充电站2号,12,1,8.65000000,0E-8,2.2.0
2015-09-16,414088,二七区嵩山路·交直流充电站2号,16,1,2.81000000,6.43000000,2.2.0
2015-09-16,489543,二七区淮河路·交直流充电站1号,9,1,10.98000000,0E-8,2.2.0
2015-09-16,507660,中原区建设路·交直流充电站3号,12,1,7.04000000,0E-8,2.2.0
2015-09-16,549414,高新区科学大道·交直流充电站4号,10,1,4.21000000,0E-8,2.2.0
2015-09-16,549414,高新区科学大道·交直流充电站4号,13,1,6.27000000,0E-8,2.2.0
2015-09-16,582873,高新区科学大道·交直流充电站6号,11,1,1.97000000,0E-8,2.2.0
2015-09-16,582873,高新区科学大道·交直流充电站6号,16,1,7.43000000,0E-8,2.2.0
2015-09-16,792421,中原区建设路·交直流充电站5号,17,1,6.56000000,0E-8,2.2.0
2015-09-16,801274,经开区第八大街·交直流充电站7号,13,1,4.96000000,0E-8,2.2.0
2015-09-16,801274,经开区第八大街·交直流充电站7号,17,1,4.45000000,0E-8,2.2.0
2015-09-16,803398,二七区大学路·直流充电站4号,13,1,6.47000000,0E-8,2.2.0
2015-09-16,863084,管城区陇海路·超充充电站1号,14,1,8.87000000,0E-8,2.2.0
2015-09-16,863084,管城区陇海路·超充充电站1号,16,1,8.44000000,0E-8,2.2.0
2015-09-16,874950,金水区北三环·直流充电站3号,15,1,9.03000000,0E-8,2.2.0
2015-09-16,878706,高新区科学大道·交直流充电站10号,9,1,6.68000000,0E-8,2.2.0
2015-09-16,878706,高新区科学大道·交直流充电站10号,12,1,2.49000000,0E-8,2.2.0
2015-09-16,878706,高新区科学大道·交直流充电站10号,18,1,6.99000000,0E-8,2.2.0
2015-09-16,955429,航空港区迎宾大道·交流充电站2号,8,1,23.68000000,0E-8,2.2.0
2015-09-16,955429,航空港区迎宾大道·交流充电站2号,11,1,2.34000000,0E-8,2.2.0
2015-09-16,955429,航空港区迎宾大道·交流充电站2号,12,1,6.39000000,0E-8,2.2.0
2015-09-16,955429,航空港区迎宾大道·交流充电站2号,15,1,5.82000000,0E-8,2.2.0
2015-09-16,955429,航空港区迎宾大道·交流充电站2号,17,1,5.37000000,0E-8,2.2.0
2015-09-16,987396,航空港区长安路·直流充电站3号,16,1,4.48000000,0.91000000,2.2.0
2015-09-16,987396,航空港区长安路·直流充电站3号,17,1,6.16000000,0E-8,2.2.0
2015-09-17,134427,郑东新区东风东路·交直流充电站1号,20,1,5.83000000,0E-8,2.2.0
2015-09-17,207262,郑东新区金水东路·交直流充电站1号,16,1,5.61000000,0E-8,2.2.0
2015-09-17,219054,金水区北三环·直流充电站1号,10,1,4.95000000,0E-8,2.2.0
2015-09-17,228137,上街区中心路·交直流充电站1号,9,1,1.11000000,0E-8,2.2.0
2015-09-17,228137,上街区中心路·交直流充电站1号,16,1,5.76000000,0E-8,2.2.0
2015-09-17,250527,经开区第八大街·交直流充电站1号,15,1,3.82000000,0E-8,2.2.0
2015-09-17,250527,经开区第八大街·交直流充电站1号,19,1,8.90000000,0E-8,2.2.0
2015-09-17,280221,经开区第八大街·交直流充电站2号,17,1,5.79000000,0E-8,2.2.0
2015-09-17,366832,航空港区长安路·直流充电站2号,19,1,10.20000000,0E-8,2.2.0
2015-09-17,369001,航空港区迎宾大道·交流充电站1号,12,1,1.76000000,0E-8,2.2.0
2015-09-17,369001,航空港区迎宾大道·交流充电站1号,14,1,10.49000000,0E-8,2.2.0
2015-09-17,369001,航空港区迎宾大道·交流充电站1号,16,2,23.94000000,0E-8,2.2.0
2015-09-17,369001,航空港区迎宾大道·交流充电站1号,17,2,14.30000000,0E-8,2.2.0
2015-09-17,414088,二七区嵩山路·交直流充电站2号,9,1,8.67000000,0E-8,2.2.0
2015-09-17,425476,郑东新区金水东路·交直流充电站4号,17,1,4.96000000,0.25000000,2.2.0
2015-09-17,474204,经开区航海东路·直流充电站3号,11,1,4.79000000,0E-8,2.2.0
2015-09-17,474204,经开区航海东路·直流充电站3号,14,1,2.02000000,0.29000000,2.2.0
2015-09-17,507660,中原区建设路·交直流充电站3号,11,1,0.87000000,0E-8,2.2.0
2015-09-17,517464,二七区大学路·直流充电站1号,17,1,11.69000000,0E-8,2.2.0
2015-09-17,562656,经开区航海东路·直流充电站4号,16,1,6.42000000,0E-8,2.2.0
2015-09-17,568071,二七区大学路·直流充电站2号,18,1,0.14000000,0E-8,2.2.0
2015-09-17,569886,二七区淮河路·交直流充电站2号,11,1,3.12000000,0E-8,2.2.0
2015-09-17,569889,高新区科学大道·交直流充电站5号,11,1,9.50000000,0E-8,2.2.0
2015-09-17,664306,二七区淮河路·交直流充电站4号,11,1,9.07000000,0E-8,2.2.0
2015-09-17,664306,二七区淮河路·交直流充电站4号,17,1,23.68000000,0E-8,2.2.0
2015-09-17,801274,经开区第八大街·交直流充电站7号,16,1,0.22000000,0E-8,2.2.0
2015-09-17,871619,金水区花园路·直流充电站2号,13,1,1.07000000,0E-8,2.2.0
2015-09-17,878706,高新区科学大道·交直流充电站10号,10,1,5.34000000,0E-8,2.2.0
2015-09-17,878706,高新区科学大道·交直流充电站10号,11,1,7.61000000,0E-8,2.2.0
2015-09-17,911231,中原区建设路·交直流充电站6号,10,1,8.13000000,0E-8,2.2.0
2015-09-17,932939,二七区淮河路·交直流充电站5号,16,1,6.12000000,0E-8,2.2.0
2015-09-17,943765,高新区科学大道·交直流充电站12号,10,1,0.88000000,0E-8,2.2.0
2015-09-17,944515,经开区第八大街·交直流充电站8号,18,1,2.12000000,0E-8,2.2.0
2015-09-17,951880,二七区大学路·直流充电站6号,12,1,11.04000000,0E-8,2.2.0
2015-09-17,955429,航空港区迎宾大道·交流充电站2号,11,1,0.82000000,0E-8,2.2.0
2015-09-17,955429,航空港区迎宾大道·交流充电站2号,12,1,2.89000000,0E-8,2.2.0
2015-09-17,955429,航空港区迎宾大道·交流充电站2号,16,1,2.42000000,0E-8,2.2.0
2015-09-18,219054,金水区北三环·直流充电站1号,12,1,5.47000000,0E-8,2.2.0
2015-09-18,219054,金水区北三环·直流充电站1号,13,1,23.68000000,0E-8,2.2.0
2015-09-18,219054,金水区北三环·直流充电站1号,17,1,9.88000000,0E-8,2.2.0
2015-09-18,250527,经开区第八大街·交直流充电站1号,14,1,3.36000000,0E-8,2.2.0
2015-09-18,260408,经开区航海东路·直流充电站2号,12,1,1.09000000,0E-8,2.2.0
2015-09-18,260408,经开区航海东路·直流充电站2号,17,1,3.93000000,0E-8,2.2.0
2015-09-18,355208,经开区第八大街·交直流充电站3号,12,1,9.01000000,0E-8,2.2.0
2015-09-18,369001,航空港区迎宾大道·交流充电站1号,10,1,1.79000000,0E-8,2.2.0
2015-09-18,369001,航空港区迎宾大道·交流充电站1号,20,1,1.48000000,0E-8,2.2.0
2015-09-18,371335,高新区科学大道·交直流充电站2号,9,1,11.57000000,0E-8,2.2.0
2015-09-18,414088,二七区嵩山路·交直流充电站2号,9,1,8.89000000,0E-8,2.2.0
2015-09-18,414088,二七区嵩山路·交直流充电站2号,15,1,3.87000000,0.22000000,2.2.0
2015-09-18,474204,经开区航海东路·直流充电站3号,11,1,8.01000000,1.56000000,2.2.0
2015-09-18,474204,经开区航海东路·直流充电站3号,17,1,6.90000000,0E-8,2.2.0
2015-09-18,474204,经开区航海东路·直流充电站3号,19,1,4.71000000,0E-8,2.2.0
2015-09-18,489543,二七区淮河路·交直流充电站1号,12,1,0.88000000,0E-8,2.2.0
2015-09-18,514669,二七区嵩山路·交直流充电站3号,12,1,5.79000000,0E-8,2.2.0
2015-09-18,549414,高新区科学大道·交直流充电站4号,11,1,9.40000000,0.92000000,2.2.0
2015-09-18,562656,经开区航海东路·直流充电站4号,16,1,12.85000000,0E-8,2.2.0
2015-09-18,569886,二七区淮河路·交直流充电站2号,11,1,4.16000000,0E-8,2.2.0
2015-09-18,569889,高新区科学大道·交直流充电站5号,9,1,3.30000000,0E-8,2.2.0
2015-09-18,572249,二七区大学路·直流充电站3号,14,1,4.67000000,0E-8,2.2.0
2015-09-18,632920,高新区科学大道·交直流充电站9号,17,2,17.17000000,0E-8,2.2.0
2015-09-18,653450,上街区中心路·交直流充电站3号,11,1,9.00000000,0E-8,2.2.0
2015-09-18,653450,上街区中心路·交直流充电站3号,12,1,3.46000000,0E-8,2.2.0
2015-09-18,664306,二七区淮河路·交直流充电站4号,11,1,9.80000000,0E-8,2.2.0
2015-09-18,664306,二七区淮河路·交直流充电站4号,16,1,7.09000000,0E-8,2.2.0
2015-09-18,664306,二七区淮河路·交直流充电站4号,18,1,2.70000000,0E-8,2.2.0
2015-09-18,801274,经开区第八大街·交直流充电站7号,16,1,23.68000000,0E-8,2.2.0
2015-09-18,871619,金水区花园路·直流充电站2号,12,1,9.59000000,0E-8,2.2.0
2015-09-18,878706,高新区科学大道·交直流充电站10号,14,1,23.68000000,0E-8,2.2.0
2015-09-18,878706,高新区科学大道·交直流充电站10号,15,1,7.43000000,0E-8,2.2.0
2015-09-18,884707,高新区瑞达路·直流充电站9号,11,1,3.46000000,0E-8,2.2.0
2015-09-18,932939,二七区淮河路·交直流充电站5号,12,1,5.47000000,0E-8,2.2.0
2015-09-18,932939,二七区淮河路·交直流充电站5号,16,1,8.86000000,0E-8,2.2.0
2015-09-18,995505,二七区淮河路·交直流充电站6号,9,1,7.12000000,0E-8,2.2.0
2015-09-19,228137,上街区中心路·交直流充电站1号,17,1,2.57000000,0E-8,2.2.0
2015-09-19,237105,高新区梧桐街·超充充电站1号,12,1,23.68000000,0E-8,2.2.0
2015-09-19,237105,高新区梧桐街·超充充电站1号,16,1,10.49000000,0E-8,2.2.0
2015-09-19,250527,经开区第八大街·交直流充电站1号,16,1,0.34000000,0E-8,2.2.0
2015-09-19,280221,经开区第八大街·交直流充电站2号,16,1,3.82000000,0E-8,2.2.0
2015-09-19,366832,航空港区长安路·直流充电站2号,16,1,3.91000000,0E-8,2.2.0
2015-09-19,369001,航空港区迎宾大道·交流充电站1号,11,1,2.39000000,0E-8,2.2.0
2015-09-19,369001,航空港区迎宾大道·交流充电站1号,19,1,11.76000000,0E-8,2.2.0
2015-09-19,371335,高新区科学大道·交直流充电站2号,9,1,3.10000000,0E-8,2.2.0
2015-09-19,371335,高新区科学大道·交直流充电站2号,11,1,23.68000000,0E-8,2.2.0
2015-09-19,371335,高新区科学大道·交直流充电站2号,12,1,23.68000000,0E-8,2.2.0
2015-09-19,414088,二七区嵩山路·交直流充电站2号,15,1,1.07000000,0E-8,2.2.0
2015-09-19,414088,二七区嵩山路·交直流充电站2号,17,1,5.45000000,0E-8,2.2.0
2015-09-19,425476,郑东新区金水东路·交直流充电站4号,18,1,11.63000000,0E-8,2.2.0
2015-09-19,474204,经开区航海东路·直流充电站3号,10,1,1.21000000,0E-8,2.2.0
2015-09-19,474204,经开区航海东路·直流充电站3号,15,1,4.42000000,0E-8,2.2.0
2015-09-19,474204,经开区航海东路·直流充电站3号,16,1,4.31000000,0E-8,2.2.0
2015-09-19,568071,二七区大学路·直流充电站2号,13,1,9.79000000,0E-8,2.2.0
2015-09-19,569886,二七区淮河路·交直流充电站2号,12,1,1.71000000,0E-8,2.2.0
2015-09-19,569886,二七区淮河路·交直流充电站2号,16,1,6.50000000,0E-8,2.2.0
2015-09-19,572249,二七区大学路·直流充电站3号,13,1,8.45000000,0E-8,2.2.0
2015-09-19,594591,高新区科学大道·交直流充电站7号,11,1,23.68000000,0E-8,2.2.0
2015-09-19,632920,高新区科学大道·交直流充电站9号,16,1,3.96000000,0E-8,2.2.0
2015-09-19,638536,二七区淮河路·交直流充电站3号,16,1,3.10000000,0E-8,2.2.0
2015-09-19,638536,二七区淮河路·交直流充电站3号,18,1,23.68000000,1.95000000,2.2.0
2015-09-19,738900,经开区第八大街·交直流充电站6号,11,1,9.72000000,0E-8,2.2.0
2015-09-19,863084,管城区陇海路·超充充电站1号,11,1,5.43000000,0E-8,2.2.0
2015-09-19,864630,高新区瑞达路·直流充电站8号,13,1,1.95000000,0E-8,2.2.0
2015-09-19,878706,高新区科学大道·交直流充电站10号,16,1,3.19000000,0E-8,2.2.0
2015-09-19,891421,二七区大学路·直流充电站5号,12,1,3.12000000,0E-8,2.2.0
2015-09-19,891421,二七区大学路·直流充电站5号,13,1,8.59000000,0E-8,2.2.0
2015-09-19,894409,郑东新区金水东路·交直流充电站7号,20,1,6.23000000,0E-8,2.2.0
2015-09-19,944515,经开区第八大街·交直流充电站8号,11,1,4.90000000,0E-8,2.2.0
2015-09-19,944575,郑东新区金水东路·交直流充电站8号,16,1,23.68000000,0E-8,2.2.0
2015-09-19,955429,航空港区迎宾大道·交流充电站2号,15,1,0.72000000,0E-8,2.2.0
2015-09-19,955429,航空港区迎宾大道·交流充电站2号,16,1,7.16000000,0E-8,2.2.0
2015-09-19,987396,航空港区长安路·直流充电站3号,9,1,1.13000000,0E-8,2.2.0
2015-09-19,995505,二七区淮河路·交直流充电站6号,18,1,2.08000000,0E-8,2.2.0
2015-09-20,191826,经开区航海东路·直流充电站1号,11,1,5.86000000,0E-8,2.2.0
2015-09-20,207262,郑东新区金水东路·交直流充电站1号,11,1,1.28000000,0E-8,2.2.0
2015-09-20,207262,郑东新区金水东路·交直流充电站1号,17,1,2.64000000,0E-8,2.2.0
2015-09-20,236379,郑东新区金水东路·交直流充电站2号,14,1,23.13000000,0E-8,2.2.0
2015-09-20,250527,经开区第八大街·交直流充电站1号,9,1,11.21000000,0E-8,2.2.0
2015-09-20,355208,经开区第八大街·交直流充电站3号,12,1,6.97000000,0E-8,2.2.0
2015-09-20,366832,航空港区长安路·直流充电站2号,9,1,4.47000000,0E-8,2.2.0
2015-09-20,366832,航空港区长安路·直流充电站2号,16,1,4.45000000,0E-8,2.2.0
2015-09-20,369001,航空港区迎宾大道·交流充电站1号,9,1,7.02000000,0E-8,2.2.0
2015-09-20,369001,航空港区迎宾大道·交流充电站1号,11,1,7.65000000,0E-8,2.2.0
2015-09-20,369001,航空港区迎宾大道·交流充电站1号,13,1,2.20000000,0E-8,2.2.0
2015-09-20,369001,航空港区迎宾大道·交流充电站1号,17,1,4.57000000,0E-8,2.2.0
2015-09-20,474204,经开区航海东路·直流充电站3号,12,1,1.15000000,0E-8,2.2.0
2015-09-20,474204,经开区航海东路·直流充电站3号,15,1,6.12000000,0E-8,2.2.0
2015-09-20,514669,二七区嵩山路·交直流充电站3号,11,1,0.86000000,0E-8,2.2.0
2015-09-20,549414,高新区科学大道·交直流充电站4号,12,1,23.68000000,0E-8,2.2.0
2015-09-20,549414,高新区科学大道·交直流充电站4号,16,1,23.68000000,0E-8,2.2.0
2015-09-20,562656,经开区航海东路·直流充电站4号,18,1,23.68000000,0E-8,2.2.0
2015-09-20,569889,高新区科学大道·交直流充电站5号,16,1,6.71000000,0E-8,2.2.0
2015-09-20,569889,高新区科学大道·交直流充电站5号,18,1,7.53000000,0E-8,2.2.0
2015-09-20,572249,二七区大学路·直流充电站3号,14,1,3.51000000,4.36000000,2.2.0
2015-09-20,575971,高新区梧桐街·超充充电站2号,12,1,8.42000000,0E-8,2.2.0
2015-09-20,575971,高新区梧桐街·超充充电站2号,13,1,3.15000000,0E-8,2.2.0
2015-09-20,612116,高新区科学大道·交直流充电站8号,12,1,23.68000000,0E-8,2.2.0
2015-09-20,632920,高新区科学大道·交直流充电站9号,13,1,6.67000000,0E-8,2.2.0
2015-09-20,638536,二七区淮河路·交直流充电站3号,15,1,7.89000000,0E-8,2.2.0
2015-09-20,643012,金水区经三路·交直流充电站1号,16,1,9.16000000,0E-8,2.2.0
2015-09-20,738900,经开区第八大街·交直流充电站6号,16,1,9.09000000,1.83000000,2.2.0
2015-09-20,758780,惠济区文化路·直流充电站3号,9,1,23.68000000,0E-8,2.2.0
2015-09-20,801274,经开区第八大街·交直流充电站7号,12,1,10.05000000,0E-8,2.2.0
2015-09-20,803398,二七区大学路·直流充电站4号,13,1,1.78000000,0E-8,2.2.0
2015-09-20,803398,二七区大学路·直流充电站4号,14,1,9.92000000,0E-8,2.2.0
2015-09-20,803398,二七区大学路·直流充电站4号,18,1,4.24000000,0E-8,2.2.0
2015-09-20,878706,高新区科学大道·交直流充电站10号,10,1,9.55000000,0E-8,2.2.0
2015-09-20,902592,二七区嵩山路·交直流充电站4号,17,1,3.32000000,0E-8,2.2.0
2015-09-20,932939,二七区淮河路·交直流充电站5号,16,1,8.29000000,0E-8,2.2.0
2015-09-20,944515,经开区第八大街·交直流充电站8号,16,1,6.94000000,0E-8,2.2.0
2015-09-20,951880,二七区大学路·直流充电站6号,18,1,3.88000000,0E-8,2.2.0
2015-09-20,955429,航空港区迎宾大道·交流充电站2号,11,2,13.07000000,0E-8,2.2.0
2015-09-20,955429,航空港区迎宾大道·交流充电站2号,12,2,6.93000000,0.56000000,2.2.0
2015-09-20,955429,航空港区迎宾大道·交流充电站2号,13,1,5.90000000,0E-8,2.2.0
2015-09-20,955429,航空港区迎宾大道·交流充电站2号,15,1,5.23000000,0E-8,2.2.0
2015-09-20,955429,航空港区迎宾大道·交流充电站2号,16,1,9.23000000,0.53000000,2.2.0
2015-09-20,955429,航空港区迎宾大道·交流充电站2号,18,1,5.45000000,0E-8,2.2.0
2015-09-21,134427,郑东新区东风东路·交直流充电站1号,14,1,2.01000000,0E-8,2.2.0
2015-09-21,207262,郑东新区金水东路·交直流充电站1号,12,1,6.81000000,0E-8,2.2.0
2015-09-21,219054,金水区北三环·直流充电站1号,12,1,8.53000000,0E-8,2.2.0
2015-09-21,236379,郑东新区金水东路·交直流充电站2号,11,1,0.42000000,0E-8,2.2.0
2015-09-21,280221,经开区第八大街·交直流充电站2号,9,1,7.44000000,0E-8,2.2.0
2015-09-21,355208,经开区第八大街·交直流充电站3号,13,1,8.75000000,0E-8,2.2.0
2015-09-21,366832,航空港区长安路·直流充电站2号,11,2,6.36000000,0E-8,2.2.0
2015-09-21,366832,航空港区长安路·直流充电站2号,12,1,6.07000000,0E-8,2.2.0
2015-09-21,369001,航空港区迎宾大道·交流充电站1号,11,2,3.84000000,0E-8,2.2.0
2015-09-21,369001,航空港区迎宾大道·交流充电站1号,15,1,9.02000000,0E-8,2.2.0
2015-09-21,405157,经开区第八大街·交直流充电站4号,20,1,3.49000000,0E-8,2.2.0
2015-09-21,451479,高新区瑞达路·直流充电站2号,16,1,3.73000000,0.37000000,2.2.0
2015-09-21,474204,经开区航海东路·直流充电站3号,12,2,34.34000000,0E-8,2.2.0
2015-09-21,474204,经开区航海东路·直流充电站3号,17,2,10.13000000,0E-8,2.2.0
2015-09-21,562656,经开区航海东路·直流充电站4号,17,1,1.11000000,0.04000000,2.2.0
2015-09-21,569886,二七区淮河路·交直流充电站2号,12,1,6.39000000,0E-8,2.2.0
2015-09-21,569889,高新区科学大道·交直流充电站5号,17,2,12.23000000,0E-8,2.2.0
2015-09-21,594591,高新区科学大道·交直流充电站7号,16,1,23.68000000,0E-8,2.2.0
2015-09-21,638536,二七区淮河路·交直流充电站3号,16,1,23.68000000,0E-8,2.2.0
2015-09-21,653450,上街区中心路·交直流充电站3号,12,1,5.78000000,0E-8,2.2.0
2015-09-21,653450,上街区中心路·交直流充电站3号,18,1,12.38000000,0E-8,2.2.0
2015-09-21,672450,中原区建设路·交直流充电站4号,16,1,1.10000000,0E-8,2.2.0
2015-09-21,728918,郑东新区金水东路·交直流充电站6号,13,1,0.61000000,0E-8,2.2.0
2015-09-21,728918,郑东新区金水东路·交直流充电站6号,14,1,2.43000000,0E-8,2.2.0
2015-09-21,730023,中原区西三环·交流充电站2号,15,1,7.44000000,0E-8,2.2.0
2015-09-21,738900,经开区第八大街·交直流充电站6号,12,1,10.72000000,0E-8,2.2.0
2015-09-21,738900,经开区第八大街·交直流充电站6号,17,1,6.42000000,0.49000000,2.2.0
2015-09-21,874950,金水区北三环·直流充电站3号,12,1,23.68000000,0E-8,2.2.0
2015-09-21,878706,高新区科学大道·交直流充电站10号,18,1,7.07000000,0E-8,2.2.0
2015-09-21,911231,中原区建设路·交直流充电站6号,17,1,7.91000000,0E-8,2.2.0
2015-09-21,922416,高新区瑞达路·直流充电站12号,12,1,9.07000000,0E-8,2.2.0
2015-09-21,944515,经开区第八大街·交直流充电站8号,17,1,9.49000000,0E-8,2.2.0
2015-09-21,955429,航空港区迎宾大道·交流充电站2号,12,1,5.24000000,0E-8,2.2.0
2015-09-22,129465,高新区科学大道·交直流充电站1号,9,1,13.24000000,0E-8,2.2.0
2015-09-22,191826,经开区航海东路·直流充电站1号,11,1,4.23000000,0E-8,2.2.0
2015-09-22,207262,郑东新区金水东路·交直流充电站1号,13,1,2.27000000,0E-8,2.2.0
2015-09-22,219054,金水区北三环·直流充电站1号,9,1,0.30000000,0E-8,2.2.0
2015-09-22,219054,金水区北三环·直流充电站1号,16,1,5.93000000,0E-8,2.2.0
2015-09-22,219054,金水区北三环·直流充电站1号,18,1,7.50000000,0E-8,2.2.0
2015-09-22,228137,上街区中心路·交直流充电站1号,18,1,8.25000000,0E-8,2.2.0
2015-09-22,236379,郑东新区金水东路·交直流充电站2号,17,1,12.23000000,0E-8,2.2.0
2015-09-22,237105,高新区梧桐街·超充充电站1号,11,1,4.55000000,0E-8,2.2.0
2015-09-22,250527,经开区第八大街·交直流充电站1号,11,2,35.19000000,0E-8,2.2.0
2015-09-22,250527,经开区第八大街·交直流充电站1号,12,1,4.50000000,0E-8,2.2.0
2015-09-22,250527,经开区第八大街·交直流充电站1号,16,1,2.80000000,0E-8,2.2.0
2015-09-22,355208,经开区第八大街·交直流充电站3号,11,1,23.68000000,0E-8,2.2.0
2015-09-22,369001,航空港区迎宾大道·交流充电站1号,10,1,6.83000000,0E-8,2.2.0
2015-09-22,369001,航空港区迎宾大道·交流充电站1号,14,1,4.00000000,0E-8,2.2.0
2015-09-22,369001,航空港区迎宾大道·交流充电站1号,16,1,3.21000000,0E-8,2.2.0
2015-09-22,369001,航空港区迎宾大道·交流充电站1号,19,1,3.34000000,0E-8,2.2.0
2015-09-22,371335,高新区科学大道·交直流充电站2号,15,1,10.08000000,0E-8,2.2.0
2015-09-22,371335,高新区科学大道·交直流充电站2号,16,1,6.80000000,0E-8,2.2.0
2015-09-22,405157,经开区第八大街·交直流充电站4号,19,1,7.05000000,0E-8,2.2.0
2015-09-22,425476,郑东新区金水东路·交直流充电站4号,13,1,10.67000000,0E-8,2.2.0
2015-09-22,474204,经开区航海东路·直流充电站3号,12,1,6.04000000,0E-8,2.2.0
2015-09-22,514669,二七区嵩山路·交直流充电站3号,12,1,1.01000000,0E-8,2.2.0
2015-09-22,549414,高新区科学大道·交直流充电站4号,9,1,3.17000000,0E-8,2.2.0
2015-09-22,572249,二七区大学路·直流充电站3号,18,1,0.51000000,0E-8,2.2.0
2015-09-22,594591,高新区科学大道·交直流充电站7号,11,1,6.26000000,0.21000000,2.2.0
2015-09-22,638536,二七区淮河路·交直流充电站3号,11,1,5.85000000,0E-8,2.2.0
2015-09-22,638536,二七区淮河路·交直流充电站3号,17,1,3.77000000,0E-8,2.2.0
2015-09-22,653450,上街区中心路·交直流充电站3号,12,1,9.31000000,0E-8,2.2.0
2015-09-22,664306,二七区淮河路·交直流充电站4号,11,1,6.54000000,0E-8,2.2.0
2015-09-22,728918,郑东新区金水东路·交直流充电站6号,11,1,5.53000000,0E-8,2.2.0
2015-09-22,729642,金水区经三路·交直流充电站2号,16,1,2.77000000,0E-8,2.2.0
2015-09-22,782629,金水区经三路·交直流充电站3号,10,1,3.63000000,0.35000000,2.2.0
2015-09-22,787792,高新区瑞达路·直流充电站7号,18,1,4.60000000,0E-8,2.2.0
2015-09-22,792421,中原区建设路·交直流充电站5号,17,1,8.54000000,0E-8,2.2.0
2015-09-22,803398,二七区大学路·直流充电站4号,13,1,23.68000000,0E-8,2.2.0
2015-09-22,863084,管城区陇海路·超充充电站1号,9,1,5.53000000,0E-8,2.2.0
2015-09-22,874950,金水区北三环·直流充电站3号,18,1,2.30000000,0E-8,2.2.0
2015-09-22,878706,高新区科学大道·交直流充电站10号,15,1,8.25000000,0E-8,2.2.0
2015-09-22,902592,二七区嵩山路·交直流充电站4号,10,1,3.07000000,0E-8,2.2.0
2015-09-22,929628,管城区陇海路·超充充电站2号,12,1,2.27000000,0E-8,2.2.0
2015-09-22,932939,二七区淮河路·交直流充电站5号,12,1,13.52000000,0E-8,2.2.0
2015-09-22,943765,高新区科学大道·交直流充电站12号,11,1,3.43000000,0E-8,2.2.0
2015-09-22,944515,经开区第八大街·交直流充电站8号,10,1,0.95000000,0E-8,2.2.0
2015-09-22,944575,郑东新区金水东路·交直流充电站8号,12,1,5.16000000,0.52000000,2.2.0
2015-09-22,955429,航空港区迎宾大道·交流充电站2号,10,1,3.14000000,0E-8,2.2.0
2015-09-22,955429,航空港区迎宾大道·交流充电站2号,11,1,6.39000000,0.53000000,2.2.0
2015-09-22,955429,航空港区迎宾大道·交流充电站2号,15,1,8.00000000,0E-8,2.2.0
2015-09-22,987396,航空港区长安路·直流充电站3号,11,1,4.53000000,0.64000000,2.2.0
2015-09-22,987396,航空港区长安路·直流充电站3号,17,2,19.91000000,8.06000000,2.2.0
2015-09-23,207262,郑东新区金水东路·交直流充电站1号,17,1,10.57000000,0E-8,2.2.0
2015-09-23,219054,金水区北三环·直流充电站1号,16,1,10.87000000,1.02000000,2.2.0
2015-09-23,237105,高新区梧桐街·超充充电站1号,16,1,7.70000000,0E-8,2.2.0
2015-09-23,250527,经开区第八大街·交直流充电站1号,9,2,47.36000000,0E-8,2.2.0
2015-09-23,250527,经开区第八大街·交直流充电站1号,13,1,9.93000000,0E-8,2.2.0
2015-09-23,349635,上街区中心路·交直流充电站2号,17,1,5.81000000,0E-8,2.2.0
2015-09-23,366832,航空港区长安路·直流充电站2号,9,1,5.07000000,0E-8,2.2.0
2015-09-23,366832,航空港区长安路·直流充电站2号,15,1,4.30000000,0.25000000,2.2.0
2015-09-23,369001,航空港区迎宾大道·交流充电站1号,11,1,2.45000000,0E-8,2.2.0
2015-09-23,369001,航空港区迎宾大道·交流充电站1号,12,1,4.26000000,0E-8,2.2.0
2015-09-23,369001,航空港区迎宾大道·交流充电站1号,14,2,3.06000000,0.02000000,2.2.0
2015-09-23,371335,高新区科学大道·交直流充电站2号,19,1,6.13000000,0.50000000,2.2.0
2015-09-23,414088,二七区嵩山路·交直流充电站2号,17,1,6.93000000,0E-8,2.2.0
2015-09-23,414088,二七区嵩山路·交直流充电站2号,18,1,6.82000000,0E-8,2.2.0
2015-09-23,425476,郑东新区金水东路·交直流充电站4号,11,1,3.17000000,0E-8,2.2.0
2015-09-23,445920,金水区花园路·直流充电站1号,21,1,3.47000000,0E-8,2.2.0
2015-09-23,474204,经开区航海东路·直流充电站3号,13,1,9.68000000,1.23000000,2.2.0
2015-09-23,514669,二七区嵩山路·交直流充电站3号,9,1,17.67000000,0E-8,2.2.0
2015-09-23,517464,二七区大学路·直流充电站1号,11,1,23.68000000,0E-8,2.2.0
2015-09-23,517464,二七区大学路·直流充电站1号,13,1,11.12000000,0E-8,2.2.0
2015-09-23,562656,经开区航海东路·直流充电站4号,16,1,5.69000000,0E-8,2.2.0
2015-09-23,569886,二七区淮河路·交直流充电站2号,8,1,6.82000000,0E-8,2.2.0
2015-09-23,569886,二七区淮河路·交直流充电站2号,11,1,6.85000000,0E-8,2.2.0
2015-09-23,638536,二七区淮河路·交直流充电站3号,16,1,2.67000000,0E-8,2.2.0
2015-09-23,643012,金水区经三路·交直流充电站1号,10,1,0.41000000,0E-8,2.2.0
2015-09-23,653450,上街区中心路·交直流充电站3号,8,1,4.10000000,0E-8,2.2.0
2015-09-23,664306,二七区淮河路·交直流充电站4号,12,1,3.03000000,0E-8,2.2.0
2015-09-23,738900,经开区第八大街·交直流充电站6号,8,1,7.56000000,1.15000000,2.2.0
2015-09-23,758780,惠济区文化路·直流充电站3号,18,1,1.57000000,0E-8,2.2.0
2015-09-23,864630,高新区瑞达路·直流充电站8号,8,1,7.17000000,0E-8,2.2.0
2015-09-23,864630,高新区瑞达路·直流充电站8号,11,1,4.29000000,0E-8,2.2.0
2015-09-23,878706,高新区科学大道·交直流充电站10号,9,1,8.07000000,0E-8,2.2.0
2015-09-23,878706,高新区科学大道·交直流充电站10号,12,1,6.63000000,0E-8,2.2.0
2015-09-23,884707,高新区瑞达路·直流充电站9号,17,1,3.35000000,0E-8,2.2.0
2015-09-23,920264,高新区科学大道·交直流充电站11号,9,1,12.20000000,0E-8,2.2.0
2015-09-23,932939,二七区淮河路·交直流充电站5号,18,1,4.05000000,0E-8,2.2.0
2015-09-23,944515,经开区第八大街·交直流充电站8号,18,1,23.68000000,0E-8,2.2.0
2015-09-23,955429,航空港区迎宾大道·交流充电站2号,17,1,4.34000000,0E-8,2.2.0
2015-09-23,955429,航空港区迎宾大道·交流充电站2号,18,1,4.26000000,0E-8,2.2.0
2015-09-23,987396,航空港区长安路·直流充电站3号,17,1,4.47000000,0E-8,2.2.0
2015-09-23,989457,郑东新区东风东路·交直流充电站4号,15,1,7.22000000,0E-8,2.2.0
2015-09-24,131897,二七区嵩山路·交直流充电站1号,17,1,23.68000000,0E-8,2.2.0
2015-09-24,200695,中原区建设路·交直流充电站1号,12,1,10.25000000,0E-8,2.2.0
2015-09-24,207262,郑东新区金水东路·交直流充电站1号,17,1,5.53000000,0E-8,2.2.0
2015-09-24,369001,航空港区迎宾大道·交流充电站1号,8,1,0.68000000,0E-8,2.2.0
2015-09-24,369001,航空港区迎宾大道·交流充电站1号,9,1,9.49000000,0E-8,2.2.0
2015-09-24,369001,航空港区迎宾大道·交流充电站1号,15,1,23.68000000,0E-8,2.2.0
2015-09-24,369001,航空港区迎宾大道·交流充电站1号,17,1,23.68000000,0E-8,2.2.0
2015-09-24,404112,惠济区文化路·直流充电站2号,11,1,13.07000000,0E-8,2.2.0
2015-09-24,405157,经开区第八大街·交直流充电站4号,12,1,3.38000000,0E-8,2.2.0
2015-09-24,425476,郑东新区金水东路·交直流充电站4号,13,1,7.35000000,0E-8,2.2.0
2015-09-24,474204,经开区航海东路·直流充电站3号,9,1,4.32000000,0E-8,2.2.0
2015-09-24,474204,经开区航海东路·直流充电站3号,10,1,6.28000000,0E-8,2.2.0
2015-09-24,474204,经开区航海东路·直流充电站3号,11,2,5.90000000,0E-8,2.2.0
2015-09-24,489543,二七区淮河路·交直流充电站1号,12,1,2.61000000,0E-8,2.2.0
2015-09-24,517464,二七区大学路·直流充电站1号,19,1,1.94000000,0E-8,2.2.0
2015-09-24,612116,高新区科学大道·交直流充电站8号,12,1,6.41000000,0.49000000,2.2.0
2015-09-24,643012,金水区经三路·交直流充电站1号,18,1,2.08000000,0E-8,2.2.0
2015-09-24,664306,二七区淮河路·交直流充电站4号,16,1,23.68000000,0E-8,2.2.0
2015-09-24,711566,郑东新区金水东路·交直流充电站5号,17,1,9.62000000,0E-8,2.2.0
2015-09-24,728918,郑东新区金水东路·交直流充电站6号,19,1,8.53000000,0E-8,2.2.0
2015-09-24,758780,惠济区文化路·直流充电站3号,12,1,8.11000000,0E-8,2.2.0
2015-09-24,758780,惠济区文化路·直流充电站3号,13,1,2.57000000,0E-8,2.2.0
2015-09-24,878706,高新区科学大道·交直流充电站10号,11,1,7.20000000,0E-8,2.2.0
2015-09-24,914305,高新区瑞达路·直流充电站10号,13,1,11.09000000,0E-8,2.2.0
2015-09-24,944515,经开区第八大街·交直流充电站8号,10,1,11.43000000,0E-8,2.2.0
2015-09-24,944515,经开区第八大街·交直流充电站8号,12,1,5.84000000,0E-8,2.2.0
2015-09-24,944515,经开区第八大街·交直流充电站8号,14,1,4.99000000,0E-8,2.2.0
2015-09-24,951880,二七区大学路·直流充电站6号,19,1,4.00000000,0E-8,2.2.0
2015-09-24,955429,航空港区迎宾大道·交流充电站2号,18,1,2.26000000,0E-8,2.2.0
2015-09-24,987396,航空港区长安路·直流充电站3号,8,1,8.23000000,0E-8,2.2.0
2015-09-24,995505,二七区淮河路·交直流充电站6号,9,1,7.39000000,1.22000000,2.2.0
2015-09-25,131897,二七区嵩山路·交直流充电站1号,18,1,11.09000000,0E-8,2.2.0
2015-09-25,200695,中原区建设路·交直流充电站1号,12,1,11.14000000,0E-8,2.2.0
2015-09-25,207262,郑东新区金水东路·交直流充电站1号,11,1,23.68000000,7.50000000,2.2.0
2015-09-25,207262,郑东新区金水东路·交直流充电站1号,16,1,1.50000000,0E-8,2.2.0
2015-09-25,237105,高新区梧桐街·超充充电站1号,17,1,3.15000000,0E-8,2.2.0
2015-09-25,260408,经开区航海东路·直流充电站2号,10,1,1.88000000,0E-8,2.2.0
2015-09-25,260408,经开区航海东路·直流充电站2号,13,1,23.68000000,0E-8,2.2.0
2015-09-25,280221,经开区第八大街·交直流充电站2号,10,1,7.11000000,0E-8,2.2.0
2015-09-25,355208,经开区第八大街·交直流充电站3号,11,1,9.81000000,0E-8,2.2.0
2015-09-25,369001,航空港区迎宾大道·交流充电站1号,11,1,10.19000000,0E-8,2.2.0
2015-09-25,369001,航空港区迎宾大道·交流充电站1号,12,1,2.15000000,0E-8,2.2.0
2015-09-25,369001,航空港区迎宾大道·交流充电站1号,13,1,2.14000000,0E-8,2.2.0
2015-09-25,369001,航空港区迎宾大道·交流充电站1号,16,1,3.02000000,0E-8,2.2.0
2015-09-25,405157,经开区第八大街·交直流充电站4号,10,1,5.48000000,0E-8,2.2.0
2015-09-25,474204,经开区航海东路·直流充电站3号,11,1,1.65000000,0E-8,2.2.0
2015-09-25,500856,经开区第八大街·交直流充电站5号,15,1,1.72000000,0E-8,2.2.0
2015-09-25,562656,经开区航海东路·直流充电站4号,19,1,1.93000000,0E-8,2.2.0
2015-09-25,569886,二七区淮河路·交直流充电站2号,16,1,6.52000000,0E-8,2.2.0
2015-09-25,569889,高新区科学大道·交直流充电站5号,18,1,4.33000000,0E-8,2.2.0
2015-09-25,582873,高新区科学大道·交直流充电站6号,10,1,23.68000000,0E-8,2.2.0
2015-09-25,612116,高新区科学大道·交直流充电站8号,16,1,6.65000000,0E-8,2.2.0
2015-09-25,653450,上街区中心路·交直流充电站3号,11,1,4.00000000,0E-8,2.2.0
2015-09-25,653450,上街区中心路·交直流充电站3号,13,1,8.74000000,1.27000000,2.2.0
2015-09-25,728918,郑东新区金水东路·交直流充电站6号,11,1,9.82000000,0E-8,2.2.0
2015-09-25,730023,中原区西三环·交流充电站2号,16,1,1.57000000,0E-8,2.2.0
2015-09-25,738900,经开区第八大街·交直流充电站6号,14,1,1.03000000,0E-8,2.2.0
2015-09-25,792421,中原区建设路·交直流充电站5号,12,1,5.26000000,0E-8,2.2.0
2015-09-25,871619,金水区花园路·直流充电站2号,11,1,5.74000000,0E-8,2.2.0
2015-09-25,874950,金水区北三环·直流充电站3号,16,1,1.14000000,0.09000000,2.2.0
2015-09-25,878706,高新区科学大道·交直流充电站10号,11,1,5.23000000,0E-8,2.2.0
2015-09-25,891421,二七区大学路·直流充电站5号,17,1,0.74000000,0E-8,2.2.0
2015-09-25,932939,二七区淮河路·交直流充电站5号,17,1,5.93000000,0E-8,2.2.0
2015-09-25,932939,二七区淮河路·交直流充电站5号,19,1,5.28000000,0E-8,2.2.0
2015-09-25,944515,经开区第八大街·交直流充电站8号,18,1,23.68000000,0E-8,2.2.0
2015-09-25,955429,航空港区迎宾大道·交流充电站2号,10,1,5.48000000,0E-8,2.2.0
2015-09-25,987396,航空港区长安路·直流充电站3号,12,1,10.75000000,0E-8,2.2.0
2015-09-25,987396,航空港区长安路·直流充电站3号,16,1,4.81000000,0E-8,2.2.0
2015-09-25,995505,二七区淮河路·交直流充电站6号,18,1,4.32000000,0E-8,2.2.0
2015-09-26,191826,经开区航海东路·直流充电站1号,11,1,8.56000000,0E-8,2.2.0
2015-09-26,219054,金水区北三环·直流充电站1号,18,1,1.16000000,0E-8,2.2.0
2015-09-26,280221,经开区第八大街·交直流充电站2号,17,1,9.84000000,0E-8,2.2.0
2015-09-26,369001,航空港区迎宾大道·交流充电站1号,10,1,0.54000000,0E-8,2.2.0
2015-09-26,369001,航空港区迎宾大道·交流充电站1号,14,1,2.94000000,0.29000000,2.2.0
2015-09-26,369001,航空港区迎宾大道·交流充电站1号,18,2,14.20000000,0E-8,2.2.0
2015-09-26,369001,航空港区迎宾大道·交流充电站1号,19,1,2.13000000,0E-8,2.2.0
2015-09-26,371335,高新区科学大道·交直流充电站2号,12,1,0.96000000,0E-8,2.2.0
2015-09-26,371335,高新区科学大道·交直流充电站2号,20,1,1.52000000,0.07000000,2.2.0
2015-09-26,405157,经开区第八大街·交直流充电站4号,15,2,15.42000000,0E-8,2.2.0
2015-09-26,425476,郑东新区金水东路·交直流充电站4号,14,1,4.96000000,0E-8,2.2.0
2015-09-26,425476,郑东新区金水东路·交直流充电站4号,18,1,6.82000000,0E-8,2.2.0
2015-09-26,431796,高新区科学大道·交直流充电站3号,16,1,4.23000000,0E-8,2.2.0
2015-09-26,445920,金水区花园路·直流充电站1号,11,1,10.38000000,0E-8,2.2.0
2015-09-26,474204,经开区航海东路·直流充电站3号,11,1,5.14000000,0E-8,2.2.0
2015-09-26,474204,经开区航海东路·直流充电站3号,14,1,3.42000000,0.46000000,2.2.0
2015-09-26,500856,经开区第八大街·交直流充电站5号,16,1,3.84000000,0E-8,2.2.0
2015-09-26,517464,二七区大学路·直流充电站1号,12,1,11.63000000,0E-8,2.2.0
2015-09-26,549414,高新区科学大道·交直流充电站4号,15,1,7.47000000,0E-8,2.2.0
2015-09-26,568071,二七区大学路·直流充电站2号,11,1,6.45000000,0E-8,2.2.0
2015-09-26,568071,二七区大学路·直流充电站2号,12,1,7.88000000,0E-8,2.2.0
2015-09-26,569886,二七区淮河路·交直流充电站2号,12,1,4.10000000,0E-8,2.2.0
2015-09-26,594591,高新区科学大道·交直流充电站7号,15,1,23.68000000,0E-8,2.2.0
2015-09-26,612116,高新区科学大道·交直流充电站8号,17,1,12.48000000,0E-8,2.2.0
2015-09-26,638536,二七区淮河路·交直流充电站3号,13,1,7.16000000,0E-8,2.2.0
2015-09-26,664306,二七区淮河路·交直流充电站4号,11,1,12.72000000,1.21000000,2.2.0
2015-09-26,664306,二七区淮河路·交直流充电站4号,14,2,14.47000000,0E-8,2.2.0
2015-09-26,664306,二七区淮河路·交直流充电站4号,15,1,2.43000000,0E-8,2.2.0
2015-09-26,728918,郑东新区金水东路·交直流充电站6号,11,1,8.78000000,0E-8,2.2.0
2015-09-26,728918,郑东新区金水东路·交直流充电站6号,12,1,10.27000000,0E-8,2.2.0
2015-09-26,738900,经开区第八大街·交直流充电站6号,16,1,10.82000000,0E-8,2.2.0
2015-09-26,874950,金水区北三环·直流充电站3号,10,1,6.00000000,0E-8,2.2.0
2015-09-26,875343,惠济区天河路·交流充电站1号,15,1,5.43000000,0E-8,2.2.0
2015-09-26,878706,高新区科学大道·交直流充电站10号,16,1,0.06000000,0E-8,2.2.0
2015-09-26,891421,二七区大学路·直流充电站5号,12,1,3.33000000,0E-8,2.2.0
2015-09-26,902592,二七区嵩山路·交直流充电站4号,11,1,6.84000000,0E-8,2.2.0
2015-09-26,911231,中原区建设路·交直流充电站6号,18,1,4.43000000,0E-8,2.2.0
2015-09-26,943765,高新区科学大道·交直流充电站12号,12,1,9.11000000,0.92000000,2.2.0
2015-09-26,944575,郑东新区金水东路·交直流充电站8号,12,1,6.03000000,0E-8,2.2.0
2015-09-26,955429,航空港区迎宾大道·交流充电站2号,17,1,4.00000000,0E-8,2.2.0
2015-09-27,207262,郑东新区金水东路·交直流充电站1号,11,1,2.20000000,0E-8,2.2.0
2015-09-27,207262,郑东新区金水东路·交直流充电站1号,12,1,8.35000000,0E-8,2.2.0
2015-09-27,286084,高新区瑞达路·直流充电站1号,12,1,3.30000000,0E-8,2.2.0
2015-09-27,369001,航空港区迎宾大道·交流充电站1号,12,1,1.09000000,0E-8,2.2.0
2015-09-27,369001,航空港区迎宾大道·交流充电站1号,14,1,6.64000000,0E-8,2.2.0
2015-09-27,369001,航空港区迎宾大道·交流充电站1号,19,1,6.69000000,0E-8,2.2.0
2015-09-27,405157,经开区第八大街·交直流充电站4号,21,1,0.39000000,0E-8,2.2.0
2015-09-27,414088,二七区嵩山路·交直流充电站2号,16,1,6.17000000,0E-8,2.2.0
2015-09-27,431796,高新区科学大道·交直流充电站3号,17,1,1.74000000,0E-8,2.2.0
2015-09-27,445920,金水区花园路·直流充电站1号,12,2,7.59000000,0E-8,2.2.0
2015-09-27,474204,经开区航海东路·直流充电站3号,16,1,10.81000000,0E-8,2.2.0
2015-09-27,474204,经开区航海东路·直流充电站3号,18,1,23.68000000,7.50000000,2.2.0
2015-09-27,517464,二七区大学路·直流充电站1号,12,1,4.49000000,0E-8,2.2.0
2015-09-27,562656,经开区航海东路·直流充电站4号,15,1,10.20000000,0E-8,2.2.0
2015-09-27,568071,二七区大学路·直流充电站2号,17,1,2.43000000,0E-8,2.2.0
2015-09-27,568071,二七区大学路·直流充电站2号,18,1,1.28000000,0E-8,2.2.0
2015-09-27,569886,二七区淮河路·交直流充电站2号,15,2,27.27000000,0E-8,2.2.0
2015-09-27,569889,高新区科学大道·交直流充电站5号,12,1,4.96000000,0E-8,2.2.0
2015-09-27,638536,二七区淮河路·交直流充电站3号,11,1,23.68000000,0E-8,2.2.0
2015-09-27,653450,上街区中心路·交直流充电站3号,17,1,4.90000000,0.14000000,2.2.0
2015-09-27,728918,郑东新区金水东路·交直流充电站6号,13,1,8.94000000,0E-8,2.2.0
2015-09-27,728918,郑东新区金水东路·交直流充电站6号,17,1,1.75000000,0E-8,2.2.0
2015-09-27,738900,经开区第八大街·交直流充电站6号,10,1,6.18000000,1.00000000,2.2.0
2015-09-27,863084,管城区陇海路·超充充电站1号,11,1,0.35000000,0E-8,2.2.0
2015-09-27,863084,管城区陇海路·超充充电站1号,17,1,8.04000000,0E-8,2.2.0
2015-09-27,871619,金水区花园路·直流充电站2号,11,1,23.68000000,0E-8,2.2.0
2015-09-27,875343,惠济区天河路·交流充电站1号,8,1,4.25000000,0E-8,2.2.0
2015-09-27,878706,高新区科学大道·交直流充电站10号,11,1,10.76000000,0.27000000,2.2.0
2015-09-27,911231,中原区建设路·交直流充电站6号,17,1,1.67000000,0E-8,2.2.0
2015-09-27,922416,高新区瑞达路·直流充电站12号,16,1,3.94000000,0E-8,2.2.0
2015-09-27,987396,航空港区长安路·直流充电站3号,16,1,7.76000000,0E-8,2.2.0
2015-09-27,995505,二七区淮河路·交直流充电站6号,13,1,2.52000000,0E-8,2.2.0
2015-09-28,129465,高新区科学大道·交直流充电站1号,16,1,3.59000000,0E-8,2.2.0
2015-09-28,207262,郑东新区金水东路·交直流充电站1号,9,1,7.65000000,0E-8,2.2.0
2015-09-28,228137,上街区中心路·交直流充电站1号,17,1,4.47000000,0E-8,2.2.0
2015-09-28,250527,经开区第八大街·交直流充电站1号,22,1,2.62000000,0E-8,2.2.0
2015-09-28,288445,航空港区长安路·直流充电站1号,14,1,8.34000000,0E-8,2.2.0
2015-09-28,288445,航空港区长安路·直流充电站1号,17,1,6.40000000,0E-8,2.2.0
2015-09-28,369001,航空港区迎宾大道·交流充电站1号,10,1,12.26000000,0E-8,2.2.0
2015-09-28,369001,航空港区迎宾大道·交流充电站1号,11,1,10.00000000,0E-8,2.2.0
2015-09-28,369001,航空港区迎宾大道·交流充电站1号,12,2,28.49000000,0E-8,2.2.0
2015-09-28,369001,航空港区迎宾大道·交流充电站1号,15,1,23.68000000,0E-8,2.2.0
2015-09-28,369001,航空港区迎宾大道·交流充电站1号,17,1,11.40000000,0E-8,2.2.0
2015-09-28,405157,经开区第八大街·交直流充电站4号,13,1,5.65000000,5.52000000,2.2.0
2015-09-28,431796,高新区科学大道·交直流充电站3号,16,1,4.03000000,0.51000000,2.2.0
2015-09-28,474204,经开区航海东路·直流充电站3号,9,1,22.32000000,0E-8,2.2.0
2015-09-28,474204,经开区航海东路·直流充电站3号,14,1,1.20000000,0E-8,2.2.0
2015-09-28,569889,高新区科学大道·交直流充电站5号,17,1,4.17000000,0E-8,2.2.0
2015-09-28,612116,高新区科学大道·交直流充电站8号,16,1,10.50000000,0E-8,2.2.0
2015-09-28,623134,郑东新区东风东路·交直流充电站3号,10,1,12.44000000,0E-8,2.2.0
2015-09-28,632920,高新区科学大道·交直流充电站9号,20,1,23.68000000,0E-8,2.2.0
2015-09-28,672450,中原区建设路·交直流充电站4号,17,1,0.26000000,0E-8,2.2.0
2015-09-28,758780,惠济区文化路·直流充电站3号,11,1,6.41000000,0E-8,2.2.0
2015-09-28,792421,中原区建设路·交直流充电站5号,10,1,4.33000000,0E-8,2.2.0
2015-09-28,875343,惠济区天河路·交流充电站1号,16,1,3.24000000,0E-8,2.2.0
2015-09-28,987396,航空港区长安路·直流充电站3号,14,1,0.83000000,0E-8,2.2.0
2015-10-01,236379,郑东新区金水东路·交直流充电站2号,15,1,6.31000000,0E-8,2.2.0
2015-10-01,369001,航空港区迎宾大道·交流充电站1号,9,1,9.42000000,0E-8,2.2.0
2015-10-01,549414,高新区科学大道·交直流充电站4号,17,1,2.95000000,0E-8,2.2.0
2015-10-01,955429,航空港区迎宾大道·交流充电站2号,12,1,4.63000000,0E-8,2.2.0
2015-10-02,228137,上街区中心路·交直流充电站1号,20,1,3.12000000,0E-8,2.2.0
2015-10-02,517464,二七区大学路·直流充电站1号,12,1,4.33000000,0E-8,2.2.0
2015-10-02,568071,二七区大学路·直流充电站2号,12,1,3.97000000,0E-8,2.2.0
2015-10-02,582873,高新区科学大道·交直流充电站6号,11,1,3.41000000,0E-8,2.2.0
2015-10-02,871619,金水区花园路·直流充电站2号,14,1,8.11000000,0E-8,2.2.0
2015-10-02,891421,二七区大学路·直流充电站5号,10,1,6.01000000,0E-8,2.2.0
2015-10-03,474204,经开区航海东路·直流充电站3号,10,1,12.33000000,0E-8,2.2.0
2015-10-03,474204,经开区航海东路·直流充电站3号,12,1,23.68000000,0E-8,2.2.0
2015-10-03,638536,二七区淮河路·交直流充电站3号,16,1,0.67000000,0.03000000,2.2.0
2015-10-03,955429,航空港区迎宾大道·交流充电站2号,1,1,5.01000000,0E-8,2.2.0
2015-10-03,955429,航空港区迎宾大道·交流充电站2号,18,1,8.88000000,0E-8,2.2.0
2015-10-04,280415,惠济区文化路·直流充电站1号,13,1,4.01000000,0E-8,2.2.0
2015-10-04,369001,航空港区迎宾大道·交流充电站1号,11,1,4.73000000,0E-8,2.2.0
2015-10-04,474204,经开区航海东路·直流充电站3号,17,1,2.22000000,0E-8,2.2.0
2015-10-04,594591,高新区科学大道·交直流充电站7号,11,1,1.00000000,0E-8,2.2.0
2015-10-04,672450,中原区建设路·交直流充电站4号,10,1,0.43000000,0E-8,2.2.0
2015-10-04,738900,经开区第八大街·交直流充电站6号,11,1,23.68000000,2.06000000,2.2.0
2015-10-04,875343,惠济区天河路·交流充电站1号,12,1,23.68000000,0E-8,2.2.0
2015-10-04,891421,二七区大学路·直流充电站5号,12,1,5.73000000,0E-8,2.2.0
2015-10-04,944515,经开区第八大街·交直流充电站8号,17,1,0.09000000,0E-8,2.2.0
2015-10-05,237105,高新区梧桐街·超充充电站1号,12,1,10.19000000,0.61000000,2.2.0
2015-10-05,260408,经开区航海东路·直流充电站2号,13,1,0.03000000,0E-8,2.2.0
2015-10-05,369001,航空港区迎宾大道·交流充电站1号,16,1,23.68000000,0E-8,2.2.0
2015-10-05,414088,二七区嵩山路·交直流充电站2号,9,1,1.68000000,0E-8,2.2.0
2015-10-05,875343,惠济区天河路·交流充电站1号,17,1,6.62000000,0E-8,2.2.0
2015-10-05,955429,航空港区迎宾大道·交流充电站2号,15,1,6.70000000,7.50000000,2.2.0
2015-10-05,955429,航空港区迎宾大道·交流充电站2号,16,1,8.34000000,0E-8,2.2.0
2015-10-06,228137,上街区中心路·交直流充电站1号,17,1,7.82000000,0E-8,2.2.0
2015-10-06,549414,高新区科学大道·交直流充电站4号,18,1,4.39000000,0E-8,2.2.0
2015-10-06,664306,二七区淮河路·交直流充电站4号,9,1,23.68000000,0E-8,2.2.0
2015-10-06,943765,高新区科学大道·交直流充电站12号,13,1,0.50000000,0.19000000,2.2.0
2015-10-07,219054,金水区北三环·直流充电站1号,16,1,9.83000000,0E-8,2.2.0
2015-10-07,228137,上街区中心路·交直流充电站1号,16,1,14.89000000,0E-8,2.2.0
2015-10-07,672450,中原区建设路·交直流充电站4号,11,1,5.49000000,0E-8,2.2.0
2015-10-07,884707,高新区瑞达路·直流充电站9号,11,1,3.93000000,0E-8,2.2.0
2015-10-07,911231,中原区建设路·交直流充电站6号,9,1,1.59000000,0E-8,2.2.0
2015-10-08,369001,航空港区迎宾大道·交流充电站1号,9,1,5.08000000,0E-8,2.2.0
2015-10-08,369001,航空港区迎宾大道·交流充电站1号,11,1,3.27000000,0E-8,2.2.0
2015-10-08,474204,经开区航海东路·直流充电站3号,10,1,4.40000000,0E-8,2.2.0
2015-10-08,507660,中原区建设路·交直流充电站3号,11,1,0.49000000,0E-8,2.2.0
2015-10-08,562656,经开区航海东路·直流充电站4号,17,1,23.68000000,0E-8,2.2.0
2015-10-08,728918,郑东新区金水东路·交直流充电站6号,13,1,4.52000000,0E-8,2.2.0
2015-10-08,871619,金水区花园路·直流充电站2号,17,1,4.95000000,0E-8,2.2.0
2015-10-09,366832,航空港区长安路·直流充电站2号,15,1,6.22000000,0E-8,2.2.0
2015-10-09,474204,经开区航海东路·直流充电站3号,12,1,5.38000000,0.33000000,2.2.0
2015-10-10,540225,高新区瑞达路·直流充电站5号,13,1,8.91000000,0E-8,2.2.0
2015-10-10,730023,中原区西三环·交流充电站2号,17,1,3.81000000,0E-8,2.2.0
2015-10-11,207262,郑东新区金水东路·交直流充电站1号,13,1,5.49000000,0E-8,2.2.0
2015-10-11,549414,高新区科学大道·交直流充电站4号,16,1,1.58000000,0E-8,2.2.0
2015-10-11,638536,二七区淮河路·交直流充电站3号,12,1,7.98000000,0E-8,2.2.0
2015-10-11,664306,二七区淮河路·交直流充电站4号,17,1,7.28000000,0E-8,2.2.0
2015-10-12,369001,航空港区迎宾大道·交流充电站1号,18,1,0.11000000,0E-8,2.2.0
2015-10-12,875343,惠济区天河路·交流充电站1号,16,1,5.68000000,0.43000000,2.2.0
2015-10-13,191826,经开区航海东路·直流充电站1号,15,1,9.42000000,0E-8,2.2.0
2015-10-13,250527,经开区第八大街·交直流充电站1号,14,1,4.23000000,0E-8,2.2.0
2015-10-13,355208,经开区第八大街·交直流充电站3号,12,1,4.08000000,0E-8,2.2.0
2015-10-13,474204,经开区航海东路·直流充电站3号,19,1,7.26000000,0E-8,2.2.0
2015-10-13,594591,高新区科学大道·交直流充电站7号,12,1,8.38000000,0E-8,2.2.0
2015-10-14,129465,高新区科学大道·交直流充电站1号,10,1,6.70000000,0E-8,2.2.0
2015-10-14,191826,经开区航海东路·直流充电站1号,11,1,6.37000000,0E-8,2.2.0
2015-10-14,207262,郑东新区金水东路·交直流充电站1号,18,1,1.79000000,0E-8,2.2.0
2015-10-14,653450,上街区中心路·交直流充电站3号,18,1,4.82000000,0E-8,2.2.0
2015-10-14,875343,惠济区天河路·交流充电站1号,19,1,4.20000000,0E-8,2.2.0
2015-10-14,911231,中原区建设路·交直流充电站6号,16,1,6.00000000,0E-8,2.2.0
2015-10-14,944515,经开区第八大街·交直流充电站8号,10,1,8.61000000,0E-8,2.2.0
2015-10-15,228137,上街区中心路·交直流充电站1号,11,1,23.68000000,0E-8,2.2.0
2015-10-15,987396,航空港区长安路·直流充电站3号,13,1,8.04000000,0E-8,2.2.0
2015-10-16,129465,高新区科学大道·交直流充电站1号,15,1,5.08000000,0E-8,2.2.0
2015-10-16,207262,郑东新区金水东路·交直流充电站1号,17,1,1.12000000,0E-8,2.2.0
2015-10-16,366832,航空港区长安路·直流充电站2号,12,1,13.43000000,0E-8,2.2.0
2015-10-16,369001,航空港区迎宾大道·交流充电站1号,11,1,8.80000000,0E-8,2.2.0
2015-10-16,369001,航空港区迎宾大道·交流充电站1号,17,1,2.64000000,0E-8,2.2.0
2015-10-16,414088,二七区嵩山路·交直流充电站2号,17,1,3.67000000,0E-8,2.2.0
2015-10-16,431796,高新区科学大道·交直流充电站3号,10,1,7.73000000,0E-8,2.2.0
2015-10-16,569886,二七区淮河路·交直流充电站2号,13,1,6.03000000,0E-8,2.2.0
2015-10-16,875343,惠济区天河路·交流充电站1号,13,1,4.99000000,0E-8,2.2.0
2015-10-17,236379,郑东新区金水东路·交直流充电站2号,14,1,23.10000000,2.17000000,2.2.0
2015-10-17,250527,经开区第八大街·交直流充电站1号,10,1,4.16000000,0E-8,2.2.0
2015-10-17,369001,航空港区迎宾大道·交流充电站1号,15,1,2.54000000,0E-8,2.2.0
2015-10-18,260408,经开区航海东路·直流充电站2号,12,1,5.01000000,0E-8,2.2.0
2015-10-18,474204,经开区航海东路·直流充电站3号,17,1,6.58000000,0E-8,2.2.0
2015-10-18,711566,郑东新区金水东路·交直流充电站5号,20,1,10.80000000,0E-8,2.2.0
2015-10-19,568071,二七区大学路·直流充电站2号,17,1,9.34000000,0E-8,2.2.0
2015-10-19,653450,上街区中心路·交直流充电站3号,16,1,4.44000000,0E-8,2.2.0
2015-10-19,738900,经开区第八大街·交直流充电站6号,10,1,0.60000000,0E-8,2.2.0
2015-10-19,803398,二七区大学路·直流充电站4号,16,1,6.22000000,0E-8,2.2.0
2015-10-19,955429,航空港区迎宾大道·交流充电站2号,17,1,6.40000000,0E-8,2.2.0
2015-10-20,369001,航空港区迎宾大道·交流充电站1号,8,1,23.68000000,0E-8,2.2.0
2015-10-20,489543,二七区淮河路·交直流充电站1号,18,1,9.79000000,0E-8,2.2.0
2015-10-20,792421,中原区建设路·交直流充电站5号,15,1,2.42000000,0E-8,2.2.0
2015-10-20,884707,高新区瑞达路·直流充电站9号,16,1,3.51000000,0E-8,2.2.0
2015-10-20,902592,二七区嵩山路·交直流充电站4号,8,1,6.21000000,0.89000000,2.2.0
2015-10-20,932939,二七区淮河路·交直流充电站5号,17,1,3.25000000,0E-8,2.2.0
2015-10-21,207262,郑东新区金水东路·交直流充电站1号,17,1,3.19000000,0E-8,2.2.0
2015-10-21,228137,上街区中心路·交直流充电站1号,17,1,23.68000000,7.50000000,2.2.0
2015-10-21,355208,经开区第八大街·交直流充电站3号,12,1,7.72000000,0E-8,2.2.0
2015-10-21,369001,航空港区迎宾大道·交流充电站1号,11,1,1.64000000,0E-8,2.2.0
2015-10-21,489543,二七区淮河路·交直流充电站1号,14,1,1.03000000,0E-8,2.2.0
2015-10-21,575971,高新区梧桐街·超充充电站2号,17,1,0.74000000,1.07000000,2.2.0
2015-10-21,782629,金水区经三路·交直流充电站3号,18,1,3.26000000,0E-8,2.2.0
2015-10-21,874950,金水区北三环·直流充电站3号,16,1,4.18000000,0E-8,2.2.0
2015-10-21,987396,航空港区长安路·直流充电站3号,11,1,1.04000000,0E-8,2.2.0
2015-10-22,369001,航空港区迎宾大道·交流充电站1号,9,1,3.48000000,0E-8,2.2.0
2015-10-22,474204,经开区航海东路·直流充电站3号,14,1,5.75000000,0.29000000,2.2.0
2015-10-22,489543,二七区淮河路·交直流充电站1号,8,1,5.33000000,0E-8,2.2.0
2015-10-23,569886,二七区淮河路·交直流充电站2号,10,1,5.66000000,6.21000000,2.2.0
2015-10-23,612116,高新区科学大道·交直流充电站8号,17,1,7.94000000,0E-8,2.2.0
2015-10-23,944515,经开区第八大街·交直流充电站8号,11,1,9.89000000,0E-8,2.2.0
2015-10-24,228137,上街区中心路·交直流充电站1号,9,1,8.98000000,0E-8,2.2.0
2015-10-24,404112,惠济区文化路·直流充电站2号,9,1,2.92000000,0E-8,2.2.0
2015-10-24,474204,经开区航海东路·直流充电站3号,17,1,0.18000000,0E-8,2.2.0
2015-10-25,250527,经开区第八大街·交直流充电站1号,15,1,2.64000000,0E-8,2.2.0
2015-10-25,371335,高新区科学大道·交直流充电站2号,13,1,8.15000000,0E-8,2.2.0
2015-10-25,569889,高新区科学大道·交直流充电站5号,17,1,6.45000000,0E-8,2.2.0
2015-10-25,575971,高新区梧桐街·超充充电站2号,12,1,6.85000000,0E-8,2.2.0
2015-10-25,638536,二七区淮河路·交直流充电站3号,13,1,10.78000000,0E-8,2.2.0
2015-10-25,653450,上街区中心路·交直流充电站3号,13,1,1.95000000,0E-8,2.2.0
2015-10-25,878706,高新区科学大道·交直流充电站10号,12,1,6.27000000,0E-8,2.2.0
2015-10-26,207262,郑东新区金水东路·交直流充电站1号,9,1,0.55000000,0E-8,2.2.0
2015-10-26,250527,经开区第八大街·交直流充电站1号,18,1,9.53000000,0E-8,2.2.0
2015-10-26,425476,郑东新区金水东路·交直流充电站4号,12,1,0.70000000,0E-8,2.2.0
2015-10-26,489543,二七区淮河路·交直流充电站1号,16,1,23.68000000,7.50000000,2.2.0
2015-10-26,582873,高新区科学大道·交直流充电站6号,14,1,3.45000000,0E-8,2.2.0
2015-10-26,672450,中原区建设路·交直流充电站4号,15,1,1.72000000,0E-8,2.2.0
2015-10-26,920264,高新区科学大道·交直流充电站11号,20,1,23.68000000,0E-8,2.2.0
2015-10-26,932939,二七区淮河路·交直流充电站5号,17,1,2.68000000,0E-8,2.2.0
2015-10-26,955429,航空港区迎宾大道·交流充电站2号,11,1,5.86000000,0E-8,2.2.0
2015-10-26,955429,航空港区迎宾大道·交流充电站2号,13,1,7.13000000,0.58000000,2.2.0
2015-10-27,228137,上街区中心路·交直流充电站1号,10,1,4.77000000,0E-8,2.2.0
2015-10-27,250527,经开区第八大街·交直流充电站1号,13,1,6.88000000,7.50000000,2.2.0
2015-10-27,474204,经开区航海东路·直流充电站3号,11,1,2.99000000,0E-8,2.2.0
2015-10-27,568071,二七区大学路·直流充电站2号,17,1,4.24000000,0E-8,2.2.0
2015-10-27,864630,高新区瑞达路·直流充电站8号,16,1,4.98000000,0E-8,2.2.0
2015-10-27,878706,高新区科学大道·交直流充电站10号,11,1,1.94000000,0E-8,2.2.0
2015-10-28,369001,航空港区迎宾大道·交流充电站1号,8,1,13.32000000,0E-8,2.2.0
2015-10-28,507660,中原区建设路·交直流充电站3号,13,1,3.78000000,0E-8,2.2.0
2015-10-28,987396,航空港区长安路·直流充电站3号,17,1,2.20000000,0E-8,2.2.0
2015-11-03,369001,航空港区迎宾大道·交流充电站1号,11,1,3.90000000,0E-8,2.2.0
2015-11-04,911231,中原区建设路·交直流充电站6号,19,1,7.19000000,0E-8,2.2.0
2015-11-05,955429,航空港区迎宾大道·交流充电站2号,9,1,3.44000000,0E-8,2.2.0
2015-11-06,638536,二七区淮河路·交直流充电站3号,12,1,4.01000000,0E-8,2.2.0
2015-11-08,594591,高新区科学大道·交直流充电站7号,13,1,3.72000000,0E-8,2.2.0
2015-11-09,569886,二七区淮河路·交直流充电站2号,11,1,5.58000000,7.50000000,2.2.0
2015-11-10,474204,经开区航海东路·直流充电站3号,14,1,4.36000000,0E-8,2.2.0
2015-11-11,875343,惠济区天河路·交流充电站1号,18,1,6.40000000,0E-8,2.2.0
2015-11-12,944515,经开区第八大街·交直流充电站8号,15,1,6.72000000,0E-8,2.2.0
2015-11-13,801274,经开区第八大街·交直流充电站7号,11,1,6.04000000,0E-8,2.2.0
2015-11-14,782629,金水区经三路·交直流充电站3号,12,1,1.87000000,0E-8,2.2.0
2015-11-17,507660,中原区建设路·交直流充电站3号,18,1,1.38000000,0E-8,2.2.0
2015-11-18,728918,郑东新区金水东路·交直流充电站6号,13,1,2.05000000,0.10000000,2.2.0
2015-11-18,738900,经开区第八大街·交直流充电站6号,11,1,4.17000000,0E-8,2.2.0
2015-11-19,758780,惠济区文化路·直流充电站3号,17,1,4.24000000,0E-8,2.2.0
2015-11-19,864630,高新区瑞达路·直流充电站8号,18,1,5.85000000,0E-8,2.2.0
2015-11-20,891421,二七区大学路·直流充电站5号,13,1,1.44000000,0E-8,2.2.0
2015-11-21,549414,高新区科学大道·交直流充电站4号,19,1,3.31000000,0E-8,2.2.0
2015-11-23,932939,二七区淮河路·交直流充电站5号,17,1,0.17000000,0E-8,2.2.0
2015-11-24,237105,高新区梧桐街·超充充电站1号,17,1,10.42000000,0E-8,2.2.0
2015-11-24,672450,中原区建设路·交直流充电站4号,12,1,6.96000000,0.43000000,2.2.0
2015-12-01,920264,高新区科学大道·交直流充电站11号,15,1,6.60000000,0E-8,2.2.0
2015-12-02,280221,经开区第八大街·交直流充电站2号,11,1,6.95000000,0E-8,2.2.0
2015-12-04,369001,航空港区迎宾大道·交流充电站1号,12,1,3.62000000,0E-8,2.2.0
2015-12-05,875343,惠济区天河路·交流充电站1号,18,1,1.89000000,0E-8,2.2.0
2015-12-06,995505,二七区淮河路·交直流充电站6号,16,1,10.70000000,0E-8,2.2.0
2015-12-08,405157,经开区第八大街·交直流充电站4号,16,1,8.16000000,0E-8,2.2.0
2015-12-09,414088,二七区嵩山路·交直流充电站2号,17,1,10.01000000,0E-8,2.2.0
2015-12-09,569886,二七区淮河路·交直流充电站2号,17,1,7.48000000,0E-8,2.2.0
2015-12-15,902592,二七区嵩山路·交直流充电站4号,10,1,6.92000000,0E-8,2.2.0
2015-12-18,369001,航空港区迎宾大道·交流充电站1号,1,1,5.53000000,0E-8,2.2.0
2015-12-22,405157,经开区第八大街·交直流充电站4号,10,1,4.37000000,0E-8,2.2.0
2015-12-24,228137,上街区中心路·交直流充电站1号,16,1,7.42000000,0E-8,2.2.0
2015-12-24,369001,航空港区迎宾大道·交流充电站1号,10,1,23.68000000,0E-8,2.2.0
2015-12-24,943765,高新区科学大道·交直流充电站12号,13,1,1.15000000,0E-8,2.2.0
2015-12-24,944515,经开区第八大街·交直流充电站8号,21,1,2.72000000,0E-8,2.2.0
2015-12-25,995505,二七区淮河路·交直流充电站6号,15,1,1.83000000,0E-8,2.2.0
2015-12-26,874950,金水区北三环·直流充电站3号,11,1,1.46000000,0.23000000,2.2.0
2015-12-27,758780,惠济区文化路·直流充电站3号,17,1,7.20000000,0E-8,2.2.0
2015-12-28,474204,经开区航海东路·直流充电站3号,17,1,1.49000000,0E-8,2.2.0
