esd,record_time,soc,pack_voltage (V),charge_current (A),max_cell_voltage (V),min_cell_voltage (V),max_temperature (℃),min_temperature (℃),available_energy (kw),available_capacity (Ah)
1000002,1.55E+12,24.9,326.4,-22.5,3.311,3.236,35.1,32.6,9.98,94.69
1000003,1.57E+12,19.4,328.5,-22.5,3.325,3.256,37.0,33.4,2.93,110.63
1000004,1.56E+12,20.2,351.3,-22.5,3.555,3.486,33.4,31.4,7.26,87.44
1000005,1.56E+12,65.3,327.3,-22.5,3.305,3.250,37.0,35.2,4.40,71.09
1000007,1.55E+12,38.8,346.6,-22.5,3.498,3.442,37.0,35.1,2.95,65.26
1000010,1.55E+12,31.0,332.4,-22.5,3.356,3.298,36.6,33.9,2.77,85.75
1000011,1.55E+12,46.4,353.4,-22.5,3.574,3.506,36.1,33.3,6.49,72.75
1000012,1.57E+12,65.2,355.5,-22.5,3.604,3.531,37.0,34.4,4.11,97.42
1000013,1.55E+12,68.0,351.9,-22.5,3.561,3.496,35.8,32.9,5.01,74.21
1000017,1.55E+12,48.4,339.8,-22.5,3.448,3.369,34.8,30.8,2.75,118.98
1000020,1.57E+12,56.2,335.1,-22.5,3.386,3.323,33.0,30.5,7.28,103.32
1000022,1.56E+12,68.9,333.1,-22.5,3.377,3.302,35.5,33.3,11.64,111.57
1000023,1.56E+12,73.3,334.3,-22.5,3.384,3.322,37.0,35.2,3.24,95.57
1000025,1.56E+12,55.8,348.6,-22.5,3.523,3.462,36.0,34.2,5.98,110.10
1000027,1.55E+12,74.2,355.9,-22.5,3.598,3.529,33.0,31.7,23.47,66.65
1000028,1.55E+12,43.3,328.6,-22.5,3.322,3.263,35.4,34.2,1.43,66.17
1000030,1.57E+12,48.0,330.3,-22.5,3.342,3.280,36.4,32.9,7.74,86.28
1000039,1.55E+12,75.3,339.2,-22.5,3.438,3.368,35.8,31.9,3.57,112.53
1000043,1.56E+12,16.8,351.3,-22.5,3.561,3.489,34.5,31.9,0.51,118.52
1000044,1.56E+12,37.4,327.1,-22.5,3.315,3.244,36.8,33.8,5.97,99.26
1000045,1.57E+12,75.5,334.0,-22.5,3.389,3.320,33.0,31.7,1.41,76.40
1000047,1.56E+12,74.1,344.5,-22.5,3.491,3.417,33.3,30.8,23.31,102.11
1000048,1.57E+12,52.8,353.1,-22.5,3.562,3.510,35.5,32.0,5.03,100.19
1000052,1.56E+12,48.0,324.9,-22.5,3.286,3.220,33.0,31.0,2.09,96.77
1000053,1.56E+12,69.9,353.5,-63.6,3.571,3.508,36.6,34.5,8.04,113.18
1000055,1.57E+12,16.0,358.6,-22.5,3.631,3.564,37.0,34.2,15.85,80.77
1000056,1.55E+12,54.4,329.4,-22.5,3.339,3.264,37.0,35.5,4.44,71.95
1000057,1.56E+12,55.1,354.2,-22.5,3.573,3.521,32.3,30.1,1.97,113.62
1000059,1.57E+12,57.5,356.0,-22.5,3.594,3.534,36.0,33.0,6.92,66.12
1000062,1.57E+12,48.8,348.9,-22.5,3.528,3.466,35.9,32.4,22.29,115.64
1000063,1.55E+12,59.3,331.0,-22.5,3.340,3.289,36.0,34.3,21.66,105.59
1000065,1.55E+12,38.7,333.9,-22.5,3.370,3.317,32.5,31.4,24.73,82.44
1000068,1.57E+12,55.2,333.9,-22.5,3.376,3.309,37.0,33.1,4.41,74.10
1000070,1.55E+12,29.9,341.6,-22.5,3.450,3.388,35.3,31.7,9.52,67.70
1000074,1.57E+12,43.0,327.5,-22.5,3.320,3.252,37.0,36.0,5.14,64.18
1000079,1.56E+12,62.3,337.6,-22.5,3.417,3.352,35.7,32.2,2.86,113.85
1000080,1.57E+12,72.1,341.5,-22.5,3.463,3.393,35.4,33.8,3.90,68.70
1000082,1.55E+12,21.6,336.3,-22.5,3.398,3.335,33.2,31.9,6.95,113.04
1000084,1.55E+12,52.9,331.4,-22.5,3.358,3.289,37.0,34.2,2.43,89.42
1000085,1.55E+12,61.8,331.1,-22.5,3.348,3.285,37.0,35.5,11.78,119.25
1000086,1.55E+12,28.6,340.5,-22.5,3.441,3.380,33.4,31.0,2.57,81.03
1000089,1.56E+12,29.4,325.1,-22.5,3.286,3.223,37.0,34.9,4.36,68.23
1000096,1.57E+12,20.9,327.7,-65.7,3.315,3.248,37.0,34.9,3.76,78.56
1000097,1.55E+12,21.3,338.2,-22.5,3.431,3.358,37.0,35.1,4.13,72.13
1000099,1.57E+12,30.5,356.7,-22.5,3.608,3.541,37.0,36.0,4.46,111.46
1000101,1.56E+12,15.7,341.5,-22.5,3.446,3.387,33.0,31.5,6.04,84.25
1000107,1.56E+12,47.8,333.8,-41.4,3.371,3.314,37.0,35.6,22.44,82.03
1000108,1.57E+12,62.5,336.5,-22.5,3.412,3.339,33.0,31.3,5.83,104.02
1000109,1.57E+12,57.3,353.8,-22.5,3.572,3.511,33.3,30.4,2.19,68.78
1000110,1.56E+12,61.8,356.4,-22.5,3.604,3.540,35.1,33.0,1.57,113.57
1000111,1.55E+12,42.9,356.2,-22.5,3.595,3.541,35.6,32.8,5.73,95.93
1000114,1.55E+12,34.1,331.9,-22.5,3.359,3.293,36.0,32.2,3.29,101.77
1000115,1.57E+12,19.2,327.9,-43.1,3.322,3.259,36.4,34.0,5.29,86.85
1000116,1.56E+12,72.0,334.8,-22.5,3.397,3.321,33.0,31.4,23.72,93.79
1000120,1.57E+12,71.6,357.1,-22.5,3.607,3.544,34.0,31.1,7.64,75.73
1000122,1.57E+12,25.7,327.7,-22.5,3.320,3.255,37.0,34.7,23.84,107.05
1000123,1.55E+12,60.1,339.8,-22.5,3.437,3.373,36.9,34.2,9.79,107.91
1000125,1.56E+12,58.8,332.2,-22.5,3.360,3.297,33.9,30.2,4.20,98.49
1000127,1.56E+12,71.0,353.1,-22.5,3.571,3.510,37.0,34.1,24.70,113.86
1000129,1.56E+12,27.1,333.9,-22.5,3.372,3.314,35.6,31.7,0.65,103.28
1000130,1.57E+12,46.4,329.0,-22.5,3.325,3.267,37.0,33.8,1.43,83.51
1000131,1.57E+12,65.1,356.0,-22.5,3.599,3.533,37.0,33.9,5.08,113.29
1000133,1.55E+12,54.0,354.6,-22.5,3.578,3.525,34.4,30.7,24.52,64.37
1000135,1.55E+12,64.3,335.3,-22.5,3.389,3.325,37.0,33.1,11.09,75.06
1000136,1.56E+12,19.0,335.5,-22.5,3.401,3.334,37.0,34.2,3.36,64.15
1000137,1.56E+12,51.1,346.1,-22.5,3.505,3.436,37.0,33.7,6.36,77.00
1000139,1.56E+12,19.0,324.0,-22.5,3.282,3.215,37.0,35.8,6.33,73.90
1000141,1.55E+12,29.3,352.0,-22.5,3.570,3.491,33.0,31.2,0.49,118.01
1000143,1.57E+12,20.1,342.3,-22.5,3.459,3.397,32.7,31.2,7.88,61.44
1000144,1.56E+12,25.4,325.2,-22.5,3.291,3.232,33.9,32.8,7.35,76.26
1000146,1.55E+12,61.0,339.0,-22.5,3.440,3.362,37.0,35.6,2.33,80.70
1000148,1.55E+12,37.3,329.1,-22.5,3.334,3.265,37.0,35.2,5.81,61.07
1000150,1.55E+12,61.5,332.3,-22.5,3.373,3.295,36.0,34.3,10.07,89.27
1000151,1.56E+12,53.4,326.2,-22.5,3.309,3.242,37.0,33.1,10.57,114.91
1000152,1.55E+12,73.8,329.0,-22.5,3.338,3.262,33.0,31.6,8.06,107.42
1000153,1.57E+12,63.0,328.6,-22.5,3.316,3.257,37.0,34.3,12.75,102.81
1000154,1.57E+12,27.8,349.9,-22.5,3.540,3.472,33.0,31.8,7.78,87.77
1000155,1.56E+12,30.6,350.8,-22.5,3.545,3.484,37.0,33.9,3.90,98.92
1000156,1.56E+12,50.7,327.8,-51.1,3.317,3.255,34.4,33.0,3.41,62.30
1000159,1.56E+12,31.1,329.9,-22.5,3.339,3.277,37.0,34.4,2.08,70.86
1000160,1.56E+12,35.8,331.8,-22.5,3.367,3.294,33.5,30.2,8.82,88.73
1000163,1.55E+12,47.4,326.7,-22.5,3.304,3.242,35.0,33.6,0.69,106.00
1000164,1.56E+12,22.7,323.7,-22.5,3.284,3.213,35.3,32.9,6.22,116.38
1000165,1.55E+12,48.8,348.5,-22.5,3.517,3.462,33.0,31.9,1.92,96.10
1000166,1.57E+12,36.1,324.5,-22.5,3.287,3.221,37.0,34.5,7.87,91.25
1000170,1.57E+12,15.9,358.7,-22.5,3.621,3.565,32.3,30.0,9.47,115.18
1000173,1.57E+12,25.1,329.1,-22.5,3.341,3.266,34.2,31.1,2.91,96.73
1000175,1.55E+12,72.4,351.2,-22.5,3.550,3.488,36.0,34.5,5.96,109.65
1000176,1.56E+12,72.0,347.0,-22.5,3.503,3.442,37.0,34.5,4.15,75.25
1000178,1.55E+12,15.3,325.3,-22.5,3.292,3.227,33.1,30.3,4.96,81.23
1000179,1.56E+12,43.1,349.2,-55.0,3.539,3.467,37.0,34.3,8.42,60.14
1000184,1.57E+12,47.8,326.8,-22.5,3.298,3.240,33.0,29.1,7.24,72.60
1000186,1.56E+12,54.8,336.7,-22.5,3.402,3.338,34.3,32.1,9.87,104.07
1000188,1.56E+12,17.0,347.2,-22.5,3.512,3.446,33.0,29.7,4.61,117.93
1000189,1.57E+12,55.6,329.0,-22.5,3.328,3.261,33.0,30.0,9.18,101.24
1000190,1.57E+12,26.2,337.5,-22.5,3.418,3.354,33.6,30.2,5.62,74.51
1000192,1.57E+12,50.0,326.6,-22.5,3.299,3.238,37.0,35.3,3.17,107.33
1000194,1.56E+12,54.6,330.3,-22.5,3.344,3.275,33.0,29.2,22.89,95.06
1000200,1.56E+12,24.5,331.6,-22.5,3.346,3.291,33.0,29.9,17.16,61.95
1000201,1.56E+12,66.5,333.4,-22.5,3.366,3.312,34.0,30.6,0.38,76.75
1000202,1.55E+12,26.2,330.7,-22.5,3.356,3.284,36.0,33.9,5.63,95.64
1000203,1.56E+12,25.3,358.0,-66.1,3.629,3.556,34.6,33.5,3.97,82.48
1000206,1.56E+12,28.3,337.4,-22.5,3.416,3.353,36.0,34.0,7.08,116.89
1000208,1.56E+12,52.7,349.6,-22.5,3.534,3.467,37.0,34.6,12.12,80.71
1000212,1.57E+12,47.9,353.4,-22.5,3.575,3.506,34.0,31.4,6.46,94.47
1000214,1.56E+12,16.6,351.0,-22.5,3.549,3.489,37.0,33.2,9.16,71.94
1000215,1.55E+12,26.0,351.8,-41.8,3.553,3.491,33.3,30.0,6.57,111.44
1000216,1.55E+12,56.8,329.3,-22.5,3.328,3.265,37.0,35.7,7.31,87.61
1000220,1.56E+12,69.2,328.9,-22.5,3.329,3.266,36.2,34.1,3.64,102.60
1000223,1.56E+12,39.2,329.4,-22.5,3.328,3.264,36.0,32.7,6.26,114.92
1000225,1.55E+12,36.4,342.7,-22.5,3.466,3.401,33.0,29.6,5.19,86.54
1000226,1.56E+12,54.0,325.0,-22.5,3.296,3.220,35.0,33.6,5.03,87.10
1000229,1.57E+12,51.2,357.6,-22.5,3.622,3.552,33.0,30.3,3.95,78.49
1000230,1.56E+12,73.8,346.1,-54.3,3.501,3.437,35.3,32.1,1.63,88.35
1000237,1.56E+12,51.1,351.6,-22.5,3.558,3.492,37.0,34.5,5.77,85.91
1000238,1.57E+12,30.5,330.8,-22.5,3.348,3.286,37.0,35.8,4.19,92.47
1000239,1.57E+12,34.6,327.4,-22.5,3.323,3.250,37.0,35.6,6.63,93.79
1000242,1.55E+12,56.6,331.5,-22.5,3.346,3.294,36.0,32.2,4.14,78.97
1000243,1.56E+12,52.4,334.4,-22.5,3.381,3.316,34.9,32.6,7.49,71.40
1000246,1.55E+12,24.1,349.1,-22.5,3.527,3.463,33.0,31.6,10.33,76.95
1000249,1.56E+12,46.1,349.7,-22.5,3.543,3.474,34.2,32.7,1.75,65.15
1000250,1.55E+12,22.0,335.4,-22.5,3.385,3.333,37.0,33.6,0.95,79.14
1000251,1.57E+12,61.0,338.0,-22.5,3.426,3.354,33.0,31.1,5.72,98.57
1000255,1.56E+12,25.7,331.1,-22.5,3.360,3.290,35.9,34.1,2.02,66.18
1000258,1.56E+12,22.1,337.3,-58.1,3.404,3.349,34.2,30.7,7.61,89.81
1000260,1.56E+12,18.7,339.3,-22.5,3.442,3.367,37.0,34.8,10.13,112.11
1000261,1.56E+12,31.4,347.1,-22.5,3.503,3.451,37.0,36.0,8.43,114.81
1000262,1.56E+12,69.6,333.4,-22.5,3.373,3.311,33.0,29.0,4.32,69.44
1000263,1.56E+12,73.7,331.1,-22.5,3.347,3.285,35.5,31.6,18.53,94.64
1000270,1.57E+12,69.3,327.3,-22.5,3.304,3.246,34.2,31.0,8.00,66.85
1000271,1.57E+12,28.0,332.2,-62.4,3.357,3.300,34.0,32.5,24.92,66.55
1000272,1.56E+12,60.7,334.1,-22.5,3.377,3.321,36.0,34.3,7.73,101.37
1000273,1.55E+12,52.0,329.2,-22.5,3.335,3.269,36.5,33.7,5.12,65.83
1000278,1.55E+12,59.5,325.9,-22.5,3.302,3.232,33.0,30.9,3.77,118.07
1000282,1.55E+12,39.5,355.9,-22.5,3.599,3.538,37.0,33.4,1.19,100.29
1000286,1.55E+12,56.1,329.7,-22.5,3.335,3.274,33.9,31.5,11.78,84.12
1000289,1.55E+12,57.7,336.4,-22.5,3.406,3.343,36.0,33.1,5.97,119.97
1000290,1.55E+12,20.1,350.7,-22.5,3.556,3.486,37.0,34.6,6.62,84.26
1000295,1.55E+12,58.3,334.1,-22.5,3.378,3.318,33.8,30.6,3.79,86.98
1000296,1.56E+12,75.3,352.1,-22.5,3.555,3.491,33.9,31.3,4.23,66.99
1000301,1.56E+12,55.7,330.3,-22.5,3.334,3.279,34.2,32.1,8.22,117.39
1000304,1.55E+12,31.1,354.7,-22.5,3.591,3.523,36.0,34.8,3.92,76.79
1000305,1.55E+12,50.0,329.1,-22.5,3.336,3.268,35.2,33.9,4.65,94.93
1000306,1.55E+12,42.2,353.6,-22.5,3.568,3.508,32.7,30.6,3.12,109.06
1000309,1.55E+12,41.6,356.1,-22.5,3.594,3.534,34.5,32.7,5.03,116.00
1000312,1.55E+12,29.5,336.9,-22.5,3.414,3.348,37.0,33.2,4.24,89.45
1000313,1.56E+12,41.7,327.3,-22.5,3.314,3.250,36.0,34.2,5.78,68.71
1000316,1.55E+12,49.1,328.4,-22.5,3.316,3.259,36.0,32.7,4.43,108.97
1000321,1.56E+12,19.3,343.0,-22.5,3.477,3.402,34.5,31.9,5.09,102.11
1000322,1.57E+12,18.4,340.7,-22.5,3.438,3.382,37.0,34.8,3.38,66.37
1000323,1.56E+12,16.5,344.1,-22.5,3.480,3.416,36.6,32.6,12.13,82.42
1000324,1.56E+12,59.3,327.5,-22.5,3.320,3.254,33.4,29.9,2.75,100.73
1000326,1.56E+12,46.1,326.2,-22.5,3.304,3.235,37.0,34.6,8.63,89.41
1000328,1.56E+12,38.3,349.9,-22.5,3.549,3.471,36.0,32.4,8.97,92.46
1000329,1.56E+12,55.5,329.8,-22.5,3.338,3.274,33.7,30.9,3.32,73.33
1000330,1.56E+12,34.2,328.1,-22.5,3.320,3.251,33.0,29.3,25.77,74.24
1000331,1.55E+12,34.2,329.5,-22.5,3.344,3.275,37.0,33.0,0.45,117.13
1000335,1.56E+12,28.1,330.5,-22.5,3.349,3.280,36.8,34.5,23.61,60.08
1000336,1.56E+12,45.5,350.4,-22.5,3.538,3.482,33.0,29.2,10.45,72.36
1000342,1.55E+12,63.4,331.8,-22.5,3.359,3.289,37.0,35.5,7.03,71.03
1000343,1.55E+12,58.1,329.6,-22.5,3.334,3.273,36.0,34.2,10.65,88.06
1000345,1.56E+12,71.8,333.7,-22.5,3.371,3.317,33.0,29.3,0.92,66.78
1000348,1.57E+12,35.9,327.9,-22.5,3.328,3.251,37.0,33.7,6.54,111.89
1000349,1.55E+12,29.6,351.7,-22.5,3.552,3.491,36.8,34.0,5.80,99.31
1000350,1.56E+12,32.5,357.2,-22.5,3.605,3.549,37.0,34.4,1.42,71.61
1000353,1.56E+12,43.5,330.4,-22.5,3.338,3.277,37.0,36.0,4.23,93.39
1000354,1.57E+12,27.8,329.2,-22.5,3.330,3.264,35.8,33.4,4.19,90.47
1000356,1.55E+12,46.7,351.6,-22.5,3.558,3.492,35.6,34.2,5.01,97.25
1000357,1.56E+12,60.3,326.4,-73.4,3.300,3.240,32.5,28.9,7.03,91.66
1000359,1.55E+12,41.1,334.8,-22.5,3.381,3.319,34.4,31.1,5.53,66.86
1000360,1.57E+12,17.4,357.3,-22.5,3.606,3.546,37.0,35.8,13.58,79.56
1000363,1.57E+12,71.9,326.6,-22.5,3.308,3.243,37.0,33.9,4.49,71.30
1000369,1.55E+12,43.2,324.7,-22.5,3.284,3.225,36.4,33.4,22.24,63.69
1000370,1.55E+12,37.9,338.8,-22.5,3.426,3.364,36.0,32.6,5.65,75.58
1000373,1.55E+12,49.6,344.2,-22.5,3.475,3.416,34.4,31.3,8.21,69.98
1000375,1.56E+12,62.6,353.1,-62.2,3.562,3.502,37.0,34.8,11.47,104.20
1000376,1.56E+12,18.3,345.7,-22.5,3.504,3.432,37.0,35.8,6.59,90.96
1000378,1.57E+12,24.3,348.2,-22.5,3.530,3.458,33.3,31.5,22.82,84.39
1000379,1.55E+12,72.5,341.8,-22.5,3.449,3.391,33.7,31.7,8.47,82.43
1000381,1.55E+12,56.8,340.1,-22.5,3.450,3.379,37.0,35.3,4.66,92.74
1000382,1.57E+12,67.8,324.6,-22.5,3.292,3.221,33.0,29.4,4.00,73.69
1000384,1.55E+12,26.5,329.4,-22.5,3.334,3.270,36.1,34.4,5.09,82.58
1000385,1.56E+12,46.7,347.8,-22.5,3.511,3.450,37.0,35.6,6.52,91.10
1000388,1.57E+12,18.5,331.5,-22.5,3.345,3.291,36.0,33.1,9.01,62.11
1000389,1.57E+12,51.9,329.2,-22.5,3.337,3.267,37.0,35.8,5.80,94.60
1000391,1.55E+12,39.3,352.8,-22.5,3.560,3.503,37.0,33.3,5.77,74.38
1000393,1.56E+12,51.0,343.8,-22.5,3.471,3.416,32.2,30.7,4.57,73.34
1000394,1.56E+12,52.4,352.2,-22.5,3.571,3.501,37.0,35.1,2.61,89.31
1000395,1.57E+12,52.7,323.8,-22.5,3.274,3.217,35.5,34.2,4.24,88.02
1000397,1.55E+12,68.2,332.2,-22.5,3.372,3.293,33.3,32.2,5.85,72.12
1000398,1.55E+12,29.2,331.4,-22.5,3.347,3.292,37.0,35.7,1.29,89.17
1000399,1.56E+12,68.3,332.3,-22.5,3.366,3.295,37.0,34.3,3.26,118.27
1000400,1.55E+12,54.6,329.2,-22.5,3.324,3.268,37.0,35.5,5.43,100.28
1000402,1.56E+12,70.7,356.1,-22.5,3.594,3.536,37.0,33.1,6.74,81.26
1000403,1.55E+12,27.7,331.0,-22.5,3.352,3.281,36.0,32.3,7.09,103.95
1000404,1.57E+12,53.6,329.8,-22.5,3.338,3.272,37.0,33.0,5.93,105.96
1000405,1.55E+12,49.7,345.4,-22.5,3.494,3.434,36.0,34.0,3.12,113.67
1000406,1.56E+12,47.8,354.2,-22.5,3.582,3.521,37.0,33.2,8.40,110.87
1000410,1.56E+12,41.0,342.8,-22.5,3.474,3.401,33.9,32.5,1.56,68.06
1000411,1.56E+12,60.5,327.3,-22.5,3.319,3.247,33.0,30.8,2.95,102.11
1000413,1.55E+12,54.6,355.4,-22.5,3.585,3.532,33.0,31.2,7.67,96.81
1000414,1.57E+12,39.2,327.3,-22.5,3.304,3.251,36.0,33.7,25.65,95.28
1000415,1.57E+12,24.0,339.0,-22.5,3.423,3.361,33.0,32.0,2.53,63.82
1000416,1.55E+12,55.7,332.3,-22.5,3.360,3.293,33.9,30.9,24.18,82.08
1000419,1.55E+12,54.4,329.3,-22.5,3.327,3.272,33.2,31.7,24.08,96.27
1000422,1.55E+12,37.2,339.1,-22.5,3.437,3.369,33.8,30.6,12.22,69.98
1000423,1.55E+12,69.3,346.6,-22.5,3.516,3.442,33.0,31.0,7.10,118.62
1000426,1.57E+12,23.3,329.3,-63.4,3.341,3.273,35.0,32.4,8.85,99.87
1000427,1.57E+12,32.4,332.7,-22.5,3.376,3.303,37.0,33.1,1.20,85.35
1000434,1.55E+12,53.8,330.5,-22.5,3.346,3.285,33.9,32.6,2.67,109.27
1000436,1.55E+12,30.4,324.1,-25.4,3.281,3.213,33.0,29.1,3.68,76.31
1000437,1.56E+12,27.2,338.3,-22.5,3.425,3.358,36.5,34.4,7.22,77.21
1000439,1.56E+12,33.9,351.0,-22.5,3.552,3.483,35.6,33.2,2.57,60.76
1000440,1.55E+12,71.8,329.7,-22.5,3.343,3.273,33.0,30.4,1.23,112.54
1000446,1.55E+12,27.0,334.1,-22.5,3.372,3.320,33.7,32.6,5.50,79.74
1000451,1.56E+12,65.5,353.7,-22.5,3.580,3.509,34.0,32.6,8.23,84.17
1000452,1.57E+12,52.0,328.1,-22.5,3.320,3.253,36.0,33.2,4.68,77.60
1000454,1.55E+12,66.8,333.7,-22.5,3.369,3.316,37.0,35.4,6.83,84.16
1000455,1.56E+12,51.2,336.4,-22.5,3.394,3.343,34.2,32.8,5.30,78.50
1000456,1.56E+12,74.6,334.2,-22.5,3.382,3.321,36.0,33.4,6.59,108.15
1000458,1.56E+12,66.7,346.5,-22.5,3.503,3.445,36.0,33.3,7.20,112.45
1000459,1.57E+12,68.6,327.6,-22.5,3.313,3.247,36.0,34.7,4.26,69.53
1000461,1.55E+12,39.3,325.2,-22.5,3.294,3.225,34.6,33.2,1.47,106.76
1000462,1.57E+12,50.0,340.1,-22.5,3.435,3.375,33.0,31.1,5.79,62.26
1000463,1.57E+12,31.4,330.6,-22.5,3.343,3.284,35.8,33.5,3.04,116.20
1000464,1.57E+12,65.2,336.8,-22.5,3.408,3.346,35.4,33.6,4.10,103.46
1000466,1.56E+12,17.7,335.3,-22.5,3.402,3.331,35.9,34.8,4.91,95.42
1000470,1.56E+12,47.2,356.6,-22.5,3.605,3.539,37.0,34.7,2.68,110.90
1000472,1.55E+12,21.0,331.9,-22.5,3.351,3.296,34.4,31.7,4.86,88.52
1000474,1.55E+12,48.5,339.1,-22.5,3.437,3.362,34.0,33.0,8.22,118.61
1000475,1.56E+12,51.0,344.7,-22.5,3.495,3.420,35.5,34.5,3.17,108.97
1000476,1.56E+12,58.1,356.7,-22.5,3.600,3.543,32.0,30.5,6.12,74.81
1000478,1.56E+12,63.8,351.4,-22.5,3.563,3.487,34.9,31.5,11.51,73.96
1000480,1.55E+12,75.0,327.9,-22.5,3.319,3.250,34.0,32.5,6.46,109.10
1000482,1.56E+12,43.7,330.2,-22.5,3.337,3.277,33.0,29.5,2.03,95.03
1000483,1.55E+12,72.6,328.9,-22.5,3.338,3.261,35.9,34.0,7.22,85.66
1000492,1.56E+12,53.4,345.6,-22.5,3.496,3.435,37.0,33.2,14.10,109.43
1000493,1.56E+12,50.0,341.6,-22.5,3.459,3.394,36.6,33.3,7.27,63.72
1000497,1.57E+12,31.7,338.8,-64.6,3.421,3.360,33.0,29.1,4.85,60.87
1000499,1.57E+12,70.8,327.4,-22.5,3.316,3.252,35.5,33.1,3.76,71.10
1000500,1.57E+12,39.2,329.5,-22.5,3.334,3.267,37.0,33.2,6.60,93.75
1000501,1.55E+12,26.3,332.4,-22.5,3.355,3.301,36.1,32.6,8.82,118.11
1000505,1.57E+12,25.9,336.1,-22.5,3.398,3.333,37.0,35.5,5.34,107.46
1000511,1.55E+12,29.5,339.4,-51.0,3.443,3.368,34.9,33.9,3.50,84.63
1000513,1.56E+12,65.3,329.9,-22.5,3.349,3.278,37.0,35.4,9.49,60.24
1000516,1.56E+12,44.0,339.7,-22.5,3.444,3.375,34.0,32.2,2.31,62.60
1000523,1.57E+12,56.8,329.2,-22.5,3.330,3.269,33.0,31.6,6.33,99.48
1000524,1.55E+12,45.5,349.0,-60.7,3.521,3.465,37.0,35.0,0.16,68.80
1000530,1.56E+12,15.8,347.5,-22.5,3.518,3.446,36.0,32.1,4.42,94.45
1000532,1.56E+12,23.6,329.1,-22.5,3.332,3.269,34.2,30.9,8.69,61.54
1000535,1.56E+12,40.6,324.4,-22.5,3.286,3.215,37.0,33.6,24.04,107.99
1000537,1.57E+12,37.5,330.6,-22.5,3.344,3.284,36.1,33.6,3.40,100.96
1000538,1.55E+12,63.7,323.9,-22.5,3.275,3.215,36.0,32.6,25.27,61.38
1000541,1.57E+12,35.5,339.6,-22.5,3.433,3.370,35.6,33.9,6.06,62.67
1000554,1.56E+12,68.0,331.8,-22.5,3.353,3.290,37.0,33.4,24.24,69.64
1000557,1.55E+12,43.6,336.2,-22.5,3.399,3.339,34.9,33.2,5.80,84.40
1000562,1.56E+12,58.5,327.2,-22.5,3.304,3.245,37.0,33.8,4.14,83.73
1000564,1.57E+12,45.0,347.8,-22.5,3.515,3.451,37.0,35.0,3.30,76.37
1000565,1.55E+12,70.8,343.4,-22.5,3.465,3.411,33.0,31.1,3.27,99.14
1000566,1.56E+12,61.9,326.2,-22.5,3.294,3.241,33.0,32.0,0.83,62.08
1000567,1.57E+12,25.4,336.2,-22.5,3.406,3.342,37.0,34.5,0.51,66.54
1000569,1.56E+12,21.3,334.2,-22.5,3.379,3.318,33.0,29.9,4.27,69.52
1000576,1.55E+12,24.1,331.3,-22.5,3.363,3.289,33.0,31.9,6.80,95.09
1000579,1.56E+12,25.8,327.6,-22.5,3.312,3.247,35.0,32.7,2.36,86.57
1000582,1.57E+12,26.6,331.6,-22.5,3.349,3.292,37.0,35.7,22.90,68.11
1000584,1.57E+12,39.1,351.6,-22.5,3.558,3.487,33.0,30.6,2.96,101.08
1000585,1.56E+12,53.7,333.9,-22.5,3.384,3.313,33.2,29.8,2.15,111.77
1000590,1.56E+12,74.0,336.7,-22.5,3.402,3.343,36.3,34.0,4.10,76.42
1000591,1.55E+12,68.4,330.0,-22.5,3.336,3.276,33.0,29.5,23.20,101.35
1000593,1.56E+12,42.8,323.7,-22.5,3.274,3.216,37.0,35.3,1.36,84.56
1000594,1.57E+12,18.0,351.1,-22.5,3.559,3.488,35.5,34.3,7.16,70.58
1000595,1.56E+12,44.5,350.1,-22.5,3.540,3.479,35.3,33.9,6.27,111.30
1000597,1.56E+12,43.5,334.3,-22.5,3.382,3.319,33.5,30.3,22.65,76.67
1000599,1.56E+12,66.4,341.4,-22.5,3.450,3.392,32.3,31.3,5.25,73.68
1000600,1.55E+12,18.2,342.0,-22.5,3.462,3.400,37.0,33.8,11.07,101.16
1000602,1.55E+12,54.9,343.4,-22.5,3.474,3.407,33.8,31.7,22.04,65.10
1000603,1.55E+12,27.2,326.0,-22.5,3.291,3.233,33.4,29.6,2.73,92.41
1000607,1.55E+12,68.4,328.1,-22.5,3.330,3.255,32.5,31.0,5.38,75.99
1000610,1.57E+12,53.7,358.6,-22.5,3.633,3.561,32.6,31.1,12.08,67.79
1000612,1.55E+12,36.1,328.4,-22.5,3.317,3.261,34.5,32.5,6.75,77.23
1000614,1.55E+12,35.8,347.3,-22.5,3.510,3.450,37.0,35.8,10.41,71.38
1000615,1.55E+12,48.2,342.9,-22.5,3.469,3.407,37.0,35.8,5.97,80.69
1000616,1.56E+12,32.6,333.4,-22.5,3.379,3.306,33.8,30.7,5.31,77.93
1000618,1.55E+12,40.7,337.2,-22.5,3.412,3.348,36.5,34.6,4.32,87.34
1000620,1.57E+12,43.8,348.3,-22.5,3.521,3.455,33.6,32.2,6.27,69.58
1000622,1.56E+12,36.2,349.0,-22.5,3.531,3.464,32.4,29.8,3.92,65.57
1000624,1.55E+12,67.8,337.9,-33.3,3.421,3.358,36.7,33.1,3.99,94.05
1000625,1.57E+12,30.0,323.5,-22.5,3.274,3.210,32.7,29.7,5.76,63.94
1000628,1.57E+12,44.4,328.4,-22.5,3.330,3.257,36.8,34.1,3.36,99.91
1000629,1.57E+12,61.5,329.8,-22.5,3.346,3.273,33.1,30.2,4.22,79.46
1000633,1.57E+12,23.1,329.6,-22.5,3.331,3.275,33.0,29.6,6.75,62.19
1000635,1.56E+12,69.1,340.4,-22.5,3.437,3.380,33.0,30.6,21.79,95.83
1000636,1.55E+12,32.2,349.2,-22.5,3.525,3.468,36.0,33.3,25.79,72.56
1000637,1.57E+12,58.5,329.4,-22.5,3.324,3.268,37.0,34.8,6.21,83.52
1000641,1.57E+12,18.9,351.4,-22.5,3.559,3.484,33.0,29.1,5.49,75.62
1000642,1.55E+12,18.5,328.5,-22.5,3.330,3.260,34.0,32.8,5.43,75.13
1000643,1.55E+12,33.6,330.6,-22.5,3.346,3.279,33.0,30.7,4.36,109.94
1000649,1.57E+12,68.0,332.9,-22.5,3.378,3.299,34.7,31.7,9.42,117.66
1000652,1.57E+12,56.2,327.3,-22.5,3.315,3.249,35.3,31.8,2.43,119.82
1000655,1.56E+12,24.1,329.6,-22.5,3.339,3.276,37.0,35.6,8.83,61.29
1000656,1.55E+12,72.8,334.4,-22.5,3.388,3.315,33.0,29.5,6.76,87.83
1000657,1.56E+12,73.0,333.5,-38.8,3.375,3.312,33.0,29.0,4.16,76.96
1000658,1.55E+12,54.1,329.4,-22.5,3.336,3.272,33.0,30.4,11.09,104.47
1000660,1.55E+12,19.8,334.7,-22.5,3.389,3.326,35.4,33.1,3.12,67.17
1000661,1.56E+12,67.0,324.7,-22.5,3.283,3.220,33.0,29.6,18.34,114.33
1000662,1.55E+12,43.1,331.6,-22.5,3.360,3.286,33.0,30.2,9.54,76.62
1000666,1.55E+12,29.0,352.5,-22.5,3.559,3.499,33.0,31.8,22.31,94.45
1000667,1.56E+12,58.9,327.7,-22.5,3.309,3.250,37.0,34.5,2.94,106.58
1000671,1.56E+12,55.6,335.3,-22.5,3.392,3.332,33.5,29.9,23.87,83.41
1000672,1.56E+12,55.8,327.6,-22.5,3.323,3.254,35.9,32.7,2.47,73.06
1000673,1.57E+12,46.2,328.1,-22.6,3.324,3.260,33.9,32.3,2.10,118.37
1000674,1.57E+12,26.2,335.5,-22.5,3.391,3.326,36.0,34.2,3.96,99.66
1000676,1.55E+12,25.9,327.9,-22.5,3.314,3.257,34.6,31.2,7.06,77.52
1000677,1.55E+12,25.6,358.2,-22.5,3.613,3.555,36.5,35.2,1.24,92.90
1000682,1.57E+12,60.0,332.0,-22.5,3.370,3.296,33.0,29.2,1.93,65.99
1000684,1.56E+12,19.1,349.0,-22.5,3.529,3.462,36.3,34.2,2.50,80.69
1000686,1.56E+12,40.3,333.0,-22.5,3.371,3.310,35.1,31.7,8.02,118.21
1000688,1.55E+12,39.0,330.0,-22.5,3.347,3.270,37.0,35.7,4.28,69.86
1000693,1.56E+12,41.5,333.6,-22.5,3.375,3.309,33.9,32.5,6.57,87.17
1000695,1.56E+12,37.6,327.9,-22.5,3.313,3.252,32.2,30.5,24.31,61.20
1000696,1.56E+12,15.6,325.8,-22.5,3.293,3.236,33.0,31.5,6.26,117.66
1000700,1.55E+12,67.4,346.2,-22.5,3.509,3.442,33.0,30.3,8.16,93.93
1000702,1.56E+12,51.7,343.7,-22.5,3.473,3.417,35.0,33.7,8.60,65.86
1000704,1.56E+12,15.9,335.9,-22.5,3.394,3.332,33.0,29.8,6.55,75.09
1000706,1.56E+12,52.0,339.5,-22.5,3.433,3.373,36.5,33.7,10.61,61.79
1000707,1.56E+12,20.2,332.4,-22.5,3.355,3.302,35.6,32.4,7.33,63.14
1000709,1.56E+12,33.0,340.3,-22.5,3.442,3.373,37.0,33.1,1.01,61.57
1000710,1.56E+12,62.3,353.0,-22.5,3.579,3.500,36.0,32.2,10.61,97.69
1000711,1.55E+12,54.0,346.4,-22.5,3.504,3.437,33.0,32.0,9.73,112.18
1000712,1.56E+12,69.9,354.7,-22.5,3.593,3.522,34.8,32.6,6.41,115.90
1000713,1.56E+12,15.6,343.2,-22.5,3.480,3.406,37.0,35.4,4.56,106.06
1000714,1.56E+12,27.6,340.1,-22.5,3.447,3.377,35.1,34.0,9.49,108.43
1000717,1.55E+12,28.5,337.1,-22.5,3.414,3.345,37.0,35.9,5.47,61.95
1000720,1.56E+12,54.3,324.3,-22.5,3.275,3.223,37.0,33.1,4.67,93.39
1000722,1.56E+12,67.5,328.3,-22.5,3.329,3.258,36.4,34.3,0.09,91.38
1000723,1.56E+12,60.6,353.2,-22.5,3.579,3.505,36.0,34.7,4.86,95.31
1000725,1.56E+12,29.8,341.3,-22.5,3.453,3.385,37.0,34.5,6.33,115.87
1000727,1.55E+12,60.6,328.2,-22.5,3.321,3.258,37.0,34.4,25.23,60.39
1000728,1.57E+12,24.8,343.8,-22.5,3.479,3.410,37.0,34.6,5.67,109.07
1000732,1.57E+12,70.8,329.4,-22.5,3.328,3.266,35.9,32.9,4.97,113.28
1000735,1.56E+12,32.5,327.4,-22.5,3.312,3.251,33.0,30.7,5.14,108.40
1000737,1.56E+12,63.1,330.9,-22.5,3.357,3.283,37.0,35.2,6.65,63.91
1000738,1.56E+12,71.0,357.0,-22.5,3.617,3.549,33.0,30.3,3.17,81.78
1000740,1.57E+12,58.9,331.5,-22.5,3.350,3.290,33.6,32.0,5.71,89.97
1000743,1.55E+12,46.1,341.5,-22.5,3.453,3.386,37.0,34.0,5.41,109.97
1000747,1.55E+12,52.4,343.5,-22.5,3.478,3.407,33.0,29.6,2.27,73.80
1000749,1.57E+12,37.0,353.0,-22.5,3.571,3.506,34.0,30.4,21.58,104.35
1000750,1.55E+12,73.4,355.8,-22.5,3.603,3.535,36.0,34.1,3.79,83.97
1000751,1.56E+12,48.1,356.8,-22.5,3.598,3.542,37.0,35.1,2.87,96.28
1000754,1.56E+12,16.3,335.3,-44.3,3.384,3.325,37.0,35.4,0.62,66.73
1000755,1.57E+12,18.8,343.2,-22.5,3.476,3.407,36.0,32.2,5.15,85.18
1000760,1.55E+12,35.8,340.9,-22.5,3.440,3.383,37.0,33.1,10.08,60.24
1000761,1.55E+12,52.5,323.9,-22.5,3.269,3.211,36.0,33.6,21.50,63.25
1000762,1.55E+12,72.5,345.3,-22.5,3.491,3.430,33.2,31.4,9.32,75.91
1000763,1.57E+12,56.4,348.7,-22.5,3.517,3.467,37.0,35.6,5.39,98.58
1000764,1.55E+12,43.5,332.2,-22.5,3.364,3.301,36.8,35.1,3.84,67.34
1000770,1.56E+12,66.1,333.9,-22.5,3.378,3.318,36.4,32.6,24.63,103.60
1000776,1.55E+12,40.8,346.2,-22.5,3.494,3.435,33.2,29.3,3.96,119.18
1000782,1.56E+12,55.1,354.4,-22.5,3.575,3.518,34.4,32.0,5.38,89.11
1000783,1.56E+12,35.2,355.9,-22.5,3.603,3.537,33.0,30.1,5.48,91.30
1000784,1.56E+12,42.0,326.9,-44.4,3.311,3.241,35.3,32.3,23.06,94.40
1000786,1.56E+12,60.7,352.1,-22.5,3.551,3.494,32.3,30.4,7.78,109.71
1000788,1.56E+12,73.0,323.7,-22.5,3.278,3.215,37.0,34.3,3.45,68.41
1000789,1.57E+12,62.0,340.8,-22.5,3.442,3.381,33.0,32.0,8.72,88.69
1000791,1.57E+12,70.2,328.9,-22.5,3.325,3.263,36.3,34.3,1.91,62.03
1000793,1.57E+12,40.3,338.3,-22.5,3.422,3.358,33.6,30.7,3.97,77.42
1000794,1.55E+12,29.7,344.9,-42.8,3.489,3.422,33.0,31.9,3.66,114.76
1000796,1.55E+12,40.9,335.6,-22.5,3.396,3.332,35.4,32.7,3.27,62.64
1000799,1.55E+12,57.2,327.2,-22.5,3.315,3.250,37.0,34.3,5.95,82.60
1000801,1.56E+12,25.4,331.6,-22.5,3.361,3.291,34.8,32.2,2.71,107.78
1000803,1.56E+12,66.2,334.1,-22.5,3.388,3.311,35.6,31.9,9.11,82.02
1000805,1.55E+12,35.2,329.9,-22.5,3.344,3.271,37.0,33.8,4.66,62.31
1000807,1.55E+12,35.7,327.6,-22.5,3.318,3.250,34.2,33.0,22.36,76.76
1000808,1.57E+12,44.7,347.4,-22.5,3.523,3.444,37.0,35.3,0.38,62.50
1000809,1.56E+12,58.8,343.5,-22.5,3.475,3.412,37.0,35.4,3.60,66.04
1000814,1.55E+12,27.8,336.8,-22.5,3.401,3.343,33.0,30.5,14.57,86.02
1000815,1.57E+12,74.7,346.1,-22.5,3.496,3.438,33.5,31.0,7.53,71.86
1000816,1.56E+12,66.6,329.7,-22.5,3.344,3.274,32.6,28.7,4.39,90.60
1000817,1.55E+12,67.0,347.5,-22.5,3.510,3.448,35.9,32.1,6.21,105.96
1000818,1.55E+12,73.4,330.6,-22.5,3.336,3.285,33.0,30.2,1.46,102.65
1000820,1.55E+12,66.9,333.2,-22.5,3.380,3.308,32.2,30.7,25.00,70.35
1000824,1.56E+12,37.5,331.3,-22.5,3.345,3.286,36.0,33.4,4.67,90.44
1000825,1.55E+12,67.4,332.6,-22.5,3.372,3.304,33.2,30.4,4.77,95.20
1000827,1.56E+12,74.3,342.4,-22.5,3.457,3.399,33.0,29.4,4.13,99.57
1000831,1.56E+12,32.6,341.0,-22.5,3.450,3.389,32.1,29.7,6.10,82.24
1000833,1.55E+12,25.7,339.6,-22.5,3.435,3.369,33.0,30.5,25.44,80.83
1000834,1.55E+12,68.3,341.3,-22.5,3.448,3.388,33.0,29.7,3.77,114.43
1000835,1.56E+12,33.5,344.3,-22.5,3.474,3.420,34.6,32.7,7.46,80.17
1000840,1.55E+12,36.8,348.2,-22.5,3.519,3.454,35.5,32.0,4.30,77.77
1000843,1.55E+12,35.7,341.3,-22.5,3.456,3.386,37.0,34.3,12.94,70.20
1000849,1.56E+12,51.2,343.1,-22.5,3.465,3.409,36.0,33.0,8.25,62.15
1000852,1.55E+12,18.5,352.6,-22.5,3.557,3.498,35.3,33.7,3.43,85.36
1000857,1.57E+12,48.8,336.5,-22.5,3.412,3.340,37.0,34.9,2.33,99.47
1000858,1.56E+12,39.2,335.9,-22.5,3.396,3.332,36.0,32.6,5.11,106.62
1000860,1.56E+12,40.6,329.0,-22.5,3.331,3.270,36.0,35.0,8.38,103.85
1000862,1.57E+12,31.9,324.1,-22.5,3.290,3.213,33.0,30.9,9.79,97.90
1000865,1.56E+12,48.1,330.8,-22.5,3.350,3.280,36.5,34.9,7.90,110.01
1000868,1.56E+12,39.6,337.9,-22.5,3.425,3.353,36.0,33.7,6.28,77.98
1000869,1.57E+12,63.4,333.3,-22.5,3.381,3.304,32.2,30.6,6.79,71.39
1000872,1.55E+12,19.7,323.6,-22.5,3.276,3.213,37.0,35.7,7.22,114.75
1000874,1.56E+12,41.7,351.7,-22.5,3.562,3.488,37.0,35.8,8.83,79.23
1000875,1.56E+12,36.8,333.3,-22.5,3.376,3.308,33.0,29.3,8.22,115.99
1000877,1.56E+12,21.6,344.6,-22.5,3.486,3.422,37.0,35.4,3.59,93.22
1000878,1.55E+12,70.4,328.1,-45.5,3.316,3.257,36.8,34.6,5.92,88.58
1000879,1.56E+12,74.1,349.2,-22.5,3.529,3.463,36.8,34.3,4.72,78.35
1000882,1.55E+12,41.1,341.4,-22.5,3.456,3.391,36.0,33.3,3.13,71.27
1000885,1.55E+12,74.9,344.1,-22.5,3.484,3.418,35.0,33.0,2.95,61.02
1000887,1.55E+12,24.1,340.3,-22.5,3.435,3.380,37.0,34.3,11.62,75.87
1000889,1.55E+12,36.8,338.7,-22.5,3.420,3.362,34.3,31.3,5.08,102.12
1000890,1.56E+12,45.7,338.0,-22.5,3.421,3.357,33.7,31.9,1.51,91.50
1000892,1.56E+12,44.7,351.3,-22.5,3.549,3.488,37.0,33.1,0.03,72.90
1000895,1.57E+12,26.2,328.8,-22.5,3.335,3.259,33.0,29.3,23.65,109.55
1000897,1.55E+12,19.3,328.1,-22.5,3.320,3.258,37.0,33.6,9.91,88.81
1000898,1.55E+12,52.1,336.0,-22.5,3.393,3.332,36.0,34.3,4.31,74.39
1000901,1.57E+12,54.9,357.1,-22.5,3.603,3.545,33.0,31.0,13.48,60.62
1000903,1.56E+12,33.7,326.6,-22.5,3.310,3.238,35.0,32.3,23.78,99.39
1000905,1.57E+12,59.8,354.3,-22.5,3.584,3.515,37.0,35.7,2.66,97.11
1000907,1.55E+12,34.8,334.2,-22.5,3.372,3.312,37.0,33.2,24.64,115.04
1000909,1.55E+12,45.4,338.2,-22.5,3.429,3.356,37.0,33.1,25.22,63.52
1000910,1.55E+12,39.6,326.2,-22.5,3.305,3.234,37.0,34.3,8.63,107.18
1000911,1.57E+12,60.5,338.8,-22.5,3.425,3.362,35.7,33.0,0.75,111.13
1000912,1.56E+12,52.5,325.6,-22.5,3.303,3.234,36.4,34.1,6.38,115.61
1000914,1.56E+12,16.5,326.3,-22.5,3.304,3.241,33.8,30.3,5.10,101.01
1000916,1.56E+12,44.3,346.1,-22.5,3.505,3.441,36.8,35.3,2.38,89.63
1000919,1.55E+12,31.0,342.2,-22.5,3.462,3.399,33.8,31.3,4.19,118.73
1000921,1.56E+12,24.0,333.7,-22.5,3.368,3.315,33.0,30.1,10.94,103.97
1000923,1.55E+12,18.4,337.4,-22.5,3.417,3.350,36.9,34.0,6.24,87.83
1000924,1.57E+12,45.5,327.6,-53.9,3.315,3.251,35.1,31.2,4.32,97.61
1000926,1.55E+12,30.1,338.1,-22.5,3.430,3.352,33.0,30.1,8.20,94.30
1000927,1.56E+12,58.5,331.9,-22.5,3.359,3.289,34.6,32.2,11.29,69.57
1000929,1.56E+12,38.8,332.4,-22.5,3.359,3.299,36.0,32.6,4.60,99.12
1000930,1.55E+12,31.2,334.6,-22.5,3.383,3.325,37.0,33.5,3.51,84.35
1000931,1.56E+12,17.3,325.2,-22.5,3.289,3.226,34.6,31.5,1.84,72.12
1000937,1.55E+12,50.8,356.8,-22.5,3.612,3.539,37.0,34.1,6.60,118.12
1000938,1.56E+12,50.4,334.3,-22.5,3.382,3.317,35.1,31.2,3.00,86.69
1000942,1.56E+12,45.5,333.8,-22.5,3.370,3.313,33.0,29.1,4.49,84.69
1000943,1.56E+12,54.6,325.9,-22.5,3.303,3.237,34.4,31.9,7.18,108.64
1000944,1.57E+12,54.6,352.4,-22.5,3.567,3.503,36.0,34.1,23.48,100.19
1000945,1.56E+12,68.4,331.9,-22.5,3.364,3.298,37.0,33.5,4.55,84.77
1000948,1.55E+12,74.4,330.3,-22.5,3.343,3.273,37.0,33.4,8.51,118.01
1000949,1.56E+12,21.7,335.6,-22.5,3.394,3.334,36.0,32.4,3.91,74.99
1000950,1.55E+12,73.0,328.1,-39.6,3.319,3.255,33.2,31.8,6.90,68.38
1000954,1.57E+12,71.4,345.0,-22.5,3.485,3.429,37.0,33.2,2.48,118.35
1000956,1.55E+12,24.4,328.6,-22.5,3.321,3.265,34.2,32.9,1.80,67.83
1000957,1.56E+12,60.1,332.0,-51.6,3.364,3.295,33.7,30.1,5.84,87.19
1000958,1.57E+12,67.4,328.1,-57.8,3.322,3.255,37.0,34.6,2.51,107.35
1000959,1.55E+12,55.9,336.8,-57.0,3.418,3.344,36.4,34.9,10.28,97.29
1000960,1.57E+12,44.7,351.8,-22.5,3.562,3.493,33.1,30.6,2.30,86.63
1000961,1.55E+12,38.3,329.5,-22.5,3.336,3.271,37.0,33.4,5.64,98.89
1000962,1.56E+12,72.8,356.9,-22.5,3.604,3.541,33.0,31.2,6.12,70.61
1000963,1.56E+12,53.4,330.3,-22.5,3.338,3.276,37.0,35.0,5.41,76.35
1000964,1.55E+12,29.2,331.5,-22.5,3.349,3.295,35.2,31.7,2.35,111.19
1000967,1.57E+12,26.7,343.7,-22.5,3.468,3.414,34.0,32.6,4.96,68.74
1000969,1.57E+12,44.7,335.2,-22.5,3.391,3.328,36.1,35.1,8.32,67.23
1000973,1.57E+12,64.4,330.7,-22.5,3.341,3.286,32.5,28.5,1.03,112.66
1000978,1.55E+12,24.6,345.4,-22.5,3.498,3.429,37.0,34.5,5.03,106.24
1000981,1.55E+12,18.6,342.0,-22.5,3.452,3.400,32.2,31.0,7.76,70.41
1000983,1.55E+12,27.0,356.6,-22.5,3.603,3.537,36.0,33.5,6.78,90.22
1000985,1.55E+12,59.8,351.8,-22.5,3.555,3.495,37.0,33.3,8.39,94.23
1000987,1.56E+12,24.7,355.8,-22.5,3.599,3.536,37.0,35.8,6.69,91.21
1000988,1.56E+12,71.6,354.3,-22.5,3.577,3.520,33.5,30.7,10.80,77.48
1000990,1.56E+12,26.1,329.3,-22.5,3.336,3.273,33.0,31.9,0.02,73.43
1000994,1.56E+12,41.7,324.7,-22.5,3.282,3.225,36.5,34.7,1.81,117.54
1000996,1.55E+12,45.4,349.1,-22.5,3.537,3.466,37.0,35.4,1.67,67.26
1001002,1.57E+12,47.9,335.0,-22.5,3.397,3.324,36.6,34.3,12.09,60.56
1001003,1.57E+12,53.7,337.3,-22.5,3.413,3.348,36.6,34.6,3.23,93.01
1001005,1.55E+12,40.6,344.7,-22.5,3.494,3.426,33.0,29.9,8.43,77.52
1001006,1.56E+12,75.6,342.1,-22.5,3.455,3.395,37.0,35.0,5.00,75.98
1001008,1.56E+12,31.3,340.2,-22.5,3.440,3.382,33.0,30.3,3.87,105.07
1001013,1.56E+12,20.9,325.5,-22.5,3.294,3.225,37.0,35.1,7.19,118.16
1001019,1.56E+12,71.8,328.8,-22.5,3.329,3.262,37.0,34.1,4.35,108.13
1001022,1.57E+12,46.0,330.1,-22.5,3.338,3.274,36.9,34.8,9.57,61.76
1001023,1.55E+12,51.8,330.7,-22.5,3.341,3.278,37.0,35.4,21.63,103.39
1001024,1.55E+12,42.2,329.0,-22.5,3.339,3.264,33.0,29.5,1.98,114.25
1001028,1.56E+12,26.1,341.1,-22.5,3.449,3.387,34.2,31.7,4.67,94.20
1001031,1.55E+12,22.4,323.5,-22.5,3.272,3.214,32.4,30.5,3.07,110.46
1001033,1.55E+12,71.1,331.2,-22.5,3.357,3.282,33.0,30.1,8.64,71.68
1001034,1.56E+12,32.9,326.9,-22.5,3.319,3.247,35.6,33.2,4.68,72.34
1001035,1.56E+12,54.0,353.9,-22.5,3.573,3.511,35.6,34.4,0.98,115.05
1001036,1.55E+12,48.8,345.9,-22.5,3.501,3.432,36.0,32.7,24.49,85.72
1001038,1.57E+12,67.5,356.3,-22.5,3.595,3.541,37.0,34.3,1.85,70.82
1001042,1.57E+12,21.5,328.5,-22.5,3.320,3.262,37.0,34.8,21.62,69.85
1001043,1.57E+12,30.1,324.9,-22.5,3.298,3.223,37.0,35.5,0.06,78.75
1001052,1.56E+12,39.6,343.0,-22.5,3.476,3.407,35.1,33.3,24.43,115.60
1001053,1.56E+12,61.5,331.6,-22.5,3.365,3.293,36.3,33.8,6.31,84.76
1001054,1.55E+12,15.7,344.5,-22.5,3.493,3.422,36.0,34.5,4.62,96.51
1001059,1.55E+12,17.3,338.2,-22.5,3.426,3.355,37.0,35.7,5.04,102.17
1001060,1.57E+12,23.7,332.3,-22.5,3.365,3.298,37.0,33.9,6.03,103.76
1001061,1.57E+12,75.1,356.6,-22.5,3.600,3.544,37.0,36.0,23.10,90.63
1001065,1.55E+12,17.0,348.2,-22.5,3.516,3.455,37.0,33.9,24.74,96.50
1001066,1.56E+12,34.4,330.6,-22.5,3.338,3.283,37.0,34.8,5.79,73.86
1001069,1.55E+12,57.3,333.8,-22.5,3.368,3.317,35.9,32.7,0.79,96.21
1001070,1.55E+12,32.6,352.1,-22.5,3.553,3.500,37.0,34.1,7.70,79.11
1001072,1.56E+12,65.2,353.1,-22.5,3.570,3.508,36.4,33.1,25.29,88.07
1001073,1.57E+12,15.5,331.2,-22.5,3.352,3.291,37.0,35.2,3.42,75.96
1001074,1.55E+12,18.8,333.2,-22.5,3.375,3.310,37.0,34.5,10.07,117.04
1001079,1.57E+12,58.2,350.3,-73.4,3.536,3.474,37.0,34.1,0.75,65.30
1001081,1.56E+12,25.4,346.3,-22.5,3.494,3.441,32.5,31.0,6.00,80.24
1001086,1.55E+12,74.4,352.3,-22.5,3.569,3.503,36.5,33.2,3.62,108.01
1001088,1.56E+12,44.9,344.3,-22.5,3.476,3.420,37.0,35.6,7.16,104.26
1001089,1.56E+12,62.5,336.8,-22.5,3.401,3.342,35.6,33.4,22.05,111.59
1001091,1.56E+12,56.7,327.3,-22.5,3.317,3.247,37.0,33.2,9.81,97.46
1001092,1.56E+12,31.3,328.8,-22.5,3.324,3.268,36.4,33.6,5.01,112.55
1001096,1.55E+12,68.3,339.8,-22.5,3.433,3.368,33.0,29.4,1.95,119.90
1001099,1.57E+12,27.2,328.7,-22.5,3.321,3.261,35.2,32.6,8.64,94.53
1001104,1.57E+12,38.5,337.9,-22.5,3.411,3.352,36.0,34.9,7.38,74.06
1001105,1.56E+12,51.0,347.1,-22.5,3.514,3.445,33.7,30.0,6.25,110.46
1001106,1.57E+12,68.5,333.3,-22.5,3.378,3.308,34.1,32.0,24.76,81.79
1001109,1.55E+12,62.3,334.3,-22.5,3.387,3.322,37.0,35.8,25.89,71.40
1001114,1.56E+12,68.8,353.2,-22.5,3.572,3.504,33.0,31.6,11.73,77.62
1001115,1.55E+12,73.9,329.4,-22.5,3.335,3.265,36.0,33.6,24.06,83.48
1001116,1.55E+12,55.6,345.1,-22.5,3.498,3.428,36.0,33.9,5.50,99.69
1001117,1.56E+12,29.1,330.2,-22.5,3.337,3.281,33.9,30.1,8.75,104.87
1001118,1.56E+12,16.8,331.9,-22.5,3.351,3.293,37.0,35.2,18.71,90.37
1001122,1.55E+12,22.5,324.6,-22.5,3.281,3.224,36.0,33.5,4.93,79.91
1001123,1.55E+12,21.5,335.6,-22.5,3.400,3.331,37.0,35.3,4.71,87.73
1001125,1.56E+12,41.0,327.5,-22.5,3.311,3.249,33.0,31.2,7.25,103.65
1001128,1.57E+12,53.0,337.3,-22.5,3.416,3.345,36.1,32.6,6.96,102.80
1001132,1.55E+12,60.9,343.8,-22.5,3.481,3.414,35.5,34.3,0.56,62.32
1001135,1.56E+12,16.8,330.0,-22.5,3.334,3.279,33.0,29.8,17.11,88.82
1001138,1.57E+12,29.8,332.4,-22.5,3.361,3.303,36.1,32.3,5.97,78.49
1001140,1.56E+12,41.9,329.4,-22.5,3.341,3.267,34.0,30.6,5.68,100.81
1001142,1.55E+12,25.8,324.8,-22.5,3.290,3.218,33.0,31.4,6.28,63.24
1001143,1.55E+12,19.4,331.1,-22.5,3.344,3.287,33.0,30.8,0.40,68.29
1001144,1.55E+12,43.0,357.7,-22.5,3.607,3.554,36.0,33.8,22.29,91.24
1001147,1.55E+12,47.1,358.3,-22.5,3.625,3.562,36.9,34.0,6.19,86.54
1001148,1.56E+12,60.2,327.2,-22.5,3.317,3.250,33.0,30.7,23.67,118.49
1001149,1.55E+12,66.3,337.7,-22.5,3.411,3.355,35.5,34.5,6.19,106.46
1001150,1.55E+12,47.1,356.4,-22.5,3.614,3.540,33.4,30.9,10.52,66.89
1001151,1.56E+12,57.0,336.3,-22.5,3.406,3.342,33.0,30.4,6.28,101.09
1001152,1.57E+12,49.7,357.4,-22.5,3.618,3.552,37.0,33.1,9.66,117.86
1001153,1.56E+12,56.2,357.3,-22.5,3.616,3.553,37.0,35.0,6.22,119.61
1001155,1.56E+12,72.4,350.5,-22.5,3.541,3.483,37.0,34.6,5.72,112.54
1001157,1.56E+12,40.4,335.1,-22.5,3.391,3.329,33.0,31.7,2.28,100.38
1001159,1.57E+12,33.6,329.2,-22.5,3.338,3.266,37.0,34.8,11.70,115.53
1001160,1.57E+12,23.9,349.6,-54.4,3.533,3.470,33.0,30.1,7.36,73.11
1001161,1.55E+12,16.9,328.7,-22.5,3.328,3.264,32.8,31.2,4.85,93.33
1001165,1.56E+12,46.2,349.9,-22.5,3.548,3.477,35.9,32.6,5.75,116.30
1001167,1.55E+12,71.3,327.4,-42.7,3.323,3.249,33.9,31.8,5.18,74.97
1001168,1.57E+12,45.1,324.5,-22.5,3.285,3.225,34.8,30.9,2.99,61.22
1001173,1.56E+12,73.3,328.1,-22.5,3.317,3.259,36.0,33.5,9.18,102.02
1001175,1.56E+12,36.7,336.3,-22.5,3.396,3.338,33.0,30.4,2.74,111.45
1001177,1.57E+12,67.7,331.6,-22.5,3.362,3.286,33.0,29.9,6.29,60.12
1001178,1.57E+12,59.2,354.3,-22.5,3.588,3.520,37.0,35.0,5.19,116.74
1001181,1.55E+12,38.7,349.9,-22.5,3.532,3.473,37.0,34.6,13.23,95.87
1001182,1.56E+12,33.5,329.1,-22.5,3.332,3.265,37.0,35.5,4.78,65.01
1001184,1.56E+12,52.8,354.8,-22.5,3.586,3.526,37.0,35.8,3.75,64.58
1001186,1.57E+12,18.6,351.3,-22.5,3.559,3.490,33.0,29.4,6.27,107.00
1001189,1.56E+12,64.3,335.0,-22.5,3.398,3.323,36.0,32.3,6.18,115.29
1001190,1.55E+12,35.4,325.6,-22.5,3.296,3.230,34.7,31.0,10.42,72.92
1001192,1.55E+12,33.5,326.5,-22.5,3.298,3.244,32.5,29.6,4.95,84.21
1001193,1.57E+12,51.2,328.0,-22.5,3.316,3.251,32.5,30.6,3.36,84.75
1001197,1.56E+12,27.2,324.1,-22.5,3.289,3.212,33.3,30.0,11.70,96.19
1001201,1.57E+12,57.3,328.1,-22.5,3.313,3.252,37.0,34.2,1.91,81.03
1001202,1.56E+12,19.4,323.6,-22.5,3.267,3.208,37.0,35.0,4.54,70.35
1001205,1.55E+12,51.4,327.9,-22.5,3.315,3.256,33.9,32.3,9.36,79.00
1001206,1.56E+12,46.4,331.4,-22.5,3.347,3.287,34.4,33.3,21.46,103.55
1001207,1.56E+12,70.6,342.7,-22.5,3.465,3.401,37.0,34.4,5.04,90.72
1001209,1.55E+12,18.6,340.5,-22.5,3.435,3.383,33.2,31.3,7.07,116.00
1001211,1.55E+12,18.5,327.2,-22.5,3.307,3.247,33.0,29.2,6.17,77.91
1001212,1.57E+12,39.5,328.5,-22.5,3.322,3.263,37.0,35.6,7.21,108.17
1001213,1.55E+12,51.6,329.3,-22.5,3.324,3.270,37.0,33.3,6.21,76.06
1001214,1.56E+12,57.5,329.3,-22.5,3.338,3.271,37.0,33.6,4.81,63.97
1001215,1.56E+12,16.1,339.1,-27.9,3.422,3.369,34.6,31.7,1.12,107.40
1001216,1.55E+12,53.5,336.7,-22.5,3.403,3.338,33.6,30.5,4.06,105.52
1001218,1.57E+12,49.0,327.8,-22.5,3.314,3.256,32.8,31.6,7.59,111.52
1001220,1.56E+12,53.6,356.4,-22.5,3.614,3.542,36.0,34.0,6.97,66.27
1001222,1.56E+12,70.9,325.3,-72.1,3.302,3.223,36.6,33.9,12.41,71.38
1001225,1.57E+12,40.2,344.0,-22.5,3.488,3.414,37.0,33.7,4.90,106.47
1001230,1.57E+12,29.3,325.0,-22.5,3.296,3.223,36.0,33.6,24.79,66.31
1001231,1.57E+12,21.2,327.6,-22.5,3.312,3.253,36.1,33.0,4.08,92.34
1001232,1.55E+12,26.3,338.4,-22.5,3.431,3.359,37.0,34.3,5.10,117.20
1001233,1.55E+12,18.8,334.4,-22.5,3.383,3.324,35.0,32.2,3.69,91.73
1001234,1.56E+12,64.0,333.7,-22.5,3.380,3.309,37.0,34.8,4.92,89.66
1001236,1.56E+12,59.7,334.5,-22.5,3.386,3.321,35.1,32.1,5.32,119.91
1001238,1.57E+12,34.2,333.4,-22.5,3.382,3.310,36.0,33.2,0.68,115.34
1001239,1.56E+12,55.6,358.6,-22.5,3.620,3.566,33.0,29.3,3.35,114.67
1001240,1.55E+12,40.7,350.7,-22.5,3.548,3.482,36.2,33.2,5.77,86.76
1001244,1.56E+12,48.9,334.5,-22.5,3.381,3.318,35.0,31.1,1.67,111.93
1001246,1.56E+12,70.4,356.9,-22.5,3.605,3.549,32.9,30.2,3.66,66.05
1001247,1.55E+12,19.5,328.8,-22.5,3.331,3.268,36.6,34.1,9.91,75.03
1001248,1.57E+12,65.9,339.6,-22.5,3.445,3.367,37.0,35.9,3.27,109.43
1001250,1.57E+12,30.2,330.9,-22.5,3.356,3.281,34.7,33.5,1.12,114.45
1001254,1.56E+12,38.6,341.0,-22.5,3.454,3.388,37.0,33.5,23.06,65.11
1001256,1.56E+12,18.3,331.6,-22.5,3.352,3.295,37.0,34.7,2.25,77.36
1001260,1.56E+12,33.0,333.3,-22.5,3.373,3.313,34.3,31.8,9.43,90.57
1001261,1.57E+12,43.5,329.1,-22.5,3.336,3.270,37.0,35.3,9.90,113.80
1001263,1.55E+12,60.5,339.3,-22.5,3.441,3.366,36.0,32.1,4.18,92.01
1001267,1.56E+12,22.2,332.6,-22.5,3.363,3.305,37.0,33.0,4.02,73.00
1001268,1.55E+12,25.1,327.9,-22.5,3.319,3.250,34.8,32.8,4.84,96.92
1001271,1.55E+12,58.9,330.0,-22.5,3.347,3.276,37.0,35.6,9.94,104.23
1001274,1.56E+12,50.1,352.3,-22.5,3.563,3.503,37.0,33.4,7.48,68.26
1001280,1.56E+12,36.7,335.2,-65.5,3.384,3.327,36.6,33.7,4.61,118.95
1001282,1.55E+12,26.3,326.1,-22.5,3.296,3.238,35.5,32.6,4.27,111.16
1001286,1.55E+12,64.3,344.4,-22.5,3.481,3.417,37.0,34.2,2.36,109.09
1001287,1.55E+12,53.9,348.6,-22.5,3.534,3.462,35.0,31.3,25.56,79.56
1001289,1.55E+12,18.0,344.0,-22.5,3.476,3.419,32.5,31.4,6.61,70.24
1001291,1.56E+12,57.6,333.9,-22.5,3.376,3.316,35.7,31.8,7.29,90.45
1001292,1.57E+12,21.4,327.8,-22.5,3.310,3.248,37.0,35.6,3.88,70.26
1001293,1.57E+12,44.4,350.7,-22.5,3.544,3.477,33.3,32.2,0.90,108.22
1001294,1.55E+12,29.7,330.8,-22.5,3.356,3.279,32.1,28.4,1.94,86.05
1001296,1.55E+12,17.4,349.2,-22.5,3.538,3.468,36.0,32.7,9.44,70.91
1001301,1.55E+12,20.7,334.8,-22.5,3.386,3.322,33.5,31.6,13.37,107.16
1001302,1.56E+12,16.7,330.8,-22.5,3.350,3.287,33.1,31.7,3.18,80.21
1001303,1.55E+12,35.2,342.7,-22.5,3.466,3.405,34.3,31.0,11.07,70.21
1001307,1.55E+12,29.9,331.7,-22.5,3.359,3.292,33.0,31.4,0.91,119.46
1001309,1.56E+12,31.8,332.7,-22.5,3.374,3.305,37.0,35.9,2.56,104.04
1001312,1.55E+12,21.7,334.8,-22.5,3.397,3.320,37.0,33.1,10.98,95.47
1001315,1.56E+12,70.5,346.8,-22.5,3.503,3.447,37.0,34.2,1.85,85.79
1001317,1.56E+12,68.4,332.6,-22.5,3.365,3.305,35.6,32.3,7.99,68.27
1001318,1.57E+12,48.9,344.3,-22.5,3.485,3.416,35.2,33.2,3.10,69.10
1001319,1.57E+12,43.8,354.3,-37.3,3.575,3.517,32.3,30.9,10.08,103.19
1001320,1.55E+12,39.0,335.3,-22.5,3.384,3.332,37.0,34.6,5.79,115.50
1001326,1.56E+12,49.5,354.1,-22.5,3.575,3.520,33.9,31.9,8.44,71.52
1001330,1.56E+12,27.8,327.5,-42.5,3.317,3.254,34.0,32.2,4.05,78.00
1001331,1.56E+12,73.2,353.7,-22.5,3.570,3.515,33.0,31.8,2.18,71.84
1001332,1.57E+12,16.6,351.7,-22.5,3.566,3.492,37.0,35.1,5.96,108.29
1001335,1.57E+12,51.8,348.4,-22.5,3.524,3.458,33.0,29.6,4.87,95.72
1001342,1.55E+12,45.6,346.7,-22.5,3.500,3.444,35.4,34.2,8.02,66.57
1001347,1.56E+12,65.7,352.3,-22.5,3.561,3.496,36.0,32.5,3.30,117.90
1001348,1.55E+12,26.2,324.8,-22.5,3.284,3.218,33.0,29.6,3.93,63.58
1001349,1.56E+12,59.6,329.9,-22.5,3.341,3.272,34.3,31.9,4.64,77.91
1001351,1.55E+12,41.3,342.3,-22.5,3.454,3.398,34.2,31.9,5.36,76.30
1001352,1.56E+12,42.9,329.6,-22.5,3.329,3.270,36.7,35.1,21.63,92.68
1001353,1.57E+12,51.4,355.5,-22.5,3.592,3.526,33.0,29.9,0.57,96.45
1001354,1.56E+12,40.5,337.1,-22.5,3.420,3.350,35.7,33.0,11.80,100.31
1001355,1.55E+12,46.8,324.1,-22.5,3.281,3.219,34.8,32.3,8.39,104.01
1001358,1.56E+12,69.8,333.1,-22.5,3.372,3.311,35.6,34.1,1.24,78.98
1001359,1.56E+12,52.5,329.0,-22.5,3.338,3.261,36.0,34.1,11.57,115.05
1001360,1.55E+12,17.4,332.0,-22.5,3.365,3.295,37.0,33.4,10.46,98.38
1001363,1.56E+12,38.6,335.2,-22.5,3.390,3.332,37.0,35.0,10.20,117.79
1001374,1.57E+12,21.6,329.3,-22.5,3.331,3.270,36.0,32.5,2.47,115.55
1001378,1.56E+12,48.2,328.5,-22.5,3.331,3.256,37.0,35.6,3.16,68.15
1001379,1.56E+12,31.7,343.8,-22.5,3.478,3.412,37.0,33.7,5.03,87.04
1001380,1.57E+12,39.9,355.8,-22.5,3.589,3.536,36.0,34.9,2.80,68.34
1001381,1.57E+12,34.2,324.6,-22.5,3.286,3.219,37.0,35.9,5.23,109.46
1001383,1.56E+12,68.6,325.0,-70.8,3.285,3.229,36.5,32.8,5.55,116.57
1001385,1.56E+12,51.4,331.8,-22.5,3.351,3.291,33.0,31.9,2.87,96.95
1001387,1.55E+12,44.6,335.1,-22.5,3.388,3.330,35.9,34.5,4.38,67.63
1001388,1.55E+12,18.1,333.2,-22.5,3.362,3.311,36.9,35.3,5.37,100.16
1001389,1.55E+12,35.7,329.4,-22.5,3.338,3.264,37.0,35.4,4.94,106.26
1001394,1.56E+12,38.3,350.3,-22.5,3.551,3.476,35.4,32.4,0.74,105.09
1001397,1.57E+12,20.0,343.2,-22.5,3.467,3.408,34.8,31.8,4.00,102.40
1001398,1.55E+12,51.4,332.9,-22.5,3.370,3.301,37.0,34.6,4.21,91.18
1001399,1.56E+12,20.4,332.7,-22.5,3.365,3.303,37.0,35.3,5.74,105.52
1001400,1.55E+12,65.2,358.1,-22.5,3.627,3.560,35.1,32.5,2.57,66.86
1001402,1.57E+12,29.4,335.1,-22.5,3.388,3.328,33.0,31.9,3.72,89.07
1001403,1.55E+12,69.9,346.7,-22.5,3.514,3.444,33.0,32.0,1.70,69.56
1001409,1.56E+12,21.0,345.5,-22.5,3.491,3.426,35.7,31.7,8.80,113.12
1001410,1.55E+12,52.1,330.3,-22.5,3.351,3.283,33.1,30.0,1.14,114.68
1001413,1.56E+12,61.9,349.1,-22.5,3.531,3.466,33.0,29.8,4.46,110.32
1001414,1.55E+12,67.5,330.4,-22.5,3.350,3.283,37.0,34.2,9.05,103.00
1001415,1.55E+12,60.4,330.0,-22.5,3.331,3.276,37.0,33.7,25.55,76.55
1001416,1.56E+12,55.8,331.0,-60.2,3.351,3.286,33.0,31.9,3.32,98.03
1001419,1.57E+12,24.1,339.6,-22.5,3.442,3.373,37.0,33.7,9.30,101.06
1001424,1.57E+12,26.8,348.4,-22.5,3.522,3.462,35.3,34.1,8.02,81.79
1001433,1.57E+12,35.7,330.8,-22.5,3.347,3.284,33.6,30.4,10.78,85.63
1001434,1.57E+12,27.8,329.0,-22.5,3.327,3.261,37.0,33.8,8.01,113.84
1001435,1.56E+12,71.8,336.7,-52.7,3.407,3.342,36.6,34.9,3.98,80.12
1001436,1.55E+12,72.1,333.8,-49.7,3.378,3.316,33.0,30.6,2.51,97.76
1001443,1.56E+12,45.7,327.9,-22.5,3.313,3.251,32.2,28.6,2.23,82.38
1001444,1.57E+12,72.8,332.8,-22.5,3.360,3.298,33.3,31.1,6.88,106.72
1001446,1.55E+12,35.7,337.3,-22.5,3.415,3.347,33.1,29.2,5.29,66.34
1001451,1.56E+12,59.3,330.7,-22.5,3.352,3.285,37.0,34.3,3.28,62.97
1001453,1.57E+12,41.8,352.9,-22.5,3.560,3.504,34.3,33.2,4.25,96.71
1001454,1.55E+12,22.9,324.9,-22.5,3.284,3.227,36.0,34.9,22.66,111.69
1001456,1.55E+12,42.2,348.1,-22.5,3.525,3.452,37.0,34.2,8.21,85.78
1001457,1.57E+12,50.2,325.7,-22.5,3.299,3.229,36.0,34.3,9.16,100.47
1001459,1.55E+12,15.5,358.0,-22.5,3.621,3.558,37.0,33.3,6.28,103.08
1001460,1.56E+12,67.9,356.0,-22.5,3.610,3.533,33.0,31.1,0.49,111.34
1001461,1.55E+12,21.6,354.7,-22.5,3.579,3.519,32.1,30.8,23.62,107.33
1001463,1.55E+12,43.6,329.2,-22.5,3.328,3.263,34.5,31.5,3.89,85.61
1001467,1.56E+12,21.0,340.3,-22.5,3.439,3.383,37.0,35.1,13.14,80.05
1001469,1.56E+12,65.5,330.4,-22.5,3.354,3.276,34.4,31.2,6.86,116.25
1001470,1.55E+12,73.4,327.4,-22.5,3.310,3.250,35.7,32.9,6.26,111.05
1001471,1.55E+12,42.2,332.4,-22.5,3.369,3.303,33.0,31.4,8.75,65.06
1001472,1.55E+12,73.6,326.9,-22.5,3.308,3.248,35.9,33.9,3.59,74.70
1001474,1.56E+12,65.6,331.7,-22.5,3.361,3.296,36.6,33.9,8.01,76.47
1001475,1.55E+12,58.8,328.9,-22.5,3.325,3.268,37.0,35.9,7.51,108.10
1001476,1.56E+12,51.9,332.1,-22.5,3.355,3.298,33.0,31.3,2.76,69.47
1001477,1.55E+12,68.4,340.2,-22.5,3.438,3.375,37.0,33.8,8.40,86.04
1001479,1.56E+12,43.2,348.0,-22.5,3.529,3.456,35.0,32.0,2.14,111.71
1001481,1.56E+12,30.3,333.2,-22.5,3.379,3.306,36.0,34.8,0.44,102.47
1001482,1.56E+12,35.5,324.4,-22.5,3.284,3.222,37.0,34.8,25.50,100.23
1001483,1.56E+12,27.8,326.1,-22.5,3.310,3.238,33.0,31.7,5.01,118.65
1001485,1.55E+12,63.2,358.6,-22.5,3.623,3.557,36.0,33.6,6.00,118.37
1001487,1.57E+12,21.5,348.4,-22.5,3.531,3.458,37.0,35.7,22.50,113.35
1001488,1.55E+12,65.9,338.9,-22.5,3.425,3.368,35.7,32.6,11.66,85.74
1001492,1.55E+12,57.6,328.1,-22.5,3.313,3.259,36.0,33.7,24.50,111.07
1001495,1.55E+12,58.3,332.4,-22.5,3.364,3.302,36.9,34.0,4.50,93.67
1001497,1.57E+12,62.8,358.8,-22.5,3.629,3.561,36.0,33.5,4.25,74.68
1001498,1.57E+12,46.2,347.0,-22.5,3.512,3.446,36.0,33.0,1.90,95.51
1001501,1.57E+12,30.9,351.2,-22.5,3.559,3.491,34.7,31.7,4.63,100.24
1001502,1.57E+12,24.9,332.7,-22.5,3.367,3.300,37.0,35.9,22.85,86.22
1001503,1.55E+12,64.3,326.2,-22.5,3.305,3.239,37.0,35.1,8.16,117.65
1001504,1.56E+12,70.0,353.9,-22.5,3.570,3.515,35.7,32.9,3.46,60.04
1001505,1.55E+12,58.7,350.6,-22.5,3.539,3.477,36.9,33.9,0.16,109.89
1001509,1.55E+12,35.0,323.7,-22.5,3.278,3.216,32.5,29.4,0.23,103.54
1001513,1.55E+12,34.3,358.6,-22.5,3.619,3.559,37.0,35.9,10.70,75.91
1001514,1.55E+12,34.1,348.1,-22.5,3.516,3.455,35.9,34.3,4.04,87.34
1001516,1.57E+12,26.9,332.1,-22.5,3.355,3.300,33.0,30.6,4.52,73.23
1001522,1.57E+12,64.5,330.9,-22.5,3.358,3.282,35.1,33.3,4.20,107.02
1001525,1.55E+12,21.2,333.4,-22.5,3.366,3.309,36.0,32.2,5.20,111.93
1001526,1.56E+12,28.3,355.3,-22.5,3.590,3.527,36.0,33.0,5.70,79.55
1001527,1.56E+12,62.7,340.7,-22.5,3.438,3.381,36.5,33.8,1.20,67.16
1001528,1.55E+12,69.3,326.5,-22.5,3.312,3.244,37.0,33.2,8.38,61.04
1001531,1.56E+12,26.7,327.5,-22.5,3.317,3.247,36.9,34.6,3.41,103.17
1001534,1.57E+12,15.5,337.7,-22.5,3.427,3.350,33.2,31.9,5.79,109.60
1001538,1.57E+12,63.4,332.4,-22.5,3.362,3.301,33.0,31.5,0.71,107.59
1001540,1.56E+12,70.9,335.4,-27.3,3.394,3.332,33.7,29.9,4.50,83.13
1001541,1.57E+12,71.6,346.4,-22.5,3.510,3.440,37.0,35.6,12.03,67.96
1001543,1.55E+12,37.9,334.4,-22.5,3.379,3.321,36.0,33.7,5.03,84.42
1001544,1.55E+12,72.5,349.0,-22.5,3.530,3.468,37.0,34.1,8.47,119.43
1001546,1.57E+12,63.1,329.5,-22.5,3.325,3.266,34.4,32.1,0.89,107.09
1001548,1.55E+12,25.6,328.7,-22.5,3.329,3.265,35.2,31.9,5.15,68.03
1001552,1.55E+12,49.9,337.7,-22.5,3.416,3.357,35.0,31.7,6.26,81.51
1001553,1.57E+12,22.0,334.9,-22.5,3.391,3.328,36.0,33.1,6.34,75.04
1001555,1.56E+12,23.5,332.5,-22.5,3.366,3.298,37.0,35.1,4.85,95.22
1001557,1.56E+12,49.7,330.0,-22.5,3.344,3.275,35.4,33.1,6.81,79.96
1001559,1.57E+12,49.7,327.3,-22.5,3.320,3.249,37.0,34.0,5.64,101.60
1001561,1.57E+12,17.1,327.9,-22.5,3.319,3.257,35.8,33.8,9.09,117.50
1001564,1.55E+12,45.1,333.5,-22.5,3.367,3.313,36.0,34.6,3.57,86.63
1001565,1.55E+12,27.5,352.9,-22.5,3.560,3.509,37.0,33.0,6.17,80.05
1001567,1.56E+12,53.9,356.6,-22.5,3.601,3.542,34.5,32.9,9.71,113.28
1001568,1.56E+12,22.0,329.7,-22.5,3.336,3.268,33.0,30.2,0.65,97.47
1001572,1.57E+12,48.9,327.8,-22.5,3.319,3.255,37.0,34.3,7.29,111.44
1001574,1.57E+12,70.7,326.3,-22.5,3.303,3.237,34.4,33.2,0.15,117.95
1001576,1.57E+12,16.4,334.4,-22.5,3.376,3.323,37.0,33.6,9.91,114.60
1001577,1.57E+12,59.8,327.6,-32.3,3.318,3.248,35.2,31.5,1.06,115.40
1001581,1.57E+12,40.4,350.3,-22.5,3.537,3.480,36.4,34.1,7.12,111.08
1001583,1.55E+12,64.1,331.2,-22.5,3.346,3.291,35.2,33.2,8.08,65.92
1001588,1.57E+12,18.2,358.6,-22.5,3.617,3.562,36.0,34.9,2.68,94.67
1001592,1.55E+12,22.5,356.5,-67.3,3.613,3.543,33.0,29.0,7.03,91.56
1001594,1.56E+12,29.4,352.6,-22.5,3.565,3.505,35.5,34.2,1.17,83.99
1001595,1.56E+12,57.4,328.9,-49.1,3.337,3.268,35.0,31.3,4.83,102.50
1001597,1.56E+12,75.0,355.5,-22.5,3.598,3.526,37.0,34.9,2.98,99.87
1001599,1.55E+12,60.5,327.4,-22.5,3.307,3.248,33.0,30.2,4.24,70.65
1001600,1.57E+12,44.7,341.8,-36.9,3.449,3.391,37.0,35.9,0.82,81.65
1001601,1.55E+12,38.3,343.3,-22.5,3.465,3.408,36.0,34.8,1.19,96.38
1001604,1.57E+12,26.3,325.7,-22.5,3.291,3.229,32.2,30.1,5.21,71.91
1001605,1.57E+12,36.6,338.3,-22.5,3.414,3.355,37.0,35.4,0.71,78.65
1001608,1.55E+12,72.8,346.6,-66.3,3.510,3.439,36.0,32.7,2.38,71.26
1001609,1.56E+12,42.9,352.3,-22.5,3.560,3.494,36.0,33.5,5.68,107.77
1001612,1.57E+12,47.1,349.8,-22.5,3.542,3.469,36.0,32.6,3.67,79.61
1001613,1.57E+12,48.7,334.9,-22.5,3.381,3.329,37.0,35.5,7.35,86.24
1001614,1.56E+12,57.4,336.4,-22.5,3.413,3.341,37.0,33.2,0.10,95.88
1001616,1.56E+12,25.3,349.8,-22.5,3.536,3.477,34.7,33.3,11.37,64.80
1001618,1.57E+12,42.9,337.3,-22.5,3.418,3.345,33.0,29.3,3.25,68.76
1001619,1.56E+12,52.5,336.0,-22.5,3.397,3.337,34.8,33.4,4.54,101.50
1001620,1.55E+12,36.2,331.6,-22.5,3.353,3.286,33.0,29.8,12.26,116.23
1001624,1.55E+12,44.2,356.9,-22.5,3.600,3.547,36.0,34.5,3.24,99.20
1001625,1.55E+12,25.8,332.2,-22.5,3.353,3.293,36.0,34.9,7.10,102.31
1001626,1.55E+12,71.1,333.7,-22.5,3.377,3.315,33.1,30.7,3.82,106.96
1001631,1.55E+12,23.9,338.0,-22.5,3.426,3.358,35.9,33.0,0.38,70.73
1001633,1.57E+12,39.2,325.2,-22.5,3.288,3.222,33.0,31.5,10.99,77.07
1001634,1.56E+12,52.7,332.1,-22.5,3.356,3.299,33.0,30.4,5.44,118.57
1001635,1.57E+12,33.3,334.6,-22.5,3.376,3.324,33.0,31.6,4.13,87.88
1001641,1.56E+12,44.6,335.0,-22.5,3.390,3.325,37.0,34.1,7.53,77.07
1001644,1.56E+12,24.5,331.3,-22.5,3.357,3.284,37.0,35.1,3.37,83.45
1001648,1.57E+12,23.5,327.2,-22.5,3.316,3.244,36.0,32.4,0.55,92.55
1001650,1.57E+12,26.1,327.7,-22.5,3.308,3.248,32.7,30.9,24.23,89.98
1001651,1.56E+12,20.4,326.8,-22.5,3.312,3.242,34.7,31.1,1.48,66.79
1001654,1.56E+12,71.0,334.7,-22.5,3.379,3.319,33.0,30.2,7.65,106.67
1001656,1.57E+12,48.0,330.1,-22.5,3.335,3.273,37.0,35.6,7.32,117.86
1001658,1.57E+12,50.6,335.8,-22.5,3.392,3.338,37.0,33.2,13.83,107.64
1001659,1.56E+12,63.5,353.9,-59.0,3.585,3.511,33.0,31.7,7.18,103.20
1001660,1.56E+12,60.3,336.1,-22.5,3.393,3.332,36.3,34.2,6.75,103.21
1001661,1.56E+12,40.3,338.0,-22.5,3.421,3.354,36.0,32.3,4.54,110.40
1001664,1.55E+12,65.5,325.3,-22.5,3.287,3.232,36.3,34.0,4.94,97.89
1001668,1.56E+12,52.8,341.7,-22.5,3.448,3.388,36.0,34.4,3.45,69.75
1001669,1.57E+12,29.9,347.2,-33.6,3.512,3.447,36.0,32.2,7.10,62.22
1001672,1.57E+12,27.9,332.7,-22.5,3.364,3.305,37.0,35.6,4.09,70.87
1001674,1.56E+12,64.3,338.6,-22.5,3.434,3.362,36.0,34.8,0.53,65.38
1001675,1.55E+12,37.3,326.3,-22.5,3.311,3.239,32.6,31.4,0.80,103.80
1001677,1.56E+12,63.9,348.0,-22.5,3.513,3.454,37.0,33.8,4.16,116.35
1001679,1.56E+12,67.4,349.7,-22.5,3.544,3.473,36.0,33.7,2.44,100.58
1001680,1.55E+12,66.0,347.6,-22.5,3.517,3.453,33.9,31.1,6.50,68.64
1001681,1.56E+12,56.7,339.3,-22.5,3.423,3.367,37.0,34.5,12.02,87.45
1001682,1.56E+12,30.9,330.1,-22.5,3.350,3.277,37.0,34.8,11.12,87.06
1001683,1.55E+12,19.6,345.3,-22.5,3.487,3.429,34.9,31.2,9.11,113.93
1001685,1.55E+12,32.5,326.2,-22.5,3.304,3.239,34.7,31.2,1.20,100.74
1001687,1.55E+12,57.1,355.3,-22.5,3.586,3.528,33.0,31.7,3.35,95.66
1001690,1.55E+12,24.3,327.6,-22.5,3.322,3.249,37.0,35.2,5.29,86.34
1001691,1.55E+12,17.2,347.5,-22.5,3.525,3.445,32.2,31.2,1.02,68.84
1001694,1.56E+12,31.9,354.0,-22.5,3.576,3.515,36.6,34.3,23.43,81.46
1001695,1.57E+12,16.0,331.1,-22.5,3.357,3.284,37.0,33.7,1.31,96.95
1001696,1.57E+12,49.7,343.6,-22.5,3.481,3.407,33.0,29.1,22.97,114.43
1001697,1.55E+12,29.8,347.6,-22.5,3.525,3.448,35.2,33.8,22.13,98.33
1001698,1.55E+12,50.7,325.5,-22.5,3.286,3.228,33.0,31.7,2.53,118.19
1001701,1.55E+12,44.5,353.0,-22.5,3.577,3.503,36.8,32.9,23.74,69.83
1001707,1.55E+12,20.1,356.3,-22.5,3.602,3.542,35.6,31.9,0.16,102.85
1001708,1.55E+12,54.9,332.3,-22.5,3.370,3.303,33.1,29.7,2.37,94.66
1001712,1.55E+12,23.4,346.0,-22.5,3.500,3.440,37.0,35.9,4.17,68.12
1001713,1.55E+12,22.9,337.6,-22.5,3.408,3.350,37.0,35.7,4.63,78.75
1001714,1.55E+12,74.2,329.7,-22.5,3.342,3.273,33.0,31.7,7.60,84.10
1001715,1.55E+12,34.7,328.7,-22.5,3.330,3.266,37.0,33.5,10.08,76.22
1001716,1.56E+12,65.9,333.5,-22.5,3.379,3.313,37.0,33.4,0.89,104.86
1001717,1.57E+12,39.1,328.2,-22.5,3.320,3.253,33.1,31.0,0.19,79.30
1001719,1.55E+12,36.7,341.3,-22.5,3.443,3.385,36.2,35.2,6.50,88.06
1001720,1.55E+12,53.7,328.2,-22.5,3.325,3.254,33.2,30.8,3.24,116.06
1001723,1.56E+12,68.8,352.1,-22.5,3.563,3.497,35.1,32.6,8.88,80.38
1001727,1.55E+12,28.5,348.5,-22.5,3.520,3.464,33.0,29.3,3.32,95.61
1001732,1.56E+12,59.4,352.1,-22.5,3.569,3.500,37.0,34.7,1.56,89.36
1001734,1.56E+12,60.5,325.1,-22.5,3.284,3.228,37.0,34.0,10.70,64.87
1001735,1.57E+12,50.9,331.2,-22.5,3.362,3.292,37.0,35.8,6.42,114.46
1001737,1.57E+12,23.3,329.4,-22.5,3.325,3.268,35.0,33.4,5.30,94.32
1001741,1.57E+12,33.5,354.1,-22.5,3.575,3.515,36.1,32.7,3.64,112.05
1001744,1.57E+12,30.9,325.3,-22.5,3.287,3.231,34.2,32.2,10.88,74.19
1001745,1.57E+12,33.6,337.3,-22.5,3.421,3.351,37.0,35.8,21.55,107.76
1001746,1.56E+12,49.9,330.7,-22.5,3.353,3.284,36.0,32.8,4.48,112.19
1001747,1.57E+12,50.0,343.6,-22.5,3.484,3.407,37.0,35.1,11.30,85.28
1001749,1.55E+12,39.1,331.0,-22.5,3.346,3.287,33.0,31.0,24.11,82.23
1001750,1.55E+12,43.7,328.5,-22.5,3.316,3.256,36.2,32.3,3.86,98.86
1001751,1.55E+12,22.4,347.6,-22.5,3.518,3.449,33.7,32.1,2.27,116.21
1001752,1.56E+12,75.5,341.0,-22.5,3.459,3.385,36.0,33.2,3.49,96.45
1001753,1.57E+12,73.8,341.4,-22.5,3.460,3.391,33.0,29.8,8.39,88.11
1001759,1.55E+12,37.1,325.5,-22.5,3.296,3.230,35.3,32.4,6.71,94.27
1001762,1.56E+12,35.7,328.8,-22.5,3.327,3.263,33.0,29.2,3.15,82.78
1001765,1.56E+12,62.7,326.1,-22.5,3.308,3.239,33.0,30.1,6.06,74.46
1001766,1.57E+12,56.3,323.9,-22.5,3.282,3.211,36.2,34.0,6.71,82.27
1001767,1.56E+12,61.7,330.3,-22.5,3.347,3.278,36.0,32.0,10.20,80.93
1001768,1.56E+12,53.9,330.1,-22.5,3.339,3.279,37.0,34.9,6.92,90.40
1001769,1.55E+12,59.6,347.2,-22.5,3.508,3.444,33.8,32.1,25.39,94.71
1001783,1.56E+12,22.4,331.2,-22.5,3.345,3.287,35.0,31.9,2.95,93.40
1001784,1.57E+12,28.2,344.8,-22.5,3.489,3.427,33.0,29.3,7.46,75.52
1001788,1.55E+12,58.3,351.8,-22.5,3.557,3.497,34.8,33.5,4.05,69.99
1001793,1.56E+12,17.2,349.7,-22.5,3.546,3.477,33.8,31.9,12.96,97.04
1001794,1.56E+12,42.7,330.0,-22.5,3.348,3.276,33.2,31.2,0.19,109.01
1001795,1.55E+12,49.1,349.0,-22.5,3.532,3.463,32.6,30.2,22.66,72.03
1001798,1.55E+12,38.7,355.8,-22.5,3.604,3.528,33.0,29.4,0.74,60.22
1001799,1.55E+12,45.5,350.4,-22.5,3.553,3.479,37.0,34.2,9.62,81.30
1001804,1.57E+12,66.3,343.6,-22.5,3.479,3.409,37.0,35.8,10.70,69.82
1001807,1.56E+12,21.6,335.0,-22.5,3.398,3.320,37.0,34.8,3.66,73.77
1001809,1.55E+12,49.3,329.5,-22.5,3.327,3.269,34.9,32.5,3.17,71.63
1001810,1.57E+12,37.9,327.8,-22.5,3.309,3.251,35.5,32.3,4.27,94.08
1001811,1.57E+12,33.8,327.9,-22.5,3.311,3.254,37.0,35.6,10.27,62.03
1001812,1.57E+12,23.8,333.3,-22.5,3.368,3.306,37.0,34.1,6.75,69.94
1001819,1.57E+12,15.6,329.3,-22.5,3.333,3.270,36.0,33.3,6.99,82.08
1001820,1.55E+12,28.9,358.4,-22.5,3.630,3.558,37.0,35.5,0.24,106.14
1001821,1.55E+12,61.0,342.3,-22.5,3.464,3.403,35.5,32.4,7.20,115.76
1001825,1.56E+12,44.0,346.8,-22.5,3.506,3.447,36.0,34.5,13.07,100.16
1001829,1.55E+12,38.9,326.2,-22.5,3.305,3.233,33.9,30.3,22.86,95.23
1001830,1.55E+12,15.3,333.7,-22.5,3.378,3.314,37.0,35.6,2.63,99.39
1001831,1.56E+12,16.3,331.9,-22.5,3.366,3.293,33.1,30.0,8.71,84.46
1001834,1.56E+12,73.2,352.1,-22.5,3.559,3.492,37.0,34.3,3.40,91.67
1001840,1.55E+12,71.4,327.9,-22.5,3.321,3.250,34.0,31.6,21.99,84.74
1001841,1.57E+12,45.7,328.0,-22.5,3.312,3.253,34.3,32.3,5.07,110.10
1001842,1.55E+12,16.1,342.5,-22.5,3.474,3.404,36.0,33.6,8.94,117.16
1001843,1.57E+12,74.5,326.2,-22.5,3.310,3.234,35.4,31.6,5.57,101.47
1001845,1.56E+12,22.2,338.3,-22.5,3.418,3.353,32.1,29.0,2.35,100.58
1001846,1.57E+12,72.5,333.9,-22.5,3.381,3.317,37.0,33.1,5.14,112.28
1001848,1.55E+12,21.2,342.1,-22.5,3.454,3.392,35.8,33.8,6.84,63.66
1001850,1.57E+12,63.6,329.8,-22.5,3.331,3.269,36.7,35.4,3.44,61.22
1001853,1.56E+12,15.5,337.3,-22.5,3.403,3.347,33.0,31.1,3.81,86.71
1001854,1.56E+12,30.7,330.4,-22.5,3.350,3.282,37.0,33.6,1.32,109.21
1001855,1.55E+12,72.9,333.6,-22.5,3.385,3.312,33.0,32.0,6.38,115.04
1001857,1.57E+12,39.4,356.9,-22.5,3.610,3.543,37.0,34.4,8.55,80.46
1001859,1.55E+12,63.2,358.7,-22.5,3.618,3.565,37.0,34.6,2.01,92.58
1001861,1.55E+12,48.3,342.5,-40.1,3.464,3.402,37.0,35.7,10.14,62.52
1001862,1.57E+12,20.8,325.7,-47.0,3.291,3.235,33.0,31.7,9.75,86.98
1001863,1.56E+12,40.4,335.0,-22.5,3.398,3.321,37.0,35.5,5.14,62.58
1001864,1.56E+12,41.2,357.8,-22.5,3.619,3.553,36.0,33.2,6.06,111.30
1001865,1.56E+12,17.2,334.0,-22.5,3.375,3.317,33.3,32.3,5.38,112.89
1001872,1.57E+12,56.6,333.9,-22.5,3.380,3.316,37.0,35.9,6.06,92.91
1001877,1.55E+12,62.9,326.6,-22.5,3.307,3.239,36.0,33.6,5.35,74.42
1001878,1.57E+12,36.1,328.4,-22.5,3.326,3.257,35.5,31.9,5.70,92.52
1001882,1.55E+12,33.4,358.7,-22.5,3.619,3.559,37.0,34.2,11.35,98.95
1001884,1.55E+12,29.9,329.3,-22.5,3.327,3.263,36.4,32.9,0.28,82.53
1001885,1.56E+12,54.2,332.6,-22.5,3.358,3.297,37.0,34.9,1.96,95.47
1001890,1.56E+12,15.9,351.3,-22.5,3.544,3.490,36.0,33.1,0.29,105.81
1001891,1.56E+12,54.1,345.0,-22.5,3.495,3.426,33.3,31.6,8.02,64.92
1001894,1.55E+12,75.1,338.6,-22.5,3.430,3.357,36.3,33.1,3.82,82.31
1001895,1.57E+12,49.6,326.6,-22.5,3.301,3.245,36.0,34.0,4.92,88.71
1001896,1.55E+12,20.4,330.4,-22.5,3.353,3.280,37.0,34.7,2.28,101.75
1001898,1.55E+12,63.8,351.7,-22.5,3.556,3.493,36.0,32.2,16.04,79.36
1001900,1.55E+12,32.2,353.0,-22.5,3.564,3.504,33.0,31.6,22.22,94.88
1001903,1.57E+12,23.7,337.0,-22.5,3.405,3.348,32.1,29.4,4.56,64.90
1001904,1.56E+12,34.3,341.0,-22.5,3.453,3.382,37.0,33.3,2.88,97.98
1001905,1.57E+12,17.9,336.5,-22.5,3.396,3.336,37.0,33.7,1.39,97.65
1001907,1.55E+12,59.3,332.6,-22.5,3.365,3.300,36.6,34.4,10.55,82.98
1001909,1.56E+12,48.7,357.8,-22.5,3.626,3.554,36.5,34.6,2.46,79.27
1001911,1.55E+12,57.5,347.2,-22.5,3.514,3.446,37.0,33.3,9.61,102.73
1001912,1.56E+12,52.6,341.9,-22.5,3.468,3.396,37.0,34.4,5.69,76.84
1001913,1.56E+12,16.4,328.2,-22.5,3.324,3.255,33.2,30.2,3.47,80.30
1001914,1.55E+12,45.5,327.7,-22.5,3.323,3.256,37.0,33.8,5.39,63.93
1001915,1.56E+12,24.6,326.6,-22.5,3.313,3.245,34.0,30.9,3.42,117.23
1001919,1.55E+12,31.2,341.7,-22.5,3.466,3.390,33.0,29.5,3.23,110.06
1001920,1.56E+12,69.9,328.4,-22.5,3.324,3.263,36.0,33.1,5.65,84.55
1001921,1.56E+12,51.9,329.2,-22.5,3.335,3.267,34.8,31.4,5.42,89.63
1001932,1.57E+12,69.2,325.8,-22.5,3.293,3.232,35.1,33.1,6.30,73.40
1001933,1.57E+12,66.8,349.4,-22.5,3.525,3.467,32.5,29.0,10.53,82.27
1001934,1.57E+12,41.4,328.5,-22.5,3.330,3.260,37.0,34.8,4.54,103.12
1001935,1.57E+12,31.4,327.2,-22.5,3.303,3.251,33.3,31.6,3.33,85.99
1001936,1.57E+12,45.1,330.3,-22.5,3.343,3.274,37.0,34.4,5.31,76.23
1001938,1.55E+12,45.3,331.3,-22.5,3.352,3.284,35.7,32.4,9.57,113.59
1001939,1.55E+12,35.0,338.5,-22.5,3.425,3.357,34.6,32.0,3.31,113.54
1001944,1.57E+12,45.2,351.4,-22.5,3.544,3.486,36.7,35.1,4.75,81.91
1001945,1.56E+12,70.9,333.4,-22.5,3.365,3.313,34.8,31.3,9.17,113.91
1001947,1.55E+12,43.1,346.8,-22.5,3.517,3.444,37.0,33.1,1.66,97.12
1001948,1.55E+12,31.0,340.0,-22.5,3.443,3.370,36.9,35.5,4.37,72.62
1001952,1.56E+12,30.6,333.3,-22.5,3.376,3.304,33.9,31.1,4.37,112.33
1001953,1.56E+12,61.1,334.0,-22.5,3.388,3.318,36.0,33.0,2.25,66.09
1001954,1.56E+12,58.4,357.4,-22.5,3.621,3.547,32.6,30.4,1.54,96.10
1001957,1.55E+12,50.9,353.2,-22.5,3.573,3.504,36.0,32.9,4.04,88.32
1001962,1.55E+12,35.9,328.1,-22.5,3.323,3.252,35.4,32.6,6.53,104.30
1001963,1.55E+12,30.0,355.4,-34.3,3.601,3.533,36.0,32.1,0.29,72.09
1001964,1.55E+12,66.2,335.0,-22.5,3.394,3.330,33.0,30.7,3.49,102.18
1001967,1.57E+12,56.3,333.1,-22.5,3.375,3.309,36.0,32.4,6.52,83.21
1001971,1.57E+12,33.0,332.1,-22.5,3.360,3.293,37.0,34.3,0.92,78.36
1001972,1.55E+12,57.2,334.9,-22.5,3.396,3.322,35.9,34.7,1.71,89.12
1001973,1.56E+12,52.5,329.9,-22.5,3.333,3.274,33.0,30.3,8.57,92.06
1001975,1.56E+12,24.9,331.7,-22.5,3.354,3.294,33.0,30.8,4.10,73.44
1001976,1.57E+12,43.3,326.6,-22.5,3.306,3.242,33.0,29.4,1.76,76.72
1001977,1.57E+12,20.9,355.5,-22.5,3.599,3.528,37.0,33.9,6.18,119.07
1001979,1.55E+12,63.6,330.7,-22.5,3.337,3.278,37.0,35.4,25.61,91.00
1001980,1.57E+12,74.6,348.7,-22.5,3.529,3.462,37.0,33.9,5.81,75.82
1001982,1.55E+12,66.2,340.0,-22.5,3.440,3.379,34.0,31.8,4.40,92.92
1001983,1.57E+12,70.3,339.9,-22.5,3.438,3.373,36.1,33.5,6.87,70.62
1001984,1.56E+12,22.7,343.2,-22.5,3.471,3.408,37.0,34.7,1.63,103.54
1001986,1.56E+12,21.2,341.7,-22.5,3.466,3.395,36.0,33.3,6.31,104.31
1001992,1.55E+12,50.1,350.6,-22.5,3.556,3.479,33.1,29.2,2.05,67.79
1001995,1.55E+12,32.7,351.9,-22.5,3.565,3.496,37.0,33.5,4.60,94.03
1001998,1.55E+12,22.5,344.1,-22.5,3.483,3.412,37.0,34.8,5.81,89.43
1002001,1.55E+12,32.0,334.2,-22.5,3.373,3.312,33.0,29.4,9.11,98.87
1002002,1.55E+12,24.6,357.1,-22.5,3.607,3.550,35.7,33.9,7.49,98.17
1002003,1.56E+12,71.0,342.8,-22.5,3.462,3.403,34.0,31.5,0.58,90.68
1002005,1.56E+12,40.5,327.1,-22.5,3.312,3.249,36.9,34.3,2.66,73.45
1002008,1.56E+12,65.7,331.1,-22.5,3.346,3.285,37.0,35.5,1.28,109.70
1002010,1.56E+12,49.2,353.7,-22.5,3.582,3.507,33.0,30.5,25.66,69.76
1002015,1.56E+12,51.4,338.1,-22.5,3.429,3.357,33.0,31.0,1.53,111.13
1002017,1.57E+12,56.6,335.0,-22.5,3.398,3.323,36.0,32.3,7.34,110.08
1002019,1.57E+12,63.7,353.7,-22.5,3.576,3.516,37.0,34.2,4.42,99.80
1002020,1.56E+12,75.4,332.3,-22.5,3.357,3.295,36.0,33.2,1.70,74.20
1002023,1.57E+12,55.7,353.1,-71.6,3.570,3.506,37.0,33.7,3.85,72.71
1002028,1.57E+12,64.1,328.7,-22.5,3.320,3.263,33.7,31.9,0.08,66.94
1002030,1.57E+12,25.1,324.8,-24.3,3.279,3.223,37.0,33.8,7.31,114.88
1002032,1.55E+12,35.3,324.1,-22.5,3.286,3.213,37.0,35.4,6.22,102.36
1002033,1.56E+12,26.1,352.8,-22.5,3.568,3.500,33.0,30.2,6.20,67.97
1002035,1.55E+12,47.9,330.7,-22.5,3.347,3.279,37.0,34.1,0.06,83.24
1002036,1.55E+12,71.7,350.2,-22.5,3.551,3.482,36.0,33.4,4.36,61.16
1002039,1.55E+12,58.2,351.9,-22.5,3.556,3.492,34.4,32.0,4.81,103.68
1002040,1.56E+12,44.2,344.5,-22.5,3.477,3.420,35.2,34.0,4.52,84.23
1002043,1.56E+12,75.3,325.0,-22.5,3.294,3.228,37.0,35.1,4.59,106.23
1002045,1.56E+12,31.2,329.5,-22.5,3.333,3.274,34.2,30.5,22.03,110.21
1002047,1.55E+12,22.3,342.1,-22.5,3.451,3.396,34.5,31.9,21.77,67.65
1002050,1.56E+12,62.2,354.2,-22.5,3.588,3.522,37.0,35.7,25.06,72.97
1002051,1.55E+12,45.4,350.5,-22.5,3.538,3.475,37.0,35.9,7.82,103.28
1002052,1.56E+12,31.0,330.0,-22.5,3.330,3.277,36.6,33.0,2.76,102.79
1002056,1.56E+12,60.4,341.8,-22.5,3.452,3.391,34.5,31.6,1.93,97.78
1002059,1.57E+12,65.2,328.8,-22.5,3.322,3.267,37.0,33.9,6.52,105.67
1002061,1.55E+12,44.9,327.8,-22.5,3.324,3.248,37.0,34.9,8.07,95.45
1002062,1.57E+12,21.5,351.1,-22.5,3.546,3.482,35.6,33.3,5.10,85.57
1002063,1.57E+12,67.8,325.6,-22.5,3.306,3.226,37.0,33.2,6.55,66.23
1002064,1.57E+12,41.4,329.0,-22.5,3.328,3.261,35.5,33.8,3.20,77.26
1002065,1.56E+12,57.3,330.0,-22.5,3.338,3.279,33.7,32.3,0.88,90.35
1002066,1.56E+12,24.3,328.8,-22.5,3.333,3.261,36.0,34.3,0.30,111.96
1002067,1.57E+12,63.4,331.8,-22.5,3.361,3.295,36.4,34.4,4.28,79.17
1002070,1.57E+12,37.9,346.4,-22.5,3.508,3.435,34.9,31.1,5.30,82.25
1002072,1.56E+12,59.1,328.9,-22.5,3.338,3.262,33.7,30.4,5.07,88.02
1002075,1.56E+12,51.9,356.0,-22.5,3.598,3.538,35.2,33.5,7.51,93.04
1002076,1.56E+12,37.5,356.3,-22.5,3.597,3.536,36.0,32.3,8.80,115.57
1002078,1.57E+12,24.2,328.6,-22.5,3.334,3.259,37.0,33.4,0.36,75.02
1002079,1.57E+12,65.1,327.5,-22.5,3.313,3.248,34.0,30.4,5.36,94.58
1002080,1.57E+12,52.8,347.6,-22.5,3.511,3.451,36.0,34.9,7.29,104.37
1002081,1.56E+12,65.3,330.0,-22.5,3.347,3.275,32.6,30.4,9.37,74.91
1002084,1.57E+12,17.6,351.2,-22.5,3.555,3.484,36.0,34.1,3.47,68.47
1002093,1.55E+12,56.4,344.3,-22.5,3.488,3.416,37.0,33.8,8.14,112.00
1002099,1.55E+12,44.0,342.5,-22.5,3.456,3.397,34.6,31.6,22.31,87.90
1002101,1.57E+12,74.9,331.6,-22.5,3.359,3.289,37.0,34.7,0.05,112.22
1002103,1.57E+12,44.0,355.1,-22.5,3.594,3.528,34.3,33.1,4.33,80.39
1002104,1.56E+12,23.4,328.2,-22.5,3.331,3.252,36.0,34.2,3.36,109.73
1002106,1.56E+12,58.9,326.4,-22.5,3.314,3.237,32.3,30.9,6.03,68.37
1002110,1.57E+12,32.5,337.6,-22.5,3.412,3.351,35.3,33.5,4.18,75.32
1002112,1.55E+12,28.2,336.7,-22.5,3.406,3.342,36.8,32.9,1.31,82.99
1002114,1.57E+12,28.2,327.6,-22.5,3.309,3.250,36.7,32.8,4.46,84.52
1002116,1.55E+12,44.1,332.1,-22.5,3.369,3.291,33.0,30.6,4.18,118.26
1002118,1.57E+12,37.4,340.4,-22.5,3.454,3.374,36.0,34.0,10.58,106.16
1002128,1.57E+12,39.6,330.4,-22.5,3.354,3.275,33.0,31.7,24.04,115.69
1002129,1.57E+12,73.0,348.6,-22.5,3.520,3.462,37.0,35.2,3.80,96.67
1002130,1.56E+12,46.0,352.2,-22.5,3.565,3.496,33.9,31.1,5.87,97.62
1002131,1.56E+12,34.5,329.8,-22.5,3.348,3.272,33.4,30.5,3.62,119.98
1002134,1.56E+12,52.6,338.7,-22.5,3.436,3.362,36.0,33.3,12.75,87.28
1002137,1.57E+12,73.5,331.8,-22.5,3.350,3.297,36.0,32.8,1.64,91.23
1002138,1.55E+12,18.9,324.1,-22.5,3.274,3.214,35.7,33.1,5.35,94.81
1002139,1.57E+12,44.7,324.5,-22.5,3.292,3.221,32.6,29.0,2.98,68.04
1002141,1.56E+12,20.1,331.9,-22.5,3.363,3.292,37.0,34.1,4.19,83.74
1002143,1.55E+12,74.6,333.3,-22.5,3.374,3.306,37.0,34.3,3.72,96.64
1002148,1.57E+12,66.9,352.0,-22.5,3.565,3.495,34.4,32.0,0.50,62.74
1002149,1.55E+12,74.6,333.3,-22.5,3.368,3.308,33.0,29.4,1.70,107.56
1002150,1.57E+12,59.3,324.1,-22.5,3.285,3.214,37.0,35.4,1.84,66.87
1002154,1.56E+12,62.6,329.4,-22.5,3.330,3.265,37.0,33.9,4.22,111.08
1002157,1.56E+12,52.1,330.4,-22.5,3.347,3.280,33.0,29.9,7.47,70.01
1002163,1.55E+12,24.7,339.6,-22.5,3.432,3.371,37.0,35.4,3.30,65.96
1002168,1.56E+12,36.1,354.8,-22.5,3.582,3.522,37.0,34.3,5.58,86.88
1002176,1.56E+12,48.8,331.8,-22.5,3.350,3.288,37.0,33.3,2.61,61.49
1002179,1.55E+12,70.9,346.2,-22.5,3.505,3.436,36.0,35.0,10.20,74.30
1002181,1.55E+12,52.3,326.9,-22.5,3.310,3.242,33.0,29.9,1.06,65.58
1002187,1.56E+12,53.7,354.3,-22.5,3.582,3.522,34.4,32.3,0.53,102.35
1002188,1.56E+12,52.6,324.1,-22.5,3.286,3.220,35.1,31.2,3.00,111.82
1002189,1.55E+12,72.1,328.6,-22.5,3.321,3.256,35.9,33.0,2.94,108.43
1002193,1.55E+12,30.4,354.4,-22.5,3.593,3.515,36.0,33.0,11.42,69.60
1002194,1.57E+12,35.9,337.1,-22.5,3.408,3.343,35.9,32.6,0.17,60.36
1002196,1.55E+12,74.9,337.1,-22.5,3.416,3.348,33.0,29.6,24.99,100.07
1002197,1.55E+12,47.7,329.8,-22.5,3.347,3.275,37.0,35.3,9.46,83.77
1002200,1.56E+12,32.2,349.1,-22.5,3.537,3.461,33.0,29.7,4.55,88.19
1002201,1.55E+12,64.9,351.6,-22.5,3.553,3.492,36.8,33.1,11.08,97.86
1002202,1.55E+12,59.9,346.5,-22.5,3.511,3.441,36.0,34.2,13.44,63.13
1002203,1.55E+12,15.3,334.1,-22.5,3.390,3.313,33.0,30.6,6.33,62.43
1002206,1.56E+12,45.0,327.3,-22.5,3.311,3.248,33.0,31.2,5.00,104.58
1002209,1.57E+12,25.3,327.7,-22.5,3.322,3.248,36.6,34.2,8.15,74.99
1002211,1.56E+12,29.5,358.7,-32.8,3.634,3.562,37.0,34.3,7.22,108.19
1002214,1.55E+12,73.6,345.5,-22.5,3.487,3.432,37.0,33.7,4.93,70.57
1002216,1.57E+12,19.6,343.0,-22.5,3.478,3.402,33.0,31.1,26.01,118.22
1002218,1.55E+12,72.7,347.8,-22.5,3.515,3.453,36.9,33.3,5.70,94.80
1002219,1.55E+12,26.1,334.4,-22.5,3.393,3.321,34.1,31.7,22.74,113.70
1002222,1.57E+12,16.9,343.6,-22.5,3.477,3.408,34.1,32.4,5.39,101.10
1002226,1.56E+12,21.1,350.8,-22.5,3.542,3.479,37.0,33.3,7.43,79.45
1002231,1.56E+12,46.7,346.3,-22.5,3.497,3.441,36.4,35.0,1.01,93.76
1002233,1.56E+12,25.9,324.0,-22.5,3.279,3.215,36.2,34.8,5.50,67.15
1002234,1.57E+12,73.3,343.2,-22.5,3.470,3.409,36.0,32.3,0.33,104.37
1002235,1.56E+12,26.8,329.2,-22.5,3.331,3.268,33.0,29.7,8.42,103.50
1002236,1.57E+12,31.5,329.9,-22.5,3.331,3.273,36.2,33.7,2.24,88.91
1002237,1.57E+12,69.7,350.4,-34.8,3.545,3.481,37.0,34.0,5.45,92.88
1002238,1.56E+12,74.2,356.8,-22.5,3.611,3.544,37.0,33.0,2.03,114.65
1002239,1.55E+12,68.5,355.1,-22.5,3.589,3.523,37.0,34.2,8.72,77.57
1002241,1.57E+12,65.0,358.6,-22.5,3.628,3.557,33.0,29.2,5.50,90.12
1002242,1.55E+12,35.0,352.7,-22.5,3.571,3.503,35.1,33.8,0.12,71.25
1002244,1.57E+12,57.1,330.5,-22.5,3.352,3.278,35.8,33.6,10.65,78.51
1002245,1.55E+12,24.6,356.6,-22.5,3.610,3.543,37.0,35.3,8.48,88.66
1002247,1.57E+12,59.9,328.9,-22.5,3.320,3.268,37.0,34.9,4.29,89.05
1002252,1.55E+12,38.0,337.8,-22.5,3.415,3.356,37.0,35.1,6.54,113.57
1002253,1.55E+12,19.8,329.3,-22.5,3.335,3.266,37.0,34.3,9.69,87.02
1002257,1.57E+12,33.4,348.2,-22.5,3.521,3.456,37.0,33.6,10.09,84.24
1002261,1.56E+12,50.3,332.6,-22.5,3.357,3.305,35.4,33.1,5.08,75.99
1002262,1.57E+12,29.8,327.8,-22.5,3.311,3.248,35.7,33.8,9.69,84.18
1002263,1.55E+12,36.3,343.2,-22.5,3.482,3.411,36.0,33.5,3.97,63.01
1002264,1.56E+12,69.1,336.7,-22.5,3.403,3.341,36.9,33.4,3.43,116.59
1002265,1.57E+12,34.9,329.2,-22.5,3.340,3.269,36.6,34.6,6.90,106.69
1002272,1.56E+12,46.6,329.0,-22.5,3.332,3.260,33.0,31.3,3.60,99.59
1002279,1.55E+12,69.2,351.4,-22.5,3.562,3.487,33.0,29.8,23.85,70.42
1002281,1.56E+12,28.0,326.5,-22.5,3.300,3.242,33.7,30.0,5.40,75.49
1002282,1.56E+12,48.0,329.0,-22.5,3.331,3.264,37.0,35.4,3.05,97.04
1002283,1.55E+12,70.3,334.1,-22.5,3.371,3.318,37.0,34.7,6.12,98.20
1002284,1.57E+12,67.3,336.1,-22.5,3.398,3.336,36.3,34.8,4.54,86.33
1002285,1.57E+12,61.5,332.3,-22.5,3.356,3.300,37.0,34.5,1.60,65.47
1002286,1.56E+12,72.0,356.6,-22.5,3.599,3.538,37.0,33.7,21.50,63.33
1002287,1.57E+12,51.5,354.0,-22.5,3.581,3.515,36.6,34.5,6.96,103.62
1002289,1.55E+12,35.6,330.3,-22.5,3.342,3.276,37.0,35.6,0.26,68.59
1002290,1.55E+12,40.5,357.8,-22.5,3.617,3.558,36.1,32.5,1.88,89.44
1002292,1.55E+12,55.7,346.7,-22.5,3.499,3.446,33.0,30.5,6.18,108.72
1002293,1.57E+12,46.0,341.0,-22.5,3.447,3.388,33.0,30.8,3.60,74.85
1002294,1.57E+12,17.1,353.2,-22.5,3.571,3.503,37.0,35.5,8.04,111.37
1002296,1.57E+12,30.7,337.5,-22.5,3.420,3.346,33.0,30.3,22.86,94.74
1002299,1.57E+12,71.8,334.8,-22.5,3.385,3.325,37.0,35.2,3.60,93.85
1002304,1.56E+12,70.0,354.8,-22.5,3.596,3.521,33.0,30.8,3.77,75.90
1002307,1.56E+12,60.5,334.4,-22.5,3.390,3.317,35.4,33.6,3.87,65.57
1002310,1.55E+12,25.9,354.7,-22.5,3.596,3.527,37.0,34.1,7.91,66.68
1002313,1.57E+12,15.9,331.1,-22.5,3.346,3.289,33.0,31.7,10.18,109.04
1002315,1.56E+12,65.4,331.5,-22.5,3.357,3.291,34.0,32.8,7.72,77.10
1002317,1.56E+12,27.0,357.7,-22.5,3.610,3.557,34.1,30.9,10.89,95.32
1002318,1.57E+12,20.6,333.7,-22.5,3.369,3.315,34.1,31.9,5.61,79.34
1002320,1.57E+12,35.7,357.4,-22.5,3.614,3.553,33.1,29.6,22.27,115.32
1002321,1.56E+12,39.2,343.0,-22.5,3.474,3.402,37.0,35.4,1.44,67.71
1002323,1.55E+12,56.4,349.6,-22.5,3.535,3.475,37.0,34.5,3.91,95.87
1002327,1.55E+12,49.1,331.8,-22.5,3.361,3.297,37.0,35.5,4.89,97.30
1002328,1.55E+12,36.6,345.4,-22.5,3.502,3.433,34.3,31.2,5.57,78.86
1002329,1.55E+12,29.5,346.3,-22.5,3.509,3.435,34.0,32.2,4.01,81.42
1002337,1.55E+12,31.3,331.4,-22.5,3.347,3.287,37.0,34.3,6.75,97.76
1002339,1.55E+12,51.6,350.5,-22.5,3.543,3.479,35.3,33.3,9.75,104.82
1002341,1.57E+12,30.4,336.8,-22.5,3.413,3.345,33.0,30.7,0.06,68.53
1002342,1.57E+12,31.5,334.1,-22.5,3.371,3.315,33.5,29.7,7.20,92.84
1002344,1.56E+12,73.5,327.4,-22.5,3.323,3.254,37.0,33.4,0.88,81.68
1002349,1.55E+12,56.0,326.0,-22.5,3.302,3.231,37.0,33.8,7.30,117.88
1002350,1.56E+12,70.9,350.4,-22.5,3.545,3.474,37.0,34.8,5.80,87.06
1002351,1.55E+12,29.0,343.7,-22.5,3.467,3.416,35.9,33.8,8.83,73.47
1002353,1.55E+12,33.6,339.8,-22.5,3.444,3.377,37.0,33.8,4.22,106.94
1002355,1.57E+12,74.6,340.2,-22.5,3.448,3.378,37.0,33.3,7.55,100.82
1002361,1.56E+12,62.0,331.5,-22.5,3.353,3.285,36.0,34.3,9.04,107.71
1002372,1.55E+12,54.3,327.6,-22.5,3.314,3.246,37.0,33.3,5.01,96.05
1002373,1.55E+12,41.2,330.0,-64.0,3.332,3.275,35.9,33.2,4.43,102.63
1002374,1.56E+12,57.0,334.8,-22.5,3.394,3.320,33.0,30.1,7.55,99.50
1002376,1.57E+12,44.0,350.8,-22.5,3.546,3.482,37.0,35.6,7.56,74.92
1002377,1.57E+12,35.7,328.0,-22.5,3.315,3.255,36.9,35.0,10.34,110.31
1002379,1.57E+12,36.2,354.7,-22.5,3.577,3.522,34.3,31.1,3.49,112.77
1002380,1.56E+12,22.9,351.8,-22.5,3.566,3.496,35.5,33.4,5.83,106.25
1002381,1.57E+12,19.0,332.3,-22.5,3.355,3.300,34.9,33.5,2.75,110.55
1002382,1.56E+12,61.4,353.7,-22.5,3.574,3.513,33.0,29.3,8.15,71.25
1002383,1.56E+12,67.5,347.1,-22.5,3.506,3.443,37.0,33.3,1.91,85.39
1002387,1.57E+12,65.7,351.9,-22.5,3.562,3.498,37.0,33.7,6.67,88.01
1002389,1.57E+12,31.6,329.7,-22.5,3.341,3.275,37.0,33.0,23.22,104.29
1002390,1.56E+12,32.3,325.9,-22.5,3.303,3.236,33.1,31.6,6.41,92.12
1002392,1.57E+12,22.6,333.0,-22.5,3.373,3.303,33.5,31.8,21.48,70.43
1002396,1.55E+12,30.2,339.8,-22.5,3.438,3.372,33.0,31.3,9.98,101.48
1002397,1.57E+12,23.5,357.5,-22.5,3.619,3.553,32.1,30.1,21.72,74.96
1002401,1.55E+12,29.1,333.7,-22.5,3.384,3.308,35.7,31.7,0.15,97.63
1002404,1.55E+12,55.4,332.3,-22.5,3.359,3.294,34.2,31.5,3.45,112.93
1002405,1.57E+12,27.4,356.4,-22.5,3.603,3.536,33.0,29.2,5.64,70.31
1002409,1.56E+12,37.1,329.1,-22.5,3.331,3.263,34.4,31.6,24.30,103.79
1002411,1.55E+12,46.6,332.8,-22.5,3.372,3.306,33.0,29.1,2.33,69.29
1002412,1.56E+12,73.9,328.6,-22.5,3.330,3.256,37.0,33.8,6.23,87.99
1002413,1.55E+12,75.0,334.0,-22.5,3.379,3.313,36.0,34.8,0.19,77.60
1002415,1.56E+12,68.1,334.0,-22.5,3.386,3.312,33.0,30.6,2.51,110.58
1002420,1.56E+12,55.0,346.7,-22.5,3.504,3.440,33.0,31.2,1.66,71.30
1002421,1.56E+12,44.9,336.7,-22.5,3.415,3.341,35.9,32.1,4.98,91.20
1002428,1.55E+12,47.4,330.4,-22.5,3.350,3.284,37.0,34.1,5.70,73.24
1002429,1.57E+12,41.9,354.6,-22.5,3.579,3.524,33.6,31.0,4.42,114.89
1002433,1.55E+12,62.3,349.5,-22.5,3.530,3.474,33.5,29.7,0.38,110.68
1002435,1.55E+12,15.5,328.4,-22.5,3.325,3.260,37.0,34.6,4.11,87.15
1002436,1.56E+12,47.8,357.6,-22.5,3.617,3.550,36.8,35.6,2.64,69.14
1002437,1.56E+12,55.6,341.0,-22.5,3.453,3.386,36.0,32.9,1.63,102.41
1002440,1.56E+12,18.8,329.5,-22.5,3.338,3.272,33.0,29.5,6.81,81.57
1002448,1.56E+12,70.1,327.8,-22.5,3.312,3.258,37.0,34.6,21.81,64.61
1002450,1.56E+12,49.2,329.0,-22.5,3.327,3.270,37.0,35.0,7.75,109.38
1002452,1.55E+12,62.5,325.0,-22.5,3.294,3.220,36.3,34.6,9.60,117.96
1002455,1.56E+12,18.4,325.0,-22.5,3.294,3.227,32.8,30.6,9.28,88.46
1002456,1.55E+12,65.1,341.5,-22.5,3.448,3.392,37.0,34.3,2.86,70.37
1002457,1.56E+12,54.9,330.5,-22.5,3.338,3.280,33.0,29.3,1.78,93.49
1002459,1.56E+12,59.2,326.8,-22.5,3.310,3.240,37.0,34.1,2.64,118.85
1002463,1.57E+12,21.4,354.5,-22.5,3.590,3.520,36.0,33.3,3.84,104.43
1002465,1.57E+12,73.1,353.5,-22.5,3.568,3.512,33.9,31.3,8.31,91.74
1002466,1.56E+12,29.2,340.5,-22.5,3.436,3.383,36.1,35.0,7.14,103.51
1002467,1.55E+12,52.1,329.4,-60.2,3.342,3.270,37.0,33.3,6.59,76.84
1002470,1.57E+12,21.4,329.9,-22.5,3.344,3.275,37.0,33.8,5.16,72.71
1002471,1.56E+12,68.0,349.2,-22.5,3.537,3.469,33.4,30.0,3.58,109.06
1002474,1.56E+12,15.8,355.7,-22.5,3.591,3.534,34.9,32.9,11.76,98.82
1002475,1.57E+12,62.2,332.4,-22.5,3.362,3.301,36.3,33.0,2.22,93.81
1002478,1.56E+12,66.7,343.9,-22.5,3.484,3.413,33.1,29.7,6.68,102.18
1002479,1.56E+12,40.7,332.2,-22.5,3.368,3.297,37.0,33.2,6.40,79.16
1002480,1.57E+12,60.2,340.0,-22.5,3.436,3.377,37.0,35.0,5.60,87.18
1002481,1.55E+12,26.2,329.1,-22.5,3.330,3.270,37.0,34.4,4.40,99.46
1002482,1.57E+12,73.0,352.4,-22.5,3.569,3.500,33.0,31.4,8.15,90.60
1002484,1.56E+12,24.7,354.4,-22.5,3.592,3.515,36.7,34.8,6.95,91.63
1002487,1.56E+12,47.4,325.2,-22.5,3.288,3.226,37.0,34.4,5.06,106.65
1002494,1.55E+12,33.2,358.3,-22.5,3.623,3.553,33.1,31.9,9.46,99.74
1002495,1.55E+12,48.1,327.9,-22.5,3.321,3.253,33.2,30.6,7.16,119.99
1002499,1.56E+12,33.8,344.1,-22.5,3.491,3.414,33.1,31.2,10.68,62.21
1002500,1.57E+12,28.2,336.5,-22.5,3.396,3.336,37.0,34.5,25.45,77.96
1002501,1.57E+12,41.3,335.2,-22.5,3.392,3.327,36.8,34.8,6.53,94.82
1002503,1.57E+12,16.6,345.3,-22.5,3.494,3.430,37.0,33.2,4.21,106.29
1002506,1.55E+12,40.7,331.0,-22.5,3.360,3.281,37.0,34.3,25.95,86.91
1002507,1.56E+12,60.5,334.1,-22.5,3.373,3.321,33.0,29.7,23.39,117.84
1002508,1.55E+12,27.3,332.2,-22.5,3.354,3.295,37.0,33.0,11.05,94.41
1002509,1.55E+12,39.3,326.7,-22.5,3.309,3.237,36.3,34.7,4.03,98.24
1002510,1.56E+12,32.8,328.6,-22.5,3.322,3.259,37.0,35.5,6.69,96.69
1002512,1.56E+12,27.3,355.2,-22.5,3.585,3.527,36.0,32.3,7.21,109.14
1002513,1.55E+12,72.5,330.9,-22.5,3.355,3.280,37.0,35.0,4.18,115.11
1002516,1.56E+12,62.3,331.6,-22.5,3.360,3.295,33.0,30.1,7.23,79.01
1002519,1.55E+12,47.6,329.0,-22.5,3.327,3.265,33.0,31.6,22.20,114.16
1002523,1.57E+12,21.1,326.5,-22.5,3.311,3.237,34.4,30.9,5.27,90.23
1002524,1.56E+12,36.0,348.3,-22.5,3.517,3.459,37.0,35.1,3.84,91.73
1002528,1.56E+12,68.7,329.5,-22.5,3.327,3.267,36.0,34.3,8.09,112.96
1002531,1.57E+12,32.8,330.5,-22.5,3.353,3.275,33.0,30.5,1.80,89.85
1002532,1.56E+12,74.5,351.3,-22.5,3.551,3.488,35.1,33.7,7.42,115.04
1002533,1.57E+12,70.6,340.3,-22.5,3.446,3.382,37.0,35.9,8.93,87.98
1002534,1.57E+12,41.5,342.7,-22.5,3.463,3.404,33.6,32.3,6.86,109.54
1002538,1.55E+12,67.3,331.4,-22.5,3.352,3.285,36.9,34.1,3.36,75.14
1002543,1.56E+12,42.9,350.5,-22.5,3.554,3.480,33.0,29.7,4.42,107.22
1002550,1.55E+12,18.0,344.7,-22.5,3.494,3.420,37.0,33.6,3.49,108.08
1002554,1.55E+12,32.1,333.0,-22.5,3.371,3.303,37.0,35.3,6.71,70.53
1002555,1.57E+12,26.0,326.7,-22.5,3.298,3.243,33.4,31.6,0.06,100.53
1002556,1.57E+12,41.2,326.5,-22.5,3.310,3.236,37.0,33.6,7.62,95.39
1002557,1.57E+12,58.5,329.6,-22.5,3.337,3.269,37.0,35.4,7.89,78.86
1002558,1.57E+12,36.5,352.2,-22.5,3.561,3.499,33.0,31.6,6.39,118.68
1002559,1.56E+12,42.3,340.4,-22.5,3.453,3.378,37.0,34.1,6.17,81.62
1002560,1.57E+12,41.7,337.3,-22.5,3.414,3.344,34.9,31.5,2.42,106.82
1002562,1.55E+12,45.6,337.7,-22.5,3.425,3.355,34.7,31.5,7.87,79.98
1002568,1.55E+12,69.0,355.7,-22.5,3.602,3.527,37.0,33.5,1.87,85.47
1002569,1.56E+12,52.8,341.6,-22.5,3.461,3.392,34.1,32.5,21.73,95.03
1002573,1.55E+12,24.0,334.8,-22.5,3.386,3.327,33.1,31.3,3.99,64.31
1002576,1.55E+12,52.4,325.5,-22.5,3.286,3.231,37.0,34.2,3.18,107.04
1002582,1.56E+12,37.5,353.9,-22.5,3.577,3.512,36.0,33.0,4.93,63.99
1002584,1.57E+12,69.6,332.4,-22.5,3.369,3.302,37.0,35.4,3.76,63.93
1002585,1.57E+12,44.2,331.4,-22.5,3.361,3.289,36.0,32.6,3.01,119.36
1002586,1.57E+12,68.5,330.1,-22.5,3.338,3.277,36.0,34.2,3.11,95.66
1002589,1.55E+12,55.7,328.1,-22.5,3.314,3.255,33.7,30.0,4.65,80.04
1002590,1.56E+12,28.5,335.4,-64.8,3.394,3.330,33.0,31.0,8.93,70.90
1002595,1.56E+12,72.2,331.0,-22.5,3.355,3.280,35.3,31.5,5.24,102.13
1002596,1.56E+12,40.1,325.3,-22.5,3.286,3.228,33.0,31.8,15.64,86.52
1002597,1.55E+12,64.2,346.3,-34.4,3.500,3.437,33.0,30.8,7.85,82.96
1002601,1.57E+12,40.0,327.8,-22.5,3.321,3.254,35.5,31.6,5.52,98.73
1002602,1.57E+12,52.4,352.9,-22.5,3.577,3.508,37.0,33.1,5.02,90.37
1002605,1.55E+12,68.7,356.8,-22.5,3.605,3.547,37.0,34.5,8.71,85.46
1002606,1.55E+12,70.9,329.6,-22.5,3.331,3.269,33.0,31.3,1.55,70.83
1002608,1.57E+12,29.0,348.1,-22.5,3.527,3.457,36.0,32.1,21.90,92.32
1002609,1.56E+12,15.7,332.1,-22.5,3.359,3.296,36.0,35.0,2.35,88.39
1002610,1.56E+12,70.5,331.5,-22.5,3.352,3.286,35.0,31.9,4.30,60.89
1002615,1.57E+12,60.8,330.9,-22.5,3.343,3.284,33.7,30.7,4.55,105.46
1002617,1.56E+12,35.0,347.5,-22.5,3.521,3.448,37.0,34.3,4.41,99.17
1002623,1.56E+12,67.9,327.0,-22.5,3.308,3.248,37.0,34.9,11.21,99.61
1002624,1.55E+12,57.3,337.8,-22.5,3.420,3.353,33.0,31.7,4.67,71.67
1002628,1.55E+12,41.7,340.3,-22.5,3.435,3.381,33.8,30.7,5.49,91.28
1002629,1.57E+12,59.7,342.6,-22.5,3.457,3.402,32.8,30.6,4.79,76.16
1002631,1.57E+12,18.5,348.0,-22.5,3.520,3.453,37.0,33.3,1.22,115.29
1002632,1.56E+12,67.4,341.3,-22.5,3.459,3.393,37.0,34.8,1.09,103.16
1002633,1.56E+12,48.6,343.9,-22.5,3.483,3.410,33.6,31.7,5.22,95.98
1002638,1.55E+12,41.2,358.2,-22.5,3.624,3.558,33.0,30.5,6.67,72.75
1002645,1.55E+12,47.7,336.4,-22.5,3.414,3.340,37.0,35.6,9.27,103.23
1002647,1.55E+12,27.1,345.8,-22.5,3.489,3.429,37.0,34.4,5.20,88.74
1002648,1.56E+12,52.6,335.4,-22.5,3.396,3.331,34.4,32.8,5.13,71.74
1002649,1.57E+12,48.3,328.3,-22.5,3.316,3.254,36.0,33.1,23.94,79.87
1002653,1.56E+12,59.5,350.4,-22.5,3.550,3.476,35.4,31.6,3.32,109.21
1002655,1.56E+12,29.2,329.5,-22.5,3.334,3.272,37.0,35.8,1.77,61.39
1002656,1.57E+12,52.4,323.8,-22.5,3.280,3.213,36.0,33.1,3.76,96.62
1002657,1.55E+12,47.8,330.2,-22.5,3.349,3.276,33.0,31.2,4.56,86.16
1002662,1.57E+12,28.4,343.6,-22.5,3.466,3.416,33.0,31.0,5.48,101.87
1002666,1.56E+12,20.2,334.7,-22.5,3.388,3.321,37.0,33.3,8.79,105.64
1002668,1.56E+12,40.5,332.1,-22.5,3.360,3.292,33.0,29.4,3.70,117.10
1002669,1.57E+12,50.9,329.0,-22.5,3.322,3.266,33.0,30.4,6.93,87.96
1002671,1.55E+12,56.0,345.6,-22.5,3.495,3.429,33.7,31.0,7.29,119.19
1002672,1.56E+12,51.6,354.6,-22.5,3.584,3.523,34.3,31.9,1.91,96.61
1002673,1.56E+12,56.0,347.5,-22.5,3.521,3.450,32.8,30.1,7.44,119.24
1002674,1.55E+12,70.5,327.7,-22.5,3.316,3.250,37.0,33.5,4.10,75.64
1002680,1.56E+12,34.2,351.4,-22.5,3.557,3.488,37.0,33.2,5.27,60.58
1002682,1.56E+12,24.2,332.4,-22.5,3.366,3.298,33.0,31.9,7.07,114.40
1002683,1.55E+12,21.3,353.1,-22.5,3.571,3.502,33.9,32.2,4.25,85.49
1002684,1.57E+12,49.3,347.8,-22.5,3.523,3.451,37.0,35.4,4.04,112.12
1002685,1.56E+12,42.6,342.1,-22.5,3.459,3.392,35.8,33.6,2.38,106.53
1002686,1.55E+12,69.8,329.8,-22.5,3.334,3.273,33.0,29.8,4.69,113.61
1002687,1.55E+12,44.7,336.7,-22.5,3.412,3.339,36.0,34.1,3.03,84.09
1002689,1.56E+12,30.3,330.6,-22.5,3.343,3.283,36.0,33.6,4.16,92.49
1002691,1.57E+12,26.3,350.0,-22.5,3.540,3.476,32.4,29.8,1.04,80.97
1002692,1.57E+12,28.6,357.1,-22.5,3.606,3.547,36.0,34.5,21.80,101.28
1002695,1.55E+12,49.5,351.2,-22.5,3.548,3.486,35.0,33.4,10.98,85.86
1002699,1.56E+12,31.3,354.2,-22.5,3.592,3.520,36.0,33.2,2.01,79.90
1002700,1.56E+12,32.0,327.5,-22.5,3.305,3.248,37.0,33.0,9.09,61.28
1002702,1.55E+12,36.9,339.7,-22.5,3.445,3.375,36.5,34.4,5.84,100.54
1002704,1.55E+12,33.2,337.4,-22.5,3.416,3.348,33.0,30.3,5.63,65.39
1002705,1.56E+12,38.5,336.0,-22.5,3.393,3.333,33.0,29.3,24.06,95.46
1002707,1.56E+12,52.6,327.3,-22.5,3.306,3.245,37.0,34.6,1.88,83.46
1002708,1.56E+12,17.0,329.0,-22.5,3.322,3.270,33.0,29.1,8.79,72.52
1002709,1.56E+12,42.2,327.8,-22.5,3.311,3.253,36.0,34.3,6.67,97.93
1002713,1.56E+12,22.1,335.8,-22.5,3.389,3.329,37.0,33.8,24.65,71.02
1002715,1.57E+12,29.0,349.9,-22.5,3.544,3.470,34.6,33.0,1.42,69.01
1002716,1.57E+12,55.5,332.2,-22.5,3.360,3.295,32.7,30.0,15.91,103.35
1002720,1.55E+12,21.1,327.3,-22.5,3.315,3.252,37.0,34.2,10.26,83.16
1002721,1.57E+12,18.7,336.8,-22.5,3.405,3.346,33.0,31.0,3.02,119.43
1002724,1.56E+12,39.0,336.5,-22.5,3.414,3.338,33.4,31.0,10.34,89.38
1002728,1.55E+12,70.8,327.7,-22.5,3.314,3.249,37.0,33.4,2.01,112.47
1002731,1.57E+12,40.6,341.9,-22.5,3.469,3.396,37.0,34.4,6.70,85.06
1002732,1.57E+12,69.4,327.3,-22.5,3.315,3.250,37.0,36.0,7.37,67.59
1002735,1.57E+12,61.6,341.3,-22.5,3.462,3.390,37.0,33.1,0.44,109.42
1002737,1.57E+12,73.8,334.1,-22.5,3.391,3.316,36.0,33.6,14.09,70.69
1002739,1.55E+12,63.0,331.4,-22.5,3.344,3.284,33.0,29.4,9.79,77.96
1002740,1.57E+12,21.4,328.3,-22.5,3.314,3.257,35.8,34.1,4.41,81.60
1002742,1.56E+12,51.0,327.0,-22.5,3.319,3.241,33.0,29.7,4.01,96.55
1002748,1.57E+12,32.7,346.0,-22.5,3.494,3.431,37.0,33.4,9.50,62.01
1002750,1.56E+12,41.7,328.2,-22.5,3.326,3.253,36.0,33.8,6.21,82.08
1002752,1.55E+12,23.0,358.1,-22.5,3.626,3.557,37.0,33.7,1.76,60.72
1002756,1.56E+12,55.8,330.2,-22.5,3.350,3.281,34.5,30.8,9.21,118.81
1002760,1.55E+12,71.5,328.9,-22.5,3.329,3.267,37.0,34.5,3.52,86.52
1002761,1.55E+12,36.2,352.6,-22.5,3.568,3.504,36.0,34.0,5.60,96.43
1002762,1.56E+12,57.5,338.6,-22.5,3.422,3.365,36.4,35.1,23.64,83.71
1002763,1.57E+12,36.0,329.8,-22.5,3.331,3.270,34.4,32.8,3.94,77.58
1002765,1.56E+12,28.3,334.4,-22.5,3.387,3.317,36.0,34.4,9.28,99.37
1002766,1.56E+12,29.3,332.9,-22.5,3.369,3.306,36.0,33.9,4.71,70.62
1002768,1.56E+12,26.9,327.0,-22.5,3.308,3.249,33.8,31.2,2.06,103.28
1002778,1.56E+12,35.9,330.0,-22.5,3.341,3.271,33.2,31.1,4.85,114.73
1002781,1.55E+12,69.3,326.2,-22.5,3.300,3.237,37.0,33.7,6.15,73.14
1002782,1.55E+12,74.9,345.1,-22.5,3.483,3.422,32.2,29.9,1.16,64.88
1002784,1.56E+12,56.0,355.3,-22.5,3.592,3.527,37.0,34.3,1.75,115.74
1002787,1.55E+12,45.7,333.6,-22.5,3.385,3.311,33.4,32.2,0.58,72.85
1002788,1.56E+12,61.3,333.4,-22.5,3.376,3.306,37.0,34.8,1.81,115.90
1002793,1.56E+12,35.2,330.9,-22.5,3.356,3.281,36.6,33.4,12.78,83.55
1002794,1.56E+12,26.2,348.8,-22.5,3.529,3.468,33.8,31.8,6.33,102.89
1002796,1.55E+12,72.4,329.5,-22.5,3.328,3.270,33.6,30.7,2.54,89.03
1002797,1.57E+12,75.1,345.0,-22.5,3.495,3.429,36.0,33.7,8.40,64.69
1002798,1.57E+12,72.2,351.0,-22.5,3.551,3.489,36.6,33.8,1.47,98.11
1002802,1.55E+12,40.6,324.4,-22.5,3.285,3.223,35.9,33.9,3.32,88.47
1002804,1.56E+12,70.3,327.8,-22.5,3.321,3.252,36.0,33.9,6.51,117.02
1002806,1.56E+12,33.9,343.0,-22.5,3.463,3.402,33.0,31.4,1.83,106.67
1002810,1.55E+12,58.4,327.9,-22.5,3.311,3.254,36.2,34.9,2.83,63.05
1002811,1.57E+12,18.5,346.5,-22.5,3.496,3.437,37.0,33.9,4.84,66.50
1002814,1.56E+12,64.9,332.9,-22.5,3.375,3.307,35.8,33.0,9.10,61.67
1002815,1.56E+12,47.5,339.1,-22.5,3.422,3.362,33.6,29.9,24.36,106.41
1002816,1.55E+12,38.6,344.4,-22.5,3.486,3.423,37.0,35.3,9.57,75.15
1002818,1.55E+12,32.0,336.6,-22.5,3.406,3.339,33.0,31.6,1.46,109.47
1002819,1.57E+12,22.2,328.9,-22.5,3.325,3.262,33.7,32.4,2.71,87.13
1002820,1.55E+12,21.9,328.2,-22.5,3.325,3.258,33.3,29.4,0.99,105.40
1002823,1.57E+12,52.4,356.9,-22.5,3.613,3.548,34.0,32.2,4.32,117.74
1002831,1.57E+12,19.0,341.3,-22.5,3.451,3.385,37.0,33.8,10.60,103.08
1002834,1.56E+12,20.5,331.8,-22.5,3.364,3.296,34.8,33.0,6.81,98.98
1002835,1.55E+12,35.4,328.7,-22.5,3.329,3.257,37.0,33.3,5.64,118.85
1002839,1.56E+12,53.0,345.1,-22.5,3.493,3.427,34.7,32.3,7.27,118.31
1002841,1.57E+12,41.9,335.2,-22.5,3.383,3.331,34.5,31.0,5.86,69.41
1002845,1.57E+12,28.3,333.1,-22.5,3.362,3.306,36.7,32.9,5.42,69.33
1002847,1.56E+12,59.0,353.6,-22.5,3.582,3.507,36.0,33.8,1.24,86.43
1002848,1.57E+12,32.1,327.2,-22.5,3.311,3.242,33.0,31.0,22.38,93.91
1002849,1.55E+12,30.1,332.9,-22.5,3.375,3.300,33.4,31.4,5.62,96.60
1002850,1.56E+12,43.0,330.5,-22.5,3.353,3.282,33.4,30.5,2.64,82.22
1002852,1.55E+12,24.6,332.4,-22.5,3.363,3.299,33.0,30.2,1.22,76.35
1002853,1.56E+12,62.4,329.6,-22.5,3.343,3.267,34.7,33.1,0.38,117.71
1002858,1.55E+12,36.8,334.8,-22.5,3.383,3.323,37.0,34.4,3.14,100.34
1002859,1.57E+12,51.2,349.8,-22.5,3.543,3.472,37.0,34.1,4.12,63.70
1002860,1.55E+12,49.8,350.8,-22.5,3.556,3.485,36.0,32.2,6.84,92.09
1002861,1.57E+12,19.5,325.3,-22.5,3.300,3.224,37.0,34.5,7.55,90.00
1002862,1.56E+12,43.3,340.4,-22.5,3.439,3.384,33.0,29.1,7.01,62.26
1002863,1.56E+12,70.1,327.2,-22.5,3.307,3.250,33.0,30.6,4.11,88.38
1002867,1.57E+12,16.9,341.4,-22.5,3.451,3.391,36.0,34.3,21.92,72.28
1002869,1.56E+12,30.1,339.7,-22.5,3.430,3.368,37.0,34.7,3.11,60.64
1002870,1.55E+12,64.9,329.7,-22.5,3.332,3.272,36.2,34.3,0.07,105.99
1002872,1.56E+12,40.8,345.2,-22.5,3.501,3.425,32.4,28.7,7.75,84.46
1002873,1.56E+12,15.8,340.2,-22.5,3.446,3.382,37.0,33.2,6.58,80.43
1002880,1.55E+12,41.2,339.5,-22.5,3.436,3.368,37.0,33.6,8.54,86.16
1002881,1.57E+12,38.9,341.2,-22.5,3.443,3.391,37.0,34.8,3.33,67.76
1002883,1.57E+12,28.2,348.2,-22.5,3.514,3.454,33.0,29.8,6.24,73.43
1002886,1.56E+12,32.2,332.0,-22.5,3.370,3.298,37.0,35.6,22.86,78.08
1002889,1.55E+12,61.0,342.1,-22.5,3.453,3.396,33.0,30.8,6.27,83.59
1002891,1.56E+12,74.9,330.3,-22.5,3.344,3.278,36.0,32.6,5.10,92.07
1002893,1.56E+12,37.5,331.7,-22.5,3.355,3.290,37.0,34.9,4.27,107.46
1002898,1.56E+12,34.4,341.8,-22.5,3.461,3.389,33.0,31.4,5.09,100.91
1002899,1.57E+12,54.2,335.8,-22.5,3.394,3.335,36.0,32.1,9.96,81.99
1002900,1.57E+12,24.7,327.1,-22.5,3.318,3.251,37.0,35.0,6.08,86.86
1002903,1.55E+12,51.4,331.7,-22.5,3.353,3.296,36.8,35.2,3.36,89.35
1002907,1.57E+12,67.2,343.1,-22.5,3.467,3.402,35.0,33.0,12.67,70.78
1002909,1.57E+12,52.9,324.8,-22.5,3.293,3.225,33.0,31.4,3.72,85.82
1002910,1.55E+12,37.9,330.9,-22.5,3.341,3.280,34.7,32.1,10.99,66.54
1002919,1.57E+12,60.6,343.2,-22.5,3.465,3.408,32.7,30.2,4.41,61.24
1002921,1.56E+12,55.1,328.0,-22.5,3.313,3.252,36.0,34.7,4.50,90.83
1002922,1.55E+12,54.7,352.3,-46.5,3.555,3.498,34.7,32.3,9.22,93.76
1002924,1.56E+12,31.5,328.6,-22.5,3.331,3.265,37.0,33.4,8.68,79.43
1002929,1.56E+12,43.6,355.9,-22.5,3.590,3.529,33.6,32.0,5.57,85.27
1002934,1.56E+12,30.2,350.6,-22.5,3.555,3.484,37.0,33.2,11.60,107.13
1002944,1.55E+12,41.7,333.1,-22.5,3.371,3.307,35.9,34.7,6.04,82.83
1002946,1.56E+12,32.6,332.8,-22.5,3.378,3.300,37.0,34.1,5.14,69.08
1002947,1.56E+12,45.9,327.9,-22.5,3.326,3.258,37.0,33.6,6.26,70.97
1002948,1.55E+12,69.7,351.1,-22.5,3.559,3.487,34.4,32.8,5.07,73.38
1002949,1.57E+12,23.6,328.7,-22.5,3.325,3.260,33.0,30.5,9.12,77.95
1002953,1.55E+12,23.6,349.3,-22.5,3.524,3.472,35.3,32.6,4.12,83.98
1002954,1.56E+12,42.9,342.0,-22.5,3.465,3.393,36.0,33.2,7.90,84.21
1002955,1.55E+12,20.7,351.8,-22.5,3.560,3.492,33.0,29.5,7.14,87.55
1002956,1.56E+12,43.9,344.8,-22.5,3.483,3.420,36.2,34.1,6.13,81.89
1002957,1.56E+12,33.5,324.8,-22.5,3.296,3.221,37.0,34.5,5.92,71.08
1002959,1.57E+12,29.1,334.4,-22.5,3.386,3.317,37.0,33.1,4.49,119.07
1002962,1.56E+12,44.3,328.6,-22.5,3.330,3.260,33.0,30.1,5.34,63.58
1002967,1.56E+12,52.0,346.3,-22.5,3.507,3.437,37.0,35.1,11.73,68.34
1002974,1.56E+12,19.1,325.7,-22.5,3.300,3.231,37.0,34.8,10.24,95.29
1002975,1.57E+12,72.5,339.0,-22.5,3.438,3.365,33.0,30.7,3.94,108.13
1002979,1.56E+12,71.7,351.9,-22.5,3.560,3.497,37.0,33.0,6.71,92.98
1002980,1.56E+12,51.5,330.5,-22.5,3.351,3.279,37.0,34.6,12.48,60.38
1002981,1.57E+12,39.4,337.2,-22.5,3.404,3.347,33.0,30.0,2.99,92.06
1002982,1.56E+12,53.7,343.1,-22.5,3.470,3.405,33.0,30.2,0.17,109.97
1002983,1.57E+12,65.9,330.9,-22.5,3.343,3.280,34.2,32.0,5.29,114.47
1002984,1.57E+12,74.4,324.7,-22.5,3.285,3.219,33.7,32.4,5.77,97.11
1002985,1.55E+12,46.9,333.1,-22.5,3.374,3.308,36.0,32.6,3.88,76.88
1002986,1.55E+12,74.3,332.0,-22.5,3.358,3.291,34.9,33.8,0.84,97.78
1002989,1.56E+12,34.1,330.1,-22.5,3.340,3.280,35.2,34.1,5.29,86.52
1002996,1.57E+12,40.8,326.6,-22.5,3.298,3.243,36.0,33.6,5.30,112.87
1002998,1.55E+12,74.2,328.1,-22.5,3.311,3.254,33.0,31.5,4.82,100.97
1003001,1.55E+12,51.2,348.2,-22.5,3.528,3.452,32.1,28.3,6.25,76.14
1003002,1.56E+12,23.6,328.8,-22.5,3.328,3.259,33.6,30.4,1.82,94.45
1003003,1.56E+12,48.4,346.4,-22.5,3.512,3.442,37.0,35.9,8.61,109.67
1003006,1.55E+12,47.9,337.9,-22.5,3.409,3.356,36.1,33.6,5.27,117.53
1003009,1.57E+12,16.3,356.5,-22.5,3.604,3.545,33.0,30.3,7.55,104.93
1003010,1.57E+12,73.8,357.7,-22.5,3.608,3.548,36.0,32.4,1.03,103.79
1003013,1.55E+12,36.4,340.6,-22.5,3.439,3.385,37.0,34.0,22.58,78.28
1003018,1.56E+12,25.1,355.6,-22.5,3.589,3.535,37.0,35.1,7.86,93.94
1003019,1.57E+12,36.1,357.6,-22.5,3.618,3.554,33.3,30.4,6.55,88.71
1003022,1.56E+12,21.8,357.5,-22.5,3.625,3.550,37.0,35.4,4.98,116.61
1003024,1.55E+12,16.8,323.9,-22.5,3.279,3.216,36.0,33.5,0.82,89.30
1003025,1.57E+12,24.5,331.4,-22.5,3.344,3.285,35.7,33.9,7.49,83.69
1003026,1.57E+12,16.8,349.9,-22.5,3.533,3.471,33.8,32.3,9.62,106.20
1003028,1.55E+12,59.7,346.5,-22.5,3.514,3.440,33.0,30.7,10.43,110.25
1003029,1.55E+12,64.9,350.1,-22.5,3.538,3.479,36.0,32.5,5.99,113.35
1003030,1.57E+12,69.6,329.1,-22.5,3.329,3.267,34.9,31.6,9.64,62.21
1003031,1.57E+12,53.2,347.5,-22.5,3.521,3.448,33.0,29.7,6.22,96.41
1003034,1.55E+12,21.1,330.1,-22.5,3.347,3.280,36.0,34.2,9.46,89.61
1003035,1.55E+12,28.1,354.9,-22.5,3.596,3.528,33.0,31.1,5.50,96.83
1003037,1.55E+12,61.8,340.0,-22.5,3.435,3.371,37.0,34.6,12.95,72.71
1003040,1.56E+12,61.1,326.7,-22.5,3.316,3.238,37.0,33.7,0.77,115.17
1003042,1.55E+12,39.3,328.6,-22.5,3.319,3.265,33.6,29.9,8.04,111.81
1003044,1.55E+12,48.2,327.0,-22.5,3.309,3.248,33.0,31.9,1.24,61.56
1003045,1.56E+12,57.1,345.4,-22.5,3.498,3.434,37.0,35.3,7.12,74.34
1003047,1.57E+12,67.0,355.6,-22.5,3.589,3.533,37.0,35.5,12.22,78.68
1003048,1.55E+12,53.8,331.7,-22.5,3.365,3.288,33.0,31.0,2.32,116.59
1003050,1.56E+12,57.8,351.2,-22.5,3.545,3.488,33.8,30.8,3.43,100.29
1003053,1.56E+12,59.0,326.8,-22.5,3.308,3.244,35.5,31.7,2.15,69.94
1003057,1.56E+12,68.3,350.2,-22.5,3.550,3.477,36.1,32.4,3.30,107.07
1003060,1.56E+12,37.2,351.8,-22.5,3.559,3.497,37.0,34.7,0.92,109.82
1003063,1.56E+12,52.0,357.6,-22.5,3.620,3.548,37.0,35.1,3.35,112.45
1003064,1.55E+12,54.1,353.1,-22.5,3.565,3.503,33.0,32.0,4.12,97.09
1003065,1.57E+12,71.6,328.9,-22.5,3.331,3.264,37.0,34.5,7.83,61.22
1003066,1.56E+12,70.3,328.1,-22.5,3.313,3.255,33.0,29.1,5.68,114.54
1003067,1.55E+12,68.5,329.6,-22.5,3.341,3.267,37.0,33.3,2.04,104.10
1003069,1.56E+12,70.7,348.6,-22.5,3.518,3.463,37.0,34.9,22.22,81.08
1003070,1.55E+12,62.8,354.4,-22.5,3.593,3.520,36.0,33.2,4.50,96.06
1003074,1.56E+12,65.5,347.5,-22.5,3.517,3.452,37.0,35.2,1.89,115.52
1003075,1.57E+12,39.8,325.1,-22.5,3.297,3.229,33.0,29.1,7.59,68.65
1003076,1.56E+12,20.5,350.8,-22.5,3.544,3.487,33.0,29.9,4.70,90.30
1003080,1.55E+12,19.5,327.2,-22.5,3.302,3.242,35.1,34.1,1.17,88.41
1003082,1.56E+12,37.2,327.3,-22.5,3.322,3.252,33.0,29.1,5.72,85.29
1003084,1.55E+12,22.5,340.3,-22.5,3.440,3.377,33.0,30.1,3.45,95.93
1003086,1.56E+12,44.7,329.4,-22.5,3.329,3.267,33.0,32.0,24.68,67.43
1003089,1.56E+12,35.0,357.0,-22.5,3.608,3.545,37.0,33.7,24.29,75.88
1003090,1.56E+12,46.0,356.1,-22.5,3.608,3.540,37.0,35.1,3.84,63.84
1003091,1.55E+12,31.3,328.5,-22.5,3.333,3.257,36.4,34.0,21.94,119.30
1003092,1.57E+12,67.9,326.4,-22.5,3.305,3.234,32.7,30.3,5.27,110.46
1003093,1.57E+12,57.0,339.4,-22.5,3.441,3.371,36.5,33.3,4.25,80.94
1003094,1.56E+12,44.9,348.6,-22.5,3.532,3.458,33.1,31.4,7.40,67.57
1003095,1.57E+12,44.9,345.9,-22.5,3.502,3.431,37.0,33.2,7.42,62.39
1003100,1.57E+12,66.8,327.9,-22.5,3.311,3.257,35.3,33.7,8.66,63.22
1003103,1.57E+12,15.5,328.5,-22.5,3.327,3.264,36.3,34.1,4.36,104.68
1003104,1.55E+12,41.0,329.4,-22.5,3.334,3.269,33.0,29.9,6.89,89.05
1003108,1.57E+12,28.3,346.8,-22.5,3.501,3.439,37.0,33.9,2.52,105.63
1003109,1.56E+12,15.7,327.7,-22.5,3.321,3.250,34.5,31.4,2.38,93.69
1003110,1.55E+12,46.6,326.3,-27.8,3.295,3.237,37.0,34.2,3.56,94.62
1003111,1.55E+12,29.0,328.9,-22.5,3.323,3.264,34.3,31.2,4.40,74.03
1003114,1.56E+12,54.8,327.2,-22.5,3.303,3.251,36.6,35.2,5.08,69.88
1003119,1.56E+12,57.3,325.3,-22.5,3.297,3.229,33.0,30.9,0.22,113.08
1003120,1.55E+12,31.0,325.2,-22.5,3.292,3.229,36.0,33.4,6.62,77.54
1003121,1.56E+12,65.2,327.3,-22.5,3.307,3.246,33.0,31.4,1.74,65.41
1003125,1.56E+12,59.0,331.1,-22.5,3.346,3.290,33.0,29.0,11.78,75.98
1003126,1.56E+12,57.3,333.0,-22.5,3.377,3.308,35.7,34.2,12.39,92.62
1003127,1.56E+12,70.8,330.5,-22.5,3.346,3.281,36.7,33.4,6.99,85.62
1003128,1.56E+12,22.9,358.1,-22.5,3.620,3.561,33.3,31.0,22.40,93.28
1003130,1.55E+12,55.5,335.3,-22.5,3.399,3.327,33.0,29.6,11.55,60.76
1003134,1.57E+12,37.2,331.5,-22.5,3.357,3.286,35.5,33.5,4.59,66.94
1003136,1.57E+12,45.9,345.3,-22.5,3.496,3.426,36.3,34.2,0.94,93.30
1003140,1.57E+12,29.5,329.9,-22.5,3.345,3.274,34.9,32.8,10.13,116.56
1003141,1.55E+12,21.3,333.9,-22.5,3.387,3.312,33.0,31.0,6.75,81.95
1003153,1.55E+12,75.3,333.6,-22.5,3.373,3.313,33.7,30.8,3.26,62.66
1003158,1.55E+12,24.4,336.0,-22.5,3.403,3.334,35.0,31.3,2.82,96.56
1003159,1.57E+12,29.4,324.2,-22.5,3.291,3.213,33.7,31.7,2.48,102.63
1003162,1.55E+12,57.7,325.5,-22.5,3.300,3.233,36.8,33.9,4.74,115.30
1003163,1.57E+12,46.9,346.5,-22.5,3.499,3.439,37.0,33.7,6.95,63.00
1003170,1.56E+12,41.7,332.2,-22.5,3.364,3.294,36.7,33.7,4.17,102.44
1003173,1.57E+12,53.9,331.0,-22.5,3.359,3.280,33.0,30.8,5.50,61.16
1003179,1.57E+12,31.2,357.8,-22.5,3.622,3.551,33.0,30.3,6.88,66.94
1003180,1.56E+12,16.5,356.0,-22.5,3.596,3.531,36.1,33.0,5.91,79.01
1003184,1.56E+12,21.8,328.2,-22.5,3.313,3.256,37.0,35.2,9.60,99.43
1003185,1.56E+12,74.9,336.4,-22.5,3.402,3.340,37.0,33.5,3.43,71.80
1003186,1.56E+12,44.3,325.4,-22.5,3.300,3.225,37.0,34.7,5.02,110.49
1003189,1.56E+12,34.3,335.6,-22.5,3.388,3.331,37.0,33.6,21.81,74.45
1003190,1.56E+12,32.7,328.3,-22.5,3.315,3.254,36.0,34.2,6.55,94.24
1003191,1.56E+12,21.7,345.7,-22.5,3.503,3.434,32.8,31.3,5.85,62.44
1003193,1.55E+12,66.6,355.6,-22.5,3.603,3.530,36.0,34.6,24.20,105.19
1003194,1.56E+12,66.8,349.5,-22.5,3.542,3.469,36.0,34.6,5.15,64.48
1003195,1.56E+12,62.7,353.9,-22.5,3.587,3.518,33.0,31.8,8.06,101.50
1003196,1.56E+12,27.9,356.3,-22.5,3.604,3.534,33.0,30.9,2.57,66.51
1003198,1.55E+12,18.6,342.8,-22.5,3.463,3.407,35.5,33.9,3.43,78.37
1003199,1.55E+12,45.9,323.8,-22.5,3.274,3.211,37.0,34.9,21.48,105.77
1003202,1.56E+12,48.8,350.2,-22.5,3.539,3.477,33.0,31.1,4.73,72.41
1003204,1.55E+12,52.3,341.3,-22.5,3.454,3.389,36.0,34.1,8.18,105.34
1003205,1.56E+12,61.7,358.7,-69.2,3.633,3.566,33.0,29.1,10.87,73.81
1003206,1.56E+12,75.2,338.3,-22.5,3.422,3.363,32.4,31.0,5.29,86.74
1003210,1.57E+12,60.4,342.7,-22.5,3.458,3.406,37.0,35.2,1.55,88.00
1003217,1.56E+12,24.6,335.0,-22.5,3.383,3.325,36.0,33.5,5.75,71.50
1003220,1.55E+12,29.9,324.2,-22.5,3.286,3.221,36.0,35.0,8.03,91.80
1003221,1.57E+12,61.3,347.8,-22.5,3.514,3.457,33.6,29.8,8.78,91.71
1003222,1.55E+12,27.2,328.7,-22.5,3.324,3.260,34.8,33.2,7.71,83.07
1003224,1.55E+12,32.3,355.0,-22.5,3.592,3.523,34.7,32.8,4.01,91.23
1003226,1.55E+12,25.0,324.4,-22.5,3.293,3.220,36.0,34.5,4.76,89.68
1003231,1.55E+12,55.9,342.4,-22.5,3.467,3.396,36.1,33.1,10.45,88.46
1003232,1.56E+12,43.7,324.0,-22.5,3.271,3.214,33.0,31.7,2.31,113.96
1003236,1.56E+12,68.4,329.4,-22.5,3.326,3.271,33.0,30.1,6.12,76.23
1003239,1.55E+12,31.6,326.0,-22.5,3.295,3.238,33.5,29.8,5.43,71.63
1003240,1.57E+12,48.2,329.4,-22.5,3.328,3.269,36.0,33.5,8.92,99.01
1003242,1.55E+12,31.3,326.1,-22.5,3.294,3.233,34.7,31.5,12.28,114.27
1003250,1.57E+12,16.4,349.1,-22.5,3.533,3.469,37.0,33.3,6.83,94.09
1003251,1.55E+12,74.5,327.7,-22.5,3.316,3.249,37.0,35.8,3.24,87.73
1003254,1.55E+12,73.5,331.6,-22.5,3.348,3.287,33.4,32.3,2.61,100.91
1003259,1.55E+12,33.7,329.1,-22.5,3.327,3.269,37.0,35.9,8.42,117.42
1003261,1.57E+12,66.3,334.4,-22.5,3.386,3.324,36.7,35.2,1.49,94.09
1003262,1.56E+12,32.2,326.1,-22.5,3.307,3.237,36.2,33.8,4.30,89.89
1003267,1.55E+12,39.7,348.0,-67.5,3.514,3.453,37.0,33.2,6.84,68.60
1003268,1.55E+12,52.4,357.1,-22.5,3.605,3.548,34.6,31.0,16.76,114.92
1003271,1.56E+12,22.6,332.1,-22.5,3.365,3.296,34.8,31.3,5.67,94.40
1003273,1.57E+12,60.7,345.0,-22.5,3.487,3.425,37.0,33.1,2.32,98.37
1003274,1.55E+12,69.0,347.5,-22.5,3.517,3.451,37.0,33.1,7.21,99.66
1003276,1.56E+12,35.9,333.3,-22.5,3.379,3.308,33.0,30.1,22.03,84.70
1003281,1.57E+12,37.9,337.8,-22.5,3.415,3.355,36.0,33.1,7.11,82.34
1003282,1.57E+12,19.7,328.7,-22.5,3.325,3.262,33.5,29.5,7.42,89.20
1003283,1.55E+12,38.5,329.1,-22.5,3.327,3.271,37.0,33.2,3.10,70.97
1003287,1.55E+12,32.1,329.9,-22.5,3.337,3.278,37.0,35.7,11.53,82.31
1003289,1.55E+12,28.9,347.6,-22.5,3.511,3.453,34.2,31.8,9.48,69.67
1003291,1.55E+12,28.6,348.1,-22.5,3.515,3.451,33.6,31.9,1.99,73.50
1003293,1.56E+12,71.0,333.7,-22.5,3.379,3.308,36.9,32.9,7.07,112.72
1003295,1.55E+12,40.6,331.0,-22.5,3.353,3.288,37.0,33.8,0.02,60.07
1003296,1.55E+12,72.2,332.5,-22.5,3.362,3.300,35.3,32.6,8.73,77.92
1003297,1.55E+12,48.3,325.7,-22.5,3.297,3.233,33.0,31.1,3.70,109.35
1003302,1.56E+12,50.5,330.4,-22.5,3.336,3.280,33.0,31.9,7.43,98.88
1003306,1.57E+12,23.5,331.6,-22.5,3.358,3.287,36.7,32.8,7.68,105.85
1003308,1.55E+12,65.9,339.2,-22.5,3.437,3.370,33.5,29.8,25.69,112.22
1003310,1.56E+12,63.0,340.2,-22.5,3.437,3.377,33.1,31.2,0.84,104.56
1003311,1.57E+12,52.5,344.1,-22.5,3.478,3.413,37.0,33.9,4.22,71.19
1003313,1.55E+12,32.8,328.5,-22.5,3.333,3.261,33.4,32.2,5.26,113.13
1003317,1.57E+12,16.9,356.9,-22.5,3.612,3.546,36.1,35.1,3.10,63.67
1003318,1.56E+12,42.4,335.5,-22.5,3.394,3.331,33.0,31.1,4.24,95.55
1003320,1.56E+12,62.0,324.3,-22.5,3.290,3.221,35.6,33.1,22.19,86.06
1003322,1.55E+12,44.4,347.9,-22.5,3.527,3.456,33.0,29.7,7.33,78.85
1003325,1.56E+12,48.4,357.1,-22.5,3.612,3.546,34.7,31.1,3.72,71.33
1003327,1.57E+12,48.2,333.5,-22.5,3.366,3.310,36.0,33.2,24.93,78.81
1003329,1.55E+12,18.4,327.9,-22.5,3.324,3.254,37.0,35.0,2.21,88.85
1003330,1.56E+12,43.5,341.0,-22.5,3.442,3.389,37.0,33.8,22.61,87.88
1003333,1.57E+12,51.3,333.5,-22.5,3.368,3.307,33.0,29.2,3.89,61.95
1003337,1.57E+12,31.5,338.1,-22.5,3.418,3.352,33.0,29.6,2.61,98.10
1003342,1.57E+12,49.0,327.8,-22.5,3.328,3.255,36.1,34.6,6.28,70.80
1003344,1.57E+12,74.7,327.2,-22.5,3.315,3.247,36.8,34.8,3.26,77.12
1003345,1.56E+12,63.8,352.5,-55.5,3.565,3.503,37.0,33.3,1.13,111.80
1003347,1.55E+12,37.1,354.9,-22.5,3.589,3.526,33.1,29.9,0.30,111.46
1003348,1.56E+12,60.3,323.9,-22.5,3.275,3.215,33.4,30.8,7.55,93.28
1003349,1.56E+12,62.3,328.8,-22.5,3.333,3.261,36.0,32.3,24.60,99.09
1003351,1.57E+12,48.1,349.6,-22.5,3.536,3.468,36.1,34.2,8.54,104.89
1003355,1.57E+12,42.9,331.6,-46.6,3.356,3.296,35.2,34.2,2.93,116.63
1003356,1.57E+12,59.6,350.9,-22.5,3.557,3.482,33.0,31.5,7.44,119.99
1003359,1.57E+12,27.6,332.1,-22.5,3.362,3.292,33.0,29.3,23.94,111.34
1003360,1.56E+12,24.4,325.5,-22.5,3.289,3.231,37.0,35.5,4.22,110.61
1003361,1.56E+12,18.5,330.4,-22.5,3.353,3.282,33.0,30.0,8.04,63.37
1003363,1.55E+12,48.5,352.9,-22.5,3.559,3.500,33.0,30.9,8.04,91.08
1003364,1.57E+12,37.6,330.3,-22.5,3.339,3.283,36.0,34.0,4.67,73.42
1003366,1.57E+12,22.8,331.1,-22.5,3.346,3.288,37.0,34.1,21.50,71.89
1003368,1.57E+12,38.9,325.3,-22.5,3.292,3.224,32.5,31.4,1.72,117.86
1003371,1.56E+12,67.3,335.8,-64.3,3.391,3.335,33.3,29.8,12.60,96.19
1003373,1.55E+12,32.7,350.0,-22.5,3.532,3.478,34.0,32.1,7.37,75.71
1003375,1.57E+12,67.7,341.2,-22.5,3.443,3.388,37.0,33.1,4.34,82.79
1003376,1.55E+12,18.7,324.5,-22.5,3.282,3.216,36.0,33.5,13.06,112.78
1003377,1.55E+12,50.5,342.6,-22.5,3.468,3.401,33.0,31.1,4.69,61.54
1003378,1.56E+12,22.1,325.0,-22.5,3.281,3.224,33.0,29.8,8.69,74.59
1003379,1.55E+12,52.1,326.8,-22.5,3.309,3.243,33.0,31.1,2.73,72.24
1003382,1.56E+12,19.6,352.4,-22.5,3.563,3.503,36.5,32.7,4.84,60.06
1003385,1.55E+12,27.1,334.3,-22.5,3.380,3.321,36.8,33.3,6.48,118.76
1003386,1.57E+12,36.6,328.8,-22.5,3.333,3.265,35.4,32.6,4.73,105.44
1003387,1.56E+12,64.7,348.5,-22.5,3.529,3.459,36.0,33.9,8.11,117.03
1003388,1.55E+12,32.6,327.7,-22.5,3.325,3.252,37.0,36.0,1.51,94.01
1003390,1.56E+12,50.5,348.8,-22.5,3.528,3.466,37.0,33.9,6.93,116.00
1003391,1.57E+12,39.5,328.7,-22.5,3.320,3.264,34.9,33.2,25.38,106.71
1003395,1.55E+12,45.7,332.9,-22.5,3.371,3.301,33.6,32.4,12.01,118.70
1003402,1.56E+12,32.1,341.0,-22.5,3.453,3.387,33.0,29.5,4.64,79.44
1003403,1.56E+12,62.4,348.2,-22.5,3.524,3.459,35.7,34.4,3.51,69.94
1003409,1.56E+12,38.2,327.1,-22.5,3.303,3.242,36.0,34.1,25.52,117.43
1003410,1.57E+12,23.2,342.0,-22.5,3.465,3.393,32.6,31.5,8.35,68.05
1003412,1.55E+12,36.0,324.9,-22.5,3.281,3.223,37.0,34.1,6.46,109.87
1003414,1.57E+12,63.5,329.7,-22.5,3.328,3.267,33.3,29.8,3.07,106.07
1003415,1.56E+12,23.2,343.1,-22.5,3.479,3.403,37.0,35.4,5.13,117.85
1003418,1.57E+12,32.4,352.9,-22.5,3.564,3.507,36.5,34.0,8.36,84.52
1003421,1.55E+12,73.0,353.4,-69.5,3.569,3.505,34.3,31.2,1.20,98.16
1003425,1.56E+12,22.3,353.3,-22.5,3.572,3.505,35.6,32.2,6.66,73.35
1003426,1.55E+12,44.1,351.0,-22.5,3.555,3.487,35.7,33.0,8.23,88.38
1003427,1.57E+12,60.8,336.5,-22.5,3.410,3.343,35.7,33.2,25.75,90.34
1003429,1.57E+12,19.9,330.7,-22.5,3.356,3.282,36.0,32.8,11.52,107.38
1003433,1.56E+12,37.9,353.7,-22.5,3.583,3.511,33.0,31.1,23.66,79.80
1003435,1.56E+12,44.3,335.0,-22.5,3.385,3.328,37.0,33.7,4.92,91.94
1003436,1.55E+12,19.4,346.8,-22.5,3.508,3.446,36.0,34.5,3.40,76.07
1003437,1.57E+12,29.9,329.9,-22.5,3.331,3.271,33.0,31.2,0.17,92.28
1003440,1.56E+12,60.3,338.1,-22.5,3.418,3.356,33.3,31.6,4.79,80.34
1003443,1.55E+12,28.3,335.8,-22.5,3.388,3.334,32.7,29.1,7.92,63.69
1003446,1.57E+12,70.3,329.0,-22.5,3.320,3.264,36.0,34.1,0.93,85.32
1003447,1.56E+12,57.2,348.5,-22.5,3.524,3.460,37.0,34.0,8.01,69.64
1003448,1.56E+12,58.5,352.2,-22.5,3.562,3.502,33.0,31.5,7.42,94.23
1003450,1.56E+12,29.5,341.4,-22.5,3.448,3.386,33.1,31.4,8.17,109.85
1003452,1.56E+12,69.3,333.7,-22.5,3.369,3.314,37.0,36.0,2.94,89.65
1003454,1.57E+12,24.0,352.2,-22.5,3.571,3.493,37.0,34.0,12.84,80.15
1003455,1.56E+12,65.5,345.3,-22.5,3.495,3.432,33.2,31.1,4.05,101.20
1003461,1.56E+12,46.3,335.2,-22.5,3.389,3.324,33.0,29.3,4.65,115.66
1003463,1.56E+12,56.4,327.6,-22.5,3.323,3.248,37.0,33.5,3.12,111.14
1003465,1.56E+12,63.9,342.5,-22.5,3.463,3.402,36.0,34.5,4.31,80.14
1003468,1.55E+12,17.0,355.9,-22.5,3.592,3.530,37.0,35.1,9.62,73.98
1003469,1.56E+12,32.7,328.9,-22.5,3.319,3.264,33.5,31.6,23.07,119.55
1003478,1.56E+12,42.0,326.0,-22.5,3.304,3.236,37.0,34.9,2.36,67.61
1003479,1.57E+12,43.3,334.2,-22.5,3.372,3.312,37.0,35.3,4.21,108.06
1003480,1.55E+12,40.7,328.3,-22.5,3.320,3.258,34.5,31.8,4.51,116.58
1003481,1.56E+12,39.0,331.6,-22.5,3.351,3.295,32.5,29.5,5.36,109.32
1003484,1.55E+12,49.0,337.3,-22.5,3.418,3.352,33.0,31.6,4.95,98.00
1003486,1.56E+12,38.3,328.0,-22.5,3.322,3.259,37.0,34.4,4.78,83.91
1003488,1.57E+12,58.7,332.8,-22.5,3.367,3.305,33.4,31.2,3.42,110.27
1003489,1.55E+12,73.9,329.9,-22.5,3.344,3.271,36.4,32.8,6.86,72.23
1003490,1.56E+12,72.7,333.5,-22.5,3.384,3.308,36.1,34.2,5.52,108.06
1003492,1.57E+12,53.1,345.8,-22.5,3.504,3.436,34.2,32.3,3.58,71.44
1003494,1.56E+12,23.8,323.6,-22.5,3.276,3.212,33.7,32.5,22.14,74.06
1003497,1.55E+12,24.6,340.0,-22.5,3.450,3.379,37.0,33.1,1.52,100.95
1003498,1.56E+12,73.6,351.6,-22.5,3.559,3.486,36.0,32.3,1.52,107.89
1003500,1.56E+12,60.0,339.3,-22.5,3.431,3.370,37.0,33.2,9.05,119.19
1003501,1.56E+12,15.6,345.0,-22.5,3.481,3.424,33.0,29.6,3.34,97.22
1003502,1.57E+12,62.9,326.9,-22.5,3.301,3.248,35.4,34.3,25.89,79.12
1003503,1.55E+12,62.0,348.0,-22.5,3.516,3.453,35.1,33.6,8.20,103.23
1003504,1.55E+12,16.5,326.1,-22.5,3.309,3.241,36.0,33.2,22.21,76.13
1003505,1.57E+12,22.0,327.3,-22.5,3.322,3.253,37.0,34.7,2.87,100.94
1003509,1.56E+12,60.1,331.8,-22.5,3.349,3.289,37.0,35.8,0.93,97.92
1003512,1.56E+12,17.3,329.1,-22.5,3.322,3.270,37.0,34.4,0.12,119.36
1003515,1.56E+12,41.3,351.1,-22.5,3.559,3.486,36.0,32.1,23.21,79.02
1003516,1.57E+12,72.5,333.2,-22.5,3.368,3.304,35.1,31.8,4.70,73.72
1003517,1.56E+12,70.4,332.0,-22.5,3.366,3.295,37.0,35.3,22.69,113.76
1003518,1.57E+12,17.0,335.4,-22.5,3.404,3.327,34.1,30.6,21.32,69.67
1003521,1.57E+12,37.5,329.0,-22.5,3.324,3.268,37.0,35.9,2.14,111.97
1003522,1.56E+12,16.4,346.2,-22.5,3.505,3.432,35.5,32.9,11.28,77.26
1003524,1.55E+12,55.6,346.8,-22.5,3.507,3.445,33.1,30.7,7.54,86.36
1003529,1.57E+12,55.8,340.8,-22.5,3.444,3.381,37.0,35.6,0.03,91.67
1003534,1.57E+12,43.8,328.8,-22.5,3.332,3.260,33.0,29.3,2.96,117.09
1003537,1.55E+12,36.6,330.5,-22.5,3.355,3.280,35.5,33.2,13.32,94.11
1003539,1.56E+12,51.9,344.4,-22.5,3.477,3.418,36.0,33.5,0.46,109.95
1003541,1.56E+12,57.8,338.9,-22.5,3.438,3.365,33.0,30.3,0.43,83.31
1003542,1.57E+12,23.6,349.5,-22.5,3.544,3.469,33.0,30.5,8.27,91.24
1003543,1.57E+12,21.3,331.8,-22.5,3.356,3.291,36.6,34.0,3.01,113.77
1003545,1.57E+12,16.8,327.4,-22.5,3.308,3.254,34.0,31.5,0.84,107.21
1003550,1.56E+12,48.4,325.8,-22.5,3.307,3.229,34.4,32.6,9.57,77.11
1003551,1.57E+12,73.4,330.8,-22.5,3.352,3.287,37.0,33.8,2.42,90.13
1003553,1.56E+12,23.1,327.0,-22.5,3.315,3.248,37.0,34.5,12.60,97.33
1003557,1.56E+12,35.9,326.3,-22.5,3.303,3.238,36.0,33.8,6.20,102.29
1003559,1.57E+12,71.4,324.9,-22.5,3.284,3.220,36.8,33.1,18.86,90.42
1003560,1.55E+12,55.7,331.5,-22.5,3.356,3.287,35.3,33.1,24.88,108.87
1003563,1.55E+12,34.8,332.8,-22.5,3.369,3.306,33.5,30.6,2.54,79.90
1003564,1.55E+12,32.5,333.7,-22.5,3.368,3.315,33.4,32.1,6.87,79.21
1003566,1.56E+12,17.3,336.4,-22.5,3.396,3.339,37.0,34.8,7.76,95.82
1003567,1.55E+12,29.5,339.8,-22.5,3.430,3.371,33.0,29.5,6.17,99.62
1003568,1.56E+12,60.2,333.8,-22.5,3.377,3.311,37.0,35.5,4.52,86.44
1003569,1.55E+12,30.7,335.9,-22.5,3.392,3.332,33.7,31.5,3.99,103.22
1003571,1.55E+12,20.2,349.6,-61.4,3.538,3.476,35.9,34.1,1.58,98.24
1003572,1.55E+12,74.4,346.8,-22.5,3.516,3.447,34.5,32.0,5.03,86.24
1003573,1.55E+12,22.9,324.8,-22.5,3.282,3.224,37.0,35.3,7.01,101.52
1003577,1.57E+12,61.5,335.6,-22.5,3.404,3.327,33.9,31.4,3.49,68.73
1003580,1.56E+12,46.8,333.3,-22.5,3.381,3.306,34.5,31.5,3.28,90.92
1003582,1.57E+12,51.7,326.2,-22.5,3.309,3.234,33.0,30.6,22.97,94.27
1003584,1.55E+12,62.2,329.4,-22.5,3.341,3.269,34.2,30.9,8.96,66.31
1003585,1.56E+12,35.1,332.4,-22.5,3.360,3.294,35.3,32.4,24.75,84.04
1003587,1.57E+12,58.7,330.8,-22.5,3.346,3.285,33.0,30.6,23.02,93.45
1003588,1.56E+12,61.0,351.7,-22.5,3.556,3.496,33.0,31.2,5.21,76.68
1003589,1.56E+12,55.4,344.1,-22.5,3.473,3.413,37.0,34.9,10.41,87.36
1003590,1.57E+12,60.1,356.0,-22.5,3.609,3.536,35.8,33.7,3.73,80.49
1003591,1.57E+12,58.1,352.7,-22.5,3.566,3.499,32.6,30.9,22.99,86.04
1003592,1.55E+12,29.2,331.7,-22.5,3.350,3.293,36.1,32.3,7.20,96.18
1003595,1.56E+12,19.4,355.4,-22.5,3.598,3.524,34.4,31.6,5.84,107.88
1003596,1.55E+12,65.6,352.8,-22.5,3.575,3.504,37.0,33.6,3.80,65.83
1003600,1.56E+12,73.4,341.1,-22.5,3.442,3.387,35.1,31.5,7.37,91.43
1003601,1.56E+12,67.0,338.2,-22.5,3.426,3.361,32.6,28.6,10.81,96.28
1003602,1.57E+12,40.2,332.0,-22.5,3.351,3.298,34.1,32.2,6.87,79.39
1003603,1.55E+12,71.0,356.9,-22.5,3.608,3.544,33.0,30.1,6.49,81.93
1003604,1.56E+12,60.0,333.4,-22.5,3.372,3.307,37.0,34.7,6.29,64.32
1003612,1.57E+12,55.4,331.7,-22.5,3.356,3.290,35.5,33.7,10.74,110.34
1003615,1.56E+12,29.6,329.6,-22.5,3.330,3.268,37.0,33.5,5.62,65.48
1003616,1.56E+12,45.4,340.4,-22.5,3.454,3.376,34.1,31.5,7.22,88.60
1003619,1.55E+12,32.2,329.3,-22.5,3.336,3.266,33.0,31.2,7.12,63.61
1003623,1.55E+12,16.8,351.0,-22.5,3.554,3.481,33.0,29.2,7.16,93.12
1003625,1.55E+12,51.6,332.2,-22.5,3.368,3.292,36.4,35.3,25.29,83.41
1003628,1.55E+12,27.3,328.4,-22.5,3.321,3.263,32.3,30.2,6.33,98.86
1003629,1.57E+12,27.9,352.6,-22.5,3.570,3.503,37.0,33.2,2.65,116.67
1003631,1.57E+12,34.9,331.4,-22.5,3.355,3.288,34.3,31.5,3.05,114.81
1003632,1.56E+12,31.2,330.7,-22.5,3.354,3.287,33.2,30.5,22.93,106.24
1003634,1.55E+12,31.2,346.5,-22.5,3.498,3.438,36.0,32.3,4.72,71.16
1003637,1.56E+12,34.5,358.0,-22.5,3.627,3.560,37.0,35.9,3.32,89.89
1003639,1.55E+12,38.2,331.2,-22.5,3.362,3.287,35.9,33.5,10.86,87.80
1003640,1.57E+12,30.0,344.1,-22.5,3.481,3.414,37.0,33.0,9.27,96.26
1003641,1.57E+12,58.4,326.6,-22.5,3.313,3.241,33.0,30.7,3.98,112.44
1003645,1.56E+12,32.9,328.5,-22.5,3.327,3.261,36.1,32.3,3.54,82.82
1003646,1.56E+12,58.7,347.1,-22.5,3.508,3.442,33.0,29.8,3.10,70.79
1003649,1.56E+12,71.0,348.6,-22.5,3.532,3.465,37.0,33.2,5.68,85.52
1003653,1.56E+12,59.1,330.2,-22.5,3.340,3.279,33.7,32.2,9.58,114.56
1003655,1.56E+12,39.2,355.6,-22.5,3.597,3.531,36.3,35.1,1.34,94.40
1003656,1.56E+12,41.6,341.2,-22.5,3.457,3.387,37.0,35.5,7.70,88.67
1003657,1.57E+12,65.4,328.9,-22.5,3.321,3.264,36.0,33.4,2.48,115.02
1003659,1.56E+12,18.6,335.3,-22.5,3.386,3.324,36.7,33.8,1.94,119.56
1003663,1.56E+12,70.2,336.3,-22.5,3.406,3.336,36.0,34.6,9.98,106.01
1003664,1.56E+12,44.8,345.9,-22.5,3.492,3.434,37.0,33.4,22.85,101.57
1003665,1.57E+12,16.3,358.0,-22.5,3.619,3.554,37.0,35.7,6.96,76.80
1003668,1.56E+12,29.6,356.6,-22.5,3.600,3.539,36.1,33.1,6.88,94.65
1003669,1.56E+12,32.1,336.9,-22.5,3.404,3.345,33.0,30.6,6.66,105.17
1003671,1.56E+12,48.4,332.9,-22.5,3.374,3.307,37.0,33.8,3.73,116.84
1003672,1.57E+12,70.8,339.1,-22.5,3.436,3.368,37.0,34.6,8.04,91.22
1003673,1.55E+12,56.5,331.1,-22.5,3.349,3.288,36.0,34.0,2.18,118.62
1003675,1.57E+12,48.9,331.8,-22.5,3.357,3.292,37.0,33.2,24.49,60.75
1003678,1.57E+12,56.7,349.9,-22.5,3.529,3.471,35.4,32.4,0.62,114.01
1003679,1.57E+12,39.9,353.3,-22.5,3.577,3.505,33.9,30.7,3.44,64.99
1003681,1.56E+12,24.5,335.4,-22.5,3.394,3.331,36.2,33.3,5.85,78.19
1003684,1.57E+12,63.3,327.5,-22.5,3.324,3.250,33.0,29.4,0.07,102.85
1003687,1.57E+12,41.6,348.4,-22.5,3.529,3.458,37.0,33.5,6.87,105.17
1003689,1.55E+12,25.0,331.9,-22.5,3.357,3.291,37.0,34.7,4.14,73.78
1003692,1.56E+12,36.6,329.3,-22.5,3.339,3.268,33.0,30.9,4.07,86.88
1003693,1.55E+12,70.7,325.6,-22.5,3.295,3.232,34.6,32.1,4.80,89.82
1003696,1.56E+12,66.0,326.4,-22.5,3.305,3.235,36.6,35.3,5.76,95.67
1003697,1.55E+12,28.2,355.2,-22.5,3.601,3.528,33.0,31.8,3.15,109.06
1003698,1.57E+12,50.9,353.9,-22.5,3.584,3.517,37.0,33.0,7.95,108.63
1003699,1.56E+12,60.3,332.8,-22.5,3.362,3.305,37.0,33.4,8.70,83.71
1003700,1.57E+12,66.9,351.2,-22.5,3.557,3.489,37.0,35.4,0.76,92.93
1003703,1.56E+12,41.0,326.0,-22.5,3.303,3.230,33.0,30.7,4.02,74.61
1003704,1.56E+12,68.5,326.0,-22.5,3.310,3.235,32.2,29.5,10.99,72.00
1003705,1.57E+12,71.4,353.1,-22.5,3.580,3.509,35.7,32.5,5.64,71.34
1003706,1.56E+12,51.1,336.6,-22.5,3.400,3.337,35.0,32.5,0.01,62.63
1003707,1.56E+12,39.8,334.1,-22.5,3.371,3.311,33.7,31.5,8.04,61.67
1003708,1.55E+12,59.8,324.9,-22.5,3.283,3.227,37.0,34.1,9.07,113.66
1003710,1.55E+12,54.2,335.3,-22.5,3.386,3.323,37.0,34.6,3.11,107.30
1003712,1.56E+12,68.3,332.6,-22.5,3.361,3.300,34.3,31.8,5.77,64.96
1003713,1.56E+12,29.3,334.9,-22.5,3.395,3.321,33.0,31.0,3.97,62.74
1003716,1.56E+12,37.9,331.6,-22.5,3.350,3.290,33.0,29.0,8.99,70.49
1003719,1.57E+12,70.1,332.7,-22.5,3.372,3.297,37.0,33.2,5.31,74.36
1003720,1.55E+12,35.1,346.4,-22.5,3.504,3.440,37.0,34.5,3.19,70.84
1003722,1.57E+12,60.0,341.7,-22.5,3.462,3.393,35.4,32.9,3.11,64.97
1003724,1.56E+12,15.4,331.0,-22.5,3.357,3.288,36.0,32.7,0.32,103.04
1003725,1.55E+12,27.7,336.2,-22.5,3.395,3.333,34.7,32.7,24.36,86.43
1003727,1.56E+12,60.3,340.7,-22.5,3.451,3.384,35.8,33.8,10.12,96.49
1003728,1.57E+12,36.1,345.0,-22.5,3.488,3.430,35.5,34.4,3.04,69.03
1003729,1.57E+12,27.5,337.9,-22.5,3.410,3.357,35.2,32.3,5.31,65.63
1003731,1.56E+12,58.3,338.8,-22.5,3.427,3.359,37.0,35.5,11.17,64.70
1003733,1.56E+12,39.2,327.2,-22.5,3.322,3.247,37.0,35.8,2.57,81.66
1003735,1.55E+12,33.5,327.5,-22.5,3.317,3.247,34.7,33.4,4.18,84.58
1003736,1.56E+12,24.0,332.1,-22.5,3.357,3.299,33.0,31.2,5.97,79.36
1003737,1.57E+12,61.9,337.1,-22.5,3.413,3.346,35.3,34.2,6.23,90.50
1003739,1.57E+12,33.4,341.5,-22.5,3.459,3.389,37.0,35.7,6.61,113.70
1003740,1.55E+12,45.6,333.2,-22.5,3.366,3.303,37.0,33.5,3.30,60.80
1003741,1.56E+12,30.1,355.3,-22.5,3.599,3.523,37.0,35.9,3.10,95.16
1003744,1.56E+12,32.6,338.4,-22.5,3.422,3.363,36.0,32.2,0.16,72.25
1003746,1.55E+12,55.9,342.6,-22.5,3.465,3.398,37.0,35.2,25.98,108.08
1003751,1.56E+12,18.3,335.9,-22.5,3.389,3.333,37.0,33.7,8.00,106.99
1003752,1.56E+12,37.9,344.5,-22.5,3.475,3.419,37.0,35.8,5.18,116.55
1003755,1.56E+12,28.3,324.2,-22.5,3.282,3.221,37.0,33.0,7.68,69.65
1003759,1.55E+12,22.2,327.2,-22.5,3.309,3.249,35.0,32.7,0.26,88.34
1003760,1.56E+12,43.8,346.4,-22.5,3.514,3.442,36.0,33.0,1.42,83.91
1003769,1.57E+12,30.5,333.3,-22.5,3.371,3.311,36.1,34.5,2.41,100.55
1003773,1.56E+12,42.5,327.9,-22.5,3.314,3.257,34.7,31.7,21.90,76.23
1003774,1.57E+12,36.0,327.4,-22.5,3.324,3.245,37.0,35.9,8.22,93.53
1003775,1.57E+12,54.1,349.8,-22.5,3.539,3.470,33.0,31.9,10.11,111.24
1003777,1.55E+12,49.5,336.6,-22.5,3.398,3.346,37.0,35.8,5.73,100.28
1003784,1.56E+12,61.1,354.0,-22.5,3.582,3.516,33.0,29.4,5.60,77.23
1003787,1.55E+12,27.1,353.9,-22.5,3.572,3.514,33.8,31.2,5.56,89.11
1003790,1.57E+12,34.2,350.4,-22.5,3.536,3.477,35.1,32.9,4.56,85.98
1003792,1.55E+12,48.9,356.1,-22.5,3.592,3.533,37.0,35.3,7.59,66.64
1003793,1.56E+12,56.6,354.3,-22.5,3.584,3.516,33.0,30.5,22.71,110.39
1003798,1.56E+12,65.0,336.2,-22.5,3.404,3.333,36.0,33.3,0.01,92.84
1003801,1.56E+12,54.8,332.4,-22.5,3.357,3.304,33.0,30.3,3.82,73.02
1003802,1.55E+12,25.0,345.9,-22.5,3.500,3.437,35.1,32.6,4.92,73.61
1003803,1.57E+12,64.8,339.0,-22.5,3.432,3.367,37.0,34.8,7.74,74.72
1003804,1.56E+12,16.4,340.4,-22.5,3.446,3.379,36.2,34.2,5.15,75.88
1003810,1.55E+12,34.5,342.1,-22.5,3.457,3.398,33.0,29.1,3.48,75.80
1003811,1.56E+12,68.2,332.4,-22.5,3.368,3.296,36.0,34.3,9.27,107.78
1003813,1.56E+12,69.2,346.4,-22.5,3.507,3.444,37.0,35.4,8.08,73.30
1003815,1.55E+12,54.5,332.7,-22.5,3.365,3.298,33.0,31.0,5.52,105.23
1003816,1.56E+12,47.8,323.5,-22.5,3.272,3.210,36.0,34.5,4.31,64.06
1003817,1.55E+12,60.8,347.0,-22.5,3.503,3.449,33.0,29.1,2.22,100.82
1003819,1.56E+12,71.2,328.6,-22.5,3.336,3.260,37.0,34.7,6.89,91.36
1003820,1.55E+12,68.7,326.8,-22.5,3.307,3.238,36.0,34.8,7.35,83.57
1003821,1.57E+12,24.1,333.0,-22.5,3.378,3.302,37.0,35.0,5.26,104.83
1003825,1.55E+12,32.4,335.3,-22.5,3.392,3.326,33.0,31.4,8.71,82.96
1003830,1.57E+12,39.7,341.8,-22.5,3.449,3.391,37.0,33.8,9.58,90.10
1003832,1.55E+12,64.5,326.5,-22.5,3.311,3.243,33.7,30.7,4.51,117.06
1003835,1.57E+12,57.1,329.0,-22.5,3.339,3.269,37.0,35.1,2.05,61.22
1003836,1.56E+12,36.1,332.6,-22.5,3.372,3.304,36.0,34.5,2.38,63.01
1003837,1.57E+12,35.9,329.3,-22.5,3.339,3.269,34.8,31.5,6.71,70.94
1003838,1.57E+12,60.2,331.5,-22.5,3.358,3.286,36.9,33.1,3.22,62.69
1003839,1.55E+12,53.5,354.0,-22.5,3.588,3.518,34.2,30.5,5.92,88.75
1003841,1.56E+12,26.1,339.0,-22.5,3.430,3.362,32.1,29.0,2.85,99.24
1003844,1.57E+12,16.9,346.3,-22.5,3.511,3.437,37.0,35.3,6.81,79.57
1003845,1.56E+12,26.6,327.3,-22.5,3.305,3.251,36.3,32.6,6.63,82.44
1003846,1.57E+12,54.8,334.3,-22.5,3.388,3.316,35.3,33.0,1.95,106.52
1003847,1.57E+12,66.0,347.5,-54.7,3.522,3.454,37.0,33.3,0.79,70.33
1003850,1.57E+12,71.6,333.0,-22.5,3.371,3.301,33.0,31.2,5.46,76.76
1003853,1.56E+12,66.5,331.3,-22.5,3.346,3.286,37.0,33.3,7.97,117.95
1003855,1.57E+12,56.5,329.4,-22.5,3.328,3.264,33.0,30.5,21.54,106.27
1003856,1.57E+12,26.5,328.8,-22.5,3.335,3.263,36.0,32.5,9.82,68.47
1003858,1.57E+12,37.8,326.0,-22.5,3.303,3.236,34.2,31.8,3.04,104.39
1003859,1.56E+12,51.9,331.1,-22.5,3.346,3.288,37.0,35.7,4.50,95.66
1003860,1.56E+12,75.3,333.4,-22.5,3.377,3.312,36.4,34.1,4.04,71.82
1003863,1.56E+12,23.5,350.2,-22.5,3.534,3.475,33.0,30.1,6.84,83.99
1003868,1.55E+12,40.5,325.9,-22.5,3.294,3.239,37.0,35.6,8.48,116.87
1003870,1.55E+12,55.8,332.8,-29.0,3.377,3.306,33.0,31.7,1.60,112.55
1003871,1.55E+12,45.4,330.8,-22.5,3.346,3.280,34.8,31.2,8.96,110.87
1003872,1.57E+12,67.5,343.6,-30.6,3.468,3.409,37.0,34.0,6.69,78.93
1003873,1.56E+12,32.8,323.7,-49.5,3.268,3.209,37.0,34.5,2.58,104.89
1003877,1.56E+12,34.3,330.2,-22.5,3.338,3.278,36.2,32.7,6.62,73.13
1003878,1.57E+12,41.3,327.7,-22.5,3.314,3.256,37.0,34.8,7.56,76.43
1003880,1.56E+12,68.3,331.7,-22.5,3.360,3.296,33.3,29.7,6.51,86.38
1003881,1.57E+12,48.4,327.7,-22.5,3.308,3.252,35.9,33.1,8.16,117.48
1003885,1.55E+12,46.3,327.9,-22.5,3.314,3.250,37.0,35.4,21.49,60.82
1003887,1.56E+12,70.6,349.7,-22.5,3.534,3.468,37.0,35.1,10.56,101.84
1003888,1.56E+12,45.9,348.2,-22.5,3.517,3.457,33.0,31.6,25.88,95.12
1003893,1.57E+12,70.1,340.1,-22.5,3.444,3.375,37.0,35.7,4.02,114.79
1003894,1.57E+12,61.4,331.6,-22.5,3.363,3.296,34.0,31.1,10.44,63.29
1003901,1.57E+12,56.1,354.2,-22.5,3.577,3.522,36.0,33.9,2.08,91.43
1003902,1.56E+12,29.0,340.0,-22.5,3.436,3.370,34.0,30.6,10.25,95.72
1003903,1.57E+12,27.5,354.8,-22.5,3.581,3.527,34.4,32.3,18.14,86.72
1003904,1.56E+12,53.3,330.3,-22.5,3.352,3.275,32.5,29.8,5.23,86.17
1003906,1.57E+12,23.0,355.6,-22.5,3.596,3.527,37.0,33.3,7.15,118.24
1003908,1.57E+12,62.5,330.7,-22.5,3.341,3.285,36.0,34.8,24.77,105.79
1003913,1.57E+12,37.1,339.5,-22.5,3.427,3.367,36.5,34.7,1.60,66.80
1003914,1.55E+12,63.9,350.4,-22.5,3.541,3.483,34.8,32.1,13.00,113.80
1003915,1.56E+12,26.1,338.3,-22.5,3.426,3.362,36.0,34.6,4.15,98.00
1003916,1.56E+12,22.5,348.5,-22.5,3.533,3.461,36.3,34.6,23.59,60.70
1003918,1.56E+12,17.0,334.3,-22.5,3.392,3.320,37.0,34.6,0.67,100.04
1003919,1.55E+12,44.3,352.8,-22.5,3.565,3.506,36.0,33.5,8.15,65.44
1003920,1.57E+12,20.4,325.5,-22.5,3.293,3.229,33.0,30.5,0.77,66.71
1003921,1.57E+12,66.2,334.2,-22.5,3.376,3.321,35.9,33.0,7.23,106.98
1003923,1.56E+12,57.0,325.8,-22.5,3.293,3.230,33.8,30.0,25.77,118.94
1003925,1.57E+12,54.9,354.7,-22.5,3.594,3.526,33.2,32.1,6.09,108.84
1003927,1.57E+12,69.6,347.2,-22.5,3.508,3.444,33.0,30.7,6.13,71.09
1003928,1.56E+12,25.7,334.0,-22.5,3.371,3.310,33.8,30.3,8.18,85.99
1003930,1.55E+12,59.8,347.7,-48.0,3.509,3.448,33.0,31.6,7.78,100.52
1003932,1.57E+12,50.5,326.0,-22.5,3.301,3.233,36.3,33.6,4.98,83.39
1003935,1.57E+12,69.0,354.9,-22.5,3.596,3.525,37.0,33.2,10.55,98.62
1003936,1.56E+12,18.4,333.9,-22.5,3.386,3.310,36.0,34.8,0.82,71.88
1003937,1.56E+12,50.1,351.5,-22.5,3.550,3.492,35.0,33.1,4.94,98.77
1003938,1.57E+12,64.1,327.9,-22.5,3.326,3.251,34.7,31.8,6.35,107.38
1003939,1.57E+12,21.6,343.0,-22.5,3.472,3.404,33.8,30.9,8.70,63.09
1003940,1.55E+12,20.5,335.4,-22.5,3.403,3.330,37.0,35.8,11.24,119.19
1003942,1.56E+12,40.6,329.1,-22.5,3.330,3.262,36.4,35.4,3.20,79.31
1003943,1.57E+12,57.2,351.5,-22.5,3.547,3.488,33.0,29.4,7.83,119.73
1003944,1.57E+12,58.8,327.7,-22.5,3.318,3.251,32.1,29.7,9.26,98.82
1003945,1.55E+12,75.2,346.4,-22.5,3.506,3.436,37.0,33.8,22.28,105.10
1003946,1.55E+12,22.0,340.0,-22.5,3.437,3.377,33.0,30.4,24.66,110.62
1003947,1.57E+12,17.7,333.2,-22.5,3.370,3.308,36.1,33.2,3.55,90.61
1003948,1.57E+12,65.3,356.6,-22.5,3.610,3.536,34.3,31.7,3.33,115.61
1003949,1.55E+12,18.5,341.3,-22.5,3.460,3.385,33.0,29.2,3.49,79.49
1003950,1.55E+12,21.5,330.5,-22.5,3.349,3.279,33.0,30.0,5.63,100.92
1003956,1.55E+12,38.0,327.3,-22.5,3.306,3.252,33.0,29.0,4.23,95.59
1003959,1.56E+12,53.2,329.2,-22.5,3.325,3.269,33.0,29.5,0.89,74.86
1003960,1.56E+12,53.9,326.9,-22.5,3.311,3.242,36.0,33.7,23.52,113.76
1003961,1.56E+12,59.3,325.7,-22.5,3.307,3.230,37.0,34.8,5.37,72.09
1003964,1.57E+12,25.8,328.4,-22.5,3.333,3.257,37.0,35.2,24.44,116.35
1003965,1.56E+12,16.0,326.3,-22.5,3.295,3.236,33.0,29.1,4.42,80.34
1003969,1.57E+12,28.5,333.9,-22.5,3.379,3.309,33.0,29.5,9.11,96.68
1003970,1.57E+12,24.4,328.4,-22.5,3.323,3.262,33.0,31.6,5.50,113.80
1003971,1.56E+12,63.6,354.2,-65.3,3.584,3.517,36.6,34.4,3.64,61.29
1003973,1.55E+12,72.5,325.6,-22.5,3.287,3.231,33.0,30.4,5.09,69.13
1003975,1.57E+12,71.0,328.3,-22.5,3.315,3.254,36.0,34.3,3.34,96.67
1003976,1.55E+12,73.3,348.6,-22.5,3.530,3.463,36.0,33.9,4.22,94.43
1003980,1.55E+12,70.6,332.4,-66.9,3.366,3.298,36.0,34.3,8.19,97.54
1003982,1.57E+12,28.0,328.3,-41.6,3.319,3.258,36.0,34.5,9.99,111.04
1003987,1.55E+12,68.9,349.8,-22.5,3.529,3.474,33.0,30.8,21.76,103.93
1003988,1.56E+12,31.5,329.9,-22.5,3.333,3.272,36.0,34.3,8.96,69.90
1003991,1.55E+12,41.6,356.4,-22.5,3.599,3.541,34.7,32.8,7.55,60.69
1003992,1.55E+12,65.2,331.0,-22.5,3.347,3.289,33.0,31.7,3.83,79.99
1003995,1.55E+12,55.1,324.1,-22.5,3.272,3.219,36.3,32.6,0.45,95.54
1003996,1.56E+12,56.1,333.1,-22.5,3.365,3.307,32.6,29.7,4.06,106.53
1004000,1.56E+12,74.0,323.9,-22.5,3.285,3.213,37.0,34.8,4.34,72.09
1004002,1.56E+12,57.5,331.2,-22.5,3.358,3.283,37.0,33.3,4.25,78.28
1004005,1.57E+12,37.8,325.4,-22.5,3.286,3.230,37.0,35.5,22.23,115.97
1004006,1.56E+12,55.0,358.5,-22.5,3.631,3.559,33.0,30.7,0.08,64.60
1004007,1.55E+12,31.3,328.6,-22.5,3.334,3.265,34.8,31.4,5.63,99.06
1004008,1.55E+12,22.6,329.1,-22.5,3.332,3.270,37.0,34.6,2.25,61.71
1004009,1.55E+12,19.3,327.7,-22.5,3.311,3.253,37.0,33.1,7.66,103.64
1004011,1.57E+12,47.5,329.0,-22.5,3.326,3.263,33.0,30.1,1.53,80.78
1004012,1.55E+12,28.3,326.3,-22.5,3.295,3.242,37.0,34.6,4.73,67.82
1004017,1.55E+12,61.4,330.2,-22.5,3.335,3.278,36.9,33.2,4.59,111.00
1004019,1.56E+12,21.3,344.4,-22.5,3.482,3.415,33.0,30.8,6.41,118.99
1004021,1.56E+12,43.2,329.7,-22.5,3.335,3.268,34.3,32.8,1.99,85.03
1004023,1.56E+12,68.2,326.3,-22.5,3.302,3.237,33.0,31.4,2.33,106.85
1004024,1.56E+12,65.6,352.8,-22.5,3.570,3.506,36.0,33.9,0.88,99.56
1004025,1.57E+12,22.4,327.4,-22.5,3.306,3.248,34.9,32.2,8.40,73.08
1004028,1.55E+12,55.2,331.4,-22.5,3.354,3.290,35.1,32.5,6.00,74.22
1004029,1.57E+12,60.8,333.3,-22.5,3.376,3.310,37.0,35.5,8.21,79.12
1004035,1.56E+12,50.0,325.6,-22.5,3.293,3.233,36.0,32.7,10.67,105.95
1004036,1.56E+12,24.8,329.8,-22.5,3.343,3.276,33.7,31.1,3.62,65.99
1004042,1.56E+12,72.3,328.0,-22.5,3.322,3.257,37.0,34.8,21.41,96.46
1004043,1.56E+12,18.4,346.3,-22.5,3.496,3.441,32.7,29.7,6.01,119.80
1004045,1.56E+12,28.5,336.1,-22.5,3.405,3.338,36.0,32.2,9.72,63.61
1004047,1.55E+12,28.7,352.1,-22.5,3.565,3.500,37.0,34.5,6.56,62.55
1004049,1.57E+12,21.1,338.6,-22.5,3.419,3.358,34.4,31.6,7.02,66.07
1004051,1.55E+12,60.2,341.3,-22.5,3.446,3.385,35.9,33.2,6.53,80.02
1004055,1.56E+12,44.1,351.8,-40.1,3.552,3.495,36.4,34.2,10.35,76.31
1004056,1.56E+12,30.9,333.9,-22.5,3.387,3.317,34.0,32.6,0.81,119.40
1004061,1.55E+12,59.6,334.2,-22.5,3.387,3.321,35.5,32.5,7.97,90.53
1004064,1.56E+12,21.7,334.5,-22.5,3.377,3.316,34.6,31.5,2.92,104.47
1004068,1.55E+12,52.8,328.2,-22.5,3.314,3.258,36.0,32.9,13.54,80.80
1004069,1.56E+12,29.5,345.8,-22.5,3.499,3.429,34.6,33.2,3.71,117.87
1004076,1.55E+12,22.2,346.8,-22.5,3.518,3.446,35.6,34.3,2.78,101.66
1004083,1.57E+12,73.6,331.8,-22.5,3.366,3.292,36.3,35.0,2.33,79.71
1004087,1.57E+12,49.5,358.1,-22.5,3.613,3.558,33.1,29.9,5.71,103.85
1004089,1.56E+12,27.7,329.6,-22.5,3.339,3.267,36.3,34.7,3.40,66.15
1004091,1.56E+12,59.9,329.3,-22.5,3.335,3.270,33.0,30.2,1.65,69.00
1004093,1.56E+12,41.5,335.5,-22.5,3.391,3.328,33.2,30.4,6.11,83.41
1004095,1.55E+12,70.2,340.6,-22.5,3.450,3.384,37.0,33.4,1.29,93.71
1004100,1.55E+12,74.2,347.3,-22.5,3.510,3.444,33.0,30.1,10.08,107.84
1004101,1.56E+12,54.2,332.4,-22.5,3.366,3.301,33.0,29.2,9.58,69.10
1004102,1.57E+12,40.6,349.0,-22.5,3.524,3.465,37.0,33.6,13.32,61.63
1004103,1.56E+12,42.5,343.1,-22.5,3.476,3.404,36.0,34.1,6.32,102.84
1004106,1.55E+12,75.5,348.2,-22.5,3.525,3.460,34.4,33.3,6.27,71.47
1004107,1.56E+12,52.3,337.9,-22.5,3.425,3.355,34.4,32.0,0.24,119.20
1004108,1.55E+12,18.7,329.3,-22.5,3.331,3.265,37.0,35.5,3.84,84.12
1004111,1.57E+12,66.7,332.1,-72.0,3.354,3.293,37.0,34.5,0.74,101.26
1004114,1.56E+12,59.7,337.4,-22.5,3.404,3.345,37.0,34.7,5.05,63.42
1004119,1.56E+12,56.4,331.6,-22.5,3.365,3.287,34.9,33.8,24.60,92.96
1004124,1.55E+12,35.0,330.5,-22.5,3.348,3.281,33.1,30.6,0.41,67.12
1004125,1.56E+12,20.3,331.0,-22.5,3.342,3.281,36.0,34.6,5.80,108.25
1004129,1.55E+12,23.7,351.5,-22.5,3.561,3.486,32.4,30.6,7.24,103.38
1004131,1.57E+12,68.4,356.2,-22.5,3.608,3.540,34.3,31.8,4.22,99.00
1004132,1.57E+12,30.3,345.8,-22.5,3.502,3.435,37.0,34.6,6.81,85.59
1004133,1.57E+12,35.0,327.8,-65.7,3.320,3.254,37.0,35.0,2.92,69.41
1004135,1.57E+12,35.5,332.8,-22.5,3.364,3.308,35.6,34.4,4.30,71.23
1004137,1.55E+12,33.4,335.8,-22.5,3.399,3.334,34.6,31.0,11.43,111.83
1004138,1.55E+12,50.0,331.8,-22.5,3.352,3.297,37.0,34.1,5.55,70.44
1004140,1.56E+12,28.4,333.8,-55.9,3.368,3.317,35.4,32.0,4.91,97.86
1004142,1.55E+12,21.0,331.8,-22.5,3.350,3.293,37.0,33.4,7.23,65.33
1004144,1.57E+12,60.4,350.9,-22.5,3.540,3.485,37.0,33.2,0.55,90.40
1004145,1.55E+12,58.5,350.2,-22.5,3.537,3.473,33.0,31.6,23.82,107.21
1004146,1.57E+12,27.5,329.8,-22.5,3.342,3.277,36.0,33.2,4.98,71.40
1004150,1.57E+12,29.0,330.9,-22.5,3.354,3.283,36.5,34.2,3.15,104.45
1004151,1.56E+12,39.9,329.0,-22.5,3.339,3.267,33.0,31.8,4.97,75.89
1004155,1.57E+12,49.2,333.0,-43.3,3.371,3.305,33.0,29.7,4.41,79.76
1004156,1.57E+12,37.2,324.4,-22.5,3.290,3.215,33.0,32.0,2.96,73.13
1004157,1.55E+12,55.6,353.3,-22.5,3.571,3.505,37.0,35.9,23.44,116.47
1004159,1.57E+12,24.3,328.3,-22.5,3.316,3.256,37.0,33.1,8.97,116.29
1004160,1.55E+12,57.6,343.9,-22.5,3.471,3.417,37.0,35.6,1.52,71.59
1004161,1.55E+12,62.2,332.3,-22.5,3.371,3.298,37.0,35.6,5.12,63.37
1004162,1.56E+12,31.7,347.2,-22.5,3.506,3.447,33.0,31.2,8.09,103.72
1004163,1.55E+12,43.7,348.6,-22.5,3.526,3.457,35.4,33.4,10.52,76.98
1004165,1.57E+12,27.1,333.5,-22.5,3.371,3.314,33.0,30.4,5.59,85.78
1004166,1.56E+12,57.6,336.1,-22.5,3.401,3.340,37.0,33.8,5.92,92.67
1004169,1.55E+12,58.0,353.9,-22.5,3.570,3.513,34.3,30.9,0.71,85.55
1004170,1.55E+12,53.8,347.5,-22.5,3.524,3.449,34.5,33.4,8.18,101.18
1004171,1.57E+12,41.9,328.1,-50.6,3.328,3.253,37.0,35.3,4.14,95.95
1004174,1.57E+12,66.3,326.1,-22.5,3.300,3.234,34.5,30.6,11.05,94.68
1004175,1.55E+12,33.1,349.5,-22.5,3.527,3.470,37.0,34.3,0.43,101.36
1004176,1.56E+12,32.2,333.8,-22.5,3.379,3.310,37.0,34.0,1.72,111.58
1004177,1.55E+12,50.6,327.7,-22.5,3.307,3.256,33.0,31.3,3.96,74.28
1004178,1.57E+12,62.9,329.1,-22.5,3.323,3.265,33.0,29.8,2.32,81.95
1004179,1.56E+12,16.4,330.2,-22.5,3.347,3.275,33.0,31.1,25.05,61.70
1004180,1.55E+12,69.6,325.3,-22.5,3.303,3.231,37.0,33.2,3.76,75.66
1004182,1.55E+12,26.8,336.7,-66.4,3.403,3.343,37.0,34.2,5.85,77.77
1004183,1.57E+12,73.4,354.5,-22.5,3.593,3.515,32.0,30.3,4.44,108.77
1004190,1.55E+12,32.9,354.6,-22.5,3.587,3.519,33.0,31.1,23.41,76.20
1004191,1.57E+12,27.1,331.1,-22.5,3.360,3.288,36.0,33.3,1.40,68.42
1004194,1.55E+12,59.6,353.3,-22.5,3.566,3.503,36.1,32.9,5.01,75.79
1004196,1.57E+12,63.7,336.3,-22.5,3.396,3.337,37.0,33.8,11.63,83.33
1004197,1.56E+12,56.0,339.9,-22.5,3.437,3.374,36.5,34.4,4.67,115.69
1004198,1.57E+12,44.2,330.9,-22.5,3.340,3.287,37.0,34.2,8.63,104.84
1004202,1.56E+12,30.6,325.8,-22.5,3.302,3.234,33.0,30.6,1.70,82.43
1004204,1.56E+12,51.8,329.5,-22.5,3.327,3.269,33.0,31.7,3.20,78.40
1004206,1.57E+12,37.7,333.7,-22.5,3.381,3.311,36.7,35.6,6.93,112.84
1004209,1.57E+12,64.7,350.6,-22.5,3.541,3.479,34.1,32.9,6.95,112.18
1004210,1.56E+12,28.3,326.5,-22.5,3.308,3.238,33.0,30.3,10.75,90.55
1004212,1.57E+12,53.1,333.3,-22.5,3.372,3.312,36.1,35.1,5.03,104.42
1004213,1.56E+12,28.3,349.8,-22.5,3.538,3.469,33.8,31.7,7.75,110.34
1004218,1.55E+12,75.0,329.1,-22.5,3.337,3.270,37.0,33.4,2.10,80.10
1004221,1.56E+12,50.4,343.2,-22.5,3.462,3.405,36.3,32.3,8.24,82.78
1004225,1.55E+12,31.8,341.4,-22.5,3.447,3.389,36.0,33.4,9.10,100.37
1004226,1.56E+12,28.8,328.0,-22.5,3.311,3.251,37.0,33.3,0.23,103.59
1004229,1.57E+12,22.0,336.4,-22.5,3.400,3.344,32.7,29.7,2.63,89.70
1004231,1.55E+12,72.3,345.1,-22.5,3.490,3.429,36.9,35.8,5.00,61.86
1004232,1.55E+12,65.4,354.5,-22.5,3.583,3.519,33.8,30.0,7.07,92.85
1004234,1.56E+12,46.9,323.9,-22.5,3.281,3.212,36.2,34.4,6.17,81.71
1004235,1.56E+12,74.0,348.3,-22.5,3.532,3.457,37.0,35.1,13.58,73.68
1004236,1.55E+12,43.9,332.8,-22.5,3.359,3.305,35.0,33.7,7.17,115.87
1004238,1.57E+12,57.1,334.3,-22.5,3.374,3.317,37.0,33.3,9.08,113.26
1004240,1.55E+12,44.6,333.0,-39.4,3.360,3.309,33.5,31.6,7.89,106.40
1004242,1.55E+12,39.4,326.1,-22.5,3.305,3.231,36.0,34.2,5.29,63.84
1004244,1.57E+12,47.8,326.8,-22.5,3.304,3.247,35.9,33.2,6.60,61.96
1004245,1.56E+12,47.7,328.2,-22.5,3.319,3.253,33.0,31.9,2.71,102.46
1004246,1.56E+12,54.0,353.7,-22.5,3.585,3.513,37.0,34.7,24.71,114.47
1004247,1.57E+12,26.3,327.3,-22.5,3.304,3.252,33.0,30.2,6.37,119.29
1004251,1.56E+12,69.2,349.9,-22.5,3.535,3.477,37.0,34.5,24.28,112.07
1004252,1.57E+12,34.3,329.8,-22.5,3.335,3.277,33.0,29.2,2.96,117.21
1004253,1.57E+12,71.9,337.9,-22.5,3.417,3.355,37.0,33.4,2.81,104.81
1004256,1.56E+12,27.0,331.8,-22.5,3.350,3.291,35.1,32.5,3.10,103.32
1004257,1.56E+12,17.7,351.8,-22.5,3.560,3.496,37.0,33.1,2.57,65.55
1004258,1.57E+12,51.1,330.9,-22.5,3.347,3.285,37.0,35.0,22.25,101.42
1004260,1.56E+12,28.1,328.6,-22.5,3.325,3.256,35.5,32.7,7.62,102.69
1004263,1.55E+12,57.5,331.8,-22.5,3.349,3.293,37.0,33.1,7.99,105.57
1004264,1.56E+12,60.5,330.9,-22.5,3.345,3.284,35.0,33.5,5.17,88.78
1004266,1.55E+12,61.2,349.9,-22.5,3.546,3.475,37.0,34.9,1.65,88.52
1004267,1.55E+12,57.4,346.9,-22.5,3.516,3.441,36.0,33.1,5.60,80.86
1004272,1.56E+12,69.0,340.6,-22.5,3.448,3.381,33.2,30.3,5.79,119.67
1004273,1.55E+12,38.0,357.4,-22.5,3.606,3.551,33.0,30.8,2.88,109.09
1004274,1.55E+12,64.4,338.7,-22.5,3.428,3.360,35.3,31.4,4.66,83.64
1004275,1.56E+12,45.5,324.0,-22.5,3.290,3.211,33.0,29.2,8.02,112.11
1004276,1.57E+12,24.0,327.4,-22.5,3.305,3.254,33.0,31.2,2.41,70.07
1004278,1.55E+12,73.1,327.0,-22.5,3.312,3.246,35.1,31.5,5.32,60.70
1004279,1.55E+12,21.1,328.4,-22.5,3.317,3.263,37.0,34.6,10.43,87.03
1004283,1.56E+12,67.0,346.7,-22.5,3.506,3.438,34.0,30.0,7.57,109.60
1004284,1.56E+12,43.2,331.0,-22.5,3.353,3.287,33.0,29.8,4.28,105.12
1004286,1.56E+12,71.5,350.5,-22.5,3.549,3.482,37.0,35.9,5.88,77.12
1004288,1.56E+12,71.8,352.3,-22.5,3.563,3.501,37.0,35.8,4.03,97.19
1004289,1.57E+12,36.0,351.9,-31.0,3.551,3.497,36.0,34.2,0.58,96.55
1004292,1.56E+12,49.9,353.1,-22.5,3.563,3.511,33.9,31.3,9.81,80.41
1004294,1.56E+12,38.9,346.7,-22.5,3.513,3.439,33.0,30.8,1.76,86.28
1004295,1.56E+12,20.4,324.8,-22.5,3.288,3.219,33.0,31.5,1.02,101.81
1004299,1.55E+12,18.2,354.5,-22.5,3.590,3.519,37.0,35.1,1.41,111.90
1004301,1.55E+12,27.6,331.8,-22.5,3.354,3.292,32.1,28.6,4.73,104.46
1004302,1.55E+12,22.6,335.7,-22.5,3.388,3.329,35.4,31.9,4.47,86.32
1004305,1.57E+12,26.3,325.0,-22.5,3.283,3.229,35.1,31.7,21.41,100.27
1004309,1.57E+12,39.3,345.9,-22.5,3.500,3.431,36.2,32.5,25.74,109.20
1004310,1.56E+12,65.0,325.9,-22.5,3.290,3.237,34.6,33.6,10.29,80.30
1004311,1.56E+12,36.5,351.6,-22.5,3.552,3.488,35.9,34.9,3.12,105.65
1004314,1.57E+12,72.5,350.9,-22.5,3.548,3.488,37.0,34.1,8.07,118.48
1004319,1.56E+12,39.4,358.3,-22.5,3.621,3.561,37.0,35.7,4.00,78.15
1004320,1.56E+12,49.2,339.8,-22.5,3.445,3.378,34.5,33.4,6.53,65.65
1004324,1.56E+12,21.2,332.9,-22.5,3.372,3.301,37.0,35.7,3.32,103.86
1004325,1.55E+12,18.4,333.0,-22.5,3.366,3.308,34.6,33.4,1.98,109.18
1004328,1.56E+12,35.1,328.3,-22.5,3.327,3.258,33.0,29.1,4.78,94.05
1004330,1.55E+12,59.3,344.8,-22.5,3.497,3.421,33.7,30.8,8.91,103.46
1004332,1.56E+12,54.0,329.5,-22.5,3.326,3.273,37.0,34.7,6.52,99.89
1004333,1.55E+12,19.1,333.2,-22.5,3.373,3.303,37.0,35.5,2.39,103.45
1004334,1.55E+12,38.0,328.5,-22.5,3.317,3.256,36.0,33.1,3.15,93.83
1004338,1.56E+12,42.5,325.2,-22.5,3.298,3.224,33.0,29.5,8.46,64.20
1004339,1.56E+12,22.0,327.8,-22.5,3.323,3.256,35.2,31.3,9.20,105.33
1004341,1.55E+12,49.5,349.0,-22.5,3.529,3.467,35.9,33.5,0.30,64.98
1004346,1.55E+12,57.2,329.1,-22.5,3.323,3.267,37.0,34.2,5.39,107.70
1004349,1.55E+12,48.9,358.7,-22.5,3.621,3.559,34.9,33.2,5.31,113.51
1004351,1.57E+12,64.8,334.3,-22.5,3.378,3.319,36.0,33.9,6.38,94.40
1004353,1.57E+12,21.2,327.9,-22.5,3.314,3.252,33.0,30.2,11.20,107.71
1004356,1.57E+12,75.2,329.8,-22.5,3.344,3.274,35.5,31.8,6.17,60.37
1004358,1.56E+12,19.8,330.4,-22.5,3.354,3.274,35.0,33.9,6.77,81.87
1004359,1.55E+12,35.8,333.5,-22.5,3.371,3.312,36.4,32.5,6.52,93.84
1004361,1.57E+12,33.2,353.1,-22.5,3.574,3.503,33.0,31.7,5.00,69.48
1004363,1.57E+12,48.4,348.0,-22.5,3.524,3.451,36.0,32.1,8.51,87.60
1004366,1.57E+12,42.1,334.0,-22.5,3.377,3.317,33.0,29.7,4.92,87.53
1004368,1.57E+12,52.6,329.8,-22.5,3.342,3.270,33.0,29.7,5.39,87.78
1004369,1.56E+12,55.3,329.2,-22.5,3.332,3.267,37.0,35.1,2.92,75.05
1004370,1.57E+12,45.7,332.2,-22.5,3.357,3.301,37.0,34.6,6.01,93.99
1004372,1.55E+12,19.8,329.9,-22.5,3.332,3.271,36.0,34.8,23.03,63.53
1004373,1.57E+12,44.6,333.9,-22.5,3.373,3.315,35.1,31.2,22.71,80.22
1004376,1.56E+12,57.5,326.6,-22.5,3.298,3.242,37.0,35.6,4.18,72.71
1004377,1.56E+12,69.7,325.2,-22.5,3.300,3.225,34.4,30.6,7.18,75.89
1004378,1.57E+12,30.0,358.3,-22.5,3.628,3.555,36.0,33.3,4.46,115.48
1004382,1.56E+12,43.8,355.8,-22.5,3.606,3.534,33.0,31.9,22.65,96.43
1004383,1.56E+12,21.0,356.6,-22.5,3.607,3.545,32.6,31.0,18.60,65.25
1004385,1.55E+12,37.8,350.8,-22.5,3.553,3.478,35.8,34.4,9.09,97.87
1004386,1.55E+12,70.6,358.1,-22.5,3.621,3.557,37.0,33.1,21.71,103.04
1004392,1.56E+12,22.5,348.8,-22.5,3.529,3.467,33.5,31.1,6.93,80.84
1004393,1.55E+12,65.5,351.5,-22.5,3.548,3.491,37.0,35.4,3.74,63.10
1004397,1.57E+12,19.3,337.1,-22.5,3.401,3.350,34.6,33.4,2.56,95.88
1004400,1.56E+12,45.4,333.7,-45.3,3.368,3.313,37.0,35.2,11.03,103.02
1004401,1.57E+12,24.5,345.3,-22.5,3.489,3.425,36.0,32.3,5.63,102.23
1004402,1.56E+12,33.5,325.9,-22.5,3.291,3.236,33.0,31.9,12.65,65.09
1004403,1.57E+12,39.3,353.4,-22.5,3.584,3.514,33.0,30.9,3.66,101.65
1004410,1.57E+12,44.7,330.4,-22.5,3.340,3.276,33.0,29.2,5.30,84.94
1004411,1.55E+12,61.5,354.9,-22.5,3.585,3.524,33.1,31.9,8.55,102.46
1004413,1.56E+12,15.5,330.4,-22.5,3.349,3.284,37.0,35.9,9.24,101.36
1004417,1.57E+12,39.1,358.2,-22.5,3.622,3.560,37.0,33.9,8.07,72.01
1004426,1.57E+12,38.0,326.7,-22.5,3.302,3.240,37.0,35.1,8.98,78.31
1004427,1.56E+12,27.2,356.0,-22.5,3.605,3.540,37.0,35.7,24.15,91.21
1004428,1.55E+12,52.9,329.1,-22.5,3.340,3.271,36.0,34.1,0.63,95.86
1004429,1.56E+12,34.8,327.6,-22.5,3.318,3.251,37.0,35.4,25.93,80.56
1004430,1.55E+12,59.5,356.7,-22.5,3.614,3.546,34.6,32.0,23.22,111.83
1004431,1.55E+12,24.5,327.8,-22.5,3.319,3.251,37.0,34.1,6.48,85.94
1004435,1.55E+12,64.6,344.8,-22.5,3.479,3.420,37.0,34.6,6.93,82.80
1004439,1.57E+12,22.1,357.3,-22.5,3.615,3.547,37.0,33.8,7.52,70.36
1004441,1.56E+12,31.8,333.4,-22.5,3.369,3.305,33.6,31.2,3.48,63.59
1004445,1.56E+12,70.0,336.6,-22.5,3.410,3.343,33.0,31.3,4.60,117.56
1004447,1.55E+12,44.5,357.5,-22.5,3.616,3.547,36.0,32.3,5.81,76.37
1004448,1.56E+12,26.9,327.3,-22.5,3.319,3.246,35.6,34.4,2.15,76.61
1004449,1.57E+12,60.3,327.7,-22.5,3.316,3.256,37.0,33.7,2.20,69.09
1004451,1.56E+12,39.5,336.1,-22.5,3.411,3.337,33.0,29.5,2.92,63.76
1004455,1.57E+12,61.7,335.0,-22.5,3.393,3.321,33.0,29.4,7.27,62.18
1004456,1.56E+12,68.8,328.8,-22.5,3.336,3.261,37.0,35.7,23.55,86.91
1004457,1.56E+12,32.5,331.9,-22.5,3.369,3.297,33.0,30.5,4.75,92.48
1004459,1.57E+12,35.2,330.2,-22.5,3.335,3.281,33.0,30.5,22.60,69.43
1004460,1.57E+12,45.3,328.1,-22.5,3.329,3.260,37.0,35.9,3.77,61.16
1004461,1.55E+12,15.6,343.2,-22.5,3.475,3.408,37.0,35.2,4.61,61.35
1004464,1.57E+12,20.1,326.8,-34.3,3.300,3.244,37.0,33.6,4.09,66.62
1004465,1.57E+12,65.5,335.2,-25.4,3.391,3.324,33.0,31.5,10.25,84.58
1004466,1.55E+12,53.0,340.1,-22.5,3.444,3.372,32.1,29.4,10.66,86.98
1004468,1.55E+12,28.3,329.7,-66.9,3.339,3.276,33.0,30.3,2.93,75.41
1004470,1.57E+12,17.8,356.1,-22.5,3.598,3.539,36.5,34.9,0.32,65.24
1004471,1.57E+12,56.4,334.0,-22.5,3.379,3.315,37.0,34.2,0.38,113.69
1004472,1.55E+12,18.3,328.6,-22.5,3.334,3.264,36.0,32.3,24.02,81.77
1004475,1.56E+12,24.3,328.7,-22.5,3.335,3.258,33.0,30.0,24.11,70.97
1004482,1.55E+12,53.8,340.9,-22.5,3.456,3.381,35.4,32.1,4.48,109.52
1004484,1.55E+12,20.7,339.3,-22.5,3.438,3.368,33.6,30.2,6.93,60.90
1004486,1.56E+12,61.7,344.6,-22.5,3.491,3.421,33.0,31.5,1.72,107.70
1004492,1.56E+12,33.3,347.5,-22.5,3.519,3.455,37.0,34.7,3.48,95.07
1004498,1.57E+12,53.6,341.7,-22.5,3.464,3.392,35.6,34.5,7.80,94.63
1004500,1.55E+12,32.0,328.2,-22.5,3.319,3.256,37.0,35.1,14.07,84.72
1004503,1.57E+12,47.7,331.8,-22.5,3.360,3.292,33.0,29.1,5.39,107.68
1004504,1.57E+12,72.8,331.5,-44.8,3.355,3.293,36.1,32.9,5.75,111.63
1004506,1.55E+12,55.2,353.0,-22.5,3.570,3.504,34.5,33.4,5.30,110.61
1004509,1.55E+12,22.0,330.1,-22.5,3.343,3.276,34.2,32.3,1.06,95.61
1004511,1.56E+12,24.9,330.1,-22.5,3.337,3.279,36.7,35.4,7.56,119.81
1004512,1.56E+12,31.8,344.7,-22.5,3.489,3.427,35.6,34.4,2.96,117.71
1004514,1.57E+12,36.7,327.8,-22.5,3.320,3.253,33.1,31.2,3.31,68.63
1004518,1.56E+12,39.0,332.3,-42.3,3.359,3.295,37.0,34.6,10.47,96.92
1004520,1.57E+12,50.7,331.1,-22.5,3.359,3.281,37.0,34.8,6.75,79.40
1004522,1.57E+12,68.4,348.4,-22.5,3.533,3.464,37.0,34.2,6.19,82.53
1004523,1.57E+12,39.5,329.7,-22.5,3.327,3.275,34.3,30.7,2.32,72.79
1004524,1.57E+12,26.4,332.1,-22.5,3.351,3.295,37.0,33.5,6.52,81.32
1004526,1.57E+12,74.8,325.9,-22.5,3.292,3.233,35.2,31.4,4.35,104.92
1004528,1.56E+12,33.1,335.1,-37.6,3.392,3.325,37.0,33.5,1.22,110.71
1004529,1.57E+12,29.3,326.6,-22.5,3.297,3.246,36.0,33.5,23.63,71.31
1004535,1.56E+12,69.6,342.5,-22.5,3.465,3.399,35.6,33.6,24.98,66.56
1004537,1.57E+12,23.7,336.3,-22.5,3.412,3.341,34.3,30.8,4.07,76.52
1004540,1.57E+12,17.2,333.1,-22.5,3.362,3.305,33.4,29.9,3.68,83.14
1004545,1.55E+12,24.0,333.3,-22.5,3.376,3.309,37.0,35.9,2.66,61.40
1004549,1.55E+12,43.5,351.0,-35.8,3.549,3.481,33.0,30.4,12.49,104.12
1004551,1.57E+12,17.7,348.1,-22.5,3.527,3.453,36.0,34.5,3.54,73.83
1004554,1.55E+12,31.9,333.2,-22.5,3.364,3.306,33.0,31.1,11.35,119.74
1004559,1.56E+12,24.3,327.9,-22.5,3.323,3.254,37.0,33.2,2.54,88.90
1004560,1.56E+12,16.6,338.8,-22.5,3.421,3.366,34.0,31.5,5.40,73.73
1004563,1.56E+12,38.5,353.1,-22.5,3.572,3.505,37.0,35.8,23.35,78.68
1004565,1.56E+12,33.0,341.0,-22.5,3.450,3.387,35.5,33.2,23.33,116.88
1004567,1.55E+12,64.7,332.6,-22.5,3.361,3.298,35.3,34.2,1.92,94.96
1004570,1.55E+12,36.9,346.1,-22.5,3.496,3.440,33.3,30.2,4.75,78.77
1004572,1.56E+12,43.1,331.4,-22.5,3.358,3.285,36.0,32.5,0.05,78.28
1004574,1.55E+12,23.6,332.0,-22.5,3.367,3.295,36.0,32.8,13.32,114.11
1004575,1.57E+12,47.0,328.4,-22.5,3.321,3.256,37.0,34.9,2.05,110.81
1004578,1.56E+12,28.3,327.7,-22.5,3.317,3.249,34.2,32.0,0.64,72.58
1004579,1.55E+12,45.1,328.3,-22.5,3.329,3.258,37.0,34.6,3.28,84.60
1004582,1.56E+12,70.4,344.3,-22.5,3.485,3.422,37.0,35.4,9.61,107.14
1004588,1.56E+12,67.7,327.8,-22.5,3.325,3.249,37.0,33.5,0.64,100.43
1004589,1.56E+12,64.4,346.7,-22.5,3.503,3.445,34.2,31.8,9.05,96.24
1004590,1.55E+12,21.4,339.0,-22.5,3.425,3.361,32.5,29.6,5.96,113.36
1004591,1.56E+12,18.2,323.7,-22.5,3.280,3.216,36.0,32.4,1.34,86.10
1004592,1.55E+12,25.0,333.1,-22.5,3.363,3.307,32.9,31.4,6.87,105.73
1004593,1.56E+12,19.0,331.7,-22.5,3.364,3.289,32.5,29.0,0.22,86.16
1004599,1.55E+12,18.2,338.2,-22.5,3.418,3.353,37.0,34.7,8.57,84.91
1004600,1.57E+12,71.7,331.2,-22.5,3.349,3.289,33.4,29.5,7.97,65.36
1004601,1.55E+12,33.8,349.3,-22.5,3.524,3.467,36.0,33.1,3.54,79.41
1004602,1.55E+12,32.2,326.0,-22.5,3.301,3.232,33.9,32.6,5.24,116.81
1004603,1.56E+12,61.7,343.7,-22.5,3.474,3.413,32.6,29.3,6.41,98.67
1004605,1.55E+12,74.4,351.1,-22.5,3.541,3.483,32.3,30.7,5.31,97.47
1004609,1.57E+12,53.9,336.9,-22.5,3.402,3.343,37.0,35.5,6.73,95.17
1004610,1.57E+12,75.4,351.1,-22.5,3.544,3.487,36.0,34.9,6.50,118.37
1004611,1.56E+12,65.2,357.2,-22.5,3.613,3.549,34.9,30.9,3.85,107.69
1004612,1.56E+12,54.9,330.4,-22.5,3.351,3.279,36.0,32.6,1.62,80.53
1004614,1.57E+12,69.2,331.9,-22.5,3.354,3.294,35.8,33.1,6.46,81.32
1004618,1.56E+12,72.4,341.7,-22.5,3.464,3.392,37.0,35.5,1.76,94.19
1004619,1.57E+12,21.2,327.5,-22.5,3.310,3.249,37.0,35.1,10.57,119.74
1004622,1.55E+12,73.3,339.4,-22.5,3.441,3.373,33.0,30.2,2.02,65.35
1004625,1.57E+12,16.1,325.6,-22.5,3.290,3.236,37.0,33.9,1.36,91.42
1004627,1.55E+12,53.3,341.6,-22.5,3.448,3.390,36.0,32.1,3.59,110.77
1004628,1.55E+12,42.0,349.9,-22.5,3.536,3.475,35.0,32.5,6.05,74.42
1004629,1.57E+12,57.0,329.1,-22.5,3.327,3.262,34.5,32.3,5.09,88.37
1004633,1.56E+12,48.7,353.4,-22.5,3.567,3.511,33.0,31.3,25.09,97.00
1004635,1.57E+12,42.5,348.0,-22.5,3.523,3.455,33.6,30.6,6.77,62.54
1004637,1.57E+12,66.4,327.8,-22.5,3.319,3.252,37.0,33.4,2.65,107.53
1004638,1.56E+12,38.0,332.6,-22.5,3.374,3.303,37.0,35.5,3.48,78.16
1004639,1.55E+12,54.5,326.7,-22.5,3.303,3.238,36.0,34.1,9.56,102.53
1004643,1.57E+12,34.0,332.2,-22.5,3.359,3.300,36.0,32.4,3.43,112.79
1004644,1.55E+12,68.8,332.2,-22.5,3.356,3.301,35.7,33.1,4.31,102.06
1004647,1.55E+12,21.0,328.5,-22.5,3.334,3.262,33.0,31.5,3.39,84.36
1004652,1.57E+12,53.6,341.2,-22.5,3.454,3.390,33.2,31.0,9.50,94.07
1004653,1.55E+12,38.3,341.0,-22.5,3.443,3.386,33.0,29.8,0.70,71.55
1004654,1.55E+12,24.8,330.4,-22.5,3.341,3.280,37.0,35.1,3.82,92.12
1004655,1.55E+12,58.2,328.0,-22.5,3.327,3.254,36.0,32.5,4.05,102.21
1004656,1.55E+12,21.1,329.3,-22.5,3.341,3.264,33.0,31.9,10.19,97.19
1004657,1.56E+12,66.3,331.8,-22.5,3.362,3.293,33.6,29.8,5.54,78.97
1004658,1.57E+12,28.8,323.6,-22.5,3.279,3.215,37.0,33.9,4.10,87.58
1004659,1.57E+12,59.3,330.1,-22.5,3.345,3.272,33.0,30.4,0.99,93.66
1004661,1.57E+12,32.1,358.4,-22.5,3.617,3.556,34.3,32.1,11.64,79.83
1004663,1.56E+12,15.6,327.8,-22.5,3.317,3.250,34.4,32.3,5.05,60.80
1004664,1.56E+12,21.7,336.2,-22.5,3.394,3.339,33.0,30.0,22.70,115.70
1004665,1.57E+12,57.3,331.1,-22.5,3.354,3.286,33.1,30.7,5.15,107.76
1004669,1.56E+12,73.5,345.6,-22.5,3.490,3.434,37.0,36.0,6.82,113.68
1004670,1.57E+12,66.0,343.6,-22.5,3.469,3.415,35.7,34.3,25.45,93.15
1004671,1.55E+12,32.0,352.8,-22.5,3.559,3.498,37.0,33.6,6.28,95.80
1004675,1.56E+12,44.5,331.9,-22.5,3.352,3.297,33.3,29.8,8.49,91.62
1004677,1.56E+12,53.9,328.5,-22.5,3.334,3.260,35.0,31.2,4.10,63.06
1004678,1.55E+12,72.4,324.8,-22.5,3.286,3.222,36.0,32.6,4.14,99.72
1004679,1.55E+12,75.3,343.5,-22.5,3.478,3.406,35.0,32.0,5.35,99.58
1004680,1.55E+12,63.2,347.5,-22.5,3.512,3.448,37.0,34.9,0.79,63.35
1004681,1.55E+12,18.8,348.4,-22.5,3.529,3.464,36.5,34.9,7.96,108.26
1004682,1.56E+12,41.7,333.9,-22.5,3.370,3.316,35.3,33.2,6.31,111.23
1004685,1.55E+12,61.2,328.4,-22.5,3.328,3.262,37.0,35.0,4.51,115.58
1004686,1.57E+12,21.4,347.9,-22.5,3.526,3.457,36.3,34.9,2.02,101.07
1004687,1.55E+12,59.1,331.8,-22.5,3.357,3.291,36.0,32.7,6.02,63.75
1004689,1.57E+12,36.6,330.5,-41.6,3.337,3.278,36.0,32.7,8.84,91.81
1004692,1.55E+12,22.1,352.6,-22.5,3.556,3.497,37.0,35.5,24.25,104.98
1004693,1.57E+12,70.8,353.6,-22.5,3.574,3.515,37.0,34.5,8.87,93.88
1004694,1.57E+12,47.1,337.5,-22.5,3.422,3.346,35.4,33.2,2.17,66.63
1004695,1.57E+12,52.0,327.7,-22.5,3.319,3.249,33.9,31.9,4.60,97.01
1004696,1.57E+12,44.6,327.5,-22.5,3.321,3.250,33.5,32.4,7.54,118.97
1004697,1.56E+12,51.9,330.5,-22.5,3.346,3.277,37.0,34.9,2.97,101.71
1004698,1.56E+12,20.3,328.9,-22.5,3.324,3.263,36.0,33.8,3.39,85.81
1004704,1.57E+12,61.6,324.3,-22.5,3.273,3.213,33.0,29.9,15.45,106.32
1004706,1.55E+12,17.5,333.7,-22.5,3.384,3.309,37.0,35.6,7.77,99.11
1004707,1.56E+12,74.2,347.9,-22.5,3.525,3.450,36.0,32.9,7.94,92.91
1004708,1.57E+12,61.4,342.3,-22.5,3.464,3.394,34.9,31.6,9.35,83.00
1004712,1.56E+12,53.9,352.0,-22.5,3.557,3.492,36.0,33.6,10.55,74.43
1004715,1.56E+12,41.4,340.1,-22.5,3.431,3.374,35.7,32.3,23.48,95.48
1004716,1.55E+12,34.4,331.3,-22.5,3.361,3.292,33.0,30.8,6.30,66.28
1004717,1.55E+12,26.2,343.2,-45.9,3.467,3.403,37.0,33.5,8.62,92.61
1004723,1.56E+12,20.5,332.5,-22.5,3.374,3.297,37.0,34.3,24.46,95.70
1004724,1.55E+12,21.3,358.4,-22.5,3.620,3.558,37.0,33.4,5.30,107.05
1004726,1.57E+12,41.2,339.3,-22.5,3.432,3.364,36.0,33.7,3.87,116.23
1004727,1.57E+12,39.9,328.6,-22.5,3.333,3.264,32.6,31.1,1.73,78.31
1004728,1.56E+12,61.4,327.2,-22.5,3.303,3.246,33.0,29.4,5.42,60.18
1004729,1.55E+12,63.8,341.5,-22.5,3.459,3.388,36.7,33.7,8.30,96.16
1004733,1.57E+12,74.5,356.5,-22.5,3.599,3.545,35.9,33.6,3.37,72.29
1004738,1.55E+12,41.6,351.8,-22.5,3.553,3.494,37.0,34.9,0.39,111.45
1004739,1.55E+12,68.0,351.1,-22.5,3.555,3.490,37.0,35.6,2.18,63.99
1004742,1.57E+12,35.4,345.8,-22.5,3.507,3.435,36.0,33.5,8.61,82.16
1004743,1.55E+12,60.5,329.1,-22.5,3.322,3.267,36.0,32.4,2.21,91.22
1004748,1.56E+12,34.9,354.5,-22.5,3.583,3.523,36.8,34.6,3.49,95.92
1004750,1.56E+12,48.0,331.7,-22.5,3.354,3.296,36.0,33.6,2.84,63.66
1004751,1.55E+12,50.6,332.4,-22.5,3.365,3.303,33.0,30.5,7.82,104.46
1004752,1.55E+12,18.3,324.0,-22.5,3.279,3.213,32.0,29.3,2.85,95.97
1004753,1.55E+12,52.2,338.3,-22.5,3.428,3.354,36.0,34.7,16.25,60.09
1004755,1.56E+12,46.9,333.9,-22.5,3.373,3.314,37.0,33.5,2.53,84.27
1004760,1.57E+12,23.6,352.3,-36.7,3.566,3.497,36.0,34.4,4.64,107.88
1004761,1.57E+12,64.5,326.3,-22.5,3.312,3.242,35.6,31.9,6.01,109.34
1004763,1.56E+12,50.5,341.2,-22.5,3.451,3.382,36.0,34.0,9.41,95.25
1004766,1.57E+12,39.8,327.2,-38.2,3.310,3.244,37.0,34.4,0.62,63.10
1004767,1.57E+12,47.7,336.1,-22.5,3.404,3.335,37.0,34.9,5.09,84.31
1004773,1.55E+12,56.9,338.6,-22.5,3.423,3.365,33.6,30.9,7.33,73.59
1004775,1.56E+12,21.3,337.1,-22.5,3.410,3.345,35.6,33.3,8.41,100.03
1004777,1.57E+12,66.0,331.6,-22.5,3.365,3.288,35.3,33.3,5.01,87.62
1004778,1.56E+12,63.6,334.9,-22.5,3.380,3.321,36.4,32.9,21.96,103.94
1004779,1.57E+12,61.8,328.2,-22.5,3.331,3.256,33.0,29.3,5.37,95.90
1004781,1.55E+12,38.6,327.9,-22.5,3.311,3.257,37.0,33.5,4.83,101.82
1004784,1.55E+12,75.0,354.6,-22.5,3.590,3.516,36.4,33.5,23.22,102.34
1004786,1.56E+12,19.9,350.0,-22.5,3.543,3.478,33.3,30.6,6.74,119.60
1004791,1.56E+12,63.4,351.0,-22.5,3.551,3.489,34.6,30.7,5.83,69.43
1004793,1.55E+12,15.9,353.9,-22.5,3.584,3.518,34.0,30.9,2.10,96.81
1004794,1.55E+12,62.3,327.2,-22.5,3.304,3.250,34.7,32.8,1.54,80.19
1004795,1.57E+12,61.8,340.8,-22.5,3.442,3.380,35.9,34.8,8.88,92.68
1004797,1.56E+12,24.0,355.4,-22.5,3.595,3.527,36.0,32.9,3.72,63.36
1004798,1.56E+12,19.1,324.8,-22.5,3.280,3.223,37.0,34.0,9.91,119.42
1004801,1.55E+12,43.9,328.2,-22.5,3.318,3.259,37.0,35.1,8.07,112.51
1004803,1.56E+12,61.4,344.5,-22.5,3.484,3.420,35.3,33.8,6.92,87.03
1004804,1.55E+12,38.7,327.1,-22.5,3.313,3.244,37.0,33.3,5.75,73.21
1004805,1.55E+12,25.0,353.5,-22.5,3.574,3.509,33.0,30.9,2.96,86.13
1004807,1.55E+12,52.3,328.7,-22.5,3.318,3.265,33.0,30.9,2.22,119.00
1004809,1.56E+12,19.8,337.0,-22.5,3.413,3.350,37.0,33.5,22.92,85.87
1004810,1.55E+12,41.8,328.2,-22.5,3.317,3.258,34.2,31.4,3.66,94.83
1004812,1.57E+12,65.1,330.6,-22.5,3.345,3.278,36.3,32.6,4.32,114.24
1004818,1.56E+12,43.9,340.6,-22.5,3.441,3.381,37.0,35.1,10.98,61.58
1004822,1.56E+12,65.5,342.0,-22.5,3.462,3.390,35.5,32.7,0.81,69.50
1004825,1.57E+12,40.5,331.2,-22.5,3.344,3.287,35.4,34.4,9.78,114.10
1004826,1.57E+12,32.5,350.2,-22.5,3.547,3.477,34.9,31.8,4.38,106.92
1004827,1.55E+12,56.0,334.3,-22.5,3.391,3.315,35.4,31.6,6.63,106.14
1004831,1.55E+12,66.8,339.4,-36.4,3.435,3.367,37.0,33.6,5.59,70.84
1004832,1.55E+12,23.8,337.8,-22.5,3.417,3.351,37.0,35.9,2.79,94.03
1004836,1.56E+12,18.0,329.8,-22.5,3.333,3.272,34.5,32.0,7.13,72.13
1004837,1.55E+12,73.0,332.9,-22.5,3.369,3.299,36.0,32.0,1.00,105.57
1004838,1.56E+12,38.7,328.3,-22.5,3.315,3.261,33.0,30.9,3.01,88.25
1004839,1.57E+12,56.2,327.5,-22.5,3.308,3.249,37.0,33.8,4.23,72.33
1004840,1.55E+12,39.1,354.3,-22.5,3.593,3.519,35.6,32.4,6.16,74.36
1004841,1.57E+12,25.3,336.4,-22.5,3.398,3.341,37.0,33.7,6.66,73.22
1004842,1.55E+12,49.1,355.9,-22.5,3.603,3.530,33.0,29.7,0.71,115.11
1004844,1.56E+12,17.8,328.1,-22.5,3.326,3.261,32.6,31.1,5.40,105.01
1004852,1.56E+12,40.1,336.7,-22.5,3.397,3.342,37.0,34.4,5.02,111.83
1004853,1.56E+12,38.6,328.7,-22.5,3.320,3.266,33.3,31.6,1.14,98.16
1004856,1.57E+12,63.1,327.2,-22.5,3.316,3.251,32.5,28.8,6.16,106.84
1004858,1.55E+12,55.3,329.8,-22.5,3.343,3.274,37.0,35.0,8.17,71.14
1004859,1.56E+12,65.9,354.3,-22.5,3.588,3.518,37.0,34.6,25.09,66.35
1004860,1.56E+12,29.7,353.2,-22.5,3.577,3.507,33.0,31.9,4.46,65.22
1004862,1.56E+12,19.4,328.2,-22.5,3.328,3.259,36.9,35.3,1.45,96.05
1004863,1.55E+12,58.8,351.0,-22.5,3.556,3.482,33.0,29.3,25.25,97.20
1004864,1.57E+12,29.3,325.9,-22.5,3.303,3.238,36.0,34.5,4.15,105.66
1004866,1.57E+12,16.9,326.3,-22.5,3.302,3.243,33.0,29.3,12.34,112.41
1004869,1.57E+12,53.5,331.8,-22.5,3.350,3.295,33.0,30.0,5.75,82.21
1004870,1.55E+12,72.2,355.4,-22.5,3.595,3.531,33.7,30.8,10.68,88.87
1004874,1.55E+12,57.9,329.1,-55.1,3.336,3.261,33.0,30.9,5.02,95.23
1004875,1.57E+12,43.5,330.7,-22.5,3.339,3.281,34.5,32.3,1.92,69.52
1004876,1.55E+12,67.0,355.1,-22.5,3.584,3.522,36.0,33.7,9.29,100.62
1004878,1.57E+12,20.8,352.2,-22.5,3.556,3.497,37.0,33.8,3.24,76.83
1004881,1.55E+12,62.8,357.9,-22.5,3.628,3.556,33.0,31.4,3.73,119.77
1004884,1.57E+12,21.3,325.8,-22.5,3.294,3.235,33.0,29.5,4.69,109.37
1004886,1.56E+12,48.1,347.8,-22.5,3.519,3.455,36.7,34.9,4.43,70.51
1004888,1.56E+12,33.3,358.4,-22.5,3.619,3.559,37.0,33.4,6.14,72.77
1004889,1.56E+12,49.6,355.5,-22.5,3.593,3.526,33.0,31.1,2.72,83.45
1004890,1.56E+12,64.2,340.8,-22.5,3.442,3.382,33.0,31.1,0.23,72.46
1004892,1.57E+12,73.9,347.8,-22.5,3.510,3.455,33.1,30.8,6.56,73.40
1004893,1.57E+12,20.9,351.9,-22.5,3.557,3.489,33.0,31.1,24.55,95.11
1004896,1.55E+12,25.9,335.9,-22.5,3.395,3.334,37.0,33.0,5.16,89.18
1004899,1.56E+12,28.8,356.1,-41.9,3.598,3.535,33.0,31.4,4.61,78.94
1004901,1.57E+12,43.2,335.8,-22.5,3.396,3.333,34.3,30.4,9.72,92.14
1004904,1.57E+12,46.3,326.8,-22.5,3.305,3.239,37.0,33.6,1.56,73.73
1004905,1.56E+12,35.8,340.4,-22.5,3.441,3.378,32.3,29.1,6.61,93.54
1004908,1.56E+12,31.6,329.8,-22.5,3.330,3.271,37.0,34.6,22.73,93.89
1004909,1.57E+12,27.9,350.2,-22.5,3.551,3.479,33.3,30.5,3.82,70.96
1004910,1.57E+12,53.5,354.4,-22.5,3.589,3.514,36.0,32.5,3.98,60.67
1004911,1.57E+12,46.7,346.4,-22.5,3.509,3.440,36.0,34.7,5.72,86.24
1004912,1.57E+12,24.2,329.2,-22.5,3.342,3.265,37.0,33.0,8.16,62.97
1004913,1.57E+12,24.1,330.3,-22.5,3.346,3.283,37.0,35.2,5.03,118.06
1004914,1.57E+12,71.7,347.9,-22.5,3.524,3.455,32.6,31.4,8.34,108.10
1004915,1.57E+12,18.3,329.3,-22.5,3.338,3.273,33.0,29.7,2.89,116.70
1004916,1.57E+12,36.7,328.4,-22.5,3.321,3.255,36.7,35.6,3.59,84.20
1004918,1.55E+12,61.3,328.2,-22.5,3.314,3.254,37.0,35.9,3.15,109.45
1004919,1.56E+12,62.4,325.8,-22.5,3.294,3.236,33.0,30.1,7.31,102.43
1004920,1.56E+12,75.0,343.9,-22.5,3.483,3.410,36.8,35.1,1.86,106.51
1004921,1.56E+12,32.4,327.9,-22.5,3.325,3.256,37.0,34.0,23.76,99.70
1004923,1.55E+12,37.6,344.8,-22.5,3.482,3.423,37.0,34.2,3.40,66.60
1004925,1.55E+12,42.3,337.0,-22.5,3.418,3.349,36.0,32.7,8.06,111.14
1004931,1.55E+12,30.6,327.3,-22.5,3.307,3.243,33.0,29.1,8.65,119.81
1004933,1.56E+12,45.4,338.9,-22.5,3.429,3.361,33.4,31.3,9.94,85.13
1004934,1.57E+12,60.6,331.8,-22.5,3.350,3.294,33.0,29.2,6.49,112.60
1004938,1.55E+12,73.1,344.8,-22.5,3.482,3.426,33.4,30.0,5.02,111.47
1004939,1.55E+12,38.3,327.9,-68.6,3.319,3.250,36.0,33.6,5.39,99.17
1004941,1.57E+12,15.9,347.9,-22.5,3.512,3.453,37.0,35.2,1.84,112.92
1004943,1.56E+12,42.4,338.5,-22.5,3.432,3.363,36.5,33.5,11.97,67.42
1004944,1.57E+12,28.0,347.7,-22.5,3.507,3.452,37.0,35.2,25.14,109.43
1004948,1.57E+12,57.5,345.0,-22.5,3.492,3.424,37.0,34.3,11.15,114.07
1004950,1.55E+12,42.1,324.6,-22.5,3.288,3.216,36.0,32.1,25.61,84.66
1004952,1.57E+12,25.9,338.0,-22.5,3.423,3.360,37.0,34.9,5.64,85.30
1004955,1.56E+12,72.3,340.3,-22.5,3.434,3.381,37.0,33.7,3.30,100.94
1004957,1.55E+12,21.9,331.9,-22.5,3.366,3.290,37.0,33.9,3.04,86.81
1004959,1.56E+12,38.3,332.2,-22.5,3.363,3.298,33.0,29.3,5.72,93.92
1004963,1.55E+12,21.2,350.6,-22.5,3.550,3.484,36.0,35.0,8.83,60.66
1004964,1.56E+12,16.2,338.0,-22.5,3.410,3.350,33.0,30.5,5.97,83.84
1004965,1.56E+12,61.8,349.5,-22.5,3.532,3.465,33.0,30.5,6.29,82.34
1004967,1.55E+12,57.2,357.6,-22.5,3.607,3.549,33.0,31.1,1.14,84.67
1004968,1.57E+12,70.9,339.2,-22.5,3.422,3.369,36.1,32.1,3.66,80.87
1004970,1.57E+12,18.5,351.3,-50.8,3.546,3.491,32.8,29.7,6.30,87.09
1004973,1.56E+12,69.1,329.0,-41.7,3.324,3.268,37.0,34.5,6.51,101.57
1004974,1.57E+12,58.8,329.4,-22.5,3.340,3.271,37.0,35.0,3.04,86.41
1004975,1.57E+12,69.7,357.9,-22.5,3.613,3.555,33.7,31.3,8.06,79.66
1004979,1.57E+12,30.3,340.6,-22.5,3.440,3.385,37.0,33.4,7.47,78.10
1004980,1.55E+12,21.3,334.5,-22.5,3.388,3.323,37.0,33.6,2.38,111.10
1004981,1.56E+12,32.6,330.9,-22.5,3.356,3.279,36.1,33.9,8.35,98.05
1004982,1.55E+12,65.6,328.2,-22.5,3.318,3.261,37.0,34.5,7.53,90.49
1004986,1.56E+12,67.2,339.9,-22.5,3.432,3.378,34.7,32.2,4.45,117.25
1004987,1.56E+12,50.1,333.1,-22.5,3.366,3.302,37.0,35.0,6.30,66.98
1004989,1.55E+12,29.8,335.6,-22.5,3.403,3.333,36.3,34.1,10.36,64.01
1004990,1.55E+12,16.8,332.9,-22.5,3.364,3.300,36.0,34.5,10.52,98.97
1004991,1.55E+12,61.6,331.7,-22.5,3.347,3.295,36.0,33.4,0.27,99.82
1004992,1.55E+12,26.9,333.4,-22.5,3.365,3.305,36.1,33.1,18.14,71.18
1004994,1.57E+12,17.8,352.5,-22.5,3.556,3.496,36.1,32.2,0.04,89.60
1004997,1.55E+12,70.2,327.1,-22.5,3.317,3.242,35.3,31.4,5.90,64.59
