sessionId,kwhTotal,charging_fees,created,ended,startTime,endTime,chargeTimeHrs,weekday,platform,userId,stationId,locationId,managerVehicle,facilityType,Mon,Tues,Wed,Thurs,Fri,Sat,Sun
1000001,7.84,0.00,0015-02-24 11:06:43,0015-02-24 15:06:43,11,15,3.52,Thu,android,731262,369001,493904,1,3,0,0,0,0,0,0,0
1000002,10.92,0.00,0015-08-19 11:17:51,0015-08-19 15:17:51,11,15,3.96,Wed,ios,900581,250527,976902,1,3,0,0,1,0,0,0,0
1000003,3.17,0.12,0015-04-26 15:02:46,0015-04-26 18:02:46,15,18,2.70,Tue,android,479201,355208,976902,1,1,0,0,0,0,0,0,0
1000004,7.35,0.00,0015-03-03 11:54:14,0015-03-03 15:54:14,11,15,3.95,Thu,ios,802729,955429,493904,1,3,0,0,0,0,0,0,0
1000005,4.43,0.80,0015-08-24 11:15:10,0015-08-24 14:15:10,11,14,2.71,Mon,android,158655,944515,976902,1,2,1,0,0,0,0,0,0
1000006,5.80,0.00,0015-06-19 11:56:45,0015-06-19 14:56:45,11,14,2.32,Tue,ios,358607,366832,978130,0,3,0,0,0,0,0,0,0
1000007,2.85,0.00,0015-09-12 15:14:08,0015-09-12 18:14:08,15,18,2.84,Fri,android,542666,355208,976902,0,2,0,0,0,0,1,0,0
1000008,3.78,0.00,0015-08-18 11:55:00,0015-08-18 15:55:00,11,15,3.34,Wed,ios,407757,507660,202527,1,3,0,0,1,0,0,0,0
1000009,3.12,0.00,0015-09-17 11:48:11,0015-09-17 14:48:11,11,14,2.83,Fri,ios,492077,569886,868085,0,3,0,0,0,0,1,0,0
1000010,2.56,1.83,0015-09-11 00:31:01,0015-09-11 02:31:01,00,02,1.40,Fri,android,182582,228137,503205,1,4,0,0,0,0,1,0,0
1000011,6.09,0.00,0015-03-05 17:42:30,0015-03-05 22:42:30,17,22,4.58,Fri,ios,891952,787792,648339,0,1,0,0,0,0,1,0,0
1000012,4.24,0.00,0015-06-15 16:57:33,0015-06-15 19:57:33,16,19,2.68,Wed,android,107540,875343,747048,1,2,0,0,1,0,0,0,0
1000013,4.61,0.00,0015-05-03 17:32:15,0015-05-03 20:32:15,17,20,2.21,Thu,ios,354801,672450,202527,0,2,0,0,0,0,0,0,0
1000014,2.82,0.00,0015-05-14 12:26:29,0015-05-14 16:26:29,12,16,3.94,Mon,ios,939482,369001,493904,0,2,1,0,0,0,0,0,0
1000015,3.51,0.00,0015-05-09 12:29:15,0015-05-09 16:29:15,12,16,3.98,Wed,ios,666847,369001,493904,0,2,0,0,1,0,0,0,0
1000016,12.38,0.00,0015-09-16 11:30:13,0015-09-16 15:30:13,11,15,3.94,Mon,android,923267,371335,461655,1,1,1,0,0,0,0,0,0
1000017,2.87,0.00,0015-09-23 14:31:09,0015-09-23 16:31:09,14,16,1.90,Fri,ios,152578,369001,493904,1,3,0,0,0,0,1,0,0
1000018,0.82,0.00,0015-09-03 19:54:11,0015-09-03 21:54:11,19,21,1.00,Fri,ios,707040,500856,976902,1,4,0,0,0,0,1,0,0
1000019,5.37,0.00,0015-07-09 13:13:42,0015-07-09 17:13:42,13,17,3.45,Thu,ios,888387,250527,976902,0,3,0,0,0,0,0,0,0
1000020,7.79,0.00,0015-08-18 10:13:32,0015-08-18 13:13:32,10,13,2.17,Tue,ios,974244,987396,978130,1,3,0,0,0,0,0,0,0
1000021,5.75,0.29,0015-10-22 14:52:35,0015-10-22 17:52:35,14,17,2.28,Wed,android,385577,474204,481066,1,4,0,0,1,0,0,0,0
1000022,12.26,0.00,0015-06-17 17:31:16,0015-06-17 22:31:16,17,22,4.12,Wed,ios,908577,250527,976902,1,3,0,0,1,0,0,0,0
1000023,3.28,0.40,0015-05-18 16:00:07,0015-05-18 18:00:07,16,18,1.07,Sat,ios,233636,801274,976902,1,3,0,0,0,0,0,1,0
1000024,2.31,0.00,0015-09-12 09:13:43,0015-09-12 12:13:43,09,12,2.12,Wed,ios,262060,371335,461655,0,2,0,0,1,0,0,0,0
1000025,6.21,4.19,0015-05-14 11:01:11,0015-05-14 15:01:11,11,15,3.51,Wed,ios,925622,920264,461655,0,3,0,0,1,0,0,0,0
1000026,11.49,0.00,0015-03-15 11:22:19,0015-03-15 15:22:19,11,15,3.79,Wed,ios,172792,371335,461655,0,3,0,0,1,0,0,0,0
1000027,23.68,0.00,0015-08-18 20:21:01,0015-08-18 22:21:01,20,22,1.42,Wed,ios,555673,878706,461655,1,3,0,0,1,0,0,0,0
1000028,1.42,0.00,0015-07-19 10:12:16,0015-07-19 11:12:16,10,11,0.72,Thu,ios,872840,129465,461655,0,1,0,0,0,0,0,0,0
1000029,4.60,0.00,0015-03-11 12:42:54,0015-03-11 14:42:54,12,14,1.48,Wed,ios,681343,207262,928191,1,2,0,0,1,0,0,0,0
1000030,7.53,0.00,0015-09-20 18:36:19,0015-09-20 21:36:19,18,21,2.56,Fri,android,437902,569889,461655,1,2,0,0,0,0,1,0,0
1000031,5.46,0.00,0015-05-26 18:47:10,0015-05-26 22:47:10,18,22,3.27,Fri,ios,346277,369001,493904,0,1,0,0,0,0,1,0,0
1000032,7.29,0.00,0015-05-16 11:39:54,0015-05-16 15:39:54,11,15,3.61,Wed,ios,519066,575971,948590,1,3,0,0,1,0,0,0,0
1000033,5.81,0.00,0015-01-04 17:49:27,0015-01-04 20:49:27,17,20,2.02,Thu,ios,227253,875343,747048,1,1,0,0,0,0,0,0,0
1000034,8.35,0.00,0015-08-25 15:57:28,0015-08-25 19:57:28,15,19,3.14,Mon,ios,879779,414088,566549,0,1,1,0,0,0,0,0,0
1000035,5.23,0.00,0015-09-25 11:33:31,0015-09-25 15:33:31,11,15,3.18,Fri,android,666390,878706,461655,1,3,0,0,0,0,1,0,0
1000036,5.67,0.00,0015-07-14 11:26:21,0015-07-14 14:26:21,11,14,2.93,Tue,ios,829308,431796,461655,1,2,0,0,0,0,0,0,0
1000037,23.68,0.00,0015-08-10 19:48:24,0015-08-10 23:48:24,19,23,3.90,Mon,ios,331251,414088,566549,1,2,1,0,0,0,0,0,0
1000038,3.56,0.00,0015-07-26 16:25:46,0015-07-26 18:25:46,16,18,1.74,Wed,ios,691807,369001,493904,0,3,0,0,1,0,0,0,0
1000039,3.52,0.00,0015-07-09 11:24:20,0015-07-09 14:24:20,11,14,2.00,Tue,ios,364525,549414,461655,0,1,0,0,0,0,0,0,0
1000040,9.11,0.00,0015-09-08 19:41:04,0015-09-08 23:41:04,19,23,3.65,Fri,ios,259784,955429,493904,1,3,0,0,0,0,1,0,0
1000041,4.18,0.00,0015-04-09 13:49:23,0015-04-09 15:49:23,13,15,1.76,Fri,android,213349,758780,399399,1,1,0,0,0,0,1,0,0
1000042,9.03,0.00,0015-08-23 12:12:04,0015-08-23 16:12:04,12,16,3.08,Mon,ios,944657,944515,976902,1,2,1,0,0,0,0,0,0
1000043,0.56,0.00,0015-09-12 12:04:32,0015-09-12 16:04:32,12,16,3.24,Sat,ios,968962,219054,814002,1,3,0,0,0,0,0,1,0
1000044,6.07,0.00,0015-05-20 16:51:58,0015-05-20 19:51:58,16,19,2.92,Tue,ios,971084,878706,461655,0,1,0,0,0,0,0,0,0
1000045,1.40,0.00,0015-07-22 15:24:21,0015-07-22 16:24:21,15,16,0.47,Wed,android,725113,594591,461655,0,3,0,0,1,0,0,0,0
1000046,4.64,0.00,0015-01-24 10:26:31,0015-01-24 13:26:31,10,13,2.97,Wed,ios,408528,366832,978130,1,3,0,0,1,0,0,0,0
1000047,23.68,0.00,0015-06-17 13:22:27,0015-06-17 17:22:27,13,17,51.83,Thu,ios,856321,944515,976902,1,3,0,0,0,0,0,0,0
1000048,5.15,0.00,0015-07-07 11:47:30,0015-07-07 14:47:30,11,14,2.21,Tue,ios,410636,914907,648339,1,1,0,0,0,0,0,0,0
1000049,3.99,0.00,0015-02-02 11:35:18,0015-02-02 15:35:18,11,15,3.39,Tue,ios,592198,944575,928191,1,2,0,0,0,0,0,0,0
1000050,2.22,0.00,0015-10-04 17:52:04,0015-10-04 20:52:04,17,20,2.54,Wed,android,418594,474204,481066,1,4,0,0,1,0,0,0,0
1000051,5.77,0.00,0015-08-20 15:14:49,0015-08-20 18:14:49,15,18,2.87,Wed,ios,751194,587514,648339,1,3,0,0,1,0,0,0,0
1000052,2.31,0.00,0015-04-09 16:42:05,0015-04-09 18:42:05,16,18,1.69,Mon,android,405407,366832,978130,1,2,1,0,0,0,0,0,0
1000053,8.91,0.00,0015-06-08 10:59:16,0015-06-08 14:59:16,10,14,3.68,Wed,ios,779094,728918,928191,1,4,0,0,1,0,0,0,0
1000054,5.05,0.00,0015-04-20 17:47:52,0015-04-20 21:47:52,17,21,3.01,Wed,ios,624783,562656,481066,1,1,0,0,1,0,0,0,0
1000055,17.11,0.00,0015-08-20 16:16:01,0015-08-20 18:16:01,16,18,1.23,Fri,ios,804938,929628,751082,0,1,0,0,0,0,1,0,0
1000056,4.29,0.00,0015-09-15 13:58:17,0015-09-15 15:58:17,13,15,1.85,Fri,ios,449499,369001,493904,1,3,0,0,0,0,1,0,0
1000057,1.80,0.00,0015-05-22 13:25:52,0015-05-22 17:25:52,13,17,3.59,Tue,android,639593,474204,481066,0,2,0,0,0,0,0,0,0
1000058,8.67,0.00,0015-09-17 09:23:39,0015-09-17 13:23:39,09,13,3.57,Tue,android,559398,414088,566549,0,1,0,0,0,0,0,0,0
1000059,6.63,0.00,0015-03-23 17:10:19,0015-03-23 20:10:19,17,20,2.96,Fri,ios,223172,612116,461655,0,3,0,0,0,0,1,0,0
1000060,23.68,0.00,0015-09-14 16:53:30,0015-09-14 04:53:30,16,04,35.23,Tue,ios,243139,260408,481066,0,3,0,0,0,0,0,0,0
1000061,0.14,0.00,0015-09-17 18:17:52,0015-09-17 19:17:52,18,19,0.05,Wed,ios,568238,568071,144857,1,1,0,0,1,0,0,0,0
1000062,23.68,0.00,0015-08-11 13:55:12,0015-08-11 01:55:12,13,01,35.77,Wed,ios,595951,728918,928191,0,3,0,0,1,0,0,0,0
1000063,23.68,0.00,0015-07-05 17:31:02,0015-07-05 19:31:02,17,19,1.49,Mon,android,579123,891421,144857,1,3,1,0,0,0,0,0,0
1000064,6.00,0.00,0015-09-26 10:16:21,0015-09-26 14:16:21,10,14,3.17,Tue,android,432043,874950,814002,0,3,0,0,0,0,0,0,0
1000065,23.68,0.00,0015-07-08 15:40:43,0015-07-08 20:40:43,15,20,4.29,Mon,ios,205389,474204,481066,1,2,1,0,0,0,0,0,0
1000066,4.13,0.00,0015-09-10 17:22:23,0015-09-10 20:22:23,17,20,2.62,Thu,ios,739098,955429,493904,0,3,0,0,0,0,0,0,0
1000067,6.83,0.67,0015-05-15 10:40:16,0015-05-15 13:40:16,10,13,2.70,Thu,android,462351,414088,566549,0,3,0,0,0,0,0,0,0
1000068,4.30,0.00,0015-09-10 13:12:24,0015-09-10 17:12:24,13,17,3.90,Wed,ios,123005,250527,976902,0,2,0,0,1,0,0,0,0
1000069,6.57,0.52,0015-06-24 16:03:58,0015-06-24 20:03:58,16,20,3.12,Thu,ios,767542,237105,948590,1,3,0,0,0,0,0,0,0
1000070,10.16,0.00,0015-09-05 16:40:06,0015-09-05 21:40:06,16,21,4.10,Wed,ios,194511,653450,503205,0,2,0,0,1,0,0,0,0
1000071,12.36,0.00,0015-07-12 17:33:32,0015-07-12 22:33:32,17,22,4.21,Wed,ios,882824,902592,566549,0,2,0,0,1,0,0,0,0
1000072,23.68,7.50,0015-07-08 17:55:43,0015-07-08 21:55:43,17,21,3.47,Mon,ios,662636,425476,928191,1,3,1,0,0,0,0,0,0
1000073,6.81,0.00,0015-09-21 12:23:06,0015-09-21 16:23:06,12,16,3.32,Wed,ios,779112,207262,928191,1,2,0,0,1,0,0,0,0
1000074,4.81,0.00,0015-09-05 12:02:02,0015-09-05 15:02:02,12,15,2.29,Mon,ios,803055,474204,481066,0,3,1,0,0,0,0,0,0
1000075,9.20,0.72,0015-07-14 16:41:06,0015-07-14 20:41:06,16,20,3.83,Thu,ios,347582,228137,503205,0,3,0,0,0,0,0,0,0
1000076,23.68,7.50,0015-08-12 20:03:25,0015-08-12 23:03:25,20,23,2.21,Tue,android,122394,955429,493904,1,2,0,0,0,0,0,0,0
1000077,2.99,0.00,0015-10-27 11:48:35,0015-10-27 13:48:35,11,13,1.99,Wed,android,102973,474204,481066,1,1,0,0,1,0,0,0,0
1000078,0.09,0.00,0015-10-04 17:42:55,0015-10-04 18:42:55,17,18,0.42,Sat,android,154944,944515,976902,1,3,0,0,0,0,0,1,0
1000079,2.93,0.09,0015-04-12 13:32:37,0015-04-12 15:32:37,13,15,1.38,Fri,ios,580292,632920,461655,0,3,0,0,0,0,1,0,0
1000080,3.62,0.00,0015-12-04 12:31:45,0015-12-04 17:31:45,12,17,4.17,Tue,ios,763829,369001,493904,1,3,0,0,0,0,0,0,0
1000081,3.44,0.00,0015-07-17 11:38:27,0015-07-17 13:38:27,11,13,1.31,Thu,ios,325468,507660,202527,1,2,0,0,0,0,0,0,0
1000082,6.60,0.00,0015-07-24 12:06:20,0015-07-24 15:06:20,12,15,2.61,Mon,android,972176,260408,481066,1,3,1,0,0,0,0,0,0
1000083,7.59,0.00,0015-09-02 10:37:35,0015-09-02 13:37:35,10,13,2.99,Fri,ios,856086,500856,976902,1,3,0,0,0,0,1,0,0
1000084,2.26,0.00,0015-06-05 13:42:30,0015-06-05 16:42:30,13,16,2.04,Wed,ios,946432,445920,125372,1,2,0,0,1,0,0,0,0
1000085,12.85,0.00,0015-09-18 16:01:38,0015-09-18 21:01:38,16,21,4.38,Fri,android,456331,562656,481066,1,3,0,0,0,0,1,0,0
1000086,2.71,0.00,0015-04-24 10:40:01,0015-04-24 12:40:01,10,12,1.24,Tue,ios,440140,474204,481066,0,3,0,0,0,0,0,0,0
1000087,2.26,0.00,0015-04-20 11:03:43,0015-04-20 13:03:43,11,13,1.13,Fri,ios,637234,728918,928191,1,3,0,0,0,0,1,0,0
1000088,23.68,0.00,0015-06-22 13:19:02,0015-06-22 16:19:02,13,16,2.03,Fri,android,901280,623134,620906,1,2,0,0,0,0,1,0,0
1000089,4.65,0.00,0015-01-13 11:34:45,0015-01-13 14:34:45,11,14,2.06,Wed,ios,557409,371335,461655,1,2,0,0,1,0,0,0,0
1000090,4.30,0.25,0015-09-23 15:40:26,0015-09-23 18:40:26,15,18,2.25,Mon,ios,479430,366832,978130,1,2,1,0,0,0,0,0,0
1000091,5.38,0.00,0015-05-13 13:55:19,0015-05-13 17:55:19,13,17,3.54,Mon,android,303322,738900,976902,0,3,1,0,0,0,0,0,0
1000092,2.92,0.00,0015-08-08 17:06:09,0015-08-08 20:06:09,17,20,2.14,Wed,ios,758452,369001,493904,1,1,0,0,1,0,0,0,0
1000093,23.68,1.95,0015-09-19 18:41:40,0015-09-19 12:41:40,18,12,41.60,Thu,ios,935012,638536,868085,1,2,0,0,0,0,0,0,0
1000094,5.54,0.22,0015-07-02 13:23:53,0015-07-02 16:23:53,13,16,2.24,Tue,ios,930281,987396,978130,0,2,0,0,0,0,0,0,0
1000095,1.28,0.00,0015-09-20 11:30:32,0015-09-20 13:30:32,11,13,1.65,Tue,ios,629057,207262,928191,0,2,0,0,0,0,0,0,0
1000096,4.12,0.00,0015-08-20 13:10:23,0015-08-20 16:10:23,13,16,2.47,Tue,android,778748,237105,948590,1,2,0,0,0,0,0,0,0
1000097,3.96,0.00,0015-08-28 11:42:58,0015-08-28 15:42:58,11,15,3.11,Wed,ios,787923,280415,399399,0,3,0,0,1,0,0,0,0
1000098,2.79,0.00,0015-08-13 12:41:50,0015-08-13 15:41:50,12,15,2.36,Wed,ios,197992,818217,700367,0,1,0,0,1,0,0,0,0
1000099,4.24,0.00,0015-06-07 11:21:49,0015-06-07 14:21:49,11,14,2.77,Fri,android,908320,891421,144857,1,3,0,0,0,0,1,0,0
1000100,3.28,0.00,0015-07-20 18:08:38,0015-07-20 21:08:38,18,21,2.48,Thu,ios,558933,920264,461655,1,3,0,0,0,0,0,0,0
1000101,5.87,0.00,0015-08-25 15:47:50,0015-08-25 18:47:50,15,18,2.67,Wed,ios,485709,638536,868085,0,1,0,0,1,0,0,0,0
1000102,23.68,0.00,0015-07-17 17:33:26,0015-07-17 15:33:26,17,15,21.08,Fri,android,489244,878706,461655,1,2,0,0,0,0,1,0,0
1000103,5.74,0.00,0015-09-25 11:10:17,0015-09-25 14:10:17,11,14,2.67,Tue,android,466566,871619,125372,0,2,0,0,0,0,0,0,0
1000104,1.64,0.00,0015-07-03 12:23:14,0015-07-03 13:23:14,12,13,0.46,Fri,ios,400814,425476,928191,0,3,0,0,0,0,1,0,0
1000105,1.78,0.00,0015-09-20 13:00:57,0015-09-20 15:00:57,13,15,1.11,Fri,ios,216587,803398,144857,0,3,0,0,0,0,1,0,0
1000106,4.43,0.00,0015-04-20 16:29:04,0015-04-20 18:29:04,16,18,1.39,Wed,android,250551,489543,868085,1,3,0,0,1,0,0,0,0
1000107,23.68,0.00,0015-06-22 11:05:33,0015-06-22 17:05:33,11,17,29.57,Tue,ios,509420,236840,620906,0,4,0,0,0,0,0,0,0
1000108,6.47,0.00,0015-07-12 17:50:04,0015-07-12 20:50:04,17,20,2.40,Tue,ios,146489,803398,144857,1,3,0,0,0,0,0,0,0
1000109,2.24,0.00,0015-08-23 16:30:40,0015-08-23 18:30:40,16,18,1.85,Wed,ios,929538,369001,493904,1,3,0,0,1,0,0,0,0
1000110,1.48,0.00,0015-09-18 20:30:16,0015-09-18 21:30:16,20,21,0.60,Tue,ios,386488,369001,493904,1,2,0,0,0,0,0,0,0
1000111,5.90,0.65,0015-09-13 18:21:11,0015-09-13 21:21:11,18,21,2.80,Wed,ios,731718,803398,144857,0,3,0,0,1,0,0,0,0
1000112,6.08,0.00,0015-06-10 12:19:28,0015-06-10 16:19:28,12,16,3.11,Tue,ios,469685,369001,493904,0,1,0,0,0,0,0,0,0
1000113,7.00,0.00,0015-08-22 09:40:25,0015-08-22 12:40:25,09,12,2.45,Fri,ios,919264,474204,481066,1,2,0,0,0,0,1,0,0
1000114,3.34,0.00,0015-05-19 12:02:38,0015-05-19 14:02:38,12,14,1.67,Tue,ios,484774,369001,493904,1,3,0,0,0,0,0,0,0
1000115,4.83,0.00,0015-05-16 16:33:24,0015-05-16 21:33:24,16,21,4.21,Thu,ios,827691,955429,493904,0,2,0,0,0,0,0,0,0
1000116,23.68,4.05,0015-04-23 13:28:05,0015-04-23 17:28:05,13,17,3.75,Fri,ios,414527,414088,566549,0,3,0,0,0,0,1,0,0
1000117,23.68,0.00,0015-09-17 17:14:07,0015-09-17 10:14:07,17,10,40.18,Thu,ios,590110,664306,868085,0,2,0,0,0,0,0,0,0
1000118,8.03,0.00,0015-08-23 12:46:30,0015-08-23 15:46:30,12,15,2.88,Fri,android,571832,404112,399399,1,2,0,0,0,0,1,0,0
1000119,23.68,0.78,0015-04-19 14:11:49,0015-04-19 12:11:49,14,12,21.08,Fri,android,438334,474204,481066,0,3,0,0,0,0,1,0,0
1000120,7.17,0.00,0015-09-03 11:16:12,0015-09-03 15:16:12,11,15,3.20,Wed,android,276827,280221,976902,1,3,0,0,1,0,0,0,0
1000121,8.75,0.00,0015-05-11 18:53:59,0015-05-11 21:53:59,18,21,2.99,Thu,android,782759,738900,976902,1,2,0,0,0,0,0,0,0
1000122,23.57,0.00,0015-08-18 18:18:41,0015-08-18 06:18:41,18,06,11.34,Fri,ios,162823,250527,976902,1,3,0,0,0,0,1,0,0
1000123,10.54,0.52,0015-07-28 10:45:20,0015-07-28 14:45:20,10,14,3.50,Fri,ios,589131,875343,747048,1,3,0,0,0,0,1,0,0
1000124,6.40,0.00,0015-04-28 19:39:26,0015-04-28 22:39:26,19,22,2.12,Fri,android,900190,653450,503205,1,3,0,0,0,0,1,0,0
1000125,4.22,0.00,0015-07-03 13:25:32,0015-07-03 16:25:32,13,16,2.69,Sun,android,983791,250527,976902,0,2,0,0,0,0,0,0,1
1000126,6.60,0.00,0015-07-09 12:46:23,0015-07-09 16:46:23,12,16,3.60,Fri,ios,177103,955429,493904,1,4,0,0,0,0,1,0,0
1000127,23.68,0.00,0015-08-20 15:07:08,0015-08-20 22:07:08,15,22,30.01,Fri,android,308727,911231,202527,0,2,0,0,0,0,1,0,0
1000128,6.40,0.00,0015-03-26 16:30:33,0015-03-26 19:30:33,16,19,2.69,Fri,android,746447,405157,976902,0,3,0,0,0,0,1,0,0
1000129,0.62,0.00,0015-06-23 14:36:19,0015-06-23 17:36:19,14,17,2.74,Wed,android,860557,728918,928191,0,3,0,0,1,0,0,0,0
1000130,1.43,0.00,0015-08-25 16:37:36,0015-08-25 19:37:36,16,19,2.05,Thu,ios,498658,575971,948590,1,2,0,0,0,0,0,0,0
1000131,4.99,0.00,0015-03-01 10:28:20,0015-03-01 13:28:20,10,13,2.59,Thu,ios,989587,405157,976902,0,3,0,0,0,0,0,0,0
1000132,23.48,0.00,0015-04-22 12:30:33,0015-04-22 15:30:33,12,15,2.48,Tue,ios,855944,414088,566549,0,2,0,0,0,0,0,0,0
1000133,23.68,0.00,0015-06-09 19:35:19,0015-06-09 22:35:19,19,22,2.04,Mon,android,432441,955429,493904,1,2,1,0,0,0,0,0,0
1000134,23.68,0.00,0015-09-19 11:43:34,0015-09-19 14:43:34,11,14,2.49,Fri,ios,401602,594591,461655,0,3,0,0,0,0,1,0,0
1000135,10.46,0.00,0015-09-07 17:12:52,0015-09-07 20:12:52,17,20,2.92,Tue,android,354235,405157,976902,1,2,0,0,0,0,0,0,0
1000136,3.70,0.00,0015-05-11 10:45:30,0015-05-11 12:45:30,10,12,1.33,Mon,ios,598807,943765,461655,1,3,1,0,0,0,0,0,0
1000137,6.65,0.00,0015-09-25 16:05:41,0015-09-25 20:05:41,16,20,3.02,Wed,ios,978292,612116,461655,1,3,0,0,1,0,0,0,0
1000138,1.15,0.00,0015-12-24 13:55:59,0015-12-24 16:55:59,13,16,2.25,Mon,ios,576419,943765,461655,0,3,1,0,0,0,0,0,0
1000139,6.61,0.00,0015-07-15 17:17:12,0015-07-15 21:17:12,17,21,3.75,Fri,ios,453487,575971,948590,0,3,0,0,0,0,1,0,0
1000140,2.77,0.00,0015-09-13 17:52:27,0015-09-13 20:52:27,17,20,2.85,Fri,android,360096,474204,481066,1,3,0,0,0,0,1,0,0
1000141,0.49,0.00,0015-07-19 12:46:36,0015-07-19 13:46:36,12,13,0.20,Wed,android,525110,474204,481066,0,3,0,0,1,0,0,0,0
1000142,3.73,0.37,0015-09-21 16:58:18,0015-09-21 19:58:18,16,19,2.46,Mon,ios,836038,451479,648339,1,3,1,0,0,0,0,0,0
1000143,8.73,0.00,0015-07-08 11:43:48,0015-07-08 15:43:48,11,15,3.09,Fri,ios,217659,664306,868085,1,1,0,0,0,0,1,0,0
1000144,6.81,0.00,0015-07-11 10:54:33,0015-07-11 13:54:33,10,13,2.65,Fri,ios,158338,782629,517854,1,3,0,0,0,0,1,0,0
1000145,0.58,0.00,0015-07-26 13:19:46,0015-07-26 14:19:46,13,14,0.36,Fri,android,834406,369001,493904,1,3,0,0,0,0,1,0,0
1000146,2.23,0.00,0015-09-02 18:18:26,0015-09-02 20:18:26,18,20,1.84,Sun,ios,501058,787792,648339,1,3,0,0,0,0,0,0,1
1000147,5.86,0.00,0015-07-28 19:34:08,0015-07-28 23:34:08,19,23,3.26,Mon,ios,333507,280221,976902,0,2,1,0,0,0,0,0,0
1000148,6.00,0.00,0015-10-14 16:34:24,0015-10-14 20:34:24,16,20,3.80,Thu,android,218326,911231,202527,1,2,0,0,0,0,0,0,0
1000149,0.61,0.00,0015-08-08 18:13:04,0015-08-08 20:13:04,18,20,1.33,Thu,ios,521805,369001,493904,1,2,0,0,0,0,0,0,0
1000150,9.76,0.00,0015-09-10 10:14:52,0015-09-10 15:14:52,10,15,4.24,Fri,ios,250219,758780,399399,0,3,0,0,0,0,1,0,0
1000151,10.17,0.00,0015-07-19 14:56:47,0015-07-19 19:56:47,14,19,4.19,Fri,ios,803953,404112,399399,1,1,0,0,0,0,1,0,0
1000152,8.16,0.00,0015-08-06 11:48:34,0015-08-06 14:48:34,11,14,2.74,Fri,ios,689704,920264,461655,1,1,0,0,0,0,1,0,0
1000153,12.82,0.00,0015-07-11 11:41:05,0015-07-11 16:41:05,11,16,4.31,Fri,ios,806396,955429,493904,0,3,0,0,0,0,1,0,0
1000154,8.35,0.00,0015-03-22 15:35:13,0015-03-22 18:35:13,15,18,2.75,Tue,ios,877493,369001,493904,1,1,0,0,0,0,0,0,0
1000155,3.65,0.00,0015-07-07 15:25:58,0015-07-07 18:25:58,15,18,2.09,Sun,ios,477114,932939,868085,1,3,0,0,0,0,0,0,1
1000156,3.42,0.00,0015-04-27 13:20:58,0015-04-27 15:20:58,13,15,1.97,Fri,ios,680189,517464,144857,0,3,0,0,0,0,1,0,0
1000157,4.72,0.40,0015-07-13 12:36:53,0015-07-13 15:36:53,12,15,2.11,Thu,ios,875520,902592,566549,1,2,0,0,0,0,0,0,0
1000158,23.68,2.65,0015-09-16 16:11:58,0015-09-16 21:11:58,16,21,4.03,Tue,ios,150871,369001,493904,0,2,0,0,0,0,0,0,0
1000159,2.06,0.00,0015-09-01 16:13:32,0015-09-01 19:13:32,16,19,2.69,Fri,ios,116495,612116,461655,1,2,0,0,0,0,1,0,0
1000160,9.59,0.00,0015-02-10 11:01:32,0015-02-10 15:01:32,11,15,3.76,Fri,ios,256130,474204,481066,1,3,0,0,0,0,1,0,0
1000161,4.24,0.00,0015-05-03 17:23:25,0015-05-03 20:23:25,17,20,2.70,Thu,android,999908,236379,928191,0,3,0,0,0,0,0,0,0
1000162,3.76,0.00,0015-07-21 13:00:44,0015-07-21 15:00:44,13,15,1.78,Tue,ios,199994,875343,747048,0,1,0,0,0,0,0,0,0
1000163,0.66,1.02,0015-05-19 16:30:17,0015-05-19 17:30:17,16,17,0.76,Mon,ios,429761,369001,493904,1,1,1,0,0,0,0,0,0
1000164,6.82,0.00,0015-04-03 17:19:10,0015-04-03 20:19:10,17,20,3.00,Wed,ios,875679,414088,566549,1,3,0,0,1,0,0,0,0
1000165,1.84,0.00,0015-08-02 19:06:27,0015-08-02 22:06:27,19,22,2.07,Sat,ios,442230,237105,948590,1,1,0,0,0,0,0,1,0
1000166,8.38,0.00,0015-10-13 12:27:11,0015-10-13 16:27:11,12,16,3.33,Wed,ios,186023,594591,461655,1,2,0,0,1,0,0,0,0
1000167,0.16,0.00,0015-09-12 12:06:05,0015-09-12 13:06:05,12,13,0.10,Wed,android,570646,474204,481066,1,3,0,0,1,0,0,0,0
1000168,4.39,0.00,0015-04-20 14:38:50,0015-04-20 17:38:50,14,17,2.35,Fri,ios,354533,369001,493904,1,1,0,0,0,0,1,0,0
1000169,2.89,0.00,0015-07-16 11:09:04,0015-07-16 13:09:04,11,13,1.75,Tue,ios,855917,664306,868085,0,1,0,0,0,0,0,0,0
1000170,9.06,0.00,0015-05-13 12:21:53,0015-05-13 16:21:53,12,16,3.16,Thu,android,723266,758780,399399,1,1,0,0,0,0,0,0,0
1000171,8.56,4.21,0015-09-13 12:20:18,0015-09-13 16:20:18,12,16,3.51,Wed,android,482746,250527,976902,1,2,0,0,1,0,0,0,0
1000172,7.13,0.00,0015-08-18 16:01:46,0015-08-18 19:01:46,16,19,2.71,Fri,android,934306,951880,144857,0,2,0,0,0,0,1,0,0
1000173,3.21,0.32,0015-04-05 11:45:27,0015-04-05 15:45:27,11,15,3.68,Thu,ios,825309,569886,868085,1,1,0,0,0,0,0,0,0
1000174,3.25,0.00,0015-10-20 17:40:58,0015-10-20 19:40:58,17,19,1.17,Tue,ios,776364,932939,868085,0,3,0,0,0,0,0,0,0
1000175,5.55,0.00,0015-09-01 12:06:16,0015-09-01 15:06:16,12,15,2.03,Fri,ios,585556,228137,503205,0,3,0,0,0,0,1,0,0
1000176,4.14,0.00,0015-07-04 09:18:26,0015-07-04 14:18:26,09,14,4.29,Thu,ios,922366,207262,928191,1,3,0,0,0,0,0,0,0
1000177,1.92,0.00,0015-07-11 16:04:19,0015-07-11 17:04:19,16,17,0.73,Fri,ios,876459,474204,481066,1,2,0,0,0,0,1,0,0
1000178,4.51,0.00,0015-05-08 19:51:25,0015-05-08 23:51:25,19,23,3.19,Tue,ios,571413,517464,144857,1,1,0,0,0,0,0,0,0
1000179,8.67,0.00,0015-08-26 17:50:04,0015-08-26 21:50:04,17,21,3.03,Wed,ios,803281,955429,493904,0,3,0,0,1,0,0,0,0
1000180,4.89,0.00,0015-08-19 15:07:22,0015-08-19 18:07:22,15,18,2.42,Fri,ios,718836,594591,461655,1,1,0,0,0,0,1,0,0
1000181,5.90,0.00,0015-04-23 11:09:32,0015-04-23 14:09:32,11,14,2.51,Tue,ios,776604,902592,566549,0,3,0,0,0,0,0,0,0
1000182,1.54,0.00,0015-05-27 11:28:39,0015-05-27 12:28:39,11,12,0.85,Tue,android,629990,758780,399399,0,1,0,0,0,0,0,0,0
1000183,1.40,0.00,0015-07-06 13:05:36,0015-07-06 14:05:36,13,14,0.50,Fri,android,579536,280221,976902,1,3,0,0,0,0,1,0,0
1000184,6.97,0.00,0015-07-09 15:49:34,0015-07-09 19:49:34,15,19,3.80,Thu,android,545807,575971,948590,1,4,0,0,0,0,0,0,0
1000185,3.83,0.00,0015-09-15 22:16:22,0015-09-15 02:16:22,22,02,3.93,Mon,android,873443,920264,461655,1,3,1,0,0,0,0,0,0
1000186,10.81,0.00,0015-08-05 11:50:13,0015-08-05 15:50:13,11,15,3.76,Wed,ios,838253,237105,948590,1,3,0,0,1,0,0,0,0
1000187,23.68,7.50,0015-09-27 18:06:08,0015-09-27 12:06:08,18,12,17.54,Fri,ios,361805,474204,481066,1,1,0,0,0,0,1,0,0
1000188,4.21,0.00,0015-05-05 12:36:40,0015-05-05 15:36:40,12,15,2.18,Wed,ios,640659,672450,202527,0,3,0,0,1,0,0,0,0
1000189,9.79,0.00,0015-09-19 13:00:55,0015-09-19 17:00:55,13,17,3.63,Thu,ios,166407,568071,144857,0,3,0,0,0,0,0,0,0
1000190,5.49,0.00,0015-10-11 13:53:18,0015-10-11 16:53:18,13,16,2.38,Fri,ios,150760,207262,928191,1,2,0,0,0,0,1,0,0
1000191,0.25,0.00,0015-09-06 18:28:29,0015-09-06 19:28:29,18,19,0.02,Thu,ios,266699,474204,481066,0,2,0,0,0,0,0,0,0
1000192,3.30,0.00,0015-04-22 10:57:41,0015-04-22 12:57:41,10,12,1.74,Mon,ios,837880,228137,503205,1,2,1,0,0,0,0,0,0
1000193,9.81,0.92,0015-04-15 13:00:00,0015-04-15 17:00:00,13,17,3.38,Wed,android,866260,369001,493904,0,3,0,0,1,0,0,0,0
1000194,23.68,0.00,0015-06-27 12:48:55,0015-06-27 14:48:55,12,14,1.54,Tue,ios,561477,369001,493904,1,2,0,0,0,0,0,0,0
1000195,1.28,0.00,0015-09-15 15:55:13,0015-09-15 17:55:13,15,17,1.19,Wed,ios,429780,987396,978130,0,1,0,0,1,0,0,0,0
1000196,9.45,0.00,0015-08-24 15:38:18,0015-08-24 19:38:18,15,19,3.65,Wed,ios,634273,944515,976902,1,3,0,0,1,0,0,0,0
1000197,2.97,0.00,0015-08-08 17:31:24,0015-08-08 19:31:24,17,19,1.40,Wed,ios,431845,864630,648339,1,1,0,0,1,0,0,0,0
1000198,2.43,0.00,0015-08-25 16:30:49,0015-08-25 18:30:49,16,18,1.05,Mon,android,517307,260408,481066,1,1,1,0,0,0,0,0,0
1000199,3.74,0.00,0015-07-03 16:40:34,0015-07-03 19:40:34,16,19,2.92,Thu,android,262924,260408,481066,1,1,0,0,0,0,0,0,0
1000200,17.74,0.00,0015-08-03 16:19:44,0015-08-03 19:19:44,16,19,2.64,Wed,android,742039,260408,481066,0,3,0,0,1,0,0,0,0
1000201,0.41,0.00,0015-09-23 10:08:44,0015-09-23 11:08:44,10,11,0.19,Wed,ios,489933,643012,517854,1,3,0,0,1,0,0,0,0
1000202,5.69,0.00,0015-06-01 17:21:51,0015-06-01 20:21:51,17,20,2.62,Thu,ios,635593,355208,976902,1,3,0,0,0,0,0,0,0
1000203,3.77,0.00,0015-08-04 11:57:36,0015-08-04 15:57:36,11,15,3.32,Fri,android,148215,582873,461655,1,3,0,0,0,0,1,0,0
1000204,8.60,0.00,0015-05-18 17:51:58,0015-05-18 21:51:58,17,21,3.44,Wed,android,966120,612116,461655,1,3,0,0,1,0,0,0,0
1000205,7.28,0.00,0015-07-26 11:33:02,0015-07-26 20:33:02,11,20,8.74,Wed,android,679958,891421,144857,1,3,0,0,1,0,0,0,0
1000206,6.46,0.00,0015-06-08 16:29:23,0015-06-08 20:29:23,16,20,3.08,Wed,android,357034,782629,517854,1,2,0,0,1,0,0,0,0
1000207,0.11,0.00,0015-02-23 16:56:00,0015-02-23 22:56:00,16,22,5.61,Mon,ios,655550,803398,144857,0,3,1,0,0,0,0,0,0
1000208,13.32,0.00,0015-09-09 10:05:02,0015-09-09 15:05:02,10,15,4.30,Fri,ios,189026,987396,978130,1,1,0,0,0,0,1,0,0
1000209,23.68,0.00,0015-08-02 15:27:42,0015-08-02 11:27:42,15,11,19.01,Fri,android,871073,594591,461655,1,2,0,0,0,0,1,0,0
1000210,2.23,0.00,0015-05-25 10:37:06,0015-05-25 12:37:06,10,12,1.68,Fri,ios,317722,280221,976902,1,1,0,0,0,0,1,0,0
1000211,1.87,0.00,0015-09-10 17:52:45,0015-09-10 21:52:45,17,21,3.38,Fri,android,473023,369001,493904,1,3,0,0,0,0,1,0,0
1000212,6.65,0.00,0015-06-13 11:54:28,0015-06-13 14:54:28,11,14,2.97,Tue,android,164664,425476,928191,0,3,0,0,0,0,0,0,0
1000213,4.90,0.00,0015-04-21 12:41:05,0015-04-21 16:41:05,12,16,3.05,Sat,android,564971,369001,493904,0,1,0,0,0,0,0,1,0
1000214,8.53,0.00,0015-09-15 10:03:10,0015-09-15 15:03:10,10,15,4.33,Tue,ios,471136,987396,978130,1,3,0,0,0,0,0,0,0
1000215,6.84,0.00,0015-06-20 09:39:15,0015-06-20 13:39:15,09,13,3.24,Wed,ios,539599,369001,493904,1,3,0,0,1,0,0,0,0
1000216,6.66,0.00,0015-07-26 17:01:24,0015-07-26 21:01:24,17,21,3.66,Mon,ios,507247,612116,461655,1,3,1,0,0,0,0,0,0
1000217,23.68,0.00,0015-08-09 17:03:51,0015-08-09 16:03:51,17,16,46.66,Tue,web,788772,693651,503205,1,3,0,0,0,0,0,0,0
1000218,23.68,7.50,0015-09-08 17:36:54,0015-09-08 07:36:54,17,07,37.69,Fri,android,873959,228137,503205,0,3,0,0,0,0,1,0,0
1000219,13.55,0.00,0015-03-19 19:09:36,0015-03-19 00:09:36,19,00,4.59,Mon,ios,139807,414088,566549,1,3,1,0,0,0,0,0,0
1000220,4.03,4.24,0015-05-20 00:12:51,0015-05-20 02:12:51,00,02,1.52,Wed,android,248533,369001,493904,0,2,0,0,1,0,0,0,0
1000221,2.27,0.00,0015-09-22 12:25:37,0015-09-22 14:25:37,12,14,1.33,Mon,android,610866,929628,751082,0,2,1,0,0,0,0,0,0
1000222,9.53,0.00,0015-10-26 18:22:14,0015-10-26 22:22:14,18,22,3.29,Tue,ios,101885,250527,976902,0,3,0,0,0,0,0,0,0
1000223,6.71,0.00,0015-07-02 19:11:38,0015-07-02 22:11:38,19,22,2.33,Mon,ios,447255,474204,481066,0,3,1,0,0,0,0,0,0
1000224,8.88,0.00,0015-10-03 18:52:45,0015-10-03 22:52:45,18,22,3.31,Wed,android,467506,955429,493904,1,2,0,0,1,0,0,0,0
1000225,5.18,0.00,0015-01-06 16:56:26,0015-01-06 19:56:26,16,19,2.79,Tue,android,782591,902592,566549,0,1,0,0,0,0,0,0,0
1000226,5.50,0.00,0015-07-01 09:20:16,0015-07-01 16:20:16,09,16,6.29,Wed,ios,197627,803398,144857,1,4,0,0,1,0,0,0,0
1000227,5.24,0.00,0015-09-21 12:10:38,0015-09-21 17:10:38,12,17,4.03,Sat,android,857111,955429,493904,0,2,0,0,0,0,0,1,0
1000228,4.96,0.00,0015-08-13 10:36:35,0015-08-13 14:36:35,10,14,3.85,Fri,ios,729371,250527,976902,1,2,0,0,0,0,1,0,0
1000229,4.37,0.00,0015-05-16 20:54:07,0015-05-16 23:54:07,20,23,2.30,Tue,ios,293862,369001,493904,1,4,0,0,0,0,0,0,0
1000230,1.69,0.00,0015-05-09 12:14:53,0015-05-09 15:14:53,12,15,2.18,Wed,ios,667750,369001,493904,1,3,0,0,1,0,0,0,0
1000231,12.18,0.00,0015-05-17 12:26:34,0015-05-17 16:26:34,12,16,3.36,Thu,android,995420,250527,976902,0,3,0,0,0,0,0,0,0
1000232,9.23,0.53,0015-09-20 16:09:07,0015-09-20 21:09:07,16,21,4.60,Fri,android,182175,955429,493904,0,3,0,0,0,0,1,0,0
1000233,10.01,0.00,0015-12-09 17:20:58,0015-12-09 21:20:58,17,21,3.48,Fri,ios,644932,414088,566549,1,1,0,0,0,0,1,0,0
1000234,3.74,0.00,0015-09-14 13:07:26,0015-09-14 15:07:26,13,15,1.64,Mon,ios,917411,474204,481066,1,3,1,0,0,0,0,0,0
1000235,6.21,0.00,0015-07-13 12:41:31,0015-07-13 16:41:31,12,16,3.02,Wed,ios,521233,405157,976902,1,2,0,0,1,0,0,0,0
1000236,0.97,0.00,0015-06-09 17:57:23,0015-06-09 18:57:23,17,18,0.34,Mon,android,202988,902592,566549,0,2,1,0,0,0,0,0,0
1000237,6.40,0.00,0015-06-11 17:17:46,0015-06-11 20:17:46,17,20,2.59,Wed,android,896386,643012,517854,1,2,0,0,1,0,0,0,0
1000238,4.63,0.00,0015-03-23 09:32:25,0015-03-23 11:32:25,09,11,1.55,Wed,android,977633,955429,493904,1,1,0,0,1,0,0,0,0
1000239,6.92,0.00,0015-03-12 11:52:29,0015-03-12 14:52:29,11,14,2.82,Tue,android,286209,987396,978130,0,2,0,0,0,0,0,0,0
1000240,5.61,0.00,0015-08-09 17:47:53,0015-08-09 21:47:53,17,21,3.36,Fri,android,998746,653450,503205,1,1,0,0,0,0,1,0,0
1000241,6.88,0.00,0015-05-28 13:49:49,0015-05-28 17:49:49,13,17,3.34,Wed,android,737894,594591,461655,0,3,0,0,1,0,0,0,0
1000242,4.08,0.00,0015-10-13 12:54:22,0015-10-13 15:54:22,12,15,2.70,Wed,ios,107704,355208,976902,1,2,0,0,1,0,0,0,0
1000243,6.94,0.00,0015-09-20 16:18:19,0015-09-20 20:18:19,16,20,3.35,Thu,android,787991,944515,976902,0,3,0,0,0,0,0,0,0
1000244,8.78,0.00,0015-06-02 17:51:54,0015-06-02 21:51:54,17,21,3.72,Mon,ios,409963,575971,948590,1,2,1,0,0,0,0,0,0
1000245,6.34,0.00,0015-07-19 16:52:12,0015-07-19 19:52:12,16,19,2.39,Fri,ios,475911,638536,868085,1,1,0,0,0,0,1,0,0
1000246,9.43,0.00,0015-09-04 11:30:08,0015-09-04 15:30:08,11,15,3.52,Mon,ios,786224,623134,620906,1,1,1,0,0,0,0,0,0
1000247,6.23,0.00,0015-09-11 17:23:16,0015-09-11 21:23:16,17,21,3.06,Wed,android,750803,738900,976902,1,2,0,0,1,0,0,0,0
1000248,5.05,0.43,0015-07-10 12:26:03,0015-07-10 16:26:03,12,16,3.96,Mon,ios,250181,730023,878393,1,1,1,0,0,0,0,0,0
1000249,1.79,0.00,0015-09-06 16:20:40,0015-09-06 17:20:40,16,17,0.89,Thu,ios,923353,653450,503205,0,3,0,0,0,0,0,0,0
1000250,0.90,0.00,0015-08-16 12:24:00,0015-08-16 13:24:00,12,13,0.61,Tue,android,299834,944515,976902,1,1,0,0,0,0,0,0,0
1000251,5.83,0.00,0015-08-10 18:08:06,0015-08-10 21:08:06,18,21,2.50,Tue,ios,863187,250527,976902,1,3,0,0,0,0,0,0,0
1000252,7.18,0.66,0015-07-16 10:22:48,0015-07-16 12:22:48,10,12,1.89,Fri,android,869735,803398,144857,1,3,0,0,0,0,1,0,0
1000253,4.71,0.00,0015-04-13 17:56:40,0015-04-13 20:56:40,17,20,2.14,Fri,ios,120700,568071,144857,1,2,0,0,0,0,1,0,0
1000254,8.23,0.00,0015-07-23 11:09:13,0015-07-23 15:09:13,11,15,3.38,Tue,ios,735053,568071,144857,0,3,0,0,0,0,0,0,0
1000255,1.99,0.00,0015-09-10 15:07:50,0015-09-10 17:07:50,15,17,1.36,Fri,android,837606,489543,868085,1,3,0,0,0,0,1,0,0
1000256,0.14,0.14,0015-08-16 16:21:15,0015-08-16 17:21:15,16,17,0.06,Tue,ios,636561,474204,481066,1,3,0,0,0,0,0,0,0
1000257,2.34,0.00,0015-09-10 13:16:29,0015-09-10 14:16:29,13,14,0.81,Thu,ios,546688,664306,868085,0,2,0,0,0,0,0,0,0
1000258,7.29,0.56,0015-09-22 17:41:10,0015-09-22 20:41:10,17,20,2.36,Tue,ios,219361,987396,978130,1,3,0,0,0,0,0,0,0
1000259,5.37,0.00,0015-06-26 17:26:41,0015-06-26 22:26:41,17,22,4.02,Mon,ios,208751,922416,648339,1,1,1,0,0,0,0,0,0
1000260,9.44,0.00,0015-09-13 11:49:22,0015-09-13 15:49:22,11,15,3.13,Thu,ios,611833,730023,878393,1,3,0,0,0,0,0,0,0
1000261,7.84,0.00,0015-03-23 12:55:43,0015-03-23 15:55:43,12,15,2.88,Fri,android,644315,540225,648339,1,1,0,0,0,0,1,0,0
1000262,4.08,0.00,0015-04-12 11:42:43,0015-04-12 15:42:43,11,15,3.22,Thu,ios,264550,405157,976902,1,3,0,0,0,0,0,0,0
1000263,17.17,0.00,0015-07-11 17:15:21,0015-07-11 19:15:21,17,19,25.01,Fri,ios,581395,371335,461655,1,3,0,0,0,0,1,0,0
1000264,0.56,0.00,0015-04-16 12:47:41,0015-04-16 13:47:41,12,13,0.30,Fri,ios,749137,643012,517854,0,2,0,0,0,0,1,0,0
1000265,1.30,0.00,0015-08-11 13:23:52,0015-08-11 14:23:52,13,14,0.85,Mon,ios,789089,405157,976902,1,3,1,0,0,0,0,0,0
1000266,23.68,0.00,0015-04-12 03:53:40,0015-04-12 23:53:40,03,23,19.23,Fri,ios,247271,369001,493904,0,3,0,0,0,0,1,0,0
1000267,5.10,0.00,0015-07-04 11:59:54,0015-07-04 14:59:54,11,14,2.52,Thu,ios,764000,474204,481066,0,3,0,0,0,0,0,0,0
1000268,0.22,0.00,0015-09-17 16:08:31,0015-09-17 17:08:31,16,17,0.08,Thu,ios,919023,801274,976902,0,1,0,0,0,0,0,0,0
1000269,5.45,0.00,0015-08-13 10:42:38,0015-08-13 14:42:38,10,14,3.12,Tue,ios,360297,405157,976902,1,2,0,0,0,0,0,0,0
1000270,8.61,0.00,0015-10-14 10:38:44,0015-10-14 15:38:44,10,15,4.02,Mon,ios,680472,944515,976902,0,2,1,0,0,0,0,0,0
1000271,23.68,0.00,0015-08-22 12:08:45,0015-08-22 16:08:45,12,16,3.25,Wed,ios,469348,944515,976902,1,3,0,0,1,0,0,0,0
1000272,7.76,0.00,0015-09-27 16:34:18,0015-09-27 20:34:18,16,20,3.99,Thu,android,159354,987396,978130,1,3,0,0,0,0,0,0,0
1000273,5.41,0.00,0015-05-27 11:03:44,0015-05-27 15:03:44,11,15,3.66,Thu,ios,808340,366832,978130,0,2,0,0,0,0,0,0,0
1000274,8.78,0.00,0015-09-26 11:50:51,0015-09-26 15:50:51,11,15,3.38,Mon,ios,818430,728918,928191,1,2,1,0,0,0,0,0,0
1000275,4.06,0.00,0015-02-25 15:55:55,0015-02-25 18:55:55,15,18,2.66,Fri,ios,874320,664306,868085,0,2,0,0,0,0,1,0,0
1000276,23.68,0.00,0015-09-22 11:04:11,0015-09-22 05:04:11,11,05,17.24,Thu,android,268746,250527,976902,1,3,0,0,0,0,0,0,0
1000277,8.64,0.00,0015-06-05 11:59:20,0015-06-05 15:59:20,11,15,3.09,Wed,ios,676884,944515,976902,1,2,0,0,1,0,0,0,0
1000278,3.78,0.00,0015-06-03 11:50:32,0015-06-03 13:50:32,11,13,1.70,Thu,ios,447148,672450,202527,1,2,0,0,0,0,0,0,0
1000279,0.39,0.00,0015-09-27 21:48:41,0015-09-27 22:48:41,21,22,0.15,Wed,ios,141814,405157,976902,0,2,0,0,1,0,0,0,0
1000280,0.88,0.00,0015-09-18 12:46:18,0015-09-18 13:46:18,12,13,0.41,Wed,ios,410833,489543,868085,0,3,0,0,1,0,0,0,0
1000281,0.10,0.00,0015-07-25 11:34:34,0015-07-25 12:34:34,11,12,0.13,Wed,ios,208975,632920,461655,1,3,0,0,1,0,0,0,0
1000282,1.09,0.00,0015-09-27 12:04:47,0015-09-27 16:04:47,12,16,3.35,Mon,android,364144,369001,493904,1,3,1,0,0,0,0,0,0
1000283,4.37,0.00,0015-05-21 12:25:27,0015-05-21 15:25:27,12,15,2.33,Fri,android,882186,575971,948590,1,3,0,0,0,0,1,0,0
1000284,5.18,0.46,0015-03-26 10:43:19,0015-03-26 14:43:19,10,14,3.12,Thu,ios,330545,369001,493904,1,3,0,0,0,0,0,0,0
1000285,23.68,0.00,0015-09-05 19:19:43,0015-09-05 00:19:43,19,00,4.02,Wed,ios,682032,540225,648339,1,3,0,0,1,0,0,0,0
1000286,11.20,0.00,0015-08-03 14:19:13,0015-08-03 18:19:13,14,18,3.55,Tue,ios,268772,932939,868085,1,3,0,0,0,0,0,0,0
1000287,13.91,1.36,0015-05-19 16:54:03,0015-05-19 20:54:03,16,20,3.89,Thu,ios,202972,250527,976902,1,3,0,0,0,0,0,0,0
1000288,9.81,0.00,0015-09-08 16:06:18,0015-09-08 20:06:18,16,20,3.16,Thu,ios,712546,405157,976902,1,3,0,0,0,0,0,0,0
1000289,5.51,0.00,0015-09-11 11:15:50,0015-09-11 14:15:50,11,14,2.03,Fri,ios,603268,474204,481066,1,2,0,0,0,0,1,0,0
1000290,6.50,0.41,0015-06-20 11:05:53,0015-06-20 14:05:53,11,14,2.22,Wed,ios,119535,355208,976902,0,2,0,0,1,0,0,0,0
1000291,6.57,0.65,0015-09-07 17:58:02,0015-09-07 20:58:02,17,20,2.96,Thu,ios,909652,664306,868085,1,3,0,0,0,0,0,0,0
1000292,9.78,0.00,0015-04-12 10:32:00,0015-04-12 14:32:00,10,14,3.28,Mon,ios,567896,955429,493904,1,3,1,0,0,0,0,0,0
1000293,1.82,0.00,0015-08-24 10:30:22,0015-08-24 11:30:22,10,11,0.66,Fri,android,643042,228137,503205,0,2,0,0,0,0,1,0,0
1000294,7.38,0.00,0015-07-21 09:20:06,0015-07-21 13:20:06,09,13,3.41,Wed,ios,282294,878706,461655,1,4,0,0,1,0,0,0,0
1000295,3.89,0.00,0015-08-09 10:24:58,0015-08-09 13:24:58,10,13,2.04,Wed,ios,106918,425476,928191,1,1,0,0,1,0,0,0,0
1000296,4.00,0.00,0015-05-07 16:09:11,0015-05-07 18:09:11,16,18,1.69,Tue,ios,218844,728918,928191,1,3,0,0,0,0,0,0,0
1000297,3.51,0.00,0015-05-01 17:15:02,0015-05-01 19:15:02,17,19,1.50,Fri,ios,274421,730023,878393,1,3,0,0,0,0,1,0,0
1000298,10.14,0.69,0015-09-01 14:56:46,0015-09-01 18:56:46,14,18,3.48,Tue,ios,330019,638536,868085,0,3,0,0,0,0,0,0,0
1000299,4.53,0.64,0015-09-22 11:32:16,0015-09-22 13:32:16,11,13,1.76,Thu,android,117367,987396,978130,1,3,0,0,0,0,0,0,0
1000300,9.63,0.00,0015-07-04 10:11:30,0015-07-04 15:11:30,10,15,4.08,Mon,ios,791423,549414,461655,1,3,1,0,0,0,0,0,0
1000301,7.91,0.00,0015-09-21 17:27:33,0015-09-21 20:27:33,17,20,2.60,Thu,ios,906010,911231,202527,1,3,0,0,0,0,0,0,0
1000302,5.93,0.23,0015-09-04 16:27:08,0015-09-04 19:27:08,16,19,2.14,Thu,ios,105735,414088,566549,0,3,0,0,0,0,0,0,0
1000303,7.15,0.00,0015-08-21 08:13:44,0015-08-21 12:13:44,08,12,3.73,Thu,ios,662146,801274,976902,1,3,0,0,0,0,0,0,0
1000304,4.12,0.00,0015-06-14 17:35:50,0015-06-14 20:35:50,17,20,2.98,Wed,ios,911801,236840,620906,0,2,0,0,1,0,0,0,0
1000305,4.96,0.00,0015-09-15 17:50:44,0015-09-15 22:50:44,17,22,4.60,Thu,ios,817817,594591,461655,0,2,0,0,0,0,0,0,0
1000306,3.05,0.00,0014-09-05 10:30:59,0014-09-05 14:30:59,10,14,3.10,Tue,ios,520106,405157,976902,0,2,0,0,0,0,0,0,0
1000307,0.41,0.00,0015-08-27 19:11:40,0015-08-27 22:11:40,19,22,2.79,Fri,ios,922041,489543,868085,0,3,0,0,0,0,1,0,0
1000308,23.68,0.00,0015-05-08 09:41:00,0015-05-08 16:41:00,09,16,30.58,Fri,ios,310040,874950,814002,1,3,0,0,0,0,1,0,0
1000309,5.48,0.00,0015-03-27 11:35:58,0015-03-27 15:35:58,11,15,3.05,Thu,android,523579,349635,503205,1,3,0,0,0,0,0,0,0
1000310,23.68,0.00,0015-07-10 10:21:07,0015-07-10 14:21:07,10,14,3.73,Wed,ios,495397,653450,503205,1,2,0,0,1,0,0,0,0
1000311,8.16,0.00,0015-09-15 13:57:37,0015-09-15 17:57:37,13,17,3.93,Thu,ios,835236,569889,461655,1,3,0,0,0,0,0,0,0
1000312,4.25,0.00,0015-09-27 08:16:15,0015-09-27 11:16:15,08,11,2.24,Wed,ios,429119,875343,747048,1,3,0,0,1,0,0,0,0
1000313,5.30,0.00,0015-06-07 16:31:47,0015-06-07 18:31:47,16,18,1.96,Mon,android,748645,955429,493904,1,3,1,0,0,0,0,0,0
1000314,7.98,0.00,0015-04-16 19:39:00,0015-04-16 23:39:00,19,23,3.60,Thu,ios,702427,355208,976902,0,3,0,0,0,0,0,0,0
1000315,3.27,0.00,0015-10-08 11:48:36,0015-10-08 13:48:36,11,13,1.50,Fri,ios,819678,369001,493904,0,3,0,0,0,0,1,0,0
1000316,4.62,0.00,0015-04-01 12:00:43,0015-04-01 14:00:43,12,14,2.00,Fri,ios,348658,878706,461655,1,4,0,0,0,0,1,0,0
1000317,7.39,0.00,0015-06-14 12:44:48,0015-06-14 15:44:48,12,15,2.47,Mon,android,339669,474204,481066,0,2,1,0,0,0,0,0,0
1000318,17.62,0.00,0015-09-07 17:09:51,0015-09-07 07:09:51,17,07,13.87,Thu,android,990649,569886,868085,0,1,0,0,0,0,0,0,0
1000319,6.58,0.00,0015-06-28 11:36:03,0015-06-28 14:36:03,11,14,2.54,Fri,ios,571706,638536,868085,0,2,0,0,0,0,1,0,0
1000320,4.41,0.28,0015-06-12 17:01:26,0015-06-12 19:01:26,17,19,1.46,Wed,ios,918213,932939,868085,1,3,0,0,1,0,0,0,0
1000321,5.47,0.00,0015-07-03 13:24:39,0015-07-03 16:24:39,13,16,2.24,Wed,android,761938,920264,461655,0,3,0,0,1,0,0,0,0
1000322,3.67,0.00,0015-09-11 12:20:41,0015-09-11 15:20:41,12,15,2.26,Fri,android,480805,219054,814002,0,1,0,0,0,0,1,0,0
1000323,12.10,0.00,0015-07-05 17:46:15,0015-07-05 21:46:15,17,21,3.28,Fri,android,166891,955429,493904,0,3,0,0,0,0,1,0,0
1000324,3.00,0.27,0015-03-03 13:06:16,0015-03-03 17:06:16,13,17,3.15,Fri,android,232552,517464,144857,1,3,0,0,0,0,1,0,0
1000325,8.26,1.01,0015-03-11 17:55:30,0015-03-11 20:55:30,17,20,2.72,Mon,android,719531,929628,751082,0,3,1,0,0,0,0,0,0
1000326,8.64,0.00,0015-08-21 13:34:19,0015-08-21 18:34:19,13,18,4.16,Thu,android,263281,944515,976902,1,3,0,0,0,0,0,0,0
1000327,7.04,0.00,0015-09-16 12:34:00,0015-09-16 16:34:00,12,16,3.36,Tue,android,726003,507660,202527,1,2,0,0,0,0,0,0,0
1000328,8.52,0.00,0015-06-13 14:15:10,0015-06-13 18:15:10,14,18,3.44,Tue,android,641704,369001,493904,0,2,0,0,0,0,0,0,0
1000329,3.10,0.00,0015-09-24 11:34:51,0015-09-24 14:34:51,11,14,2.18,Mon,android,574760,474204,481066,1,3,1,0,0,0,0,0,0
1000330,23.68,0.00,0015-05-18 09:01:11,0015-05-18 13:01:11,09,13,27.22,Thu,ios,115440,369001,493904,1,3,0,0,0,0,0,0,0
1000331,0.48,0.00,0015-06-15 22:44:50,0015-06-15 23:44:50,22,23,0.52,Wed,android,669578,878706,461655,1,3,0,0,1,0,0,0,0
1000332,5.91,0.00,0015-09-04 17:49:45,0015-09-04 20:49:45,17,20,2.12,Wed,ios,908447,369001,493904,1,3,0,0,1,0,0,0,0
1000333,9.49,0.00,0015-05-11 19:10:40,0015-05-11 23:10:40,19,23,3.48,Thu,android,477934,902592,566549,0,3,0,0,0,0,0,0,0
1000334,8.58,0.00,0015-05-11 16:00:10,0015-05-11 20:00:10,16,20,3.70,Mon,android,824305,260781,202527,1,2,1,0,0,0,0,0,0
1000335,23.68,0.00,0015-06-03 11:43:39,0015-06-03 14:43:39,11,14,2.38,Thu,android,662407,664306,868085,0,3,0,0,0,0,0,0,0
1000336,10.88,0.00,0015-05-25 17:22:51,0015-05-25 22:22:51,17,22,4.04,Tue,ios,141406,575971,948590,1,3,0,0,0,0,0,0,0
1000337,4.80,0.00,0015-06-06 11:34:22,0015-06-06 14:34:22,11,14,2.34,Fri,ios,656937,582873,461655,1,3,0,0,0,0,1,0,0
1000338,10.73,0.00,0015-06-21 00:32:24,0015-06-21 04:32:24,00,04,3.50,Wed,ios,166418,355208,976902,0,3,0,0,1,0,0,0,0
1000339,4.28,0.00,0015-07-18 13:09:39,0015-07-18 16:09:39,13,16,2.23,Fri,android,236078,568071,144857,1,3,0,0,0,0,1,0,0
1000340,7.12,0.00,0015-04-21 09:53:24,0015-04-21 13:53:24,09,13,3.27,Tue,android,174316,664306,868085,1,2,0,0,0,0,0,0,0
1000341,2.08,0.19,0015-08-15 17:51:40,0015-08-15 18:51:40,17,18,0.92,Mon,ios,378727,514669,566549,1,2,1,0,0,0,0,0,0
1000342,7.61,0.00,0015-09-17 11:06:06,0015-09-17 15:06:06,11,15,3.47,Thu,ios,287588,878706,461655,1,2,0,0,0,0,0,0,0
1000343,10.08,0.00,0015-09-22 15:29:44,0015-09-22 19:29:44,15,19,3.29,Fri,android,265860,371335,461655,1,3,0,0,0,0,1,0,0
1000344,6.29,0.00,0015-09-11 14:54:23,0015-09-11 17:54:23,14,17,2.57,Thu,android,493282,228137,503205,0,4,0,0,0,0,0,0,0
1000345,0.94,0.00,0015-06-13 13:00:46,0015-06-13 14:00:46,13,14,0.57,Mon,android,332665,792421,202527,1,3,1,0,0,0,0,0,0
1000346,6.90,0.00,0015-09-18 17:32:35,0015-09-18 21:32:35,17,21,3.01,Wed,ios,710434,474204,481066,1,3,0,0,1,0,0,0,0
1000347,9.86,0.00,0015-06-07 15:46:04,0015-06-07 19:46:04,15,19,3.47,Wed,ios,199996,951880,144857,1,2,0,0,1,0,0,0,0
1000348,7.25,0.00,0015-08-02 10:58:49,0015-08-02 13:58:49,10,13,2.37,Wed,ios,883997,474204,481066,0,2,0,0,1,0,0,0,0
1000349,5.30,0.00,0015-01-10 12:33:02,0015-01-10 15:33:02,12,15,2.33,Thu,ios,511967,474204,481066,0,2,0,0,0,0,0,0,0
1000350,1.44,0.00,0015-08-26 12:25:09,0015-08-26 14:25:09,12,14,1.53,Thu,android,626199,371335,461655,1,3,0,0,0,0,0,0,0
1000351,4.65,0.00,0015-09-13 11:41:36,0015-09-13 13:41:36,11,13,1.94,Thu,android,439121,369001,493904,0,2,0,0,0,0,0,0,0
1000352,1.02,0.00,0015-04-07 12:20:22,0015-04-07 16:20:22,12,16,3.08,Fri,ios,563690,405157,976902,0,1,0,0,0,0,1,0,0
1000353,4.39,0.00,0015-09-05 16:48:46,0015-09-05 20:48:46,16,20,3.90,Fri,ios,959972,943765,461655,1,1,0,0,0,0,1,0,0
1000354,4.31,0.00,0015-09-11 13:13:47,0015-09-11 16:13:47,13,16,2.92,Wed,android,248213,902592,566549,0,2,0,0,1,0,0,0,0
1000355,6.32,0.00,0015-07-09 13:10:03,0015-07-09 16:10:03,13,16,2.23,Thu,android,507523,568071,144857,0,3,0,0,0,0,0,0,0
1000356,5.00,0.00,0015-09-10 10:55:56,0015-09-10 14:55:56,10,14,3.24,Thu,ios,726111,474204,481066,1,3,0,0,0,0,0,0,0
1000357,7.39,0.00,0015-07-01 18:02:15,0015-07-01 23:02:15,18,23,4.31,Tue,ios,472640,369001,493904,0,2,0,0,0,0,0,0,0
1000358,23.68,7.50,0015-10-21 17:16:56,0015-10-21 20:16:56,17,20,2.51,Wed,ios,511929,228137,503205,0,3,0,0,1,0,0,0,0
1000359,5.93,0.00,0015-07-21 15:43:14,0015-07-21 18:43:14,15,18,2.59,Tue,android,238173,237105,948590,1,3,0,0,0,0,0,0,0
1000360,13.17,0.00,0015-07-10 17:44:45,0015-07-10 22:44:45,17,22,4.06,Tue,ios,692282,507660,202527,0,2,0,0,0,0,0,0,0
1000361,0.65,0.00,0015-08-11 10:53:56,0015-08-11 12:53:56,10,12,1.61,Wed,ios,881828,349635,503205,0,3,0,0,1,0,0,0,0
1000362,14.69,0.00,0015-09-04 17:08:11,0015-09-04 18:08:11,17,18,0.43,Mon,ios,342129,405157,976902,0,2,1,0,0,0,0,0,0
1000363,4.56,0.00,0015-08-20 13:30:45,0015-08-20 17:30:45,13,17,3.25,Wed,ios,528436,955429,493904,0,3,0,0,1,0,0,0,0
1000364,3.41,4.29,0015-06-07 16:48:13,0015-06-07 17:48:13,16,17,0.98,Tue,ios,358771,944515,976902,1,3,0,0,0,0,0,0,0
1000365,6.65,0.00,0015-08-13 16:39:47,0015-08-13 20:39:47,16,20,3.02,Thu,ios,579094,369001,493904,0,3,0,0,0,0,0,0,0
1000366,6.96,0.43,0015-11-24 12:02:35,0015-11-24 15:02:35,12,15,2.51,Tue,ios,399803,672450,202527,1,2,0,0,0,0,0,0,0
1000367,3.24,0.00,0015-08-05 13:29:53,0015-08-05 17:29:53,13,17,3.24,Fri,android,672949,801274,976902,1,1,0,0,0,0,1,0,0
1000368,4.00,0.00,0015-07-23 15:57:12,0015-07-23 20:57:12,15,20,4.00,Fri,ios,868881,514669,566549,1,3,0,0,0,0,1,0,0
1000369,23.68,0.00,0015-07-13 13:46:50,0015-07-13 20:46:50,13,20,30.12,Tue,ios,451475,369001,493904,1,3,0,0,0,0,0,0,0
1000370,6.19,0.49,0015-05-23 11:03:26,0015-05-23 14:03:26,11,14,2.30,Thu,android,103704,782629,517854,0,1,0,0,0,0,0,0,0
1000371,4.21,0.00,0015-07-01 14:38:56,0015-07-01 17:38:56,14,17,2.79,Wed,ios,106892,219054,814002,1,2,0,0,1,0,0,0,0
1000372,1.55,0.00,0015-08-02 17:11:09,0015-08-02 18:11:09,17,18,0.86,Fri,android,447195,653450,503205,0,2,0,0,0,0,1,0,0
1000373,7.77,0.00,0015-07-20 16:42:44,0015-07-20 20:42:44,16,20,3.39,Tue,ios,137581,549414,461655,1,3,0,0,0,0,0,0,0
1000374,1.98,0.00,0015-06-14 10:53:35,0015-06-14 11:53:35,10,11,0.96,Wed,ios,320038,207262,928191,0,3,0,0,1,0,0,0,0
1000375,12.08,0.95,0015-04-03 16:30:46,0015-04-03 20:30:46,16,20,3.36,Thu,ios,753518,944515,976902,1,3,0,0,0,0,0,0,0
1000376,6.20,0.00,0015-08-16 16:51:11,0015-08-16 21:51:11,16,21,4.01,Tue,android,935434,474204,481066,1,3,0,0,0,0,0,0,0
1000377,5.59,0.00,0015-09-11 12:22:35,0015-09-11 16:22:35,12,16,3.74,Mon,ios,414870,878706,461655,1,3,1,0,0,0,0,0,0
1000378,23.68,0.00,0015-01-24 12:36:39,0015-01-24 03:36:39,12,03,14.85,Wed,ios,597549,260408,481066,0,3,0,0,1,0,0,0,0
1000379,7.84,0.26,0015-07-18 18:57:21,0015-07-18 21:57:21,18,21,2.71,Thu,ios,682145,875343,747048,1,2,0,0,0,0,0,0,0
1000380,0.95,0.15,0015-08-12 18:04:09,0015-08-12 21:04:09,18,21,2.22,Wed,ios,724103,653450,503205,1,3,0,0,1,0,0,0,0
1000381,4.36,0.00,0015-06-09 16:26:05,0015-06-09 19:26:05,16,19,2.80,Thu,ios,217683,955429,493904,1,3,0,0,0,0,0,0,0
1000382,4.02,0.80,0015-05-26 13:30:57,0015-05-26 16:30:57,13,16,2.81,Tue,ios,203024,995505,868085,0,3,0,0,0,0,0,0,0
1000383,4.49,0.00,0015-08-15 16:24:45,0015-08-15 20:24:45,16,20,3.94,Mon,android,449479,572249,144857,1,1,1,0,0,0,0,0,0
1000384,4.79,0.00,0015-07-19 12:48:19,0015-07-19 16:48:19,12,16,3.21,Tue,android,803724,280221,976902,1,2,0,0,0,0,0,0,0
1000385,6.55,0.00,0015-06-17 15:06:13,0015-06-17 18:06:13,15,18,2.93,Tue,ios,279594,594591,461655,1,2,0,0,0,0,0,0,0
1000386,1.52,0.00,0015-06-16 10:57:43,0015-06-16 11:57:43,10,11,0.81,Thu,ios,760047,562656,481066,0,1,0,0,0,0,0,0,0
1000387,3.40,1.14,0015-08-23 17:48:42,0015-08-23 21:48:42,17,21,3.75,Thu,ios,832534,369001,493904,1,2,0,0,0,0,0,0,0
1000388,9.44,0.85,0015-08-08 13:14:09,0015-08-08 17:14:09,13,17,3.93,Fri,ios,440536,568071,144857,1,2,0,0,0,0,1,0,0
1000389,5.53,0.00,0015-07-06 13:18:49,0015-07-06 16:18:49,13,16,2.41,Tue,ios,683165,514669,566549,0,3,0,0,0,0,0,0,0
1000390,3.53,0.00,0015-07-20 12:15:35,0015-07-20 14:15:35,12,14,1.70,Thu,android,556501,951880,144857,1,3,0,0,0,0,0,0,0
1000391,6.31,0.00,0015-08-24 16:59:45,0015-08-24 20:59:45,16,20,3.02,Wed,ios,284731,875343,747048,1,2,0,0,1,0,0,0,0
1000392,7.02,0.00,0015-08-27 15:24:20,0015-08-27 18:24:20,15,18,2.79,Fri,ios,767033,792421,202527,0,1,0,0,0,0,1,0,0
1000393,4.97,0.00,0015-08-20 11:36:28,0015-08-20 13:36:28,11,13,1.94,Thu,ios,555844,612116,461655,0,3,0,0,0,0,0,0,0
1000394,2.54,0.00,0015-10-17 15:25:54,0015-10-17 17:25:54,15,17,1.50,Mon,ios,960622,369001,493904,0,2,1,0,0,0,0,0,0
1000395,4.35,0.00,0015-06-19 12:25:40,0015-06-19 15:25:40,12,15,2.33,Tue,ios,297370,568071,144857,1,3,0,0,0,0,0,0,0
1000396,1.32,0.00,0015-06-28 11:42:08,0015-06-28 13:42:08,11,13,1.54,Mon,ios,242371,902592,566549,1,3,1,0,0,0,0,0,0
1000397,6.39,0.00,0015-07-20 17:59:27,0015-07-20 21:59:27,17,21,3.17,Thu,ios,545405,987396,978130,0,3,0,0,0,0,0,0,0
1000398,1.39,0.00,0015-09-14 13:59:34,0015-09-14 17:59:34,13,17,3.03,Thu,ios,824038,664306,868085,1,2,0,0,0,0,0,0,0
1000399,3.39,0.00,0015-07-09 17:29:33,0015-07-09 19:29:33,17,19,1.10,Thu,ios,181874,517464,144857,0,1,0,0,0,0,0,0,0
1000400,5.85,0.00,0015-08-18 18:49:00,0015-08-18 21:49:00,18,21,2.73,Fri,ios,936997,728918,928191,1,1,0,0,0,0,1,0,0
1000401,1.91,0.00,0015-08-26 12:36:16,0015-08-26 13:36:16,12,13,0.93,Tue,android,754643,587514,648339,1,2,0,0,0,0,0,0,0
1000402,6.67,0.00,0015-04-09 17:08:39,0015-04-09 20:08:39,17,20,2.22,Fri,android,258477,955429,493904,0,2,0,0,0,0,1,0,0
1000403,7.03,0.00,0015-05-06 11:51:33,0015-05-06 15:51:33,11,15,3.93,Wed,android,620039,191826,481066,0,3,0,0,1,0,0,0,0
1000404,6.28,0.00,0015-07-06 16:13:36,0015-07-06 20:13:36,16,20,3.50,Fri,ios,518114,474204,481066,1,3,0,0,0,0,1,0,0
1000405,3.43,0.00,0015-09-22 11:45:24,0015-09-22 14:45:24,11,14,2.74,Fri,android,811451,943765,461655,1,3,0,0,0,0,1,0,0
1000406,7.80,0.00,0015-09-12 14:54:27,0015-09-12 18:54:27,14,18,3.13,Fri,android,712553,594591,461655,1,3,0,0,0,0,1,0,0
1000407,23.68,0.00,0015-09-07 15:33:21,0015-09-07 19:33:21,15,19,3.33,Thu,android,531225,369001,493904,1,3,0,0,0,0,0,0,0
1000408,2.33,0.00,0015-07-07 11:02:01,0015-07-07 15:02:01,11,15,3.16,Tue,ios,227706,955429,493904,0,2,0,0,0,0,0,0,0
1000409,23.68,0.00,0015-09-21 16:36:51,0015-09-21 14:36:51,16,14,21.99,Tue,android,769809,638536,868085,1,1,0,0,0,0,0,0,0
1000410,1.50,0.00,0015-09-25 16:20:16,0015-09-25 18:20:16,16,18,1.72,Sun,ios,952283,207262,928191,1,3,0,0,0,0,0,0,1
1000411,3.05,0.00,0015-07-06 15:41:31,0015-07-06 17:41:31,15,17,1.38,Fri,ios,371577,474204,481066,1,3,0,0,0,0,1,0,0
1000412,11.52,0.00,0015-08-16 13:09:41,0015-08-16 17:09:41,13,17,3.22,Tue,android,702553,562656,481066,1,1,0,0,0,0,0,0,0
1000413,8.11,0.00,0015-09-24 12:49:51,0015-09-24 16:49:51,12,16,3.67,Thu,ios,694798,758780,399399,1,3,0,0,0,0,0,0,0
1000414,23.68,0.00,0015-06-21 09:05:23,0015-06-21 12:05:23,09,12,2.91,Sat,ios,285197,507660,202527,1,2,0,0,0,0,0,1,0
1000415,2.33,0.00,0015-08-04 12:40:44,0015-08-04 15:40:44,12,15,2.44,Mon,ios,854701,474204,481066,0,3,1,0,0,0,0,0,0
1000416,23.68,0.00,0015-07-16 16:34:53,0015-07-16 20:34:53,16,20,3.76,Wed,android,525205,207262,928191,1,2,0,0,1,0,0,0,0
1000417,5.45,0.00,0015-08-28 16:34:09,0015-08-28 20:34:09,16,20,3.53,Mon,ios,748410,902592,566549,1,3,1,0,0,0,0,0,0
1000418,3.09,0.00,0015-04-10 09:52:50,0015-04-10 11:52:50,09,11,1.30,Thu,android,723879,758780,399399,0,3,0,0,0,0,0,0,0
1000419,23.68,0.00,0015-09-24 17:43:25,0015-09-24 20:43:25,17,20,2.35,Wed,android,901351,131897,566549,1,2,0,0,1,0,0,0,0
1000420,5.88,0.18,0015-03-06 17:44:23,0015-03-06 20:44:23,17,20,2.96,Tue,android,915437,891421,144857,1,2,0,0,0,0,0,0,0
1000421,7.77,0.00,0015-04-23 18:41:37,0015-04-23 23:41:37,18,23,4.02,Mon,ios,770905,951880,144857,1,3,1,0,0,0,0,0,0
1000422,11.45,0.00,0015-05-20 16:11:45,0015-05-20 19:11:45,16,19,2.81,Fri,ios,347085,207262,928191,1,3,0,0,0,0,1,0,0
1000423,6.58,0.00,0015-10-18 17:32:14,0015-10-18 20:32:14,17,20,2.71,Sat,android,984769,474204,481066,0,3,0,0,0,0,0,1,0
1000424,3.17,0.00,0015-05-21 09:23:18,0015-05-21 11:23:18,09,11,1.99,Fri,ios,155004,366832,978130,0,3,0,0,0,0,1,0,0
1000425,5.41,0.00,0015-09-08 10:46:28,0015-09-08 14:46:28,10,14,3.08,Tue,ios,441974,207262,928191,1,2,0,0,0,0,0,0,0
1000426,8.53,0.00,0015-07-03 18:30:37,0015-07-03 21:30:37,18,21,2.77,Wed,ios,243030,366832,978130,1,3,0,0,1,0,0,0,0
1000427,1.11,0.00,0015-06-02 12:44:36,0015-06-02 13:44:36,12,13,0.91,Wed,ios,409499,955429,493904,0,3,0,0,1,0,0,0,0
1000428,3.55,0.00,0015-08-18 11:54:14,0015-08-18 13:54:14,11,13,1.18,Thu,ios,392731,801274,976902,1,1,0,0,0,0,0,0,0
1000429,3.90,0.00,0015-09-08 12:57:59,0015-09-08 16:57:59,12,16,3.08,Fri,android,593515,914907,648339,0,3,0,0,0,0,1,0,0
1000430,4.20,0.00,0015-07-23 17:52:06,0015-07-23 20:52:06,17,20,2.68,Fri,android,239158,803398,144857,1,1,0,0,0,0,1,0,0
1000431,10.70,0.00,0015-12-06 16:45:29,0015-12-06 20:45:29,16,20,3.92,Wed,ios,525051,995505,868085,1,1,0,0,1,0,0,0,0
1000432,7.15,0.00,0015-08-21 01:04:24,0015-08-21 06:04:24,01,06,4.04,Mon,ios,668784,878706,461655,1,1,1,0,0,0,0,0,0
1000433,10.21,0.00,0015-08-02 12:32:58,0015-08-02 16:32:58,12,16,3.32,Wed,ios,283781,405157,976902,0,3,0,0,1,0,0,0,0
1000434,2.92,0.39,0015-08-11 10:15:34,0015-08-11 12:15:34,10,12,1.41,Thu,ios,336388,955429,493904,1,2,0,0,0,0,0,0,0
1000435,6.04,0.00,0015-07-12 09:22:28,0015-07-12 12:22:28,09,12,2.77,Mon,ios,406461,129465,461655,1,3,1,0,0,0,0,0,0
1000436,3.91,0.00,0015-08-03 20:12:57,0015-08-03 01:12:57,20,01,4.01,Wed,android,272769,711566,928191,1,3,0,0,1,0,0,0,0
1000437,6.65,0.66,0015-07-21 13:01:18,0015-07-21 16:01:18,13,16,2.59,Thu,ios,298244,517464,144857,1,3,0,0,0,0,0,0,0
1000438,9.23,0.00,0015-05-14 16:37:21,0015-05-14 20:37:21,16,20,3.26,Mon,ios,580255,280221,976902,1,4,1,0,0,0,0,0,0
1000439,2.34,0.00,0015-09-16 11:23:18,0015-09-16 15:23:18,11,15,3.62,Tue,ios,846389,955429,493904,1,1,0,0,0,0,0,0,0
1000440,1.17,0.00,0015-05-26 18:09:10,0015-05-26 21:09:10,18,21,2.08,Tue,android,689810,878706,461655,0,3,0,0,0,0,0,0,0
1000441,0.50,0.19,0015-10-06 13:34:19,0015-10-06 15:34:19,13,15,1.46,Thu,ios,874368,943765,461655,1,3,0,0,0,0,0,0,0
1000442,3.69,0.35,0015-08-25 18:36:42,0015-08-25 20:36:42,18,20,1.62,Fri,ios,246195,803398,144857,0,1,0,0,0,0,1,0,0
1000443,2.12,0.00,0015-02-12 11:05:20,0015-02-12 12:05:20,11,12,0.86,Tue,android,123643,191826,481066,1,3,0,0,0,0,0,0,0
1000444,5.52,7.50,0015-08-13 19:12:31,0015-08-13 22:12:31,19,22,2.33,Mon,ios,487585,474204,481066,1,1,1,0,0,0,0,0,0
1000445,6.94,4.77,0015-06-18 13:05:13,0015-06-18 17:05:13,13,17,3.48,Tue,android,544420,920264,461655,0,1,0,0,0,0,0,0,0
1000446,5.11,0.71,0015-09-10 10:30:55,0015-09-10 13:30:55,10,13,2.88,Fri,ios,386606,369001,493904,1,2,0,0,0,0,1,0,0
1000447,4.71,0.00,0015-08-06 10:53:24,0015-08-06 13:53:24,10,13,2.25,Fri,android,875795,801274,976902,1,3,0,0,0,0,1,0,0
1000448,3.74,0.00,0015-01-27 19:40:30,0015-01-27 21:40:30,19,21,1.48,Tue,android,129824,871619,125372,1,2,0,0,0,0,0,0,0
1000449,4.24,0.00,0015-11-19 17:30:36,0015-11-19 20:30:36,17,20,2.64,Wed,ios,868561,758780,399399,1,3,0,0,1,0,0,0,0
1000450,2.84,0.00,0015-05-23 12:08:22,0015-05-23 14:08:22,12,14,1.73,Mon,ios,655338,664306,868085,0,3,1,0,0,0,0,0,0
1000451,8.92,0.00,0015-05-20 17:48:10,0015-05-20 20:48:10,17,20,2.94,Tue,ios,821783,944515,976902,1,2,0,0,0,0,0,0,0
1000452,4.94,0.21,0015-06-10 10:23:49,0015-06-10 13:23:49,10,13,2.77,Fri,android,685792,228137,503205,0,3,0,0,0,0,1,0,0
1000453,8.64,0.00,0015-07-25 14:51:07,0015-07-25 17:51:07,14,17,2.59,Mon,android,824619,369001,493904,1,3,1,0,0,0,0,0,0
1000454,6.25,0.00,0015-09-11 17:11:45,0015-09-11 20:11:45,17,20,2.30,Mon,android,422361,951880,144857,1,2,1,0,0,0,0,0,0
1000455,5.44,0.00,0015-04-03 17:01:49,0015-04-03 20:01:49,17,20,2.77,Tue,android,591868,568071,144857,1,2,0,0,0,0,0,0,0
1000456,7.23,0.00,0015-03-26 17:07:58,0015-03-26 21:07:58,17,21,3.11,Wed,ios,882445,369001,493904,0,3,0,0,1,0,0,0,0
1000457,2.34,0.00,0015-06-24 13:39:15,0015-06-24 16:39:15,13,16,2.82,Mon,ios,395548,280221,976902,1,2,1,0,0,0,0,0,0
1000458,7.16,0.00,0015-01-17 18:54:45,0015-01-17 21:54:45,18,21,2.74,Thu,ios,498055,474204,481066,1,1,0,0,0,0,0,0,0
1000459,4.30,0.00,0015-07-15 12:07:33,0015-07-15 14:07:33,12,14,1.55,Fri,ios,221343,369001,493904,1,3,0,0,0,0,1,0,0
1000460,6.75,0.00,0015-08-08 17:35:26,0015-08-08 20:35:26,17,20,2.25,Fri,android,812120,891421,144857,1,3,0,0,0,0,1,0,0
1000461,1.46,0.00,0015-08-17 12:42:43,0015-08-17 14:42:43,12,14,1.17,Tue,ios,276919,474204,481066,1,1,0,0,0,0,0,0,0
1000462,5.51,0.00,0015-06-04 20:14:53,0015-06-04 23:14:53,20,23,2.61,Sat,ios,939892,801274,976902,0,2,0,0,0,0,0,1,0
1000463,3.28,0.00,0015-07-16 12:32:17,0015-07-16 14:32:17,12,14,1.63,Fri,ios,131167,228137,503205,1,1,0,0,0,0,1,0,0
1000464,4.03,0.00,0015-03-13 19:38:43,0015-03-13 22:38:43,19,22,2.35,Tue,ios,616096,568071,144857,0,3,0,0,0,0,0,0,0
1000465,0.71,0.00,0015-08-11 11:51:55,0015-08-11 14:51:55,11,14,2.93,Wed,ios,571980,672450,202527,1,3,0,0,1,0,0,0,0
1000466,5.32,0.00,0015-07-28 14:49:19,0015-07-28 19:49:19,14,19,4.01,Wed,android,696487,371335,461655,0,2,0,0,1,0,0,0,0
1000467,1.41,0.00,0015-08-28 13:10:32,0015-08-28 14:10:32,13,14,0.87,Thu,ios,398254,874950,814002,1,2,0,0,0,0,0,0,0
1000468,8.73,0.00,0015-03-24 12:37:01,0015-03-24 16:37:01,12,16,3.60,Tue,ios,159191,481613,648339,0,3,0,0,0,0,0,0,0
1000469,1.91,0.00,0015-08-03 18:55:19,0015-08-03 20:55:19,18,20,1.42,Wed,android,639764,568071,144857,0,3,0,0,1,0,0,0,0
1000470,2.48,0.00,0015-08-13 20:36:24,0015-08-13 23:36:24,20,23,2.34,Wed,ios,950874,955429,493904,0,3,0,0,1,0,0,0,0
1000471,23.68,0.00,0015-08-16 12:40:54,0015-08-16 18:40:54,12,18,29.02,Wed,android,701380,878706,461655,1,3,0,0,1,0,0,0,0
1000472,5.00,0.00,0015-09-04 17:37:21,0015-09-04 20:37:21,17,20,2.20,Wed,ios,963752,207262,928191,1,3,0,0,1,0,0,0,0
1000473,7.25,0.00,0015-07-13 11:16:39,0015-07-13 14:16:39,11,14,2.85,Mon,ios,295600,355208,976902,1,3,1,0,0,0,0,0,0
1000474,8.75,0.00,0015-09-21 13:34:51,0015-09-21 17:34:51,13,17,3.14,Wed,ios,481969,355208,976902,1,3,0,0,1,0,0,0,0
1000475,3.05,0.00,0015-09-14 17:20:55,0015-09-14 21:20:55,17,21,3.82,Wed,ios,368903,643012,517854,0,2,0,0,1,0,0,0,0
1000476,6.13,0.00,0015-05-26 09:52:19,0015-05-26 12:52:19,09,12,2.71,Wed,ios,243057,369001,493904,1,3,0,0,1,0,0,0,0
1000477,2.65,0.22,0015-06-02 16:46:31,0015-06-02 20:46:31,16,20,3.66,Thu,android,481088,369001,493904,0,1,0,0,0,0,0,0,0
1000478,12.55,0.00,0015-07-08 17:07:36,0015-07-08 21:07:36,17,21,3.50,Mon,ios,364039,929628,751082,1,1,1,0,0,0,0,0,0
1000479,6.88,0.00,0015-08-27 12:37:47,0015-08-27 15:37:47,12,15,2.52,Tue,ios,387883,474204,481066,1,3,0,0,0,0,0,0,0
1000480,6.70,7.50,0015-08-04 12:20:34,0015-08-04 15:20:34,12,15,2.61,Wed,ios,961264,664306,868085,1,2,0,0,1,0,0,0,0
1000481,10.82,0.00,0015-09-26 16:03:44,0015-09-26 21:03:44,16,21,4.26,Thu,ios,951706,738900,976902,0,2,0,0,0,0,0,0,0
1000482,2.14,0.00,0015-05-13 08:59:58,0015-05-13 11:59:58,08,11,2.14,Fri,android,560163,955429,493904,0,1,0,0,0,0,1,0,0
1000483,7.65,0.00,0015-09-28 09:05:52,0015-09-28 13:05:52,09,13,3.65,Mon,ios,960085,207262,928191,1,3,1,0,0,0,0,0,0
1000484,7.08,0.00,0015-06-24 12:52:35,0015-06-24 16:52:35,12,16,3.51,Tue,android,929443,738900,976902,0,2,0,0,0,0,0,0,0
1000485,23.68,0.00,0015-05-04 15:10:15,0015-05-04 18:10:15,15,18,2.86,Tue,ios,931145,891421,144857,0,2,0,0,0,0,0,0,0
1000486,5.43,0.00,0015-09-19 11:52:20,0015-09-19 15:52:20,11,15,3.71,Fri,android,698097,863084,751082,1,1,0,0,0,0,1,0,0
1000487,6.46,0.00,0015-09-03 16:29:12,0015-09-03 19:29:12,16,19,2.16,Mon,ios,485792,237105,948590,1,3,1,0,0,0,0,0,0
1000488,4.26,0.00,0015-02-15 17:52:43,0015-02-15 20:52:43,17,20,2.79,Fri,ios,882702,758780,399399,1,3,0,0,0,0,1,0,0
1000489,2.64,0.00,0015-09-10 21:46:43,0015-09-10 23:46:43,21,23,1.90,Tue,android,572883,386940,814002,0,3,0,0,0,0,0,0,0
1000490,23.68,0.00,0015-08-05 08:55:20,0015-08-05 14:55:20,08,14,29.32,Wed,ios,176604,728918,928191,1,2,0,0,1,0,0,0,0
1000491,8.46,0.00,0015-06-20 18:42:51,0015-06-20 22:42:51,18,22,3.09,Tue,android,513869,405157,976902,0,3,0,0,0,0,0,0,0
1000492,13.41,0.00,0015-09-06 11:32:31,0015-09-06 16:32:31,11,16,4.40,Tue,android,222517,280221,976902,1,3,0,0,0,0,0,0,0
1000493,6.79,0.00,0015-07-12 11:59:27,0015-07-12 14:59:27,11,14,2.23,Sat,ios,272998,878706,461655,1,3,0,0,0,0,0,1,0
1000494,3.77,0.00,0015-09-22 17:40:51,0015-09-22 20:40:51,17,20,2.65,Sun,android,589824,638536,868085,1,3,0,0,0,0,0,0,1
1000495,3.03,0.00,0015-09-23 12:35:31,0015-09-23 15:35:31,12,15,2.70,Sun,android,397917,664306,868085,1,3,0,0,0,0,0,0,1
1000496,3.00,0.00,0015-07-19 18:13:37,0015-07-19 00:13:37,18,00,53.22,Tue,android,622307,280415,399399,0,3,0,0,0,0,0,0,0
1000497,4.82,0.00,0015-02-13 16:23:37,0015-02-13 21:23:37,16,21,4.38,Mon,android,603164,366832,978130,1,2,1,0,0,0,0,0,0
1000498,6.32,0.00,0014-08-21 19:39:28,0014-08-21 22:39:28,19,22,2.35,Mon,ios,151047,653450,503205,0,3,1,0,0,0,0,0,0
1000499,3.51,4.36,0015-09-20 14:24:05,0015-09-20 17:24:05,14,17,2.54,Wed,android,917357,572249,144857,1,3,0,0,1,0,0,0,0
1000500,6.45,0.00,0015-09-26 11:27:47,0015-09-26 15:27:47,11,15,3.74,Thu,android,637555,568071,144857,1,1,0,0,0,0,0,0,0
1000501,8.99,0.00,0015-07-03 15:48:27,0015-07-03 19:48:27,15,19,3.75,Fri,ios,586041,369001,493904,0,3,0,0,0,0,1,0,0
1000502,4.46,0.44,0015-08-21 13:33:05,0015-08-21 16:33:05,13,16,2.25,Thu,android,982416,474204,481066,1,1,0,0,0,0,0,0,0
1000503,2.69,0.00,0015-08-17 18:06:32,0015-08-17 21:06:32,18,21,2.61,Fri,ios,185741,878706,461655,0,3,0,0,0,0,1,0,0
1000504,3.51,0.00,0015-08-27 17:25:02,0015-08-27 19:25:02,17,19,1.15,Tue,ios,754112,366832,978130,0,2,0,0,0,0,0,0,0
1000505,5.48,0.00,0015-09-03 11:47:38,0015-09-03 14:47:38,11,14,2.15,Wed,android,787657,371335,461655,1,3,0,0,1,0,0,0,0
1000506,9.03,0.00,0015-09-16 15:19:39,0015-09-16 19:19:39,15,19,3.76,Thu,ios,191892,874950,814002,1,2,0,0,0,0,0,0,0
1000507,3.46,0.00,0015-04-28 19:01:13,0015-04-28 22:01:13,19,22,2.76,Tue,ios,190275,582873,461655,1,3,0,0,0,0,0,0,0
1000508,5.54,0.00,0015-07-05 11:47:44,0015-07-05 14:47:44,11,14,2.66,Fri,ios,969742,228137,503205,0,3,0,0,0,0,1,0,0
1000509,8.25,0.00,0015-01-14 16:54:31,0015-01-14 20:54:31,16,20,3.51,Tue,android,719749,902592,566549,0,3,0,0,0,0,0,0,0
1000510,4.52,0.00,0015-09-02 11:33:01,0015-09-02 14:33:01,11,14,2.60,Mon,ios,618823,728918,928191,0,3,1,0,0,0,0,0,0
1000511,3.70,0.00,0015-07-24 11:12:30,0015-07-24 14:12:30,11,14,2.40,Thu,ios,983390,207262,928191,0,2,0,0,0,0,0,0,0
1000512,5.93,0.00,0015-09-14 12:53:43,0015-09-14 16:53:43,12,16,3.25,Fri,ios,824248,955429,493904,0,3,0,0,0,0,1,0,0
1000513,9.53,0.00,0015-04-04 15:50:26,0015-04-04 20:50:26,15,20,4.54,Thu,ios,373477,926676,648339,1,3,0,0,0,0,0,0,0
1000514,2.16,0.00,0015-09-03 09:21:27,0015-09-03 11:21:27,09,11,1.41,Tue,ios,906747,861532,454147,1,2,0,0,0,0,0,0,0
1000515,0.93,0.60,0015-06-17 16:38:42,0015-06-17 18:38:42,16,18,1.35,Mon,ios,919621,445920,125372,0,1,1,0,0,0,0,0,0
1000516,2.13,0.00,0015-09-04 09:10:40,0015-09-04 11:10:40,09,11,1.44,Thu,ios,622600,514669,566549,0,2,0,0,0,0,0,0,0
1000517,23.68,0.00,0015-08-28 10:12:28,0015-08-28 11:12:28,10,11,24.49,Tue,ios,279581,638536,868085,1,3,0,0,0,0,0,0,0
1000518,8.19,0.00,0015-09-05 16:48:48,0015-09-05 19:48:48,16,19,2.90,Wed,ios,993796,280415,399399,1,1,0,0,1,0,0,0,0
1000519,4.34,0.00,0015-09-23 17:51:33,0015-09-23 22:51:33,17,22,4.54,Thu,ios,896070,955429,493904,1,3,0,0,0,0,0,0,0
1000520,23.68,0.00,0015-05-23 20:51:42,0015-05-23 00:51:42,20,00,3.98,Mon,ios,856601,562656,481066,0,1,1,0,0,0,0,0,0
1000521,3.95,0.00,0015-01-05 13:44:25,0015-01-05 16:44:25,13,16,2.67,Mon,ios,951266,932939,868085,0,2,1,0,0,0,0,0,0
1000522,10.56,0.00,0015-05-11 09:24:46,0015-05-11 13:24:46,09,13,3.45,Fri,ios,427420,955429,493904,1,3,0,0,0,0,1,0,0
1000523,6.56,0.00,0015-05-19 17:16:15,0015-05-19 21:16:15,17,21,3.83,Thu,ios,372374,803398,144857,0,1,0,0,0,0,0,0,0
1000524,0.17,0.00,0015-03-10 10:36:47,0015-03-10 11:36:47,10,11,0.10,Wed,ios,758237,801274,976902,0,2,0,0,1,0,0,0,0
1000525,8.78,0.00,0015-05-27 16:45:36,0015-05-27 20:45:36,16,20,3.31,Mon,android,962813,207262,928191,0,2,1,0,0,0,0,0,0
1000526,8.30,0.00,0015-04-03 12:03:27,0015-04-03 17:03:27,12,17,4.02,Fri,ios,644153,280221,976902,0,2,0,0,0,0,1,0,0
1000527,6.76,0.00,0015-08-23 21:59:31,0015-08-23 01:59:31,21,01,3.50,Mon,ios,838747,902592,566549,1,3,1,0,0,0,0,0,0
1000528,4.95,0.00,0015-08-06 09:35:23,0015-08-06 14:35:23,09,14,4.30,Fri,android,648171,987396,978130,1,3,0,0,0,0,1,0,0
1000529,7.13,0.58,0015-10-26 13:09:09,0015-10-26 17:09:09,13,17,3.66,Wed,android,102187,955429,493904,1,2,0,0,1,0,0,0,0
1000530,4.42,0.00,0015-09-19 15:28:57,0015-09-19 18:28:57,15,18,2.38,Wed,ios,767376,474204,481066,1,3,0,0,1,0,0,0,0
1000531,5.94,0.50,0015-07-26 12:39:42,0015-07-26 16:39:42,12,16,3.17,Fri,android,390848,874950,814002,0,3,0,0,0,0,1,0,0
1000532,7.99,0.00,0015-08-23 17:19:35,0015-08-23 21:19:35,17,21,3.23,Mon,ios,697944,414088,566549,1,2,1,0,0,0,0,0,0
1000533,3.26,0.00,0015-07-18 16:11:01,0015-07-18 19:11:01,16,19,2.20,Thu,ios,659461,653450,503205,0,3,0,0,0,0,0,0,0
1000534,0.87,0.00,0015-03-14 09:11:26,0015-03-14 10:11:26,09,10,0.40,Fri,android,399212,914907,648339,1,4,0,0,0,0,1,0,0
1000535,22.15,0.00,0015-04-06 12:03:39,0015-04-06 04:03:39,12,04,15.87,Wed,android,439966,474204,481066,1,3,0,0,1,0,0,0,0
1000536,7.65,0.00,0015-09-20 11:37:15,0015-09-20 14:37:15,11,14,2.79,Mon,android,526850,369001,493904,1,3,1,0,0,0,0,0,0
1000537,3.69,0.00,0015-08-18 08:37:43,0015-08-18 10:37:43,08,10,1.33,Tue,android,987386,653450,503205,0,3,0,0,0,0,0,0,0
1000538,23.68,0.00,0015-10-26 20:15:34,0015-10-26 04:15:34,20,04,7.26,Wed,android,750882,920264,461655,1,1,0,0,1,0,0,0,0
1000539,23.68,0.00,0015-01-20 13:16:53,0015-01-20 17:16:53,13,17,3.33,Mon,android,269257,891421,144857,0,3,1,0,0,0,0,0,0
1000540,23.68,0.00,0015-06-05 10:46:35,0015-06-05 17:46:35,10,17,54.04,Fri,ios,459279,594591,461655,0,1,0,0,0,0,1,0,0
1000541,6.37,0.00,0015-08-11 16:21:13,0015-08-11 19:21:13,16,19,2.70,Sat,ios,599676,932939,868085,1,3,0,0,0,0,0,1,0
1000542,8.26,0.00,0015-05-16 16:48:25,0015-05-16 19:48:25,16,19,2.92,Tue,android,804237,369001,493904,1,1,0,0,0,0,0,0,0
1000543,9.42,0.00,0015-10-13 15:11:53,0015-10-13 19:11:53,15,19,3.61,Tue,ios,332281,191826,481066,0,3,0,0,0,0,0,0,0
1000544,6.09,0.00,0015-08-27 11:39:40,0015-08-27 14:39:40,11,14,2.29,Thu,ios,838247,664306,868085,0,3,0,0,0,0,0,0,0
1000545,3.80,0.00,0015-05-28 12:17:36,0015-05-28 15:17:36,12,15,2.81,Wed,ios,284055,874950,814002,1,2,0,0,1,0,0,0,0
1000546,5.73,0.00,0015-03-08 15:56:33,0015-03-08 19:56:33,15,19,3.49,Tue,android,744304,914305,648339,1,2,0,0,0,0,0,0,0
1000547,8.84,0.69,0015-07-21 16:03:54,0015-07-21 21:03:54,16,21,4.49,Fri,ios,895891,638536,868085,1,3,0,0,0,0,1,0,0
1000548,1.80,0.00,0015-03-11 14:00:25,0015-03-11 16:00:25,14,16,1.93,Thu,android,544407,517464,144857,0,1,0,0,0,0,0,0,0
1000549,7.93,0.00,0015-05-21 09:06:01,0015-05-21 12:06:01,09,12,2.76,Mon,ios,213079,207262,928191,1,3,1,0,0,0,0,0,0
1000550,6.14,0.00,0015-09-08 13:04:49,0015-09-08 17:04:49,13,17,3.10,Mon,ios,134963,474204,481066,1,1,1,0,0,0,0,0,0
1000551,5.55,0.00,0015-08-26 09:28:03,0015-08-26 12:28:03,09,12,2.29,Mon,ios,499985,875343,747048,1,3,1,0,0,0,0,0,0
1000552,7.12,0.00,0015-07-20 17:00:29,0015-07-20 20:00:29,17,20,2.50,Thu,ios,920960,207262,928191,1,1,0,0,0,0,0,0,0
1000553,5.31,0.00,0015-08-23 08:04:37,0015-08-23 12:04:37,08,12,3.68,Fri,ios,859822,878706,461655,0,3,0,0,0,0,1,0,0
1000554,23.68,0.00,0015-04-19 10:27:32,0015-04-19 01:27:32,10,01,14.47,Tue,ios,423668,995505,868085,0,3,0,0,0,0,0,0,0
1000555,8.34,0.00,0015-10-05 16:03:15,0015-10-05 19:03:15,16,19,2.83,Wed,ios,311037,955429,493904,0,3,0,0,1,0,0,0,0
1000556,8.87,0.00,0015-08-20 20:44:21,0015-08-20 00:44:21,20,00,3.90,Wed,android,927527,207262,928191,0,3,0,0,1,0,0,0,0
1000557,5.64,0.47,0015-09-15 16:39:13,0015-09-15 19:39:13,16,19,2.09,Fri,ios,107052,955429,493904,1,3,0,0,0,0,1,0,0
1000558,7.66,0.49,0015-03-07 11:40:37,0015-03-07 16:40:37,11,16,4.20,Tue,android,282750,228137,503205,1,3,0,0,0,0,0,0,0
1000559,6.18,0.00,0015-05-04 17:01:53,0015-05-04 21:01:53,17,21,3.33,Fri,android,351815,191826,481066,1,3,0,0,0,0,1,0,0
1000560,3.21,0.00,0015-05-20 17:56:27,0015-05-20 21:56:27,17,21,3.99,Wed,ios,496566,425476,928191,0,3,0,0,1,0,0,0,0
1000561,4.17,0.00,0015-07-25 18:39:37,0015-07-25 20:39:37,18,20,1.89,Wed,android,232601,369001,493904,0,2,0,0,1,0,0,0,0
1000562,4.21,0.00,0015-09-16 10:50:42,0015-09-16 14:50:42,10,14,3.14,Mon,ios,644098,549414,461655,1,3,1,0,0,0,0,0,0
1000563,7.48,0.00,0015-06-16 16:30:17,0015-06-16 20:30:17,16,20,3.05,Wed,ios,574040,955429,493904,0,1,0,0,1,0,0,0,0
1000564,3.58,0.00,0015-06-27 15:23:16,0015-06-27 18:23:16,15,18,2.96,Wed,ios,587853,664306,868085,1,2,0,0,1,0,0,0,0
1000565,3.46,0.00,0015-07-16 12:20:17,0015-07-16 15:20:17,12,15,2.50,Wed,ios,983533,664306,868085,1,3,0,0,1,0,0,0,0
1000566,0.92,0.00,0015-04-04 11:04:23,0015-04-04 12:04:23,11,12,0.62,Fri,android,816742,944515,976902,0,2,0,0,0,0,1,0,0
1000567,0.49,0.00,0015-08-23 17:47:34,0015-08-23 22:47:34,17,22,4.20,Wed,ios,525468,569889,461655,0,3,0,0,1,0,0,0,0
1000568,5.48,0.00,0015-02-05 20:55:25,0015-02-05 23:55:25,20,23,2.05,Thu,android,591507,801274,976902,0,4,0,0,0,0,0,0,0
1000569,4.00,0.00,0015-09-25 11:44:26,0015-09-25 13:44:26,11,13,1.99,Fri,ios,873644,653450,503205,1,3,0,0,0,0,1,0,0
1000570,9.31,0.00,0015-09-22 12:48:25,0015-09-22 16:48:25,12,16,3.60,Mon,ios,245893,653450,503205,1,3,1,0,0,0,0,0,0
1000571,4.69,0.16,0015-06-20 15:36:55,0015-06-20 18:36:55,15,18,2.52,Mon,ios,573469,638536,868085,0,3,1,0,0,0,0,0,0
1000572,3.93,0.00,0015-05-27 11:44:38,0015-05-27 14:44:38,11,14,2.78,Wed,ios,791609,250527,976902,1,3,0,0,1,0,0,0,0
1000573,23.68,0.00,0015-06-14 12:25:10,0015-06-14 09:25:10,12,09,44.70,Fri,ios,316509,371335,461655,1,1,0,0,0,0,1,0,0
1000574,6.50,0.00,0015-07-20 13:36:19,0015-07-20 17:36:19,13,17,3.06,Wed,android,167077,369001,493904,0,3,0,0,1,0,0,0,0
1000575,8.20,0.00,0015-05-16 15:29:29,0015-05-16 19:29:29,15,19,3.03,Thu,ios,846216,366832,978130,0,2,0,0,0,0,0,0,0
1000576,7.08,0.43,0015-09-06 12:57:39,0015-09-06 16:57:39,12,16,3.50,Wed,ios,351338,371335,461655,0,1,0,0,1,0,0,0,0
1000577,5.23,0.00,0015-09-03 16:44:46,0015-09-03 20:44:46,16,20,3.47,Tue,ios,180251,414088,566549,0,1,0,0,0,0,0,0,0
1000578,2.34,0.00,0015-09-07 11:32:02,0015-09-07 14:32:02,11,14,2.71,Fri,ios,997343,987396,978130,1,2,0,0,0,0,1,0,0
1000579,2.29,0.00,0015-05-22 10:47:29,0015-05-22 13:47:29,10,13,2.77,Tue,android,960279,929628,751082,1,3,0,0,0,0,0,0,0
1000580,2.27,0.00,0015-09-04 11:34:47,0015-09-04 14:34:47,11,14,2.52,Tue,ios,327197,474204,481066,0,3,0,0,0,0,0,0,0
1000581,8.55,0.77,0015-07-21 09:51:33,0015-07-21 13:51:33,09,13,3.22,Mon,android,909930,369001,493904,1,3,1,0,0,0,0,0,0
1000582,23.68,0.00,0015-05-01 11:26:01,0015-05-01 08:26:01,11,08,44.39,Wed,ios,935635,228137,503205,0,1,0,0,1,0,0,0,0
1000583,4.27,0.00,0015-08-27 13:20:20,0015-08-27 16:20:20,13,16,2.99,Thu,ios,324164,911231,202527,1,3,0,0,0,0,0,0,0
1000584,2.82,0.00,0015-02-07 08:29:14,0015-02-07 09:29:14,08,09,0.97,Wed,ios,416181,369001,493904,0,3,0,0,1,0,0,0,0
1000585,2.20,0.00,0015-10-28 17:36:10,0015-10-28 20:36:10,17,20,2.13,Fri,ios,908878,987396,978130,0,1,0,0,0,0,1,0,0
1000586,0.24,0.02,0015-08-28 12:42:30,0015-08-28 13:42:30,12,13,0.99,Wed,ios,838857,517464,144857,0,3,0,0,1,0,0,0,0
1000587,1.92,0.00,0015-08-24 12:27:48,0015-08-24 15:27:48,12,15,2.10,Wed,ios,773226,955429,493904,1,3,0,0,1,0,0,0,0
1000588,6.58,0.00,0015-08-11 16:08:17,0015-08-11 19:08:17,16,19,2.33,Mon,ios,887009,728918,928191,1,2,1,0,0,0,0,0,0
1000589,8.94,0.00,0015-06-22 14:15:51,0015-06-22 18:15:51,14,18,3.36,Mon,ios,106336,944515,976902,1,3,1,0,0,0,0,0,0
1000590,4.01,0.00,0015-09-07 20:08:05,0015-09-07 22:08:05,20,22,1.80,Fri,android,589762,569886,868085,1,3,0,0,0,0,1,0,0
1000591,23.68,0.00,0015-05-10 11:36:28,0015-05-10 10:36:28,11,10,22.56,Thu,ios,496065,929628,751082,1,3,0,0,0,0,0,0,0
1000592,0.61,0.00,0015-07-27 17:50:30,0015-07-27 18:50:30,17,18,0.33,Fri,ios,260221,260408,481066,1,2,0,0,0,0,1,0,0
1000593,1.26,0.00,0015-07-18 11:38:30,0015-07-18 13:38:30,11,13,1.04,Tue,android,625021,955429,493904,0,3,0,0,0,0,0,0,0
1000594,6.85,0.00,0015-07-24 12:23:24,0015-07-24 15:23:24,12,15,2.78,Wed,ios,503519,369001,493904,0,1,0,0,1,0,0,0,0
1000595,5.93,0.00,0015-09-25 17:46:22,0015-09-25 20:46:22,17,20,2.84,Tue,ios,871399,932939,868085,1,1,0,0,0,0,0,0,0
1000596,5.22,0.00,0015-09-01 16:44:42,0015-09-01 20:44:42,16,20,3.23,Fri,ios,794791,878706,461655,0,2,0,0,0,0,1,0,0
1000597,23.68,7.50,0015-09-13 18:45:37,0015-09-13 00:45:37,18,00,29.06,Tue,android,624966,219054,814002,0,2,0,0,0,0,0,0,0
1000598,3.17,0.00,0015-07-24 12:55:05,0015-07-24 14:55:05,12,14,1.38,Thu,ios,884639,878706,461655,1,3,0,0,0,0,0,0,0
1000599,5.01,0.00,0015-10-03 01:49:44,0015-10-03 04:49:44,01,04,2.59,Wed,ios,240857,955429,493904,1,3,0,0,1,0,0,0,0
1000600,10.24,0.00,0015-09-06 17:12:03,0015-09-06 21:12:03,17,21,3.55,Tue,ios,754753,944575,928191,1,3,0,0,0,0,0,0,0
1000601,6.32,0.00,0015-04-03 10:21:01,0015-04-03 14:21:01,10,14,3.06,Thu,android,107577,369001,493904,0,2,0,0,0,0,0,0,0
1000602,23.68,2.35,0015-03-13 17:38:33,0015-03-13 11:38:33,17,11,41.97,Thu,android,459742,219054,814002,0,3,0,0,0,0,0,0,0
1000603,2.54,0.00,0015-09-02 12:22:55,0015-09-02 15:22:55,12,15,2.36,Mon,ios,245608,575971,948590,1,1,1,0,0,0,0,0,0
1000604,7.92,0.00,0015-07-08 17:23:28,0015-07-08 21:23:28,17,21,3.15,Tue,ios,952092,955429,493904,1,1,0,0,0,0,0,0,0
1000605,5.93,0.00,0015-09-22 16:28:14,0015-09-22 20:28:14,16,20,3.12,Thu,android,599250,219054,814002,0,1,0,0,0,0,0,0,0
1000606,12.07,0.00,0015-09-07 11:45:09,0015-09-07 15:45:09,11,15,3.96,Mon,ios,191320,369001,493904,1,3,1,0,0,0,0,0,0
1000607,5.14,0.00,0015-08-15 11:07:30,0015-08-15 15:07:30,11,15,3.28,Thu,ios,556018,568071,144857,0,3,0,0,0,0,0,0,0
1000608,4.43,0.21,0015-09-09 12:14:46,0015-09-09 15:14:46,12,15,2.15,Tue,android,194835,280221,976902,0,2,0,0,0,0,0,0,0
1000609,6.60,0.00,0015-05-03 18:41:21,0015-05-03 21:41:21,18,21,2.48,Wed,ios,997728,738900,976902,1,4,0,0,1,0,0,0,0
1000610,12.18,0.00,0015-06-11 10:47:37,0015-06-11 15:47:37,10,15,4.47,Wed,ios,704941,572249,144857,0,1,0,0,1,0,0,0,0
1000611,6.28,0.00,0015-08-14 12:20:49,0015-08-14 15:20:49,12,15,2.45,Wed,ios,514515,237105,948590,1,3,0,0,1,0,0,0,0
1000612,6.36,0.00,0015-06-08 11:31:43,0015-06-08 14:31:43,11,14,2.69,Mon,ios,727971,594591,461655,1,2,1,0,0,0,0,0,0
1000613,8.02,0.00,0015-08-19 17:30:40,0015-08-19 21:30:40,17,21,3.82,Fri,ios,968100,922416,648339,0,3,0,0,0,0,1,0,0
1000614,10.50,0.00,0015-09-28 16:49:11,0015-09-28 20:49:11,16,20,3.91,Mon,ios,122613,612116,461655,1,3,1,0,0,0,0,0,0
1000615,5.79,1.07,0015-08-13 17:04:33,0015-08-13 21:04:33,17,21,3.48,Wed,ios,929714,369001,493904,1,3,0,0,1,0,0,0,0
1000616,5.51,0.37,0015-09-06 13:36:08,0015-09-06 16:36:08,13,16,2.65,Mon,ios,479821,955429,493904,0,2,1,0,0,0,0,0,0
1000617,1.29,0.00,0015-08-14 10:43:53,0015-08-14 12:43:53,10,12,1.76,Fri,ios,640472,623134,620906,0,3,0,0,0,0,1,0,0
1000618,4.33,0.00,0015-10-02 12:07:15,0015-10-02 15:07:15,12,15,2.53,Thu,android,933958,517464,144857,0,2,0,0,0,0,0,0,0
1000619,2.84,0.00,0015-07-21 12:41:28,0015-07-21 15:41:28,12,15,2.46,Tue,ios,124145,874950,814002,1,3,0,0,0,0,0,0,0
1000620,6.84,0.00,0015-07-19 10:11:24,0015-07-19 13:11:24,10,13,2.77,Sat,ios,933853,474204,481066,1,3,0,0,0,0,0,1,0
1000621,6.00,0.00,0015-08-26 17:51:33,0015-08-26 20:51:33,17,20,2.78,Fri,ios,889565,425476,928191,1,3,0,0,0,0,1,0,0
1000622,4.34,0.00,0015-04-01 16:35:28,0015-04-01 20:35:28,16,20,3.72,Thu,android,992810,955429,493904,0,4,0,0,0,0,0,0,0
1000623,0.02,0.00,0015-04-06 19:27:42,0015-04-06 20:27:42,19,20,0.01,Tue,ios,705103,568071,144857,1,3,0,0,0,0,0,0,0
1000624,3.82,0.00,0015-09-17 15:13:44,0015-09-17 17:13:44,15,17,1.31,Wed,android,240727,250527,976902,0,1,0,0,1,0,0,0,0
1000625,5.36,0.00,0015-06-03 15:35:16,0015-06-03 18:35:16,15,18,2.16,Wed,ios,828252,623134,620906,1,2,0,0,1,0,0,0,0
1000626,6.19,0.00,0015-08-21 16:12:45,0015-08-21 19:12:45,16,19,2.47,Wed,ios,926051,728918,928191,1,3,0,0,1,0,0,0,0
1000627,4.51,0.00,0015-08-04 10:43:35,0015-08-04 13:43:35,10,13,2.56,Tue,ios,936865,995505,868085,1,3,0,0,0,0,0,0,0
1000628,3.21,0.00,0015-07-04 12:50:59,0015-07-04 14:50:59,12,14,1.47,Tue,ios,465848,920264,461655,0,3,0,0,0,0,0,0,0
1000629,4.51,0.00,0015-08-06 18:20:48,0015-08-06 21:20:48,18,21,2.51,Mon,ios,990901,280221,976902,1,2,1,0,0,0,0,0,0
1000630,6.72,0.00,0015-06-22 16:08:09,0015-06-22 19:08:09,16,19,2.49,Thu,ios,361212,693651,503205,0,2,0,0,0,0,0,0,0
1000631,4.32,5.98,0015-07-15 12:32:18,0015-07-15 15:32:18,12,15,2.21,Fri,ios,420509,944515,976902,1,1,0,0,0,0,1,0,0
1000632,2.41,0.00,0015-04-03 16:10:36,0015-04-03 17:10:36,16,17,0.89,Wed,ios,544579,863084,751082,0,1,0,0,1,0,0,0,0
1000633,6.47,0.00,0015-04-22 16:56:34,0015-04-22 20:56:34,16,20,3.39,Mon,ios,836720,549414,461655,1,2,1,0,0,0,0,0,0
1000634,1.38,0.00,0015-11-17 18:43:38,0015-11-17 19:43:38,18,19,0.69,Wed,ios,283305,507660,202527,1,1,0,0,1,0,0,0,0
1000635,23.68,0.00,0015-07-13 12:10:23,0015-07-13 13:10:23,12,13,24.59,Mon,ios,404154,572249,144857,1,1,1,0,0,0,0,0,0
1000636,23.68,0.00,0015-05-07 15:59:19,0015-05-07 20:59:19,15,20,4.38,Wed,ios,989561,191826,481066,1,1,0,0,1,0,0,0,0
1000637,6.60,0.00,0015-08-01 12:22:56,0015-08-01 16:22:56,12,16,3.47,Wed,ios,261177,955429,493904,1,3,0,0,1,0,0,0,0
1000638,4.47,0.00,0015-01-16 11:25:23,0015-01-16 14:25:23,11,14,2.28,Mon,ios,980130,474204,481066,1,3,1,0,0,0,0,0,0
1000639,1.04,0.00,0014-09-23 18:12:07,0014-09-23 20:12:07,18,20,1.90,Tue,ios,308658,782629,517854,0,3,0,0,0,0,0,0,0
1000640,6.03,0.00,0015-10-16 13:51:43,0015-10-16 17:51:43,13,17,3.44,Mon,ios,984015,569886,868085,0,1,1,0,0,0,0,0,0
1000641,5.61,0.00,0015-09-12 10:32:00,0015-09-12 14:32:00,10,14,3.61,Tue,ios,555426,386940,814002,1,2,0,0,0,0,0,0,0
1000642,5.89,0.00,0015-04-24 15:32:11,0015-04-24 18:32:11,15,18,2.12,Wed,ios,308050,228137,503205,1,2,0,0,1,0,0,0,0
1000643,4.04,0.00,0015-04-07 15:54:37,0015-04-07 19:54:37,15,19,3.18,Thu,ios,253311,878706,461655,1,3,0,0,0,0,0,0,0
1000644,23.68,0.00,0015-04-10 12:44:40,0015-04-10 00:44:40,12,00,35.11,Thu,android,215400,219054,814002,1,3,0,0,0,0,0,0,0
1000645,0.05,0.00,0015-06-02 12:11:02,0015-06-02 13:11:02,12,13,0.02,Wed,android,551839,250527,976902,1,2,0,0,1,0,0,0,0
1000646,4.33,0.00,0015-06-01 10:43:35,0015-06-01 14:43:35,10,14,3.62,Mon,ios,734088,517464,144857,1,2,1,0,0,0,0,0,0
1000647,1.74,2.45,0015-05-05 18:40:47,0015-05-05 22:40:47,18,22,3.11,Thu,ios,203428,955429,493904,1,3,0,0,0,0,0,0,0
1000648,1.98,0.00,0015-06-07 20:34:46,0015-06-07 22:34:46,20,22,1.67,Fri,ios,987187,730023,878393,0,2,0,0,0,0,1,0,0
1000649,9.22,0.00,0015-09-14 16:04:30,0015-09-14 19:04:30,16,19,2.59,Sat,android,235197,237105,948590,1,2,0,0,0,0,0,1,0
1000650,10.15,0.58,0015-03-27 11:25:31,0015-03-27 15:25:31,11,15,3.35,Mon,ios,520320,987396,978130,0,2,1,0,0,0,0,0,0
1000651,7.44,0.00,0015-01-01 15:56:59,0015-01-01 19:56:59,15,19,3.68,Wed,ios,842658,944515,976902,1,3,0,0,1,0,0,0,0
1000652,2.67,0.00,0015-05-21 11:09:56,0015-05-21 14:09:56,11,14,2.21,Tue,android,320172,914907,648339,1,1,0,0,0,0,0,0,0
1000653,7.88,0.00,0015-06-03 12:45:56,0015-06-03 15:45:56,12,15,2.95,Tue,ios,955556,944515,976902,1,3,0,0,0,0,0,0,0
1000654,23.68,0.00,0015-08-01 11:34:42,0015-08-01 21:34:42,11,21,33.73,Wed,android,785584,549414,461655,1,3,0,0,1,0,0,0,0
1000655,8.77,0.00,0015-08-11 13:17:13,0015-08-11 17:17:13,13,17,3.05,Thu,android,486547,228137,503205,1,2,0,0,0,0,0,0,0
1000656,7.48,0.00,0015-07-06 17:12:36,0015-07-06 20:12:36,17,20,2.78,Fri,android,513345,955429,493904,0,3,0,0,0,0,1,0,0
1000657,4.24,0.00,0015-04-21 13:25:06,0015-04-21 17:25:06,13,17,3.47,Wed,android,215380,474204,481066,0,3,0,0,1,0,0,0,0
1000658,10.58,0.00,0015-08-03 11:17:09,0015-08-03 16:17:09,11,16,4.49,Thu,android,958002,425476,928191,1,4,0,0,0,0,0,0,0
1000659,4.76,0.00,0015-05-15 14:52:10,0015-05-15 17:52:10,14,17,2.30,Thu,ios,122238,878706,461655,0,4,0,0,0,0,0,0,0
1000660,3.13,0.00,0015-06-05 17:00:58,0015-06-05 20:00:58,17,20,2.04,Tue,ios,817663,250527,976902,1,1,0,0,0,0,0,0,0
1000661,18.55,0.00,0015-09-04 11:14:06,0015-09-04 23:14:06,11,23,11.16,Mon,android,188923,664306,868085,0,1,1,0,0,0,0,0,0
1000662,10.43,0.00,0015-05-22 15:27:09,0015-05-22 20:27:09,15,20,4.04,Thu,android,623502,863084,751082,0,3,0,0,0,0,0,0,0
1000663,23.68,0.00,0015-09-01 10:55:59,0015-09-01 20:55:59,10,20,33.01,Mon,android,601672,366832,978130,0,2,1,0,0,0,0,0,0
1000664,6.53,0.00,0015-07-11 10:08:11,0015-07-11 14:08:11,10,14,3.61,Tue,ios,767527,404112,399399,1,2,0,0,0,0,0,0,0
1000665,6.14,0.00,0015-08-16 12:34:34,0015-08-16 15:34:34,12,15,2.79,Mon,android,914316,514669,566549,0,3,1,0,0,0,0,0,0
1000666,23.68,0.80,0015-08-28 04:01:23,0015-08-28 07:01:23,04,07,2.98,Thu,ios,958794,572249,144857,1,1,0,0,0,0,0,0,0
1000667,2.78,0.00,0015-09-14 18:15:13,0015-09-14 22:15:13,18,22,3.81,Fri,ios,127626,562656,481066,0,3,0,0,0,0,1,0,0
1000668,1.64,0.00,0015-03-16 15:53:38,0015-03-16 19:53:38,15,19,3.96,Fri,android,953238,369001,493904,1,4,0,0,0,0,1,0,0
1000669,6.91,0.00,0015-07-10 13:30:26,0015-07-10 17:30:26,13,17,3.47,Thu,android,773662,474204,481066,1,3,0,0,0,0,0,0,0
1000670,8.70,0.89,0015-07-22 17:56:29,0015-07-22 20:56:29,17,20,2.97,Thu,ios,196402,728918,928191,1,3,0,0,0,0,0,0,0
1000671,23.68,0.00,0015-04-08 15:25:11,0015-04-08 19:25:11,15,19,3.79,Sat,android,784405,951880,144857,0,3,0,0,0,0,0,1,0
1000672,2.47,0.00,0015-05-07 16:17:06,0015-05-07 18:17:06,16,18,1.35,Mon,android,211636,228137,503205,1,3,1,0,0,0,0,0,0
1000673,2.01,0.00,0015-09-21 14:59:02,0015-09-21 17:59:02,14,17,2.09,Thu,android,150382,134427,620906,1,3,0,0,0,0,0,0,0
1000674,4.36,0.00,0015-01-13 11:32:12,0015-01-13 14:32:12,11,14,2.32,Mon,android,877468,874950,814002,1,3,1,0,0,0,0,0,0
1000675,6.56,0.00,0015-09-16 17:37:55,0015-09-16 21:37:55,17,21,3.90,Fri,ios,853362,792421,202527,1,3,0,0,0,0,1,0,0
1000676,6.79,0.00,0015-08-17 16:33:46,0015-08-17 20:33:46,16,20,3.13,Wed,ios,753756,474204,481066,0,3,0,0,1,0,0,0,0
1000677,1.37,0.00,0015-09-07 12:39:38,0015-09-07 14:39:38,12,14,1.07,Fri,ios,424578,594591,461655,1,3,0,0,0,0,1,0,0
1000678,1.88,0.00,0015-09-11 10:10:59,0015-09-11 13:10:59,10,13,2.27,Mon,ios,583122,369001,493904,1,2,1,0,0,0,0,0,0
1000679,5.08,0.00,0015-06-05 16:07:36,0015-06-05 19:07:36,16,19,2.78,Fri,ios,562241,405157,976902,1,2,0,0,0,0,1,0,0
1000680,23.68,0.00,0015-09-17 16:28:16,0015-09-17 20:28:16,16,20,3.99,Mon,ios,833736,369001,493904,0,2,1,0,0,0,0,0,0
1000681,6.20,0.00,0015-09-13 11:54:04,0015-09-13 14:54:04,11,14,2.04,Tue,ios,958038,638536,868085,1,3,0,0,0,0,0,0,0
1000682,2.03,0.00,0015-08-25 18:27:12,0015-08-25 21:27:12,18,21,2.55,Tue,ios,219879,955429,493904,1,2,0,0,0,0,0,0,0
1000683,23.68,0.00,0015-05-11 16:36:02,0015-05-11 11:36:02,16,11,42.90,Tue,ios,323787,425476,928191,1,1,0,0,0,0,0,0,0
1000684,2.61,0.00,0015-09-21 11:11:05,0015-09-21 13:11:05,11,13,1.59,Mon,ios,324505,366832,978130,0,3,1,0,0,0,0,0,0
1000685,3.13,0.00,0015-09-11 18:48:19,0015-09-11 20:48:19,18,20,1.74,Wed,ios,830532,951880,144857,1,3,0,0,1,0,0,0,0
1000686,7.99,0.00,0015-08-20 14:12:04,0015-08-20 18:12:04,14,18,3.47,Mon,ios,965321,643012,517854,0,2,1,0,0,0,0,0,0
1000687,9.40,0.00,0015-05-28 10:20:07,0015-05-28 14:20:07,10,14,3.69,Wed,ios,998909,236840,620906,1,1,0,0,1,0,0,0,0
1000688,3.93,0.00,0015-10-07 11:26:44,0015-10-07 14:26:44,11,14,2.94,Fri,ios,704856,884707,648339,0,1,0,0,0,0,1,0,0
1000689,8.42,0.00,0015-06-27 12:55:07,0015-06-27 16:55:07,12,16,3.39,Wed,ios,648583,664306,868085,0,4,0,0,1,0,0,0,0
1000690,5.47,0.00,0015-09-18 12:38:10,0015-09-18 15:38:10,12,15,2.93,Wed,ios,750511,219054,814002,0,3,0,0,1,0,0,0,0
1000691,6.05,0.00,0015-04-03 17:41:01,0015-04-03 21:41:01,17,21,3.15,Mon,ios,565676,943765,461655,1,3,1,0,0,0,0,0,0
1000692,3.62,0.00,0015-08-25 11:29:35,0015-08-25 14:29:35,11,14,2.49,Mon,android,532993,260781,202527,0,1,1,0,0,0,0,0,0
1000693,6.82,0.00,0015-09-26 18:14:32,0015-09-26 21:14:32,18,21,2.23,Thu,ios,353288,425476,928191,1,3,0,0,0,0,0,0,0
1000694,8.93,0.00,0015-03-27 17:52:33,0015-03-27 21:52:33,17,21,3.79,Mon,ios,510373,989457,620906,1,3,1,0,0,0,0,0,0
1000695,23.68,2.58,0015-09-05 15:40:24,0015-09-05 00:40:24,15,00,32.31,Thu,ios,628751,474204,481066,1,2,0,0,0,0,0,0,0
1000696,6.79,0.00,0015-07-27 18:35:10,0015-07-27 23:35:10,18,23,4.60,Thu,ios,129169,355208,976902,0,2,0,0,0,0,0,0,0
1000697,8.98,0.00,0015-10-24 09:08:29,0015-10-24 13:08:29,09,13,3.20,Fri,ios,981282,228137,503205,1,3,0,0,0,0,1,0,0
1000698,0.51,0.64,0015-09-09 16:05:59,0015-09-09 18:05:59,16,18,1.60,Thu,android,248725,943765,461655,1,3,0,0,0,0,0,0,0
1000699,3.78,0.00,0015-04-27 12:13:25,0015-04-27 14:13:25,12,14,1.33,Mon,ios,540304,355208,976902,1,3,1,0,0,0,0,0,0
1000700,7.99,0.00,0015-09-01 11:57:11,0015-09-01 15:57:11,11,15,3.27,Wed,android,743830,207262,928191,0,3,0,0,1,0,0,0,0
1000701,0.81,0.00,0015-07-20 10:01:34,0015-07-20 11:01:34,10,11,0.38,Tue,ios,443450,474204,481066,1,3,0,0,0,0,0,0,0
1000702,8.52,0.00,0015-08-07 11:05:22,0015-08-07 15:05:22,11,15,3.42,Tue,ios,302432,219054,814002,1,1,0,0,0,0,0,0,0
1000703,6.23,0.00,0015-09-04 19:37:50,0015-09-04 23:37:50,19,23,3.61,Wed,ios,544320,902592,566549,0,1,0,0,1,0,0,0,0
1000704,6.04,0.00,0015-06-07 12:36:22,0015-06-07 15:36:22,12,15,2.47,Wed,android,715377,369001,493904,1,3,0,0,1,0,0,0,0
1000705,3.21,0.00,0015-09-13 14:01:07,0015-09-13 16:01:07,14,16,1.84,Thu,ios,490032,369001,493904,1,2,0,0,0,0,0,0,0
1000706,11.48,0.00,0015-01-07 16:29:36,0015-01-07 20:29:36,16,20,3.70,Wed,ios,207919,237105,948590,1,3,0,0,1,0,0,0,0
1000707,7.16,0.00,0015-09-19 16:57:41,0015-09-19 19:57:41,16,19,2.60,Thu,android,622873,955429,493904,1,2,0,0,0,0,0,0,0
1000708,5.06,0.00,0015-04-19 15:24:15,0015-04-19 19:24:15,15,19,3.03,Wed,ios,398179,236840,620906,1,1,0,0,1,0,0,0,0
1000709,1.05,0.00,0015-03-11 13:41:01,0015-03-11 15:41:01,13,15,1.01,Mon,ios,519791,250527,976902,1,2,1,0,0,0,0,0,0
1000710,10.49,0.00,0015-07-15 11:31:54,0015-07-15 15:31:54,11,15,3.22,Thu,ios,965553,474204,481066,1,3,0,0,0,0,0,0,0
1000711,10.03,0.00,0015-06-06 12:05:12,0015-06-06 16:05:12,12,16,3.47,Tue,ios,155040,369001,493904,1,2,0,0,0,0,0,0,0
1000712,6.86,0.00,0015-04-11 10:44:39,0015-04-11 14:44:39,10,14,3.69,Thu,ios,434844,801274,976902,0,3,0,0,0,0,0,0,0
1000713,4.49,0.00,0015-09-15 12:42:07,0015-09-15 15:42:07,12,15,2.87,Thu,ios,606154,250527,976902,1,2,0,0,0,0,0,0,0
1000714,9.70,0.00,0015-06-28 14:15:42,0015-06-28 18:15:42,14,18,3.24,Wed,android,803069,569886,868085,1,3,0,0,1,0,0,0,0
1000715,4.93,0.93,0015-05-19 11:48:33,0015-05-19 14:48:33,11,14,2.85,Mon,ios,236378,572249,144857,1,3,1,0,0,0,0,0,0
1000716,1.95,0.00,0015-10-25 13:25:12,0015-10-25 15:25:12,13,15,1.00,Wed,ios,583345,653450,503205,0,3,0,0,1,0,0,0,0
1000717,5.24,0.00,0015-05-01 11:30:42,0015-05-01 14:30:42,11,14,2.90,Thu,ios,516209,664306,868085,1,3,0,0,0,0,0,0,0
1000718,6.31,0.00,0015-03-21 10:24:46,0015-03-21 15:24:46,10,15,4.37,Fri,android,643810,250527,976902,1,2,0,0,0,0,1,0,0
1000719,4.72,0.00,0015-08-02 11:57:02,0015-08-02 15:57:02,11,15,3.03,Thu,android,524211,672450,202527,1,2,0,0,0,0,0,0,0
1000720,4.85,0.00,0015-08-07 11:10:50,0015-08-07 13:10:50,11,13,1.98,Tue,android,834497,369001,493904,0,3,0,0,0,0,0,0,0
1000721,5.85,0.00,0015-09-22 11:04:10,0015-09-22 13:04:10,11,13,1.88,Thu,android,286138,638536,868085,0,3,0,0,0,0,0,0,0
1000722,0.09,0.00,0015-05-12 08:30:37,0015-05-12 09:30:37,08,09,0.03,Mon,android,404777,369001,493904,0,2,1,0,0,0,0,0,0
1000723,4.97,0.00,0015-05-10 10:51:47,0015-05-10 13:51:47,10,13,2.38,Fri,ios,581035,568071,144857,1,3,0,0,0,0,1,0,0
1000724,8.05,0.00,0015-08-28 17:55:57,0015-08-28 21:55:57,17,21,3.87,Wed,ios,530250,738900,976902,0,3,0,0,1,0,0,0,0
1000725,6.64,0.00,0015-04-24 11:44:27,0015-04-24 14:44:27,11,14,2.44,Thu,ios,757343,738900,976902,0,1,0,0,0,0,0,0,0
1000726,4.26,0.00,0015-07-09 13:58:43,0015-07-09 16:58:43,13,16,2.41,Mon,ios,707667,250527,976902,1,3,1,0,0,0,0,0,0
1000727,23.68,0.00,0015-08-26 13:50:22,0015-08-26 16:50:22,13,16,2.25,Wed,ios,403858,638536,868085,0,3,0,0,1,0,0,0,0
1000728,5.90,0.00,0015-06-01 17:29:02,0015-06-01 20:29:02,17,20,2.02,Thu,ios,974627,369001,493904,1,3,0,0,0,0,0,0,0
1000729,1.62,0.00,0015-06-22 17:49:35,0015-06-22 19:49:35,17,19,1.68,Wed,ios,184638,955429,493904,1,2,0,0,1,0,0,0,0
1000730,23.06,0.00,0015-09-13 16:27:25,0015-09-13 14:27:25,16,14,21.73,Tue,android,811902,944515,976902,0,4,0,0,0,0,0,0,0
1000731,2.20,0.00,0015-04-14 11:35:12,0015-04-14 14:35:12,11,14,2.29,Mon,ios,974357,414088,566549,1,3,1,0,0,0,0,0,0
1000732,4.95,0.48,0015-07-23 18:22:29,0015-07-23 21:22:29,18,21,2.42,Tue,ios,192724,369001,493904,0,2,0,0,0,0,0,0,0
1000733,12.40,0.00,0015-06-05 13:39:34,0015-06-05 18:39:34,13,18,4.06,Thu,ios,585289,474204,481066,0,2,0,0,0,0,0,0,0
1000734,2.50,0.00,0015-07-27 09:41:06,0015-07-27 12:41:06,09,12,2.37,Mon,ios,876442,207262,928191,1,3,1,0,0,0,0,0,0
1000735,4.81,0.00,0015-08-18 13:47:31,0015-08-18 15:47:31,13,15,1.56,Fri,android,106764,355208,976902,0,2,0,0,0,0,1,0,0
1000736,2.31,0.00,0015-05-04 10:33:06,0015-05-04 13:33:06,10,13,2.11,Thu,ios,414492,371335,461655,1,1,0,0,0,0,0,0,0
1000737,6.64,0.00,0015-09-27 14:39:43,0015-09-27 17:39:43,14,17,2.65,Sat,android,880768,369001,493904,0,3,0,0,0,0,0,1,0
1000738,3.08,0.00,0015-09-10 13:18:42,0015-09-10 15:18:42,13,15,1.32,Tue,android,586501,987396,978130,1,2,0,0,0,0,0,0,0
1000739,1.38,0.00,0015-03-01 14:37:19,0015-03-01 15:37:19,14,15,0.56,Fri,ios,246070,871619,125372,1,3,0,0,0,0,1,0,0
1000740,6.28,0.00,0015-06-28 12:55:32,0015-06-28 14:55:32,12,14,2.00,Thu,ios,787796,955429,493904,0,3,0,0,0,0,0,0,0
1000741,3.57,0.00,0015-08-25 11:42:19,0015-08-25 16:42:19,11,16,4.32,Wed,ios,289136,349635,503205,1,2,0,0,1,0,0,0,0
1000742,5.79,0.00,0015-09-11 10:37:37,0015-09-11 13:37:37,10,13,2.41,Mon,android,201229,572249,144857,0,3,1,0,0,0,0,0,0
1000743,5.44,0.32,0015-08-25 11:51:58,0015-08-25 15:51:58,11,15,3.50,Fri,ios,167496,445920,125372,1,3,0,0,0,0,1,0,0
1000744,13.29,0.00,0015-03-12 12:38:40,0015-03-12 16:38:40,12,16,3.86,Wed,ios,701651,987396,978130,1,1,0,0,1,0,0,0,0
1000745,10.84,0.00,0015-07-24 11:10:27,0015-07-24 15:10:27,11,15,3.76,Wed,ios,313426,355208,976902,1,2,0,0,1,0,0,0,0
1000746,5.03,0.81,0015-01-28 14:04:21,0015-01-28 16:04:21,14,16,1.87,Tue,ios,596744,236379,928191,1,4,0,0,0,0,0,0,0
1000747,2.10,0.00,0015-09-15 17:27:40,0015-09-15 20:27:40,17,20,2.48,Wed,ios,341773,250527,976902,1,3,0,0,1,0,0,0,0
1000748,2.81,0.00,0015-02-27 11:16:24,0015-02-27 15:16:24,11,15,3.40,Fri,ios,994640,369001,493904,1,2,0,0,0,0,1,0,0
1000749,23.68,0.00,0015-06-04 14:37:30,0015-06-04 19:37:30,14,19,4.47,Thu,android,901883,728918,928191,1,3,0,0,0,0,0,0,0
1000750,3.97,0.74,0015-09-02 17:15:31,0015-09-02 19:15:31,17,19,1.05,Wed,ios,536459,369001,493904,0,1,0,0,1,0,0,0,0
1000751,2.84,0.00,0015-04-09 19:46:02,0015-04-09 21:46:02,19,21,1.35,Thu,ios,338818,638536,868085,1,2,0,0,0,0,0,0,0
1000752,0.83,0.00,0015-09-28 14:24:43,0015-09-28 18:24:43,14,18,3.34,Tue,ios,835405,987396,978130,1,3,0,0,0,0,0,0,0
1000753,8.06,0.00,0015-07-12 20:22:12,0015-07-12 23:22:12,20,23,2.39,Tue,android,889125,369001,493904,0,3,0,0,0,0,0,0,0
1000754,0.65,0.00,0015-08-24 08:15:52,0015-08-24 09:15:52,08,09,0.88,Thu,android,356108,944515,976902,0,2,0,0,0,0,0,0,0
1000755,5.21,0.00,0015-07-03 16:16:34,0015-07-03 18:16:34,16,18,1.98,Tue,ios,417423,582873,461655,0,3,0,0,0,0,0,0,0
1000756,3.20,0.00,0015-06-09 13:20:44,0015-06-09 16:20:44,13,16,2.93,Thu,ios,182256,929628,751082,1,3,0,0,0,0,0,0,0
1000757,9.83,0.00,0015-10-07 16:07:23,0015-10-07 20:07:23,16,20,3.47,Tue,android,219787,219054,814002,1,2,0,0,0,0,0,0,0
1000758,7.30,0.00,0015-06-03 11:03:17,0015-06-03 15:03:17,11,15,3.91,Mon,ios,497753,219054,814002,1,3,1,0,0,0,0,0,0
1000759,11.47,0.00,0015-03-12 14:59:01,0015-03-12 19:59:01,14,19,4.17,Fri,ios,327062,878706,461655,0,2,0,0,0,0,1,0,0
1000760,10.25,0.00,0015-09-24 12:59:47,0015-09-24 16:59:47,12,16,3.56,Wed,ios,660737,200695,202527,1,3,0,0,1,0,0,0,0
1000761,23.68,1.85,0015-08-13 11:29:47,0015-08-13 11:29:47,11,11,47.76,Fri,ios,908807,878706,461655,1,1,0,0,0,0,1,0,0
1000762,9.08,0.00,0015-07-22 12:16:50,0015-07-22 16:16:50,12,16,3.26,Wed,android,988765,568071,144857,1,1,0,0,1,0,0,0,0
1000763,5.70,0.00,0015-07-16 19:40:54,0015-07-16 22:40:54,19,22,2.97,Fri,android,167154,782629,517854,1,4,0,0,0,0,1,0,0
1000764,3.90,0.00,0015-09-08 13:40:11,0015-09-08 15:40:11,13,15,1.62,Wed,android,561697,369001,493904,1,2,0,0,1,0,0,0,0
1000765,9.99,0.00,0015-08-09 16:16:01,0015-08-09 20:16:01,16,20,3.33,Tue,ios,181242,237105,948590,1,3,0,0,0,0,0,0,0
1000766,6.37,0.00,0015-04-27 15:52:43,0015-04-27 18:52:43,15,18,2.58,Tue,android,451258,207262,928191,0,2,0,0,0,0,0,0,0
1000767,2.57,0.07,0015-06-01 11:10:23,0015-06-01 12:10:23,11,12,0.72,Mon,ios,918805,920264,461655,0,3,1,0,0,0,0,0,0
1000768,6.48,0.25,0015-08-19 12:02:42,0015-08-19 16:02:42,12,16,3.48,Thu,android,627953,191826,481066,0,3,0,0,0,0,0,0,0
1000769,7.83,0.00,0015-08-17 10:51:03,0015-08-17 14:51:03,10,14,3.12,Thu,android,355882,955429,493904,1,2,0,0,0,0,0,0,0
1000770,23.68,0.00,0015-10-04 12:44:15,0015-10-04 15:44:15,12,15,2.66,Mon,android,479895,875343,747048,0,3,1,0,0,0,0,0,0
1000771,8.18,0.00,0015-07-27 15:08:59,0015-07-27 18:08:59,15,18,2.92,Thu,ios,400820,474204,481066,1,3,0,0,0,0,0,0,0
1000772,11.26,0.00,0015-07-16 10:40:56,0015-07-16 14:40:56,10,14,3.63,Tue,android,681517,474204,481066,0,3,0,0,0,0,0,0,0
1000773,23.68,0.00,0015-04-01 17:44:10,0015-04-01 15:44:10,17,15,45.05,Fri,ios,521860,431796,461655,0,3,0,0,0,0,1,0,0
1000774,23.68,0.00,0015-06-11 17:37:38,0015-06-11 21:37:38,17,21,3.15,Wed,ios,528736,664306,868085,0,3,0,0,1,0,0,0,0
1000775,12.05,0.47,0015-07-24 16:11:46,0015-07-24 20:11:46,16,20,3.61,Thu,ios,780950,801274,976902,1,3,0,0,0,0,0,0,0
1000776,4.06,0.00,0015-05-25 11:06:14,0015-05-25 14:06:14,11,14,2.27,Wed,ios,547416,653450,503205,1,1,0,0,1,0,0,0,0
1000777,4.32,0.00,0015-09-24 09:56:46,0015-09-24 11:56:46,09,11,2.00,Wed,ios,224309,474204,481066,1,3,0,0,1,0,0,0,0
1000778,2.10,0.00,0015-05-09 18:38:48,0015-05-09 20:38:48,18,20,1.36,Fri,android,277054,414088,566549,1,3,0,0,0,0,1,0,0
1000779,6.98,0.00,0015-09-01 17:31:53,0015-09-01 21:31:53,17,21,3.79,Mon,ios,232307,728918,928191,0,3,1,0,0,0,0,0,0
1000780,2.72,0.00,0015-04-15 17:56:27,0015-04-15 20:56:27,17,20,2.79,Wed,android,942678,874950,814002,1,1,0,0,1,0,0,0,0
1000781,8.92,0.00,0015-08-09 13:29:40,0015-08-09 17:29:40,13,17,3.51,Mon,ios,205317,730023,878393,0,3,1,0,0,0,0,0,0
1000782,5.02,0.00,0015-06-21 16:02:40,0015-06-21 20:02:40,16,20,3.18,Mon,ios,592951,228137,503205,1,3,1,0,0,0,0,0,0
1000783,5.21,0.00,0015-08-03 11:33:54,0015-08-03 15:33:54,11,15,3.47,Mon,ios,140698,405157,976902,1,2,1,0,0,0,0,0,0
1000784,23.68,0.00,0015-07-16 16:33:42,0015-07-16 02:33:42,16,02,9.00,Wed,ios,760631,874950,814002,1,3,0,0,1,0,0,0,0
1000785,5.19,0.00,0015-07-25 10:48:18,0015-07-25 13:48:18,10,13,2.59,Wed,ios,792702,955429,493904,1,1,0,0,1,0,0,0,0
1000786,8.01,0.00,0015-08-26 13:55:31,0015-08-26 17:55:31,13,17,3.10,Thu,android,528873,955429,493904,1,1,0,0,0,0,0,0,0
1000787,1.55,0.00,0015-06-15 12:27:25,0015-06-15 15:27:25,12,15,2.16,Thu,android,569380,738900,976902,1,3,0,0,0,0,0,0,0
1000788,3.34,0.09,0015-05-20 15:39:21,0015-05-20 17:39:21,15,17,1.51,Fri,ios,469833,995505,868085,0,3,0,0,0,0,1,0,0
1000789,8.76,0.00,0015-08-07 12:10:53,0015-08-07 15:10:53,12,15,2.91,Fri,ios,326088,871619,125372,1,3,0,0,0,0,1,0,0
1000790,5.28,0.00,0015-02-17 17:06:32,0015-02-17 20:06:32,17,20,2.54,Wed,android,359322,228137,503205,1,2,0,0,1,0,0,0,0
1000791,2.09,0.00,0015-09-27 12:47:56,0015-09-27 15:47:56,12,15,2.19,Thu,ios,115457,445920,125372,0,3,0,0,0,0,0,0,0
1000792,5.39,0.00,0015-09-13 15:12:53,0015-09-13 19:12:53,15,19,3.12,Fri,ios,312511,369001,493904,1,3,0,0,0,0,1,0,0
1000793,3.70,0.00,0015-08-08 12:26:35,0015-08-08 15:26:35,12,15,2.21,Mon,ios,862899,987396,978130,1,1,1,0,0,0,0,0,0
1000794,3.80,0.00,0015-08-01 11:25:49,0015-08-01 14:25:49,11,14,2.07,Wed,ios,187697,207262,928191,1,2,0,0,1,0,0,0,0
1000795,8.36,0.00,0015-09-05 11:25:39,0015-09-05 15:25:39,11,15,3.85,Tue,ios,531865,369001,493904,1,3,0,0,0,0,0,0,0
1000796,3.25,0.00,0015-05-14 14:55:00,0015-05-14 17:55:00,14,17,2.18,Wed,ios,347190,569886,868085,1,1,0,0,1,0,0,0,0
1000797,2.35,0.00,0015-07-03 20:58:06,0015-07-03 23:58:06,20,23,2.61,Thu,android,306954,489543,868085,1,3,0,0,0,0,0,0,0
1000798,4.80,0.00,0015-03-26 11:33:31,0015-03-26 13:33:31,11,13,1.58,Mon,android,854914,474204,481066,0,1,1,0,0,0,0,0,0
1000799,5.80,0.00,0015-07-21 12:10:09,0015-07-21 15:10:09,12,15,2.25,Thu,ios,595043,987396,978130,1,2,0,0,0,0,0,0,0
1000800,7.08,0.00,0015-09-05 17:10:33,0015-09-05 21:10:33,17,21,3.44,Mon,android,105874,638536,868085,1,1,1,0,0,0,0,0,0
1000801,2.51,0.00,0015-08-02 12:39:29,0015-08-02 16:39:29,12,16,3.08,Wed,ios,301998,207262,928191,1,3,0,0,1,0,0,0,0
1000802,10.05,0.00,0015-09-20 12:49:25,0015-09-20 17:49:25,12,17,4.44,Mon,android,326955,801274,976902,1,3,1,0,0,0,0,0,0
1000803,9.06,0.00,0015-04-25 15:24:21,0015-04-25 19:24:21,15,19,3.03,Wed,ios,596403,517464,144857,1,2,0,0,1,0,0,0,0
1000804,5.29,0.00,0015-05-20 18:09:09,0015-05-20 20:09:09,18,20,1.74,Tue,ios,561047,369001,493904,1,3,0,0,0,0,0,0,0
1000805,5.16,0.00,0015-06-13 11:24:49,0015-06-13 14:24:49,11,14,2.50,Fri,ios,983101,280221,976902,1,1,0,0,0,0,1,0,0
1000806,7.88,0.00,0015-08-14 10:35:28,0015-08-14 13:35:28,10,13,2.78,Tue,ios,126524,219054,814002,0,3,0,0,0,0,0,0,0
1000807,23.68,0.00,0015-09-20 12:35:56,0015-09-20 18:35:56,12,18,53.11,Mon,android,563555,549414,461655,1,3,1,0,0,0,0,0,0
1000808,0.36,0.00,0015-08-09 18:32:58,0015-08-09 19:32:58,18,19,0.22,Wed,ios,838474,371335,461655,1,1,0,0,1,0,0,0,0
1000809,3.67,0.00,0015-10-16 17:38:40,0015-10-16 20:38:40,17,20,2.69,Thu,ios,487484,414088,566549,1,3,0,0,0,0,0,0,0
1000810,4.42,0.00,0015-05-05 17:05:26,0015-05-05 21:05:26,17,21,3.83,Mon,ios,390956,944515,976902,0,1,1,0,0,0,0,0,0
1000811,5.47,1.06,0015-08-28 17:57:20,0015-08-28 22:57:20,17,22,4.06,Wed,ios,536604,369001,493904,0,2,0,0,1,0,0,0,0
1000812,1.09,0.00,0015-03-24 13:17:05,0015-03-24 15:17:05,13,15,1.79,Thu,ios,983031,728918,928191,0,2,0,0,0,0,0,0,0
1000813,4.18,0.00,0015-06-19 12:53:44,0015-06-19 14:53:44,12,14,1.18,Tue,ios,432924,955429,493904,1,3,0,0,0,0,0,0,0
1000814,14.86,0.00,0015-09-12 11:29:05,0015-09-12 15:29:05,11,15,3.99,Mon,ios,883714,500856,976902,0,1,1,0,0,0,0,0,0
1000815,7.60,0.00,0015-03-05 11:36:20,0015-03-05 14:36:20,11,14,2.58,Tue,android,560952,914907,648339,1,3,0,0,0,0,0,0,0
1000816,4.54,0.62,0015-08-15 16:53:40,0015-08-15 20:53:40,16,20,3.36,Fri,android,554928,653450,503205,1,1,0,0,0,0,1,0,0
1000817,5.76,0.00,0015-09-17 16:35:53,0015-09-17 20:35:53,16,20,3.53,Mon,android,220898,228137,503205,1,3,1,0,0,0,0,0,0
1000818,1.42,0.00,0015-07-19 12:24:42,0015-07-19 16:24:42,12,16,3.07,Thu,ios,541878,944575,928191,1,3,0,0,0,0,0,0,0
1000819,0.56,0.00,0015-09-06 12:29:34,0015-09-06 14:29:34,12,14,1.88,Wed,ios,518731,653450,503205,1,3,0,0,1,0,0,0,0
1000820,23.68,0.00,0015-08-13 13:19:02,0015-08-13 15:19:02,13,15,25.64,Wed,ios,911673,569886,868085,1,3,0,0,1,0,0,0,0
1000821,23.68,0.00,0015-08-10 11:56:38,0015-08-10 08:56:38,11,08,20.04,Thu,ios,449330,549414,461655,0,3,0,0,0,0,0,0,0
1000822,0.02,0.00,0015-04-12 10:29:25,0015-04-12 12:29:25,10,12,1.74,Tue,ios,347656,944515,976902,0,3,0,0,0,0,0,0,0
1000823,4.93,0.00,0015-08-25 14:23:00,0015-08-25 17:23:00,14,17,2.75,Fri,ios,800906,562656,481066,1,1,0,0,0,0,1,0,0
1000824,4.30,3.58,0015-05-11 12:48:59,0015-05-11 14:48:59,12,14,1.54,Fri,ios,175137,728918,928191,1,3,0,0,0,0,1,0,0
1000825,4.39,0.00,0015-10-06 18:49:15,0015-10-06 21:49:15,18,21,2.46,Thu,ios,776936,549414,461655,1,1,0,0,0,0,0,0,0
1000826,4.36,0.00,0015-03-13 10:41:11,0015-03-13 13:41:11,10,13,2.61,Fri,ios,542223,369001,493904,1,1,0,0,0,0,1,0,0
1000827,4.01,0.00,0015-07-12 17:43:46,0015-07-12 19:43:46,17,19,1.33,Fri,android,502642,944515,976902,0,2,0,0,0,0,1,0,0
1000828,5.26,0.00,0015-08-02 12:19:27,0015-08-02 15:19:27,12,15,2.15,Tue,ios,596550,366832,978130,0,3,0,0,0,0,0,0,0
1000829,6.37,0.00,0015-10-14 11:34:48,0015-10-14 14:34:48,11,14,2.50,Mon,android,307212,191826,481066,1,2,1,0,0,0,0,0,0
1000830,5.11,0.91,0015-09-02 13:07:55,0015-09-02 16:07:55,13,16,2.78,Thu,android,958961,207262,928191,1,3,0,0,0,0,0,0,0
1000831,5.61,0.00,0015-06-10 13:40:02,0015-06-10 17:40:02,13,17,3.09,Wed,ios,199166,878706,461655,1,3,0,0,1,0,0,0,0
1000832,6.15,0.00,0015-07-15 12:44:39,0015-07-15 15:44:39,12,15,2.10,Tue,ios,180253,489543,868085,1,3,0,0,0,0,0,0,0
1000833,23.68,4.85,0015-08-04 17:24:32,0015-08-04 05:24:32,17,05,35.26,Tue,ios,369335,369001,493904,0,1,0,0,0,0,0,0,0
1000834,3.70,0.00,0015-04-26 19:12:36,0015-04-26 22:12:36,19,22,2.16,Thu,ios,492415,228137,503205,1,2,0,0,0,0,0,0,0
1000835,7.85,1.38,0015-09-06 16:17:32,0015-09-06 20:17:32,16,20,3.31,Wed,android,534451,371335,461655,0,3,0,0,1,0,0,0,0
1000836,0.53,0.00,0015-07-04 16:14:14,0015-07-04 17:14:14,16,17,0.30,Wed,android,716472,514669,566549,1,1,0,0,1,0,0,0,0
1000837,4.79,0.00,0015-07-11 14:21:20,0015-07-11 17:21:20,14,17,2.40,Thu,ios,805676,955429,493904,1,2,0,0,0,0,0,0,0
1000838,3.14,0.00,0015-08-16 10:35:22,0015-08-16 12:35:22,10,12,1.15,Fri,android,590083,549414,461655,1,3,0,0,0,0,1,0,0
1000839,23.68,0.00,0015-05-25 12:01:48,0015-05-25 17:01:48,12,17,28.26,Thu,android,736613,260408,481066,0,3,0,0,0,0,0,0,0
1000840,4.77,0.00,0015-07-10 10:11:55,0015-07-10 12:11:55,10,12,1.70,Tue,ios,538493,728918,928191,0,2,0,0,0,0,0,0,0
1000841,6.80,0.00,0015-09-22 16:40:48,0015-09-22 20:40:48,16,20,3.21,Wed,android,400189,371335,461655,0,2,0,0,1,0,0,0,0
1000842,9.00,0.00,0015-09-18 11:53:21,0015-09-18 15:53:21,11,15,3.60,Fri,android,538587,653450,503205,1,3,0,0,0,0,1,0,0
1000843,13.15,0.00,0015-08-03 15:38:36,0015-08-03 19:38:36,15,19,3.50,Thu,android,195385,653450,503205,0,3,0,0,0,0,0,0,0
1000844,5.12,0.00,0015-08-17 12:55:12,0015-08-17 16:55:12,12,16,3.89,Tue,ios,309490,955429,493904,1,1,0,0,0,0,0,0,0
1000845,4.17,0.00,0015-09-08 13:43:38,0015-09-08 16:43:38,13,16,2.66,Wed,ios,978576,738900,976902,1,2,0,0,1,0,0,0,0
1000846,6.39,0.00,0015-05-01 19:47:02,0015-05-01 23:47:02,19,23,3.34,Mon,ios,372660,987396,978130,0,2,1,0,0,0,0,0,0
1000847,7.39,0.00,0015-08-23 20:01:28,0015-08-23 23:01:28,20,23,2.76,Fri,ios,481024,643012,517854,1,2,0,0,0,0,1,0,0
1000848,6.32,0.00,0015-08-04 17:09:54,0015-08-04 20:09:54,17,20,2.16,Mon,android,456342,955429,493904,1,3,1,0,0,0,0,0,0
1000849,8.51,0.00,0015-07-23 12:04:29,0015-07-23 17:04:29,12,17,4.06,Wed,android,925621,250527,976902,1,3,0,0,1,0,0,0,0
1000850,3.74,0.00,0015-06-17 10:18:01,0015-06-17 13:18:01,10,13,2.03,Wed,android,764686,623134,620906,1,3,0,0,1,0,0,0,0
1000851,4.22,0.00,0015-08-05 17:09:38,0015-08-05 20:09:38,17,20,2.26,Thu,android,712614,955429,493904,1,3,0,0,0,0,0,0,0
1000852,3.18,0.00,0015-07-16 13:39:57,0015-07-16 15:39:57,13,15,1.77,Wed,ios,608817,944515,976902,0,3,0,0,1,0,0,0,0
1000853,3.03,0.00,0015-07-22 12:04:21,0015-07-22 15:04:21,12,15,2.04,Mon,ios,306508,803398,144857,1,3,1,0,0,0,0,0,0
1000854,11.40,0.00,0015-09-28 17:52:50,0015-09-28 21:52:50,17,21,3.68,Fri,ios,445521,369001,493904,1,2,0,0,0,0,1,0,0
1000855,5.79,0.00,0015-09-03 14:51:03,0015-09-03 17:51:03,14,17,2.67,Wed,ios,999177,955429,493904,1,1,0,0,1,0,0,0,0
1000856,9.52,7.50,0015-07-18 15:17:05,0015-07-18 19:17:05,15,19,3.53,Thu,android,355790,944515,976902,1,3,0,0,0,0,0,0,0
1000857,2.16,0.00,0015-07-11 17:50:40,0015-07-11 19:50:40,17,19,1.05,Thu,ios,727356,474204,481066,1,2,0,0,0,0,0,0,0
1000858,5.55,0.00,0015-08-15 10:49:41,0015-08-15 12:49:41,10,12,1.93,Fri,ios,730565,369001,493904,1,2,0,0,0,0,1,0,0
1000859,6.26,0.00,0015-06-21 11:19:16,0015-06-21 15:19:16,11,15,3.95,Thu,ios,893365,944515,976902,0,3,0,0,0,0,0,0,0
1000860,9.13,0.00,0015-06-06 13:11:04,0015-06-06 17:11:04,13,17,3.59,Fri,ios,962514,207262,928191,1,2,0,0,0,0,1,0,0
1000861,7.04,0.47,0015-09-11 13:49:33,0015-09-11 16:49:33,13,16,2.73,Thu,ios,515487,944515,976902,0,3,0,0,0,0,0,0,0
1000862,10.34,0.00,0015-08-16 19:41:38,0015-08-16 23:41:38,19,23,3.68,Mon,ios,418366,638536,868085,1,1,1,0,0,0,0,0,0
1000863,4.89,0.00,0015-08-10 12:27:36,0015-08-10 15:27:36,12,15,2.53,Wed,ios,944492,260781,202527,1,3,0,0,1,0,0,0,0
1000864,4.19,0.00,0015-06-22 11:45:16,0015-06-22 14:45:16,11,14,2.27,Fri,ios,309140,207262,928191,0,4,0,0,0,0,1,0,0
1000865,7.35,0.00,0015-07-06 10:20:46,0015-07-06 13:20:46,10,13,2.75,Thu,ios,821211,369001,493904,0,2,0,0,0,0,0,0,0
1000866,5.30,0.00,0015-05-02 15:06:03,0015-05-02 19:06:03,15,19,3.22,Thu,ios,886249,474204,481066,1,3,0,0,0,0,0,0,0
1000867,1.93,0.00,0015-08-19 18:19:36,0015-08-19 20:19:36,18,20,1.96,Sat,ios,656822,445920,125372,0,3,0,0,0,0,0,1,0
1000868,6.94,0.67,0015-04-23 17:45:47,0015-04-23 20:45:47,17,20,2.32,Thu,ios,583187,955429,493904,1,3,0,0,0,0,0,0,0
1000869,6.31,0.00,0015-10-01 15:08:07,0015-10-01 19:08:07,15,19,3.22,Wed,ios,637145,236379,928191,1,3,0,0,1,0,0,0,0
1000870,6.40,0.00,0015-11-11 18:50:34,0015-11-11 21:50:34,18,21,2.79,Fri,ios,918506,875343,747048,1,1,0,0,0,0,1,0,0
1000871,23.68,0.00,0015-07-15 15:39:41,0015-07-15 16:39:41,15,16,48.10,Tue,ios,874831,250527,976902,1,3,0,0,0,0,0,0,0
1000872,7.45,0.00,0015-05-25 13:44:47,0015-05-25 17:44:47,13,17,3.79,Wed,ios,119788,369001,493904,1,1,0,0,1,0,0,0,0
1000873,6.81,0.00,0015-05-25 15:20:34,0015-05-25 18:20:34,15,18,2.70,Wed,ios,704877,664306,868085,1,1,0,0,1,0,0,0,0
1000874,8.07,0.67,0015-05-20 09:54:02,0015-05-20 13:54:02,09,13,3.65,Thu,android,417644,228137,503205,1,3,0,0,0,0,0,0,0
1000875,8.06,0.00,0015-05-01 17:08:56,0015-05-01 22:08:56,17,22,4.06,Sat,ios,875854,219054,814002,1,2,0,0,0,0,0,1,0
1000876,1.71,0.33,0015-07-19 17:52:07,0015-07-19 19:52:07,17,19,1.25,Tue,android,612867,445920,125372,0,3,0,0,0,0,0,0,0
1000877,3.90,0.00,0015-11-03 11:51:32,0015-11-03 14:51:32,11,14,2.44,Wed,ios,519753,369001,493904,0,2,0,0,1,0,0,0,0
1000878,5.39,0.00,0015-06-28 09:41:19,0015-06-28 12:41:19,09,12,2.06,Tue,ios,388060,863084,751082,0,3,0,0,0,0,0,0,0
1000879,4.37,0.00,0015-03-01 11:08:33,0015-03-01 13:08:33,11,13,1.68,Mon,android,793058,594591,461655,1,1,1,0,0,0,0,0,0
1000880,9.50,0.00,0015-09-17 11:09:47,0015-09-17 15:09:47,11,15,3.75,Thu,ios,313990,569889,461655,1,3,0,0,0,0,0,0,0
1000881,0.96,0.00,0015-09-26 12:01:21,0015-09-26 13:01:21,12,13,0.47,Thu,android,899541,371335,461655,0,3,0,0,0,0,0,0,0
1000882,2.89,3.35,0015-05-03 18:26:04,0015-05-03 20:26:04,18,20,1.40,Fri,ios,767791,474204,481066,1,2,0,0,0,0,1,0,0
1000883,3.46,0.00,0015-09-18 12:23:39,0015-09-18 16:23:39,12,16,3.30,Fri,ios,639737,653450,503205,1,3,0,0,0,0,1,0,0
1000884,4.99,0.00,0015-05-13 10:18:56,0015-05-13 14:18:56,10,14,3.14,Mon,ios,584598,944515,976902,0,2,1,0,0,0,0,0,0
1000885,3.10,0.00,0015-08-05 17:20:27,0015-08-05 20:20:27,17,20,2.48,Fri,ios,762574,549414,461655,1,2,0,0,0,0,1,0,0
1000886,0.41,0.00,0015-05-26 09:15:10,0015-05-26 12:15:10,09,12,2.53,Wed,ios,705239,955429,493904,1,1,0,0,1,0,0,0,0
1000887,12.47,0.00,0015-07-24 12:17:41,0015-07-24 16:17:41,12,16,3.61,Sat,ios,611028,878706,461655,0,2,0,0,0,0,0,1,0
1000888,6.05,0.29,0015-04-09 17:04:50,0015-04-09 20:04:50,17,20,2.45,Fri,android,677204,366832,978130,0,3,0,0,0,0,1,0,0
1000889,5.39,0.00,0015-06-03 14:55:32,0015-06-03 16:55:32,14,16,1.85,Tue,ios,913602,474204,481066,1,2,0,0,0,0,0,0,0
1000890,1.67,0.00,0015-06-28 10:33:33,0015-06-28 11:33:33,10,11,0.76,Thu,ios,266461,818217,700367,1,3,0,0,0,0,0,0,0
1000891,23.68,0.00,0015-08-25 17:45:09,0015-08-25 20:45:09,17,20,2.93,Tue,android,520345,369001,493904,1,1,0,0,0,0,0,0,0
1000892,0.03,0.00,0015-10-05 13:46:19,0015-10-05 14:46:19,13,14,0.02,Mon,android,170060,260408,481066,1,2,1,0,0,0,0,0,0
1000893,9.09,0.00,0015-04-26 17:15:25,0015-04-26 21:15:25,17,21,3.67,Fri,android,389635,131897,566549,1,3,0,0,0,0,1,0,0
1000894,9.15,0.00,0015-08-07 16:28:09,0015-08-07 20:28:09,16,20,3.31,Fri,android,759077,944515,976902,0,3,0,0,0,0,1,0,0
1000895,23.68,2.01,0015-07-20 14:29:09,0015-07-20 16:29:09,14,16,1.02,Wed,android,367861,236840,620906,1,3,0,0,1,0,0,0,0
1000896,4.89,0.00,0015-08-26 16:31:48,0015-08-26 19:31:48,16,19,2.25,Fri,ios,353013,711566,928191,0,1,0,0,0,0,1,0,0
1000897,10.72,0.00,0015-09-21 12:06:55,0015-09-21 16:06:55,12,16,3.62,Thu,ios,799377,738900,976902,0,3,0,0,0,0,0,0,0
1000898,4.01,0.00,0015-04-08 17:37:31,0015-04-08 20:37:31,17,20,2.03,Sat,ios,736108,643012,517854,0,3,0,0,0,0,0,1,0
1000899,9.50,0.00,0015-07-20 12:06:37,0015-07-20 16:06:37,12,16,3.85,Wed,android,708302,260781,202527,0,3,0,0,1,0,0,0,0
1000900,5.38,0.00,0015-07-12 16:41:50,0015-07-12 19:41:50,16,19,2.65,Mon,android,880545,371335,461655,0,2,1,0,0,0,0,0,0
1000901,12.29,0.00,0015-02-11 09:06:18,0015-02-11 14:06:18,09,14,4.29,Thu,ios,460762,878706,461655,1,2,0,0,0,0,0,0,0
1000902,4.75,0.00,0015-06-23 12:40:16,0015-06-23 16:40:16,12,16,3.61,Mon,ios,889912,932939,868085,1,2,1,0,0,0,0,0,0
1000903,23.68,0.00,0015-09-20 12:34:47,0015-09-20 16:34:47,12,16,3.73,Mon,android,525790,612116,461655,1,3,1,0,0,0,0,0,0
1000904,4.71,0.00,0015-05-23 11:31:22,0015-05-23 14:31:22,11,14,2.38,Fri,android,299008,955429,493904,1,3,0,0,0,0,1,0,0
1000905,2.80,0.00,0015-08-18 17:11:25,0015-08-18 21:11:25,17,21,3.15,Mon,ios,993605,612116,461655,1,2,1,0,0,0,0,0,0
1000906,11.58,0.00,0015-07-04 18:54:47,0015-07-04 22:54:47,18,22,3.77,Thu,ios,564032,369001,493904,0,1,0,0,0,0,0,0,0
1000907,23.68,0.00,0015-05-08 09:53:44,0015-05-08 00:53:44,09,00,38.29,Wed,ios,355517,955429,493904,0,3,0,0,1,0,0,0,0
1000908,4.05,0.00,0015-07-19 14:12:26,0015-07-19 16:12:26,14,16,1.87,Mon,ios,374194,431796,461655,0,3,1,0,0,0,0,0,0
1000909,23.68,0.00,0015-09-08 12:20:34,0015-09-08 15:20:34,12,15,2.43,Sat,ios,664422,729642,517854,1,3,0,0,0,0,0,1,0
1000910,8.86,0.00,0015-09-18 16:20:06,0015-09-18 20:20:06,16,20,3.74,Tue,ios,334843,932939,868085,1,4,0,0,0,0,0,0,0
1000911,0.73,0.00,0015-03-14 13:04:10,0015-03-14 14:04:10,13,14,0.37,Fri,ios,166874,638536,868085,0,2,0,0,0,0,1,0,0
1000912,6.08,0.00,0015-08-24 19:01:45,0015-08-24 23:01:45,19,23,3.09,Tue,android,424875,371335,461655,1,2,0,0,0,0,0,0,0
1000913,7.51,0.00,0015-06-14 18:09:49,0015-06-14 21:09:49,18,21,2.92,Thu,android,475756,405157,976902,1,2,0,0,0,0,0,0,0
1000914,5.01,0.00,0015-03-06 12:46:12,0015-03-06 15:46:12,12,15,2.12,Thu,android,619018,955429,493904,0,2,0,0,0,0,0,0,0
1000915,6.68,0.00,0015-04-22 16:24:51,0015-04-22 19:24:51,16,19,2.56,Wed,ios,841618,369001,493904,1,3,0,0,1,0,0,0,0
1000916,2.28,0.00,0015-04-12 11:41:40,0015-04-12 13:41:40,11,13,1.13,Wed,android,684191,672450,202527,1,3,0,0,1,0,0,0,0
1000917,6.57,0.00,0015-05-01 14:20:24,0015-05-01 17:20:24,14,17,2.30,Wed,ios,767399,369001,493904,0,3,0,0,1,0,0,0,0
1000918,9.33,0.00,0015-05-05 17:38:23,0015-05-05 21:38:23,17,21,3.02,Tue,ios,958778,955429,493904,1,3,0,0,0,0,0,0,0
1000919,3.90,0.00,0015-09-04 17:51:59,0015-09-04 20:51:59,17,20,2.31,Thu,android,621824,489543,868085,1,1,0,0,0,0,0,0,0
1000920,5.03,0.00,0015-08-22 13:35:53,0015-08-22 16:35:53,13,16,2.51,Tue,ios,351082,207262,928191,0,3,0,0,0,0,0,0,0
1000921,10.98,0.00,0015-09-16 09:51:53,0015-09-16 14:51:53,09,14,4.17,Fri,android,436124,489543,868085,0,2,0,0,0,0,1,0,0
1000922,4.68,0.00,0015-08-21 17:12:18,0015-08-21 20:12:18,17,20,2.34,Fri,ios,186391,728918,928191,1,3,0,0,0,0,1,0,0
1000923,5.77,0.00,0015-06-16 12:50:49,0015-06-16 15:50:49,12,15,2.24,Fri,ios,716006,955429,493904,0,3,0,0,0,0,1,0,0
1000924,4.52,0.00,0015-05-01 09:03:19,0015-05-01 12:03:19,09,12,2.50,Fri,ios,633069,129465,461655,1,3,0,0,0,0,1,0,0
1000925,10.68,0.00,0015-06-04 18:29:11,0015-06-04 23:29:11,18,23,4.04,Tue,android,116350,955429,493904,1,2,0,0,0,0,0,0,0
1000926,7.47,0.00,0015-09-08 11:42:52,0015-09-08 16:42:52,11,16,4.23,Wed,ios,521484,228137,503205,1,1,0,0,1,0,0,0,0
1000927,10.74,0.00,0015-05-14 18:43:36,0015-05-14 22:43:36,18,22,3.43,Tue,ios,529080,932939,868085,0,1,0,0,0,0,0,0,0
1000928,0.30,0.00,0015-07-27 18:49:31,0015-07-27 21:49:31,18,21,2.13,Fri,android,822992,507660,202527,1,3,0,0,0,0,1,0,0
1000929,4.76,0.91,0015-04-06 13:34:20,0015-04-06 15:34:20,13,15,1.75,Thu,ios,997065,250527,976902,1,3,0,0,0,0,0,0,0
1000930,3.31,0.33,0015-04-03 18:35:54,0015-04-03 21:35:54,18,21,2.80,Tue,android,293439,228137,503205,1,1,0,0,0,0,0,0,0
1000931,1.74,0.62,0015-03-24 12:09:28,0015-03-24 16:09:28,12,16,3.09,Thu,android,696431,955429,493904,1,3,0,0,0,0,0,0,0
1000932,6.08,0.00,0015-09-15 11:12:57,0015-09-15 15:12:57,11,15,3.23,Tue,android,303779,369001,493904,1,3,0,0,0,0,0,0,0
1000933,3.71,0.12,0015-02-20 17:33:18,0015-02-20 20:33:18,17,20,2.97,Thu,ios,748634,728918,928191,0,3,0,0,0,0,0,0,0
1000934,5.65,0.00,0015-06-22 18:14:00,0015-06-22 21:14:00,18,21,2.49,Thu,ios,758806,474204,481066,1,3,0,0,0,0,0,0,0
1000935,5.35,0.00,0015-02-19 13:41:24,0015-02-19 16:41:24,13,16,2.23,Fri,ios,461912,129465,461655,0,2,0,0,0,0,1,0,0
1000936,6.03,0.54,0015-07-12 13:14:09,0015-07-12 16:14:09,13,16,2.24,Thu,android,552708,474204,481066,0,2,0,0,0,0,0,0,0
1000937,6.97,0.65,0015-07-08 14:25:08,0015-07-08 18:25:08,14,18,3.86,Tue,ios,507311,803398,144857,1,3,0,0,0,0,0,0,0
1000938,2.76,0.00,0015-08-08 14:13:45,0015-08-08 16:13:45,14,16,1.91,Wed,ios,674835,405157,976902,0,1,0,0,1,0,0,0,0
1000939,5.55,0.00,0015-06-16 12:06:34,0015-06-16 16:06:34,12,16,3.25,Thu,ios,327727,355208,976902,1,3,0,0,0,0,0,0,0
1000940,4.52,0.00,0015-08-15 12:01:44,0015-08-15 14:01:44,12,14,1.98,Mon,ios,772386,129465,461655,1,2,1,0,0,0,0,0,0
1000941,7.50,0.00,0015-05-28 13:47:08,0015-05-28 17:47:08,13,17,3.59,Thu,ios,137016,280221,976902,0,2,0,0,0,0,0,0,0
1000942,4.34,0.00,0015-04-02 17:21:54,0015-04-02 19:21:54,17,19,1.22,Thu,ios,169230,711566,928191,1,3,0,0,0,0,0,0,0
1000943,6.56,0.00,0015-08-23 13:11:18,0015-08-23 16:11:18,13,16,2.29,Mon,ios,748322,955429,493904,1,3,1,0,0,0,0,0,0
1000944,23.68,0.00,0015-08-28 11:57:15,0015-08-28 19:57:15,11,19,31.06,Fri,ios,499454,445920,125372,1,3,0,0,0,0,1,0,0
1000945,4.27,7.50,0015-09-12 20:59:28,0015-09-12 00:59:28,20,00,3.06,Fri,ios,189139,875343,747048,0,1,0,0,0,0,1,0,0
1000946,9.35,0.77,0015-04-05 12:07:59,0015-04-05 16:07:59,12,16,3.69,Tue,ios,732094,929628,751082,0,3,0,0,0,0,0,0,0
1000947,3.17,0.00,0015-08-12 20:54:16,0015-08-12 22:54:16,20,22,1.91,Fri,ios,154537,902592,566549,0,1,0,0,0,0,1,0,0
1000948,8.20,0.00,0015-06-09 12:47:48,0015-06-09 16:47:48,12,16,3.27,Thu,android,111196,944575,928191,0,1,0,0,0,0,0,0,0
1000949,4.05,0.00,0015-07-02 12:44:43,0015-07-02 15:44:43,12,15,2.19,Tue,ios,841637,861532,454147,1,3,0,0,0,0,0,0,0
1000950,6.80,0.00,0015-08-09 13:05:58,0015-08-09 16:05:58,13,16,2.68,Mon,ios,124125,632920,461655,0,1,1,0,0,0,0,0,0
1000951,2.03,0.00,0015-04-05 12:36:51,0015-04-05 15:36:51,12,15,2.08,Mon,ios,747454,517464,144857,1,3,1,0,0,0,0,0,0
1000952,1.58,0.00,0015-10-11 16:50:42,0015-10-11 18:50:42,16,18,1.36,Thu,android,196158,549414,461655,0,3,0,0,0,0,0,0,0
1000953,5.11,0.00,0015-07-23 11:05:24,0015-07-23 14:05:24,11,14,2.34,Tue,android,295103,236840,620906,1,2,0,0,0,0,0,0,0
1000954,2.64,0.00,0015-08-17 13:00:05,0015-08-17 15:00:05,13,15,1.81,Thu,ios,837010,404112,399399,0,2,0,0,0,0,0,0,0
1000955,7.27,0.00,0015-09-13 11:40:53,0015-09-13 15:40:53,11,15,3.08,Wed,android,871168,728918,928191,1,2,0,0,1,0,0,0,0
1000956,1.69,0.00,0015-09-06 11:04:03,0015-09-06 12:04:03,11,12,0.94,Tue,ios,901566,758780,399399,0,3,0,0,0,0,0,0,0
1000957,6.27,0.00,0015-10-25 12:58:58,0015-10-25 15:58:58,12,15,2.44,Fri,android,572684,878706,461655,1,1,0,0,0,0,1,0,0
1000958,2.78,0.00,0015-06-18 13:47:12,0015-06-18 16:47:12,13,16,2.05,Mon,ios,934930,672450,202527,0,3,1,0,0,0,0,0,0
1000959,9.57,0.00,0015-07-05 13:47:48,0015-07-05 16:47:48,13,16,2.50,Mon,ios,256640,987396,978130,1,1,1,0,0,0,0,0,0
1000960,2.39,0.00,0015-09-19 11:11:13,0015-09-19 13:11:13,11,13,1.27,Tue,android,418266,369001,493904,0,3,0,0,0,0,0,0,0
1000961,6.00,0.20,0015-06-16 15:27:27,0015-06-16 20:27:27,15,20,4.58,Mon,ios,599856,369001,493904,0,3,1,0,0,0,0,0,0
1000962,5.68,0.00,0015-07-16 11:00:19,0015-07-16 15:00:19,11,15,3.19,Tue,ios,655364,405157,976902,1,2,0,0,0,0,0,0,0
1000963,5.16,0.00,0015-09-16 12:04:01,0015-09-16 15:04:01,12,15,2.67,Thu,android,427718,228137,503205,0,1,0,0,0,0,0,0,0
1000964,2.28,0.00,0015-07-26 12:21:44,0015-07-26 14:21:44,12,14,1.93,Mon,ios,721632,914305,648339,0,3,1,0,0,0,0,0,0
1000965,3.50,0.00,0015-05-11 18:32:56,0015-05-11 20:32:56,18,20,1.28,Mon,android,863181,902592,566549,1,2,1,0,0,0,0,0,0
1000966,7.50,0.00,0015-09-05 11:23:54,0015-09-05 15:23:54,11,15,3.64,Fri,android,689171,664306,868085,1,2,0,0,0,0,1,0,0
1000967,5.34,0.78,0015-06-18 15:12:52,0015-06-18 19:12:52,15,19,3.75,Wed,android,648931,369001,493904,0,1,0,0,1,0,0,0,0
1000968,3.36,0.00,0015-09-01 17:19:16,0015-09-01 19:19:16,17,19,1.98,Wed,ios,913482,728918,928191,0,3,0,0,1,0,0,0,0
1000969,9.02,0.00,0015-08-25 15:20:06,0015-08-25 20:20:06,15,20,4.47,Tue,ios,438484,250527,976902,0,2,0,0,0,0,0,0,0
1000970,0.86,0.00,0015-09-11 12:53:46,0015-09-11 15:53:46,12,15,2.48,Tue,android,897475,955429,493904,1,2,0,0,0,0,0,0,0
1000971,7.24,0.37,0015-08-02 18:46:45,0015-08-02 22:46:45,18,22,3.44,Wed,android,196321,955429,493904,0,2,0,0,1,0,0,0,0
1000972,1.81,0.00,0015-06-16 17:25:34,0015-06-16 18:25:34,17,18,0.93,Mon,ios,317322,414088,566549,1,3,1,0,0,0,0,0,0
1000973,0.99,0.00,0015-09-21 11:43:35,0015-09-21 12:43:35,11,12,0.40,Tue,ios,260044,369001,493904,0,2,0,0,0,0,0,0,0
1000974,7.56,0.00,0015-06-13 16:01:32,0015-06-13 20:01:32,16,20,3.60,Tue,ios,718312,414088,566549,1,3,0,0,0,0,0,0,0
1000975,7.23,0.00,0015-07-12 10:32:57,0015-07-12 14:32:57,10,14,3.82,Wed,android,378550,355208,976902,1,2,0,0,1,0,0,0,0
1000976,7.65,0.00,0015-05-11 15:12:20,0015-05-11 20:12:20,15,20,4.06,Fri,ios,804481,219054,814002,1,1,0,0,0,0,1,0,0
1000977,5.47,0.00,0015-05-24 17:59:55,0015-05-24 19:59:55,17,19,1.98,Fri,android,722076,951880,144857,0,3,0,0,0,0,1,0,0
1000978,4.90,0.00,0015-03-27 14:16:13,0015-03-27 17:16:13,14,17,2.84,Wed,android,854914,207262,928191,1,3,0,0,1,0,0,0,0
1000979,8.80,0.00,0015-10-16 11:30:35,0015-10-16 15:30:35,11,15,3.09,Wed,ios,100283,369001,493904,0,3,0,0,1,0,0,0,0
1000980,23.68,0.00,0015-09-10 18:28:24,0015-09-10 22:28:24,18,22,3.49,Thu,ios,877882,932939,868085,0,1,0,0,0,0,0,0,0
1000981,7.66,0.00,0015-07-04 17:19:09,0015-07-04 20:19:09,17,20,2.16,Tue,ios,880413,955429,493904,0,1,0,0,0,0,0,0,0
1000982,6.29,0.00,0015-09-04 11:05:46,0015-09-04 14:05:46,11,14,2.08,Thu,ios,603028,878706,461655,1,2,0,0,0,0,0,0,0
1000983,7.36,0.98,0015-05-02 12:31:27,0015-05-02 16:31:27,12,16,3.82,Thu,android,394464,369001,493904,0,2,0,0,0,0,0,0,0
1000984,9.70,0.30,0015-05-28 16:12:15,0015-05-28 20:12:15,16,20,3.36,Thu,ios,837093,582873,461655,1,4,0,0,0,0,0,0,0
1000985,8.42,0.00,0015-09-20 12:23:29,0015-09-20 16:23:29,12,16,3.79,Wed,ios,436290,575971,948590,0,4,0,0,1,0,0,0,0
1000986,4.14,0.72,0015-05-12 13:49:18,0015-05-12 15:49:18,13,15,1.63,Wed,ios,365499,349635,503205,0,3,0,0,1,0,0,0,0
1000987,7.21,7.50,0015-06-28 17:43:10,0015-06-28 22:43:10,17,22,4.03,Wed,android,880973,207262,928191,1,2,0,0,1,0,0,0,0
1000988,11.61,1.39,0015-04-23 11:25:05,0015-04-23 15:25:05,11,15,3.80,Mon,ios,677187,653450,503205,0,3,1,0,0,0,0,0,0
1000989,7.10,0.79,0015-05-04 12:20:46,0015-05-04 16:20:46,12,16,3.84,Tue,ios,527817,228137,503205,0,3,0,0,0,0,0,0,0
1000990,0.02,0.00,0015-05-23 11:57:48,0015-05-23 13:57:48,11,13,1.89,Sat,ios,175714,474204,481066,0,3,0,0,0,0,0,1,0
1000991,0.42,0.00,0015-09-21 11:06:52,0015-09-21 13:06:52,11,13,1.91,Wed,android,170277,236379,928191,1,2,0,0,1,0,0,0,0
1000992,4.43,0.00,0015-07-23 12:38:19,0015-07-23 15:38:19,12,15,2.39,Mon,ios,722158,280415,399399,1,2,1,0,0,0,0,0,0
1000993,10.18,0.00,0015-03-23 09:30:55,0015-03-23 13:30:55,09,13,3.71,Fri,ios,818115,801274,976902,1,1,0,0,0,0,1,0,0
1000994,1.96,0.00,0015-03-16 18:16:34,0015-03-16 20:16:34,18,20,1.24,Tue,ios,453771,369001,493904,1,3,0,0,0,0,0,0,0
1000995,3.25,0.00,0015-03-28 17:28:13,0015-03-28 21:28:13,17,21,3.14,Sat,ios,630888,874950,814002,1,3,0,0,0,0,0,1,0
1000996,1.83,0.00,0015-07-18 12:41:46,0015-07-18 13:41:46,12,13,0.79,Fri,ios,270651,431796,461655,1,3,0,0,0,0,1,0,0
1000997,0.22,0.00,0015-07-03 19:12:30,0015-07-03 22:12:30,19,22,2.77,Thu,ios,146005,431796,461655,1,2,0,0,0,0,0,0,0
1000998,11.12,0.00,0015-09-23 13:28:51,0015-09-23 17:28:51,13,17,3.40,Wed,android,690107,517464,144857,1,1,0,0,1,0,0,0,0
1000999,5.69,0.00,0015-09-23 16:23:40,0015-09-23 19:23:40,16,19,2.94,Fri,ios,191480,562656,481066,1,3,0,0,0,0,1,0,0
1001000,3.93,0.00,0015-06-05 18:07:01,0015-06-05 20:07:01,18,20,1.72,Mon,ios,375782,616125,700367,1,3,1,0,0,0,0,0,0
1001001,1.96,0.00,0015-08-02 10:14:12,0015-08-02 12:14:12,10,12,1.63,Mon,android,218229,369001,493904,1,2,1,0,0,0,0,0,0
1001002,11.24,0.00,0015-07-11 17:58:15,0015-07-11 21:58:15,17,21,3.93,Wed,ios,506698,902592,566549,1,3,0,0,1,0,0,0,0
1001003,3.24,0.00,0015-09-28 16:32:09,0015-09-28 20:32:09,16,20,3.93,Thu,ios,890011,875343,747048,1,3,0,0,0,0,0,0,0
1001004,11.14,0.00,0015-09-25 12:27:02,0015-09-25 16:27:02,12,16,3.96,Thu,ios,735894,200695,202527,0,3,0,0,0,0,0,0,0
1001005,8.90,0.00,0015-09-17 19:56:26,0015-09-17 23:56:26,19,23,3.23,Wed,ios,553762,250527,976902,0,2,0,0,1,0,0,0,0
1001006,4.65,0.00,0015-08-25 17:41:02,0015-08-25 20:41:02,17,20,2.46,Fri,ios,661293,280415,399399,0,3,0,0,0,0,1,0,0
1001007,8.74,1.27,0015-09-25 13:55:53,0015-09-25 17:55:53,13,17,3.36,Mon,ios,195407,653450,503205,0,3,1,0,0,0,0,0,0
1001008,3.68,0.00,0015-07-21 09:17:59,0015-07-21 12:17:59,09,12,2.19,Sat,android,693509,431796,461655,1,1,0,0,0,0,0,1,0
1001009,6.54,0.00,0015-05-09 16:16:38,0015-05-09 19:16:38,16,19,2.61,Mon,ios,409345,474204,481066,1,2,1,0,0,0,0,0,0
1001010,4.80,0.00,0015-08-15 11:37:33,0015-08-15 13:37:33,11,13,1.79,Thu,ios,970726,955429,493904,1,2,0,0,0,0,0,0,0
1001011,6.63,0.00,0015-09-23 12:17:59,0015-09-23 16:17:59,12,16,3.01,Mon,ios,952612,878706,461655,1,1,1,0,0,0,0,0,0
1001012,23.68,0.00,0015-03-16 11:29:59,0015-03-16 09:29:59,11,09,45.98,Wed,ios,548483,955429,493904,0,3,0,0,1,0,0,0,0
1001013,6.99,0.00,0015-04-05 12:11:07,0015-04-05 15:11:07,12,15,2.44,Fri,ios,381452,250527,976902,1,4,0,0,0,0,1,0,0
1001014,0.30,0.00,0015-09-22 09:36:03,0015-09-22 10:36:03,09,10,0.17,Tue,android,748347,219054,814002,0,3,0,0,0,0,0,0,0
1001015,3.53,0.00,0015-09-01 11:35:37,0015-09-01 14:35:37,11,14,2.33,Thu,ios,268187,955429,493904,1,2,0,0,0,0,0,0,0
1001016,4.01,0.00,0015-10-04 13:15:54,0015-10-04 16:15:54,13,16,2.56,Thu,ios,103322,280415,399399,1,3,0,0,0,0,0,0,0
1001017,7.44,0.00,0015-08-07 12:14:06,0015-08-07 16:14:06,12,16,3.88,Wed,android,887159,792421,202527,1,1,0,0,1,0,0,0,0
1001018,0.68,0.00,0015-06-26 13:56:33,0015-06-26 16:56:33,13,16,2.39,Fri,ios,251535,219054,814002,0,3,0,0,0,0,1,0,0
1001019,3.98,0.00,0015-08-07 17:13:20,0015-08-07 20:13:20,17,20,2.42,Thu,ios,125455,987396,978130,0,1,0,0,0,0,0,0,0
1001020,4.47,0.00,0015-08-01 16:24:36,0015-08-01 19:24:36,16,19,2.40,Fri,ios,367309,871619,125372,1,3,0,0,0,0,1,0,0
1001021,7.62,0.00,0015-09-08 11:54:37,0015-09-08 15:54:37,11,15,3.23,Wed,ios,897662,914907,648339,1,3,0,0,1,0,0,0,0
1001022,8.89,0.00,0015-05-09 14:05:33,0015-05-09 19:05:33,14,19,4.41,Thu,ios,340216,250527,976902,1,1,0,0,0,0,0,0,0
1001023,23.68,1.40,0015-03-19 15:41:50,0015-03-19 19:41:50,15,19,3.66,Tue,ios,347721,500856,976902,1,1,0,0,0,0,0,0,0
1001024,2.14,0.00,0015-08-09 17:52:50,0015-08-09 19:52:50,17,19,1.83,Mon,ios,295881,575971,948590,1,3,1,0,0,0,0,0,0
1001025,7.64,0.00,0015-09-01 13:32:32,0015-09-01 18:32:32,13,18,4.05,Tue,ios,738550,891421,144857,0,3,0,0,0,0,0,0,0
1001026,4.09,0.00,0015-06-04 11:45:15,0015-06-04 13:45:15,11,13,1.72,Fri,ios,654584,474204,481066,0,3,0,0,0,0,1,0,0
1001027,8.21,0.00,0015-07-17 12:29:41,0015-07-17 17:29:41,12,17,4.54,Thu,ios,648898,549414,461655,0,2,0,0,0,0,0,0,0
1001028,4.39,0.39,0015-09-03 09:38:23,0015-09-03 13:38:23,09,13,3.86,Tue,android,886758,369001,493904,1,3,0,0,0,0,0,0,0
1001029,4.49,0.00,0015-08-26 17:48:47,0015-08-26 19:48:47,17,19,1.58,Fri,android,365205,782629,517854,1,1,0,0,0,0,1,0,0
1001030,14.21,1.14,0015-07-14 13:03:15,0015-07-14 18:03:15,13,18,4.59,Fri,android,785173,638536,868085,0,3,0,0,0,0,1,0,0
1001031,3.19,0.00,0015-06-02 14:59:55,0015-06-02 18:59:55,14,18,3.88,Tue,android,206223,569886,868085,1,3,0,0,0,0,0,0,0
1001032,4.73,0.00,0015-06-17 11:23:01,0015-06-17 14:23:01,11,14,2.67,Thu,ios,940144,207262,928191,1,3,0,0,0,0,0,0,0
1001033,8.06,0.00,0015-07-02 17:42:49,0015-07-02 20:42:49,17,20,2.95,Tue,web,446189,474204,481066,0,2,0,0,0,0,0,0,0
1001034,4.72,0.00,0015-08-07 10:05:39,0015-08-07 13:05:39,10,13,2.50,Fri,android,696948,884707,648339,1,3,0,0,0,0,1,0,0
1001035,0.89,0.00,0015-09-07 14:00:04,0015-09-07 16:00:04,14,16,1.73,Mon,ios,273648,228137,503205,0,1,1,0,0,0,0,0,0
1001036,23.68,0.00,0015-04-20 18:46:23,0015-04-20 22:46:23,18,22,3.89,Fri,ios,446659,792421,202527,0,2,0,0,0,0,1,0,0
1001037,10.49,0.00,0015-05-17 16:43:17,0015-05-17 20:43:17,16,20,3.74,Wed,ios,633552,219054,814002,1,3,0,0,1,0,0,0,0
1001038,1.72,0.00,0015-10-26 15:55:16,0015-10-26 17:55:16,15,17,1.36,Mon,ios,260702,672450,202527,0,3,1,0,0,0,0,0,0
1001039,1.49,0.00,0015-07-19 12:21:19,0015-07-19 14:21:19,12,14,1.13,Thu,ios,159667,369001,493904,1,3,0,0,0,0,0,0,0
1001040,6.35,0.00,0015-05-12 09:07:19,0015-05-12 12:07:19,09,12,2.08,Mon,ios,990712,801274,976902,1,3,1,0,0,0,0,0,0
1001041,1.07,0.00,0015-09-19 15:24:54,0015-09-19 17:24:54,15,17,1.15,Wed,android,196799,414088,566549,0,3,0,0,1,0,0,0,0
1001042,23.68,0.00,0015-08-16 09:11:02,0015-08-16 11:11:02,09,11,1.54,Mon,ios,699782,643012,517854,1,3,1,0,0,0,0,0,0
1001043,0.06,0.00,0015-06-03 21:02:39,0015-06-03 22:02:39,21,22,0.02,Tue,ios,380316,643012,517854,1,3,0,0,0,0,0,0,0
1001044,5.07,0.00,0015-07-03 11:29:38,0015-07-03 15:29:38,11,15,3.90,Thu,ios,397477,569886,868085,1,3,0,0,0,0,0,0,0
1001045,5.95,0.00,0015-08-12 17:32:19,0015-08-12 20:32:19,17,20,2.26,Mon,ios,424351,228137,503205,0,1,1,0,0,0,0,0,0
1001046,1.59,0.00,0015-07-02 09:37:56,0015-07-02 11:37:56,09,11,1.44,Wed,android,821132,369001,493904,1,2,0,0,1,0,0,0,0
1001047,5.97,0.00,0015-07-22 18:42:35,0015-07-22 22:42:35,18,22,3.49,Wed,ios,509777,568071,144857,1,3,0,0,1,0,0,0,0
1001048,23.68,0.00,0015-03-06 11:52:31,0015-03-06 14:52:31,11,14,2.71,Tue,ios,881484,366832,978130,0,2,0,0,0,0,0,0,0
1001049,5.25,0.00,0015-06-23 14:11:00,0015-06-23 18:11:00,14,18,3.96,Fri,android,144066,863084,751082,0,3,0,0,0,0,1,0,0
1001050,0.08,0.00,0015-08-24 18:11:26,0015-08-24 19:11:26,18,19,0.63,Wed,ios,209678,405157,976902,1,3,0,0,1,0,0,0,0
1001051,5.81,0.00,0015-07-22 12:54:47,0015-07-22 16:54:47,12,16,3.53,Mon,ios,306214,801274,976902,1,1,1,0,0,0,0,0,0
1001052,23.68,0.00,0015-09-18 16:18:34,0015-09-18 20:18:34,16,20,51.99,Mon,android,165848,801274,976902,1,1,1,0,0,0,0,0,0
1001053,5.84,0.00,0015-09-08 15:59:20,0015-09-08 19:59:20,15,19,3.84,Mon,ios,800901,572249,144857,0,2,1,0,0,0,0,0,0
1001054,4.98,3.36,0015-06-27 09:28:15,0015-06-27 12:28:15,09,12,2.53,Wed,android,536999,758780,399399,1,4,0,0,1,0,0,0,0
1001055,23.68,0.00,0015-08-25 17:38:42,0015-08-25 18:38:42,17,18,0.82,Mon,ios,346240,250527,976902,0,3,1,0,0,0,0,0,0
1001056,2.76,0.07,0015-08-01 16:43:27,0015-08-01 18:43:27,16,18,1.11,Wed,android,789393,549414,461655,1,3,0,0,1,0,0,0,0
1001057,7.61,0.00,0015-05-12 16:06:48,0015-05-12 21:06:48,16,21,4.41,Wed,ios,227339,369001,493904,0,1,0,0,1,0,0,0,0
1001058,6.41,0.00,0015-05-09 17:11:07,0015-05-09 21:11:07,17,21,3.60,Tue,ios,604618,280221,976902,0,3,0,0,0,0,0,0,0
1001059,4.67,0.00,0015-04-13 12:51:12,0015-04-13 15:51:12,12,15,2.94,Wed,ios,190622,594591,461655,0,2,0,0,1,0,0,0,0
1001060,6.46,0.00,0015-06-07 16:30:59,0015-06-07 20:30:59,16,20,3.58,Tue,ios,637311,445920,125372,0,3,0,0,0,0,0,0,0
1001061,23.68,0.00,0015-05-19 13:47:44,0015-05-19 14:47:44,13,14,0.98,Fri,ios,908283,612116,461655,1,3,0,0,0,0,1,0,0
1001062,23.68,3.87,0015-06-07 09:00:36,0015-06-07 12:00:36,09,12,2.43,Wed,ios,585995,131897,566549,1,1,0,0,1,0,0,0,0
1001063,6.64,0.00,0015-08-05 10:30:31,0015-08-05 13:30:31,10,13,2.96,Mon,android,769075,920264,461655,1,2,1,0,0,0,0,0,0
1001064,23.03,0.00,0015-09-02 17:19:42,0015-09-02 12:19:42,17,12,18.87,Wed,ios,532044,474204,481066,0,3,0,0,1,0,0,0,0
1001065,23.68,0.00,0015-06-14 16:01:01,0015-06-14 05:01:01,16,05,36.26,Sat,ios,992935,200695,202527,1,2,0,0,0,0,0,1,0
1001066,5.73,0.00,0015-10-04 12:11:36,0015-10-04 15:11:36,12,15,2.00,Tue,android,667600,891421,144857,0,4,0,0,0,0,0,0,0
1001067,5.03,1.14,0015-08-18 17:19:58,0015-08-18 20:19:58,17,20,2.96,Tue,android,789855,280415,399399,1,3,0,0,0,0,0,0,0
1001068,5.63,0.00,0015-04-01 19:06:57,0015-04-01 22:06:57,19,22,2.75,Thu,ios,688450,878706,461655,0,2,0,0,0,0,0,0,0
1001069,0.74,0.00,0015-06-23 18:55:06,0015-06-23 22:55:06,18,22,3.19,Wed,ios,815598,955429,493904,1,1,0,0,1,0,0,0,0
1001070,8.10,0.00,0015-01-26 11:46:49,0015-01-26 15:46:49,11,15,3.86,Sat,ios,965101,405157,976902,1,3,0,0,0,0,0,1,0
1001071,9.70,0.00,0015-07-10 18:17:15,0015-07-10 22:17:15,18,22,3.15,Wed,android,220178,237105,948590,1,3,0,0,1,0,0,0,0
1001072,23.68,0.00,0015-05-21 11:37:07,0015-05-21 10:37:07,11,10,22.00,Wed,android,175706,878706,461655,0,3,0,0,1,0,0,0,0
1001073,3.63,0.00,0015-05-21 15:13:45,0015-05-21 17:13:45,15,17,1.39,Tue,ios,779438,366832,978130,0,3,0,0,0,0,0,0,0
1001074,9.86,0.00,0015-06-22 16:17:28,0015-06-22 20:17:28,16,20,3.28,Mon,ios,794475,955429,493904,1,2,1,0,0,0,0,0,0
1001075,10.75,0.00,0015-06-15 04:10:03,0015-06-15 08:10:03,04,08,3.66,Fri,ios,401161,955429,493904,1,3,0,0,0,0,1,0,0
1001076,4.60,0.00,0015-07-17 17:04:37,0015-07-17 20:04:37,17,20,2.69,Wed,android,509568,632920,461655,1,1,0,0,1,0,0,0,0
1001077,7.70,0.00,0015-07-21 17:31:24,0015-07-21 20:31:24,17,20,2.02,Fri,ios,647386,474204,481066,1,2,0,0,0,0,1,0,0
1001078,9.22,0.00,0015-09-13 12:01:04,0015-09-13 16:01:04,12,16,3.00,Tue,android,800917,920264,461655,0,2,0,0,0,0,0,0,0
1001079,0.74,0.00,0015-08-21 18:31:33,0015-08-21 19:31:33,18,19,0.07,Mon,ios,101531,875343,747048,1,4,1,0,0,0,0,0,0
1001080,7.44,0.00,0015-08-23 12:51:17,0015-08-23 16:51:17,12,16,3.06,Wed,ios,498376,875343,747048,1,3,0,0,1,0,0,0,0
1001081,6.10,0.00,0015-05-16 12:48:15,0015-05-16 15:48:15,12,15,2.90,Wed,ios,243650,951880,144857,1,3,0,0,1,0,0,0,0
1001082,23.68,0.00,0015-05-03 21:06:43,0015-05-03 18:06:43,21,18,44.88,Mon,android,138394,955429,493904,1,3,1,0,0,0,0,0,0
1001083,4.33,0.00,0015-07-15 16:57:13,0015-07-15 18:57:13,16,18,1.26,Mon,android,882675,878706,461655,0,2,1,0,0,0,0,0,0
1001084,12.14,0.00,0015-03-22 14:48:44,0015-03-22 18:48:44,14,18,3.49,Thu,ios,204955,425476,928191,1,1,0,0,0,0,0,0,0
1001085,8.03,0.00,0015-09-12 12:59:22,0015-09-12 16:59:22,12,16,3.56,Thu,ios,799713,922416,648339,1,2,0,0,0,0,0,0,0
1001086,3.30,0.00,0015-05-07 16:52:13,0015-05-07 18:52:13,16,18,1.95,Tue,ios,860997,405157,976902,0,3,0,0,0,0,0,0,0
1001087,9.88,0.00,0015-08-22 11:27:09,0015-08-22 15:27:09,11,15,3.36,Wed,ios,283601,955429,493904,0,3,0,0,1,0,0,0,0
1001088,6.89,0.00,0015-04-05 11:26:06,0015-04-05 14:26:06,11,14,2.63,Mon,ios,656653,514669,566549,0,1,1,0,0,0,0,0,0
1001089,23.68,0.00,0015-09-15 20:10:53,0015-09-15 01:10:53,20,01,52.42,Mon,ios,933320,728918,928191,1,2,1,0,0,0,0,0,0
1001090,4.74,0.00,0015-08-27 17:01:12,0015-08-27 20:01:12,17,20,2.56,Wed,ios,828254,863084,751082,1,3,0,0,1,0,0,0,0
1001091,9.63,0.00,0015-08-18 17:30:25,0015-08-18 22:30:25,17,22,4.17,Tue,android,343060,489543,868085,0,3,0,0,0,0,0,0,0
1001092,5.28,0.00,0015-03-03 14:15:34,0015-03-03 17:15:34,14,17,2.96,Wed,android,286971,207262,928191,1,3,0,0,1,0,0,0,0
1001093,6.93,0.00,0015-09-23 17:40:05,0015-09-23 20:40:05,17,20,2.86,Fri,ios,437476,414088,566549,1,2,0,0,0,0,1,0,0
1001094,9.42,0.00,0015-10-01 09:49:01,0015-10-01 13:49:01,09,13,3.64,Thu,ios,878251,369001,493904,0,3,0,0,0,0,0,0,0
1001095,10.03,0.00,0015-04-04 19:28:50,0015-04-04 00:28:50,19,00,4.05,Thu,ios,257050,260781,202527,0,3,0,0,0,0,0,0,0
1001096,2.07,0.00,0015-08-10 13:48:18,0015-08-10 16:48:18,13,16,2.16,Wed,ios,614996,653450,503205,1,3,0,0,1,0,0,0,0
1001097,4.75,0.00,0015-05-20 11:50:02,0015-05-20 14:50:02,11,14,2.32,Thu,ios,794196,369001,493904,1,3,0,0,0,0,0,0,0
1001098,3.05,0.00,0015-06-17 12:17:33,0015-06-17 14:17:33,12,14,1.64,Wed,ios,437264,594591,461655,1,3,0,0,1,0,0,0,0
1001099,8.33,0.00,0015-06-24 15:02:35,0015-06-24 19:02:35,15,19,3.44,Tue,android,685380,728918,928191,1,1,0,0,0,0,0,0,0
1001100,1.49,0.00,0015-12-28 17:59:33,0015-12-28 19:59:33,17,19,1.87,Wed,android,975454,474204,481066,1,3,0,0,1,0,0,0,0
1001101,7.20,0.00,0015-09-24 11:16:54,0015-09-24 15:16:54,11,15,3.23,Mon,ios,853067,878706,461655,0,3,1,0,0,0,0,0,0
1001102,6.50,0.00,0015-03-03 11:09:44,0015-03-03 14:09:44,11,14,2.54,Fri,ios,422433,932939,868085,1,2,0,0,0,0,1,0,0
1001103,7.61,0.00,0015-05-12 16:46:46,0015-05-12 20:46:46,16,20,3.87,Tue,ios,142759,878706,461655,0,3,0,0,0,0,0,0,0
1001104,6.85,0.00,0015-10-25 12:23:48,0015-10-25 15:23:48,12,15,2.25,Wed,ios,669868,575971,948590,0,3,0,0,1,0,0,0,0
1001105,6.54,0.00,0015-09-03 09:30:24,0015-09-03 12:30:24,09,12,2.30,Wed,ios,123584,711566,928191,0,3,0,0,1,0,0,0,0
1001106,23.68,0.00,0015-06-06 13:53:17,0015-06-06 16:53:17,13,16,2.36,Thu,ios,139364,369001,493904,1,2,0,0,0,0,0,0,0
1001107,5.49,0.00,0015-10-07 11:13:48,0015-10-07 15:13:48,11,15,3.80,Thu,ios,863836,672450,202527,1,3,0,0,0,0,0,0,0
1001108,4.67,0.00,0015-04-17 15:29:46,0015-04-17 19:29:46,15,19,3.99,Tue,ios,811755,228137,503205,1,3,0,0,0,0,0,0,0
1001109,23.68,3.51,0015-07-14 11:54:02,0015-07-14 15:54:02,11,15,3.47,Wed,ios,508253,445920,125372,1,3,0,0,1,0,0,0,0
1001110,0.26,0.00,0015-09-17 16:57:00,0015-09-17 17:57:00,16,17,0.18,Mon,ios,916455,369001,493904,1,3,1,0,0,0,0,0,0
1001111,7.17,0.00,0015-09-23 08:24:21,0015-09-23 11:24:21,08,11,2.73,Fri,android,859984,864630,648339,0,3,0,0,0,0,1,0,0
1001112,1.15,0.00,0015-09-20 12:50:22,0015-09-20 14:50:22,12,14,1.54,Mon,android,909361,474204,481066,1,3,1,0,0,0,0,0,0
1001113,8.43,0.00,0015-06-11 14:53:01,0015-06-11 18:53:01,14,18,3.06,Tue,android,736032,575971,948590,0,1,0,0,0,0,0,0,0
1001114,11.54,0.00,0015-05-03 12:05:16,0015-05-03 17:05:16,12,17,4.43,Tue,android,883438,489543,868085,1,3,0,0,0,0,0,0,0
1001115,23.68,0.00,0015-02-13 11:27:27,0015-02-13 09:27:27,11,09,21.10,Wed,android,987658,549414,461655,1,3,0,0,1,0,0,0,0
1001116,6.03,0.00,0015-05-07 13:23:24,0015-05-07 16:23:24,13,16,2.54,Tue,ios,176209,987396,978130,1,2,0,0,0,0,0,0,0
1001117,8.07,0.00,0015-04-11 11:22:03,0015-04-11 15:22:03,11,15,3.78,Thu,ios,545092,902592,566549,0,1,0,0,0,0,0,0,0
1001118,20.38,0.00,0015-04-09 13:18:47,0015-04-09 07:18:47,13,07,17.90,Thu,ios,918144,425476,928191,1,1,0,0,0,0,0,0,0
1001119,1.16,0.00,0015-07-17 14:08:26,0015-07-17 15:08:26,14,15,0.75,Wed,ios,573467,369001,493904,0,2,0,0,1,0,0,0,0
1001120,6.23,0.00,0015-09-19 20:45:04,0015-09-19 00:45:04,20,00,3.73,Tue,android,711214,894409,928191,0,1,0,0,0,0,0,0,0
1001121,5.60,0.00,0015-08-14 19:49:39,0015-08-14 23:49:39,19,23,3.02,Fri,android,729471,414088,566549,0,2,0,0,0,0,1,0,0
1001122,5.34,0.00,0015-09-17 10:18:09,0015-09-17 13:18:09,10,13,2.91,Thu,ios,207944,878706,461655,1,3,0,0,0,0,0,0,0
1001123,4.47,0.00,0015-09-28 17:12:11,0015-09-28 22:12:11,17,22,4.03,Thu,ios,913976,228137,503205,0,2,0,0,0,0,0,0,0
1001124,5.19,0.00,0015-08-23 12:01:35,0015-08-23 15:01:35,12,15,2.74,Fri,ios,563459,404112,399399,1,3,0,0,0,0,1,0,0
1001125,7.82,0.00,0015-08-20 11:14:20,0015-08-20 15:14:20,11,15,3.31,Wed,android,688411,929628,751082,0,3,0,0,1,0,0,0,0
1001126,1.79,0.00,0015-10-14 18:56:42,0015-10-14 20:56:42,18,20,1.44,Mon,ios,990211,207262,928191,0,4,1,0,0,0,0,0,0
1001127,6.83,0.00,0015-09-22 10:17:05,0015-09-22 14:17:05,10,14,3.66,Fri,ios,115658,369001,493904,1,1,0,0,0,0,1,0,0
1001128,6.62,1.38,0015-04-25 18:12:51,0015-04-25 21:12:51,18,21,2.89,Mon,android,667770,955429,493904,1,3,1,0,0,0,0,0,0
1001129,5.08,0.00,0015-09-02 11:54:01,0015-09-02 15:54:01,11,15,3.83,Thu,android,729557,874950,814002,1,3,0,0,0,0,0,0,0
1001130,1.83,0.00,0015-03-25 17:24:32,0015-03-25 19:24:32,17,19,1.97,Mon,ios,126723,643012,517854,1,2,1,0,0,0,0,0,0
1001131,2.84,0.00,0015-07-10 11:40:38,0015-07-10 13:40:38,11,13,1.05,Tue,ios,305415,955429,493904,0,2,0,0,0,0,0,0,0
1001132,0.51,0.00,0015-08-12 09:14:40,0015-08-12 12:14:40,09,12,2.22,Mon,ios,849013,250527,976902,0,3,1,0,0,0,0,0,0
1001133,5.40,0.00,0015-08-05 12:38:08,0015-08-05 15:38:08,12,15,2.40,Mon,ios,503149,575971,948590,0,1,1,0,0,0,0,0,0
1001134,5.51,0.00,0015-08-25 09:16:01,0015-08-25 12:16:01,09,12,2.53,Sat,android,343388,955429,493904,1,3,0,0,0,0,0,1,0
1001135,17.50,0.00,0015-09-07 18:22:58,0015-09-07 10:22:58,18,10,15.76,Tue,android,272252,369001,493904,0,1,0,0,0,0,0,0,0
1001136,7.23,0.00,0015-05-14 11:15:52,0015-05-14 14:15:52,11,14,2.85,Tue,ios,227154,653450,503205,1,3,0,0,0,0,0,0,0
1001137,23.68,0.00,0015-09-19 12:03:46,0015-09-19 04:03:46,12,04,15.99,Fri,android,957170,371335,461655,1,3,0,0,0,0,1,0,0
1001138,5.58,7.50,0015-11-09 11:53:06,0015-11-09 14:53:06,11,14,2.54,Wed,ios,295714,569886,868085,1,3,0,0,1,0,0,0,0
1001139,4.50,0.00,0015-08-19 18:34:52,0015-08-19 20:34:52,18,20,1.85,Mon,ios,456660,728918,928191,0,2,1,0,0,0,0,0,0
1001140,6.02,0.00,0015-08-14 11:55:52,0015-08-14 14:55:52,11,14,2.06,Fri,android,433910,489543,868085,1,4,0,0,0,0,1,0,0
1001141,8.16,0.00,0015-08-16 16:50:44,0015-08-16 20:50:44,16,20,3.07,Wed,ios,834120,861532,454147,1,3,0,0,1,0,0,0,0
1001142,6.76,0.00,0015-07-26 13:09:55,0015-07-26 17:09:55,13,17,3.69,Mon,ios,289214,369001,493904,1,1,1,0,0,0,0,0,0
1001143,0.44,0.83,0015-08-28 12:42:23,0015-08-28 13:42:23,12,13,0.25,Wed,ios,176401,371335,461655,1,3,0,0,1,0,0,0,0
1001144,23.68,0.00,0015-05-19 10:25:29,0015-05-19 14:25:29,10,14,3.57,Thu,ios,753721,129465,461655,0,3,0,0,0,0,0,0,0
1001145,18.57,0.00,0015-08-02 11:54:21,0015-08-02 15:54:21,11,15,3.71,Wed,android,854124,891421,144857,0,3,0,0,1,0,0,0,0
1001146,7.52,0.00,0015-07-20 10:21:54,0015-07-20 14:21:54,10,14,3.51,Thu,ios,672199,250527,976902,1,3,0,0,0,0,0,0,0
1001147,5.66,0.00,0015-09-03 16:22:59,0015-09-03 18:22:59,16,18,1.83,Mon,ios,788627,955429,493904,1,2,1,0,0,0,0,0,0
1001148,23.68,0.00,0015-07-20 10:04:46,0015-07-20 14:04:46,10,14,3.18,Mon,ios,753935,987396,978130,1,3,1,0,0,0,0,0,0
1001149,6.37,0.00,0015-07-05 17:20:33,0015-07-05 21:20:33,17,21,3.03,Fri,ios,100686,280221,976902,1,2,0,0,0,0,1,0,0
1001150,9.95,0.00,0015-08-09 09:56:01,0015-08-09 13:56:01,09,13,3.29,Tue,ios,578816,803398,144857,1,3,0,0,0,0,0,0,0
1001151,6.36,0.00,0015-04-25 14:47:21,0015-04-25 18:47:21,14,18,3.90,Tue,ios,247172,366832,978130,1,3,0,0,0,0,0,0,0
1001152,10.47,0.00,0015-06-05 16:43:34,0015-06-05 20:43:34,16,20,3.52,Mon,ios,672713,228137,503205,0,1,1,0,0,0,0,0,0
1001153,6.00,0.00,0015-09-03 11:43:43,0015-09-03 16:43:43,11,16,4.24,Mon,ios,460029,200695,202527,1,3,1,0,0,0,0,0,0
1001154,8.15,0.00,0015-05-23 11:14:21,0015-05-23 14:14:21,11,14,2.90,Mon,android,687132,481613,648339,0,3,1,0,0,0,0,0,0
1001155,5.59,0.00,0015-02-13 13:54:35,0015-02-13 16:54:35,13,16,2.35,Wed,ios,107971,250527,976902,1,3,0,0,1,0,0,0,0
1001156,12.66,0.00,0015-04-19 13:04:59,0015-04-19 17:04:59,13,17,3.83,Thu,android,449820,955429,493904,1,1,0,0,0,0,0,0,0
1001157,2.50,0.00,0015-03-10 11:05:20,0015-03-10 14:05:20,11,14,2.26,Wed,android,749466,955429,493904,0,3,0,0,1,0,0,0,0
1001158,4.64,0.00,0015-07-08 13:51:27,0015-07-08 16:51:27,13,16,2.67,Mon,ios,774561,884707,648339,0,3,1,0,0,0,0,0,0
1001159,11.95,0.00,0015-09-06 17:29:24,0015-09-06 21:29:24,17,21,3.15,Wed,ios,868083,638536,868085,0,3,0,0,1,0,0,0,0
1001160,7.04,0.00,0015-01-17 11:33:35,0015-01-17 15:33:35,11,15,3.91,Thu,android,948708,207262,928191,0,2,0,0,0,0,0,0,0
1001161,5.32,0.00,0015-09-14 15:50:48,0015-09-14 18:50:48,15,18,2.67,Fri,android,453669,902592,566549,0,3,0,0,0,0,1,0,0
1001162,11.17,0.00,0015-06-14 16:23:50,0015-06-14 20:23:50,16,20,3.95,Mon,android,744226,569886,868085,0,3,1,0,0,0,0,0,0
1001163,0.06,0.00,0015-09-05 12:59:54,0015-09-05 13:59:54,12,13,0.11,Mon,android,343363,738900,976902,1,2,1,0,0,0,0,0,0
1001164,3.30,0.00,0015-08-04 20:51:20,0015-08-04 00:51:20,20,00,3.95,Wed,android,763753,369001,493904,1,3,0,0,1,0,0,0,0
1001165,5.81,0.59,0015-08-17 11:33:39,0015-08-17 14:33:39,11,14,2.50,Thu,ios,332873,572249,144857,1,1,0,0,0,0,0,0,0
1001166,0.21,0.00,0015-09-14 11:09:47,0015-09-14 12:09:47,11,12,0.11,Mon,ios,319310,955429,493904,0,3,1,0,0,0,0,0,0
1001167,5.02,0.00,0015-05-26 16:52:06,0015-05-26 20:52:06,16,20,3.51,Tue,android,107428,474204,481066,0,1,0,0,0,0,0,0,0
1001168,2.84,0.00,0015-03-17 18:15:26,0015-03-17 21:15:26,18,21,2.16,Thu,ios,594572,369001,493904,1,3,0,0,0,0,0,0,0
1001169,6.38,0.00,0015-08-12 11:30:29,0015-08-12 14:30:29,11,14,2.34,Thu,ios,698966,902592,566549,0,3,0,0,0,0,0,0,0
1001170,6.26,0.00,0015-08-22 17:47:29,0015-08-22 20:47:29,17,20,2.50,Wed,android,853180,369001,493904,1,1,0,0,1,0,0,0,0
1001171,5.20,0.00,0015-07-07 16:28:50,0015-07-07 20:28:50,16,20,3.45,Tue,ios,130688,955429,493904,1,1,0,0,0,0,0,0,0
1001172,1.92,0.00,0015-08-24 15:26:56,0015-08-24 17:26:56,15,17,1.78,Tue,android,417926,572249,144857,1,3,0,0,0,0,0,0,0
1001173,9.39,0.00,0015-05-23 16:15:50,0015-05-23 20:15:50,16,20,3.03,Fri,ios,612861,944515,976902,0,3,0,0,0,0,1,0,0
1001174,10.35,0.00,0015-09-13 11:18:15,0015-09-13 16:18:15,11,16,4.52,Fri,android,740903,920264,461655,0,2,0,0,0,0,1,0,0
1001175,2.57,0.00,0015-09-19 17:28:00,0015-09-19 19:28:00,17,19,1.88,Tue,android,591269,228137,503205,0,1,0,0,0,0,0,0,0
1001176,6.86,0.50,0015-08-27 16:20:08,0015-08-27 20:20:08,16,20,3.04,Mon,android,203343,920264,461655,1,2,1,0,0,0,0,0,0
1001177,6.50,0.00,0015-08-07 09:11:02,0015-08-07 14:11:02,09,14,4.01,Wed,ios,643816,911231,202527,1,1,0,0,1,0,0,0,0
1001178,5.31,0.00,0015-07-24 16:45:56,0015-07-24 19:45:56,16,19,2.47,Mon,ios,978554,371335,461655,0,3,1,0,0,0,0,0,0
1001179,2.35,0.00,0015-09-10 08:15:59,0015-09-10 11:15:59,08,11,2.51,Thu,ios,463737,944515,976902,0,3,0,0,0,0,0,0,0
1001180,9.00,0.00,0015-05-28 18:05:01,0015-05-28 22:05:01,18,22,3.65,Tue,ios,796263,500856,976902,1,2,0,0,0,0,0,0,0
1001181,12.43,0.00,0015-07-07 16:03:39,0015-07-07 20:03:39,16,20,3.80,Wed,ios,624146,369001,493904,1,2,0,0,1,0,0,0,0
1001182,5.11,7.50,0015-04-05 10:07:13,0015-04-05 12:07:13,10,12,1.69,Mon,ios,220760,549414,461655,0,3,1,0,0,0,0,0,0
1001183,1.63,0.00,0015-04-05 12:58:11,0015-04-05 13:58:11,12,13,0.68,Thu,android,654859,207262,928191,0,2,0,0,0,0,0,0,0
1001184,3.56,0.00,0015-05-02 16:18:36,0015-05-02 18:18:36,16,18,1.92,Mon,android,797453,955429,493904,0,2,1,0,0,0,0,0,0
1001185,0.85,0.00,0015-04-04 11:05:18,0015-04-04 12:05:18,11,12,0.37,Thu,ios,704430,260408,481066,0,1,0,0,0,0,0,0,0
1001186,5.72,0.49,0015-05-27 10:52:37,0015-05-27 12:52:37,10,12,1.92,Sat,ios,871734,425476,928191,0,2,0,0,0,0,0,1,0
1001187,8.90,0.00,0015-05-05 15:49:44,0015-05-05 19:49:44,15,19,3.05,Mon,android,300022,366832,978130,1,3,1,0,0,0,0,0,0
1001188,1.64,0.00,0015-06-05 12:13:54,0015-06-05 13:13:54,12,13,0.44,Wed,ios,156429,369001,493904,1,1,0,0,1,0,0,0,0
1001189,6.29,0.00,0015-05-02 13:10:38,0015-05-02 17:10:38,13,17,3.16,Wed,android,532371,728918,928191,1,2,0,0,1,0,0,0,0
1001190,9.87,0.00,0015-06-11 18:20:16,0015-06-11 02:20:16,18,02,7.56,Tue,ios,399322,369001,493904,1,2,0,0,0,0,0,0,0
1001191,7.26,0.00,0015-02-16 18:36:58,0015-02-16 22:36:58,18,22,3.61,Tue,ios,718788,355208,976902,0,3,0,0,0,0,0,0,0
1001192,4.71,0.00,0015-06-08 11:16:30,0015-06-08 15:16:30,11,15,3.86,Sun,ios,162283,369001,493904,0,3,0,0,0,0,0,0,1
1001193,3.20,0.00,0015-07-24 09:50:26,0015-07-24 12:50:26,09,12,2.97,Mon,ios,641358,369001,493904,1,3,1,0,0,0,0,0,0
1001194,1.33,0.25,0015-04-04 12:09:37,0015-04-04 13:09:37,12,13,0.50,Tue,ios,574966,955429,493904,1,3,0,0,0,0,0,0,0
1001195,5.34,0.00,0015-08-27 19:55:18,0015-08-27 22:55:18,19,22,2.44,Tue,android,838265,594591,461655,1,3,0,0,0,0,0,0,0
1001196,5.12,0.00,0015-07-22 17:22:28,0015-07-22 20:22:28,17,20,2.61,Tue,android,308629,474204,481066,0,3,0,0,0,0,0,0,0
1001197,12.72,1.21,0015-09-26 11:58:28,0015-09-26 16:58:28,11,16,4.30,Mon,android,352232,664306,868085,0,3,1,0,0,0,0,0,0
1001198,21.89,0.00,0015-07-13 20:26:27,0015-07-13 22:26:27,20,22,1.32,Thu,android,568641,369001,493904,1,3,0,0,0,0,0,0,0
1001199,5.78,0.00,0015-04-21 08:16:37,0015-04-21 11:16:37,08,11,2.08,Thu,ios,841875,875343,747048,0,2,0,0,0,0,0,0,0
1001200,2.86,0.00,0015-01-03 22:20:50,0015-01-03 00:20:50,22,00,1.79,Wed,android,726978,801274,976902,0,2,0,0,1,0,0,0,0
1001201,1.96,0.00,0015-07-21 20:14:41,0015-07-21 21:14:41,20,21,0.97,Mon,android,886334,728918,928191,1,2,1,0,0,0,0,0,0
1001202,4.48,0.00,0015-07-10 11:03:31,0015-07-10 14:03:31,11,14,2.76,Fri,android,872766,944515,976902,0,3,0,0,0,0,1,0,0
1001203,3.06,0.00,0015-08-04 14:39:28,0015-08-04 18:39:28,14,18,3.74,Fri,android,792398,672450,202527,1,1,0,0,0,0,1,0,0
1001204,0.87,0.00,0015-03-28 18:10:06,0015-03-28 20:10:06,18,20,1.21,Wed,ios,758264,369001,493904,1,2,0,0,1,0,0,0,0
1001205,9.17,0.00,0015-09-03 19:15:23,0015-09-03 23:15:23,19,23,3.35,Mon,ios,570370,672450,202527,0,2,1,0,0,0,0,0,0
1001206,23.68,2.50,0015-04-27 09:34:32,0015-04-27 13:34:32,09,13,3.18,Mon,ios,518383,572249,144857,0,1,1,0,0,0,0,0,0
1001207,5.44,7.50,0015-04-12 13:33:32,0015-04-12 17:33:32,13,17,3.51,Wed,ios,164712,200695,202527,0,3,0,0,1,0,0,0,0
1001208,2.61,0.00,0015-03-03 13:53:53,0015-03-03 15:53:53,13,15,1.83,Wed,android,800431,371335,461655,1,2,0,0,1,0,0,0,0
1001209,7.47,0.00,0015-09-26 15:10:38,0015-09-26 19:10:38,15,19,3.31,Tue,ios,802835,549414,461655,0,2,0,0,0,0,0,0,0
1001210,6.10,0.00,0015-08-08 15:45:07,0015-08-08 18:45:07,15,18,2.15,Fri,ios,678654,664306,868085,0,3,0,0,0,0,1,0,0
1001211,6.28,0.00,0015-06-18 16:14:21,0015-06-18 20:14:21,16,20,3.47,Tue,ios,802575,594591,461655,0,2,0,0,0,0,0,0,0
1001212,7.11,0.00,0015-08-23 18:40:18,0015-08-23 22:40:18,18,22,3.84,Tue,ios,378548,191826,481066,1,3,0,0,0,0,0,0,0
1001213,6.12,0.00,0015-03-04 14:24:09,0015-03-04 16:24:09,14,16,1.71,Wed,android,673268,355208,976902,1,3,0,0,1,0,0,0,0
1001214,5.19,0.00,0015-08-18 11:25:34,0015-08-18 15:25:34,11,15,3.38,Fri,ios,258690,729642,517854,0,3,0,0,0,0,1,0,0
1001215,1.06,0.05,0015-07-20 12:53:04,0015-07-20 14:53:04,12,14,1.21,Thu,ios,793298,861532,454147,0,3,0,0,0,0,0,0,0
1001216,4.26,0.00,0015-09-23 18:26:06,0015-09-23 21:26:06,18,21,2.07,Thu,android,366875,955429,493904,1,3,0,0,0,0,0,0,0
1001217,23.68,0.00,0015-07-06 16:23:58,0015-07-06 03:23:58,16,03,10.84,Fri,android,781874,405157,976902,1,3,0,0,0,0,1,0,0
1001218,7.40,7.50,0015-06-13 14:54:04,0015-06-13 17:54:04,14,17,2.73,Wed,android,723427,489543,868085,1,2,0,0,1,0,0,0,0
1001219,7.48,0.00,0015-08-24 19:00:55,0015-08-24 22:00:55,19,22,2.54,Thu,android,988973,219054,814002,0,3,0,0,0,0,0,0,0
1001220,7.07,0.00,0015-09-21 18:24:16,0015-09-21 21:24:16,18,21,2.94,Thu,ios,515055,878706,461655,0,1,0,0,0,0,0,0,0
1001221,2.18,0.00,0015-06-23 14:57:55,0015-06-23 16:57:55,14,16,1.22,Fri,android,743508,568071,144857,1,3,0,0,0,0,1,0,0
1001222,13.48,0.00,0015-05-12 17:15:44,0015-05-12 22:15:44,17,22,4.38,Thu,android,863570,638536,868085,1,3,0,0,0,0,0,0,0
1001223,23.68,0.00,0015-07-07 17:26:20,0015-07-07 20:26:20,17,20,2.12,Mon,android,728614,653450,503205,1,3,1,0,0,0,0,0,0
1001224,23.68,0.00,0015-03-10 16:51:08,0015-03-10 19:51:08,16,19,2.28,Fri,android,815557,280415,399399,0,1,0,0,0,0,1,0,0
1001225,4.65,0.00,0015-08-16 12:26:03,0015-08-16 15:26:03,12,15,2.35,Thu,ios,481878,200695,202527,1,3,0,0,0,0,0,0,0
1001226,23.68,0.00,0015-07-10 13:49:20,0015-07-10 09:49:20,13,09,19.55,Fri,ios,920228,728918,928191,1,3,0,0,0,0,1,0,0
1001227,3.99,0.00,0015-09-06 17:49:26,0015-09-06 20:49:26,17,20,2.38,Mon,ios,156307,237105,948590,1,3,1,0,0,0,0,0,0
1001228,23.68,0.00,0015-07-05 10:18:11,0015-07-05 05:18:11,10,05,18.06,Mon,ios,520726,951880,144857,1,3,1,0,0,0,0,0,0
1001229,4.06,0.00,0015-03-09 10:45:06,0015-03-09 12:45:06,10,12,1.24,Wed,ios,770478,878706,461655,1,2,0,0,1,0,0,0,0
1001230,23.68,0.00,0015-09-16 08:37:33,0015-09-16 21:37:33,08,21,36.99,Tue,ios,705908,955429,493904,1,3,0,0,0,0,0,0,0
1001231,4.11,0.00,0015-07-26 08:17:28,0015-07-26 10:17:28,08,10,1.55,Mon,ios,254428,738900,976902,0,3,1,0,0,0,0,0,0
1001232,4.70,0.00,0015-03-25 11:56:30,0015-03-25 14:56:30,11,14,2.39,Mon,ios,583607,632920,461655,1,3,1,0,0,0,0,0,0
1001233,3.82,0.00,0015-08-17 11:11:19,0015-08-17 13:11:19,11,13,1.50,Mon,android,935626,944515,976902,0,3,1,0,0,0,0,0,0
1001234,4.57,0.00,0015-03-10 12:41:23,0015-03-10 15:41:23,12,15,2.24,Mon,ios,246741,891421,144857,0,3,1,0,0,0,0,0,0
1001235,7.32,1.45,0015-08-20 17:48:47,0015-08-20 21:48:47,17,21,3.49,Tue,ios,517484,366832,978130,0,1,0,0,0,0,0,0,0
1001236,5.62,0.00,0015-06-16 16:10:01,0015-06-16 18:10:01,16,18,1.91,Wed,ios,470808,758780,399399,0,1,0,0,1,0,0,0,0
1001237,1.19,0.00,0015-03-13 15:15:52,0015-03-13 16:15:52,15,16,0.68,Thu,android,340694,405157,976902,1,2,0,0,0,0,0,0,0
1001238,0.65,0.00,0015-09-11 18:54:14,0015-09-11 22:54:14,18,22,4.00,Fri,ios,639704,569889,461655,1,2,0,0,0,0,1,0,0
1001239,3.26,0.00,0015-07-03 13:53:27,0015-07-03 16:53:27,13,16,2.40,Mon,ios,548263,540225,648339,1,3,1,0,0,0,0,0,0
1001240,5.30,0.00,0015-09-16 16:38:39,0015-09-16 19:38:39,16,19,2.02,Fri,android,939335,129465,461655,0,2,0,0,0,0,1,0,0
1001241,4.73,0.00,0015-08-17 14:32:42,0015-08-17 17:32:42,14,17,2.14,Wed,ios,653327,653450,503205,1,1,0,0,1,0,0,0,0
1001242,10.04,0.00,0015-09-11 09:30:37,0015-09-11 13:30:37,09,13,3.40,Tue,ios,343847,129465,461655,1,3,0,0,0,0,0,0,0
1001243,2.17,0.00,0015-08-13 17:45:16,0015-08-13 19:45:16,17,19,1.80,Tue,ios,646794,228137,503205,1,3,0,0,0,0,0,0,0
1001244,1.67,0.00,0015-04-22 20:35:31,0015-04-22 21:35:31,20,21,0.49,Fri,ios,639685,955429,493904,0,3,0,0,0,0,1,0,0
1001245,0.39,0.01,0015-08-02 10:52:07,0015-08-02 11:52:07,10,11,0.25,Thu,ios,220181,987396,978130,1,3,0,0,0,0,0,0,0
1001246,4.00,0.00,0015-09-26 17:43:30,0015-09-26 21:43:30,17,21,3.44,Tue,ios,197455,955429,493904,1,3,0,0,0,0,0,0,0
1001247,10.59,0.00,0015-05-21 18:15:41,0015-05-21 23:15:41,18,23,4.54,Mon,ios,903664,250527,976902,0,2,1,0,0,0,0,0,0
1001248,3.52,0.00,0015-05-19 17:20:53,0015-05-19 21:20:53,17,21,3.32,Thu,ios,888106,861532,454147,1,3,0,0,0,0,0,0,0
1001249,2.32,0.00,0015-06-24 19:37:24,0015-06-24 22:37:24,19,22,2.64,Tue,ios,800912,219054,814002,1,1,0,0,0,0,0,0,0
1001250,1.18,0.00,0015-03-12 12:19:55,0015-03-12 14:19:55,12,14,1.18,Wed,ios,947000,228137,503205,1,3,0,0,1,0,0,0,0
1001251,5.92,0.00,0015-07-09 18:49:39,0015-07-09 21:49:39,18,21,2.73,Wed,ios,674865,445920,125372,1,3,0,0,1,0,0,0,0
1001252,8.81,0.00,0015-07-13 14:10:24,0015-07-13 18:10:24,14,18,3.12,Fri,ios,766138,875343,747048,1,3,0,0,0,0,1,0,0
1001253,1.44,0.00,0015-11-20 13:04:23,0015-11-20 14:04:23,13,14,0.50,Fri,ios,495370,891421,144857,1,4,0,0,0,0,1,0,0
1001254,23.68,0.00,0015-04-23 10:48:22,0015-04-23 13:48:22,10,13,2.69,Thu,ios,417430,944575,928191,0,3,0,0,0,0,0,0,0
1001255,12.72,0.00,0015-01-12 18:59:08,0015-01-12 23:59:08,18,23,4.51,Fri,ios,610297,914305,648339,1,3,0,0,0,0,1,0,0
1001256,2.36,0.00,0015-08-20 11:11:50,0015-08-20 13:11:50,11,13,1.06,Thu,ios,847393,474204,481066,1,3,0,0,0,0,0,0,0
1001257,6.14,0.00,0015-07-16 10:21:32,0015-07-16 14:21:32,10,14,3.06,Mon,ios,866940,612116,461655,1,3,1,0,0,0,0,0,0
1001258,6.69,0.00,0015-04-12 16:31:53,0015-04-12 20:31:53,16,20,3.84,Mon,android,985589,891421,144857,0,3,1,0,0,0,0,0,0
1001259,8.82,0.81,0015-01-02 18:04:40,0015-01-02 21:04:40,18,21,2.54,Fri,ios,242619,366832,978130,1,3,0,0,0,0,1,0,0
1001260,9.79,0.00,0015-10-20 18:20:56,0015-10-20 22:20:56,18,22,3.46,Mon,android,956505,489543,868085,1,1,1,0,0,0,0,0,0
1001261,10.02,4.07,0015-06-14 10:04:24,0015-06-14 15:04:24,10,15,4.52,Tue,android,689780,369001,493904,0,2,0,0,0,0,0,0,0
1001262,11.88,0.00,0015-03-01 12:39:11,0015-03-01 16:39:11,12,16,3.87,Thu,ios,184799,369001,493904,0,3,0,0,0,0,0,0,0
1001263,4.42,0.00,0015-06-15 17:03:52,0015-06-15 21:03:52,17,21,3.01,Tue,android,115420,219054,814002,1,3,0,0,0,0,0,0,0
1001264,6.12,0.00,0015-09-17 16:36:50,0015-09-17 19:36:50,16,19,2.31,Fri,android,647254,932939,868085,1,2,0,0,0,0,1,0,0
1001265,4.55,0.00,0015-08-05 12:38:16,0015-08-05 15:38:16,12,15,2.22,Thu,ios,855971,369001,493904,1,2,0,0,0,0,0,0,0
1001266,10.12,0.00,0015-07-03 17:13:57,0015-07-03 21:13:57,17,21,3.62,Tue,android,796241,474204,481066,0,2,0,0,0,0,0,0,0
1001267,3.90,0.00,0015-05-26 11:50:46,0015-05-26 14:50:46,11,14,2.44,Wed,ios,541111,207262,928191,1,1,0,0,1,0,0,0,0
1001268,4.64,0.00,0015-06-14 09:28:12,0015-06-14 13:28:12,09,13,3.07,Fri,android,304715,250527,976902,1,4,0,0,0,0,1,0,0
1001269,23.68,2.81,0015-06-26 18:58:40,0015-06-26 18:58:40,18,18,23.90,Mon,android,390141,369001,493904,0,2,1,0,0,0,0,0,0
1001270,8.05,0.00,0015-07-13 10:10:13,0015-07-13 13:10:13,10,13,3.00,Wed,android,440317,191826,481066,1,1,0,0,1,0,0,0,0
1001271,9.74,0.95,0015-08-20 16:06:56,0015-08-20 19:06:56,16,19,2.07,Fri,ios,820034,987396,978130,1,2,0,0,0,0,1,0,0
1001272,4.45,0.00,0015-06-02 16:43:44,0015-06-02 18:43:44,16,18,1.82,Wed,ios,381070,280415,399399,0,3,0,0,1,0,0,0,0
1001273,11.51,1.00,0014-05-05 10:11:28,0014-05-05 15:11:28,10,15,4.08,Tue,ios,896442,369001,493904,0,1,0,0,0,0,0,0,0
1001274,7.43,0.00,0015-04-24 11:59:11,0015-04-24 16:59:11,11,16,4.14,Mon,ios,747637,801274,976902,1,3,1,0,0,0,0,0,0
1001275,7.88,0.00,0015-03-15 10:45:12,0015-03-15 14:45:12,10,14,3.87,Fri,ios,483943,514669,566549,0,2,0,0,0,0,1,0,0
1001276,23.68,0.00,0015-08-13 09:18:43,0015-08-13 13:18:43,09,13,3.16,Mon,android,103150,951880,144857,1,2,1,0,0,0,0,0,0
1001277,1.91,0.00,0015-03-20 09:44:48,0015-03-20 12:44:48,09,12,2.23,Tue,ios,785707,369001,493904,1,3,0,0,0,0,0,0,0
1001278,10.75,0.00,0015-09-25 12:48:15,0015-09-25 17:48:15,12,17,4.17,Thu,android,527354,987396,978130,0,3,0,0,0,0,0,0,0
1001279,2.86,0.00,0015-08-14 12:58:58,0015-08-14 16:58:58,12,16,3.80,Fri,ios,829234,638536,868085,0,3,0,0,0,0,1,0,0
1001280,5.06,0.00,0015-07-07 10:42:12,0015-07-07 14:42:12,10,14,3.01,Sun,ios,102914,987396,978130,1,3,0,0,0,0,0,0,1
1001281,9.36,0.00,0015-09-01 12:13:10,0015-09-01 16:13:10,12,16,3.20,Fri,android,510164,987396,978130,1,3,0,0,0,0,1,0,0
1001282,4.32,0.00,0015-07-06 09:42:36,0015-07-06 13:42:36,09,13,3.40,Tue,android,873040,582873,461655,0,3,0,0,0,0,0,0,0
1001283,0.28,0.00,0015-08-02 17:22:15,0015-08-02 18:22:15,17,18,0.10,Fri,ios,258824,489543,868085,0,3,0,0,0,0,1,0,0
1001284,5.69,7.50,0015-07-20 17:59:00,0015-07-20 20:59:00,17,20,2.22,Tue,ios,683515,445920,125372,0,1,0,0,0,0,0,0,0
1001285,6.01,0.00,0015-06-06 11:37:47,0015-06-06 15:37:47,11,15,3.08,Fri,android,803632,884707,648339,0,3,0,0,0,0,1,0,0
1001286,2.22,0.00,0015-01-12 13:33:11,0015-01-12 15:33:11,13,15,1.09,Tue,android,566529,237105,948590,1,3,0,0,0,0,0,0,0
1001287,23.68,0.00,0015-09-01 17:11:12,0015-09-01 20:11:12,17,20,2.63,Mon,ios,469698,575971,948590,0,3,1,0,0,0,0,0,0
1001288,5.91,0.00,0015-04-01 13:43:23,0015-04-01 16:43:23,13,16,3.00,Fri,ios,676966,955429,493904,1,3,0,0,0,0,1,0,0
1001289,6.27,0.00,0015-09-16 13:10:45,0015-09-16 17:10:45,13,17,3.37,Thu,ios,347813,549414,461655,1,2,0,0,0,0,0,0,0
1001290,6.56,4.51,0015-08-13 10:38:09,0015-08-13 13:38:09,10,13,2.83,Thu,android,156015,349635,503205,0,3,0,0,0,0,0,0,0
1001291,7.09,0.00,0015-04-01 13:03:11,0015-04-01 16:03:11,13,16,2.96,Sun,ios,794666,131897,566549,0,3,0,0,0,0,0,0,1
1001292,4.17,0.00,0015-04-21 20:13:46,0015-04-21 22:13:46,20,22,1.53,Tue,android,477384,728918,928191,1,1,0,0,0,0,0,0,0
1001293,0.88,0.00,0015-08-24 16:00:08,0015-08-24 17:00:08,16,17,0.59,Thu,ios,237573,951880,144857,1,3,0,0,0,0,0,0,0
1001294,1.96,0.00,0015-06-04 16:15:23,0015-06-04 20:15:23,16,20,3.45,Fri,android,149319,369001,493904,1,3,0,0,0,0,1,0,0
1001295,6.04,0.00,0015-01-23 09:50:38,0015-01-23 12:50:38,09,12,2.06,Wed,ios,663367,431796,461655,1,3,0,0,1,0,0,0,0
1001296,10.33,0.00,0015-08-03 20:26:43,0015-08-03 01:26:43,20,01,4.01,Thu,ios,266850,987396,978130,1,2,0,0,0,0,0,0,0
1001297,4.83,0.00,0015-05-08 09:53:47,0015-05-08 12:53:47,09,12,2.93,Mon,ios,312886,474204,481066,0,3,1,0,0,0,0,0,0
1001298,12.40,0.00,0015-02-12 12:53:26,0015-02-12 16:53:26,12,16,3.86,Fri,ios,834450,730023,878393,1,3,0,0,0,0,1,0,0
1001299,6.21,0.00,0015-08-02 12:19:37,0015-08-02 15:19:37,12,15,2.24,Tue,ios,305884,219054,814002,0,3,0,0,0,0,0,0,0
1001300,4.17,0.00,0015-05-01 12:19:41,0015-05-01 16:19:41,12,16,3.11,Thu,ios,974536,987396,978130,1,3,0,0,0,0,0,0,0
1001301,13.00,0.00,0015-04-05 12:58:53,0015-04-05 16:58:53,12,16,3.52,Wed,android,639688,874950,814002,0,3,0,0,1,0,0,0,0
1001302,3.15,0.00,0015-09-20 13:43:39,0015-09-20 15:43:39,13,15,1.30,Thu,ios,845763,575971,948590,1,1,0,0,0,0,0,0,0
1001303,10.71,0.84,0015-08-11 11:51:15,0015-08-11 16:51:15,11,16,4.02,Thu,ios,799096,711566,928191,1,1,0,0,0,0,0,0,0
1001304,3.03,0.00,0015-05-27 11:02:51,0015-05-27 15:02:51,11,15,3.36,Fri,ios,129349,874950,814002,1,3,0,0,0,0,1,0,0
1001305,3.85,0.00,0015-06-23 16:36:43,0015-06-23 19:36:43,16,19,2.18,Thu,ios,381281,730023,878393,0,2,0,0,0,0,0,0,0
1001306,23.68,0.00,0015-09-08 11:27:23,0015-09-08 14:27:23,11,14,3.00,Mon,ios,500878,803398,144857,0,2,1,0,0,0,0,0,0
1001307,0.95,0.00,0015-05-11 10:18:23,0015-05-11 11:18:23,10,11,0.37,Tue,android,421230,131897,566549,1,2,0,0,0,0,0,0,0
1001308,4.26,0.00,0015-05-26 10:23:36,0015-05-26 13:23:36,10,13,2.49,Mon,android,389599,260408,481066,1,3,1,0,0,0,0,0,0
1001309,2.65,0.00,0015-08-13 11:07:59,0015-08-13 15:07:59,11,15,3.76,Wed,android,931141,414088,566549,0,3,0,0,1,0,0,0,0
1001310,7.54,0.00,0015-09-10 12:13:45,0015-09-10 16:13:45,12,16,3.75,Mon,ios,813733,366832,978130,0,3,1,0,0,0,0,0,0
1001311,5.31,0.00,0015-08-17 13:52:22,0015-08-17 18:52:22,13,18,4.28,Tue,ios,684037,414088,566549,1,3,0,0,0,0,0,0,0
1001312,11.78,0.00,0015-06-06 11:27:56,0015-06-06 16:27:56,11,16,4.13,Tue,ios,150970,932939,868085,1,2,0,0,0,0,0,0,0
1001313,8.25,0.00,0015-09-22 18:01:44,0015-09-22 21:01:44,18,21,2.89,Wed,ios,574969,228137,503205,1,3,0,0,1,0,0,0,0
1001314,10.36,0.00,0015-08-01 11:07:17,0015-08-01 16:07:17,11,16,4.19,Fri,ios,953196,562656,481066,1,2,0,0,0,0,1,0,0
1001315,2.02,0.00,0015-02-17 12:42:02,0015-02-17 13:42:02,12,13,0.59,Fri,ios,295358,803398,144857,1,3,0,0,0,0,1,0,0
1001316,3.94,1.27,0015-09-10 09:14:36,0015-09-10 13:14:36,09,13,3.37,Thu,ios,272468,355208,976902,0,3,0,0,0,0,0,0,0
1001317,8.06,0.00,0015-05-05 12:33:49,0015-05-05 15:33:49,12,15,2.52,Wed,ios,608181,653450,503205,0,2,0,0,1,0,0,0,0
1001318,3.11,0.00,0015-08-28 12:42:43,0015-08-28 15:42:43,12,15,2.01,Wed,ios,833280,507660,202527,0,3,0,0,1,0,0,0,0
1001319,10.43,0.00,0015-08-28 11:30:44,0015-08-28 15:30:44,11,15,3.37,Mon,ios,547554,228137,503205,1,3,1,0,0,0,0,0,0
1001320,5.34,0.00,0015-03-18 18:29:02,0015-03-18 21:29:02,18,21,2.84,Wed,ios,970071,507660,202527,0,2,0,0,1,0,0,0,0
1001321,11.30,0.00,0015-04-04 11:22:41,0015-04-04 15:22:41,11,15,3.87,Wed,ios,291768,875343,747048,0,4,0,0,1,0,0,0,0
1001322,4.67,0.00,0015-07-23 16:48:16,0015-07-23 19:48:16,16,19,2.91,Mon,android,252199,219054,814002,1,3,1,0,0,0,0,0,0
1001323,6.94,0.00,0015-05-06 10:58:45,0015-05-06 13:58:45,10,13,2.83,Mon,android,802916,818217,700367,0,3,1,0,0,0,0,0,0
1001324,6.34,0.00,0015-08-28 16:11:11,0015-08-28 20:11:11,16,20,3.50,Fri,android,453929,792421,202527,1,1,0,0,0,0,1,0,0
1001325,6.20,0.00,0015-09-26 18:46:30,0015-09-26 22:46:30,18,22,3.94,Thu,android,931502,369001,493904,1,3,0,0,0,0,0,0,0
1001326,9.05,0.00,0015-05-28 12:35:19,0015-05-28 16:35:19,12,16,3.63,Tue,android,504086,568071,144857,1,3,0,0,0,0,0,0,0
1001327,5.02,0.00,0015-07-19 12:53:46,0015-07-19 15:53:46,12,15,2.74,Thu,ios,433888,425476,928191,1,3,0,0,0,0,0,0,0
1001328,1.96,0.00,0015-05-03 10:27:46,0015-05-03 13:27:46,10,13,2.18,Tue,ios,697243,207262,928191,0,3,0,0,0,0,0,0,0
1001329,8.04,0.00,0015-08-11 11:28:35,0015-08-11 14:28:35,11,14,2.80,Tue,ios,276923,920264,461655,1,3,0,0,0,0,0,0,0
1001330,4.17,0.00,0015-02-04 16:08:46,0015-02-04 20:08:46,16,20,3.28,Tue,android,750436,228137,503205,1,2,0,0,0,0,0,0,0
1001331,2.07,0.15,0015-08-17 14:30:13,0015-08-17 16:30:13,14,16,1.06,Fri,ios,559118,729642,517854,0,3,0,0,0,0,1,0,0
1001332,6.10,0.00,0015-03-17 16:34:39,0015-03-17 19:34:39,16,19,2.74,Thu,ios,818209,191826,481066,1,1,0,0,0,0,0,0,0
1001333,3.35,0.58,0015-08-21 15:49:24,0015-08-21 18:49:24,15,18,2.36,Mon,ios,230746,738900,976902,1,3,1,0,0,0,0,0,0
1001334,23.68,0.00,0015-08-12 09:31:51,0015-08-12 12:31:51,09,12,2.49,Tue,ios,845502,260408,481066,1,3,0,0,0,0,0,0,0
1001335,5.01,0.00,0015-10-18 12:42:48,0015-10-18 15:42:48,12,15,2.64,Tue,ios,193351,260408,481066,1,1,0,0,0,0,0,0,0
1001336,1.03,0.00,0015-09-09 20:54:21,0015-09-09 21:54:21,20,21,0.54,Wed,ios,875018,638536,868085,1,3,0,0,1,0,0,0,0
1001337,7.97,0.00,0015-07-03 13:07:56,0015-07-03 17:07:56,13,17,3.20,Wed,ios,828468,228137,503205,1,3,0,0,1,0,0,0,0
1001338,3.82,0.00,0015-01-17 10:10:29,0015-01-17 13:10:29,10,13,2.58,Fri,ios,649999,572249,144857,0,2,0,0,0,0,1,0,0
1001339,4.49,0.00,0015-08-10 12:26:42,0015-08-10 15:26:42,12,15,2.63,Fri,android,881534,782629,517854,1,1,0,0,0,0,1,0,0
1001340,10.19,0.00,0015-09-04 12:25:36,0015-09-04 17:25:36,12,17,4.37,Thu,android,389184,562656,481066,1,1,0,0,0,0,0,0,0
1001341,8.33,0.00,0015-08-01 12:33:48,0015-08-01 16:33:48,12,16,3.32,Wed,android,540536,369001,493904,1,3,0,0,1,0,0,0,0
1001342,7.85,0.00,0015-08-27 15:34:41,0015-08-27 19:34:41,15,19,3.62,Thu,android,108363,878706,461655,0,3,0,0,0,0,0,0,0
1001343,1.24,0.14,0015-07-28 11:30:48,0015-07-28 12:30:48,11,12,0.70,Thu,android,488543,355208,976902,1,2,0,0,0,0,0,0,0
1001344,4.36,0.00,0015-04-01 09:02:19,0015-04-01 12:02:19,09,12,2.21,Mon,ios,694095,474204,481066,1,2,1,0,0,0,0,0,0
1001345,7.11,0.00,0015-09-25 10:07:13,0015-09-25 14:07:13,10,14,3.50,Tue,ios,299559,280221,976902,1,2,0,0,0,0,0,0,0
1001346,10.28,0.78,0015-08-14 03:51:05,0015-08-14 08:51:05,03,08,4.31,Wed,ios,443152,250527,976902,1,3,0,0,1,0,0,0,0
1001347,3.19,0.00,0015-03-02 14:56:13,0015-03-02 17:56:13,14,17,2.27,Wed,android,999652,874950,814002,1,3,0,0,1,0,0,0,0
1001348,4.15,0.00,0015-06-04 11:01:19,0015-06-04 14:01:19,11,14,2.07,Wed,ios,515493,951880,144857,0,2,0,0,1,0,0,0,0
1001349,4.23,0.00,0015-03-21 18:20:45,0015-03-21 22:20:45,18,22,3.42,Fri,ios,943807,801274,976902,0,3,0,0,0,0,1,0,0
1001350,23.68,0.00,0015-10-15 11:16:12,0015-10-15 12:16:12,11,12,48.70,Thu,android,975262,228137,503205,1,2,0,0,0,0,0,0,0
1001351,5.05,0.00,0015-05-14 19:25:21,0015-05-14 21:25:21,19,21,1.84,Tue,ios,239960,445920,125372,1,3,0,0,0,0,0,0,0
1001352,23.68,0.00,0015-09-11 08:25:36,0015-09-11 07:25:36,08,07,46.64,Tue,android,591201,228137,503205,1,3,0,0,0,0,0,0,0
1001353,0.55,0.00,0015-04-12 17:59:52,0015-04-12 18:59:52,17,18,0.18,Thu,ios,430499,405157,976902,1,2,0,0,0,0,0,0,0
1001354,11.28,0.00,0015-05-03 11:57:11,0015-05-03 16:57:11,11,16,4.18,Thu,android,327315,902592,566549,1,3,0,0,0,0,0,0,0
1001355,8.27,3.22,0015-09-15 14:04:51,0015-09-15 18:04:51,14,18,3.05,Mon,android,794070,575971,948590,0,1,1,0,0,0,0,0,0
1001356,9.62,0.00,0015-09-24 17:26:58,0015-09-24 21:26:58,17,21,3.82,Wed,ios,599423,711566,928191,0,1,0,0,1,0,0,0,0
1001357,6.24,0.00,0015-06-26 10:53:38,0015-06-26 15:53:38,10,15,4.46,Thu,ios,562113,738900,976902,1,3,0,0,0,0,0,0,0
1001358,1.28,0.63,0015-08-03 17:11:09,0015-08-03 20:11:09,17,20,2.33,Thu,ios,847227,371335,461655,1,3,0,0,0,0,0,0,0
1001359,11.15,0.00,0015-08-21 13:12:28,0015-08-21 17:12:28,13,17,3.02,Fri,android,225017,369001,493904,1,1,0,0,0,0,1,0,0
1001360,10.21,0.00,0015-03-18 20:26:51,0015-03-18 01:26:51,20,01,4.26,Mon,ios,151887,782629,517854,0,3,1,0,0,0,0,0,0
1001361,23.68,0.00,0015-08-20 18:09:22,0015-08-20 20:09:22,18,20,1.35,Fri,ios,901445,955429,493904,1,3,0,0,0,0,1,0,0
1001362,4.09,0.00,0015-05-24 19:16:15,0015-05-24 22:16:15,19,22,2.03,Tue,ios,493929,250527,976902,1,3,0,0,0,0,0,0,0
1001363,11.29,0.00,0015-08-13 18:54:12,0015-08-13 23:54:12,18,23,4.16,Thu,ios,408729,955429,493904,1,1,0,0,0,0,0,0,0
1001364,5.37,0.00,0015-09-16 17:32:38,0015-09-16 21:32:38,17,21,3.04,Mon,android,743668,955429,493904,0,1,1,0,0,0,0,0,0
1001365,7.04,0.00,0015-08-11 17:12:50,0015-08-11 21:12:50,17,21,3.34,Thu,ios,319365,371335,461655,1,2,0,0,0,0,0,0,0
1001366,7.80,0.00,0015-08-15 11:58:31,0015-08-15 14:58:31,11,14,2.74,Mon,ios,518767,474204,481066,1,3,1,0,0,0,0,0,0
1001367,3.96,0.00,0015-09-19 16:46:59,0015-09-19 18:46:59,16,18,1.69,Tue,android,530453,632920,461655,1,1,0,0,0,0,0,0,0
1001368,5.34,0.00,0015-06-13 16:14:27,0015-06-13 19:14:27,16,19,2.11,Tue,ios,411069,955429,493904,0,2,0,0,0,0,0,0,0
1001369,1.13,0.00,0015-03-09 12:39:32,0015-03-09 13:39:32,12,13,0.44,Mon,android,664458,575971,948590,0,3,1,0,0,0,0,0,0
1001370,2.36,0.00,0015-06-23 17:54:10,0015-06-23 18:54:10,17,18,0.96,Tue,android,179974,929628,751082,1,3,0,0,0,0,0,0,0
1001371,5.10,0.00,0015-08-18 16:09:55,0015-08-18 19:09:55,16,19,2.64,Wed,ios,711161,730023,878393,1,3,0,0,1,0,0,0,0
1001372,9.80,0.00,0015-08-10 12:48:08,0015-08-10 16:48:08,12,16,3.85,Wed,ios,622010,653450,503205,1,3,0,0,1,0,0,0,0
1001373,9.59,0.00,0015-05-24 12:24:40,0015-05-24 15:24:40,12,15,2.55,Fri,android,859400,549414,461655,1,2,0,0,0,0,1,0,0
1001374,2.64,0.00,0015-05-14 16:51:09,0015-05-14 18:51:09,16,18,1.83,Wed,ios,365222,369001,493904,1,3,0,0,1,0,0,0,0
1001375,3.81,0.00,0015-04-19 18:49:55,0015-04-19 22:49:55,18,22,3.39,Mon,ios,716696,474204,481066,0,2,1,0,0,0,0,0,0
1001376,5.29,0.00,0015-06-06 10:32:44,0015-06-06 12:32:44,10,12,1.96,Sat,android,873325,219054,814002,0,3,0,0,0,0,0,1,0
1001377,5.28,0.00,0014-01-24 18:10:34,0014-01-24 21:10:34,18,21,2.38,Tue,android,948940,944515,976902,1,3,0,0,0,0,0,0,0
1001378,3.33,0.00,0015-07-12 16:35:44,0015-07-12 18:35:44,16,18,1.72,Wed,android,165481,995505,868085,1,2,0,0,1,0,0,0,0
1001379,5.40,0.00,0015-08-14 13:59:15,0015-08-14 17:59:15,13,17,3.92,Fri,ios,504083,672450,202527,0,3,0,0,0,0,1,0,0
1001380,2.69,0.00,0015-05-24 12:05:32,0015-05-24 15:05:32,12,15,2.38,Mon,ios,522041,920264,461655,1,1,1,0,0,0,0,0,0
1001381,4.79,0.00,0015-05-04 19:00:04,0015-05-04 21:00:04,19,21,1.90,Fri,android,203965,228137,503205,0,2,0,0,0,0,1,0,0
1001382,2.75,0.00,0015-08-15 18:47:38,0015-08-15 22:47:38,18,22,3.48,Mon,ios,120745,507660,202527,1,1,1,0,0,0,0,0,0
1001383,5.71,0.00,0015-07-25 09:40:46,0015-07-25 12:40:46,09,12,2.46,Mon,ios,785967,280221,976902,0,3,1,0,0,0,0,0,0
1001384,11.09,0.00,0015-03-14 15:07:29,0015-03-14 20:07:29,15,20,4.26,Wed,ios,358945,653450,503205,1,3,0,0,1,0,0,0,0
1001385,3.10,0.00,0015-08-23 16:52:46,0015-08-23 18:52:46,16,18,1.65,Wed,ios,279112,371335,461655,0,3,0,0,1,0,0,0,0
1001386,9.50,0.00,0015-09-10 13:39:32,0015-09-10 17:39:32,13,17,3.08,Wed,android,758793,237105,948590,0,2,0,0,1,0,0,0,0
1001387,4.49,0.00,0015-08-20 15:01:28,0015-08-20 18:01:28,15,18,2.18,Thu,ios,165985,801274,976902,0,1,0,0,0,0,0,0,0
1001388,5.90,0.00,0015-07-26 05:38:29,0015-07-26 08:38:29,05,08,2.30,Fri,ios,525331,405157,976902,1,4,0,0,0,0,1,0,0
1001389,4.55,0.00,0015-05-10 13:07:26,0015-05-10 16:07:26,13,16,2.71,Mon,ios,709773,207262,928191,1,3,1,0,0,0,0,0,0
1001390,6.60,0.00,0015-12-01 15:16:18,0015-12-01 18:16:18,15,18,2.32,Fri,ios,442535,920264,461655,0,1,0,0,0,0,1,0,0
1001391,5.70,0.14,0015-09-15 12:02:25,0015-09-15 15:02:25,12,15,2.54,Tue,ios,475987,878706,461655,1,1,0,0,0,0,0,0,0
1001392,6.58,0.00,0015-01-07 15:55:42,0015-01-07 19:55:42,15,19,3.73,Thu,ios,872688,414088,566549,1,2,0,0,0,0,0,0,0
1001393,20.27,0.00,0015-09-28 12:15:00,0015-09-28 14:15:00,12,14,1.64,Mon,ios,812672,369001,493904,1,3,1,0,0,0,0,0,0
1001394,0.76,0.07,0015-08-25 18:38:22,0015-08-25 22:38:22,18,22,3.23,Wed,android,300888,875343,747048,0,2,0,0,1,0,0,0,0
1001395,5.83,0.00,0015-08-15 11:36:03,0015-08-15 14:36:03,11,14,2.82,Sat,android,534577,474204,481066,0,3,0,0,0,0,0,1,0
1001396,2.27,0.18,0015-03-12 11:56:44,0015-03-12 13:56:44,11,13,1.47,Mon,ios,145367,474204,481066,1,2,1,0,0,0,0,0,0
1001397,4.23,0.00,0015-06-13 18:52:58,0015-06-13 21:52:58,18,21,2.48,Wed,android,460912,995505,868085,0,3,0,0,1,0,0,0,0
1001398,4.39,0.00,0015-07-06 12:11:54,0015-07-06 14:11:54,12,14,1.84,Fri,android,560929,738900,976902,0,2,0,0,0,0,1,0,0
1001399,5.53,0.00,0015-06-10 12:43:50,0015-06-10 15:43:50,12,15,2.35,Wed,android,343018,369001,493904,1,2,0,0,1,0,0,0,0
1001400,2.70,0.00,0015-07-11 10:46:22,0015-07-11 13:46:22,10,13,2.02,Wed,ios,513544,369001,493904,1,2,0,0,1,0,0,0,0
1001401,10.63,0.00,0015-04-25 18:30:15,0015-04-25 23:30:15,18,23,4.32,Tue,ios,662111,474204,481066,0,2,0,0,0,0,0,0,0
1001402,4.13,0.00,0015-08-11 16:35:20,0015-08-11 18:35:20,16,18,1.78,Thu,ios,427814,207262,928191,1,2,0,0,0,0,0,0,0
1001403,1.67,0.00,0015-07-15 15:04:03,0015-07-15 18:04:03,15,18,2.38,Tue,android,570010,944515,976902,1,3,0,0,0,0,0,0,0
1001404,5.78,0.00,0015-05-25 11:09:19,0015-05-25 14:09:19,11,14,2.64,Wed,ios,583649,474204,481066,1,2,0,0,1,0,0,0,0
1001405,6.02,0.00,0015-08-09 13:18:54,0015-08-09 18:18:54,13,18,4.08,Thu,ios,230874,280221,976902,1,3,0,0,0,0,0,0,0
1001406,23.68,0.00,0015-09-27 11:41:33,0015-09-27 16:41:33,11,16,4.27,Fri,android,283587,638536,868085,0,3,0,0,0,0,1,0,0
1001407,7.52,0.00,0015-06-07 14:00:18,0015-06-07 18:00:18,14,18,3.81,Fri,android,420580,955429,493904,1,3,0,0,0,0,1,0,0
1001408,3.08,0.00,0015-05-26 11:51:50,0015-05-26 14:51:50,11,14,2.84,Mon,android,406747,728918,928191,1,3,1,0,0,0,0,0,0
1001409,9.05,0.63,0015-04-06 16:37:51,0015-04-06 19:37:51,16,19,2.54,Wed,ios,369434,474204,481066,0,2,0,0,1,0,0,0,0
1001410,1.21,0.00,0015-07-20 12:37:36,0015-07-20 16:37:36,12,16,3.06,Thu,android,338944,237105,948590,1,3,0,0,0,0,0,0,0
1001411,2.74,0.00,0015-05-06 16:06:45,0015-05-06 18:06:45,16,18,1.17,Fri,android,508800,250527,976902,1,2,0,0,0,0,1,0,0
1001412,8.04,0.00,0015-09-27 17:42:39,0015-09-27 21:42:39,17,21,3.47,Mon,ios,614094,863084,751082,1,2,1,0,0,0,0,0,0
1001413,4.27,0.00,0015-06-24 19:07:53,0015-06-24 23:07:53,19,23,3.08,Thu,ios,792409,638536,868085,0,3,0,0,0,0,0,0,0
1001414,9.40,0.92,0015-09-18 11:12:40,0015-09-18 15:12:40,11,15,3.12,Mon,ios,375452,549414,461655,0,3,1,0,0,0,0,0,0
1001415,23.68,1.03,0015-09-16 11:48:55,0015-09-16 13:48:55,11,13,1.71,Mon,android,653819,228137,503205,1,3,1,0,0,0,0,0,0
1001416,3.52,0.30,0015-09-08 10:39:31,0015-09-08 14:39:31,10,14,3.84,Thu,android,747176,643012,517854,0,2,0,0,0,0,0,0,0
1001417,1.75,0.00,0015-09-27 17:06:28,0015-09-27 20:06:28,17,20,2.72,Mon,ios,317816,728918,928191,1,3,1,0,0,0,0,0,0
1001418,0.91,0.02,0015-04-17 12:34:48,0015-04-17 13:34:48,12,13,0.34,Thu,ios,513730,944515,976902,1,3,0,0,0,0,0,0,0
1001419,8.68,0.70,0015-04-01 15:15:54,0015-04-01 18:15:54,15,18,2.90,Thu,ios,858652,944515,976902,1,3,0,0,0,0,0,0,0
1001420,2.02,0.00,0015-08-04 14:54:32,0015-08-04 18:54:32,14,18,3.45,Fri,ios,316619,250527,976902,1,2,0,0,0,0,1,0,0
1001421,8.46,0.00,0015-09-07 14:24:48,0015-09-07 17:24:48,14,17,2.55,Mon,ios,695958,489543,868085,1,2,1,0,0,0,0,0,0
1001422,23.68,0.00,0015-09-11 08:34:20,0015-09-11 15:34:20,08,15,30.36,Wed,ios,572239,664306,868085,0,1,0,0,1,0,0,0,0
1001423,3.37,0.00,0015-06-19 12:31:36,0015-06-19 14:31:36,12,14,1.87,Tue,android,811818,250527,976902,0,3,0,0,0,0,0,0,0
1001424,8.69,0.00,0015-09-06 13:29:01,0015-09-06 17:29:01,13,17,3.91,Thu,ios,361487,987396,978130,1,3,0,0,0,0,0,0,0
1001425,3.34,0.00,0015-07-23 10:43:26,0015-07-23 12:43:26,10,12,1.08,Fri,ios,314683,711566,928191,1,3,0,0,0,0,1,0,0
1001426,1.55,0.00,0015-08-02 17:23:07,0015-08-02 18:23:07,17,18,0.61,Mon,android,249642,914907,648339,1,3,1,0,0,0,0,0,0
1001427,6.69,0.00,0015-04-09 17:40:16,0015-04-09 21:40:16,17,21,3.32,Wed,ios,122657,801274,976902,1,2,0,0,1,0,0,0,0
1001428,7.78,7.50,0015-03-25 11:55:58,0015-03-25 15:55:58,11,15,3.27,Fri,ios,999883,955429,493904,1,3,0,0,0,0,1,0,0
1001429,10.03,0.00,0015-07-12 12:07:54,0015-07-12 16:07:54,12,16,3.42,Thu,ios,614808,730023,878393,1,3,0,0,0,0,0,0,0
1001430,10.14,0.00,0015-05-18 12:35:07,0015-05-18 16:35:07,12,16,3.68,Wed,ios,136820,995505,868085,1,2,0,0,1,0,0,0,0
1001431,5.88,0.00,0015-08-17 18:31:13,0015-08-17 21:31:13,18,21,2.95,Mon,ios,524361,228137,503205,1,3,1,0,0,0,0,0,0
1001432,3.56,0.22,0015-02-01 11:38:00,0015-02-01 15:38:00,11,15,3.17,Fri,ios,295338,863084,751082,1,1,0,0,0,0,1,0,0
1001433,11.69,0.00,0015-06-09 19:04:41,0015-06-09 23:04:41,19,23,3.88,Wed,android,572079,369001,493904,1,2,0,0,1,0,0,0,0
1001434,8.07,0.00,0015-09-23 09:31:44,0015-09-23 13:31:44,09,13,3.08,Tue,android,351865,878706,461655,0,1,0,0,0,0,0,0,0
1001435,4.40,0.00,0015-03-04 15:40:59,0015-03-04 17:40:59,15,17,1.61,Thu,ios,597726,801274,976902,1,2,0,0,0,0,0,0,0
1001436,2.31,0.00,0015-06-06 12:11:23,0015-06-06 14:11:23,12,14,1.10,Wed,android,827603,250527,976902,0,3,0,0,1,0,0,0,0
1001437,5.00,0.00,0015-07-02 17:02:12,0015-07-02 20:02:12,17,20,2.30,Wed,ios,672685,369001,493904,1,3,0,0,1,0,0,0,0
1001438,6.74,0.00,0015-05-02 10:02:38,0015-05-02 13:02:38,10,13,2.37,Thu,ios,477897,575971,948590,1,3,0,0,0,0,0,0,0
1001439,1.92,0.00,0015-08-20 13:20:01,0015-08-20 14:20:01,13,14,0.91,Mon,ios,937319,875343,747048,1,3,1,0,0,0,0,0,0
1001440,1.86,0.00,0015-04-15 09:10:10,0015-04-15 11:10:10,09,11,1.26,Thu,ios,179241,517464,144857,0,3,0,0,0,0,0,0,0
1001441,5.67,0.00,0015-05-11 17:55:59,0015-05-11 21:55:59,17,21,3.43,Fri,android,673736,569886,868085,0,4,0,0,0,0,1,0,0
1001442,23.68,0.00,0014-07-08 11:26:03,0014-07-08 02:26:03,11,02,38.28,Mon,android,238144,582873,461655,1,1,1,0,0,0,0,0,0
1001443,2.05,3.44,0015-08-07 12:58:37,0015-08-07 15:58:37,12,15,2.19,Tue,ios,877946,369001,493904,0,3,0,0,0,0,0,0,0
1001444,6.30,0.00,0015-07-07 15:43:11,0015-07-07 18:43:11,15,18,2.60,Mon,android,783195,474204,481066,1,3,1,0,0,0,0,0,0
1001445,6.93,0.00,0015-08-05 19:17:22,0015-08-05 23:17:22,19,23,3.81,Mon,android,702902,369001,493904,0,3,1,0,0,0,0,0,0
1001446,5.59,0.00,0015-09-06 17:51:27,0015-09-06 20:51:27,17,20,2.93,Wed,android,533716,237105,948590,1,3,0,0,1,0,0,0,0
1001447,23.68,2.42,0015-09-14 13:08:13,0015-09-14 16:08:13,13,16,2.71,Fri,android,885594,366832,978130,1,3,0,0,0,0,1,0,0
1001448,6.71,0.00,0015-08-19 14:02:31,0015-08-19 17:02:31,14,17,2.26,Mon,ios,872776,369001,493904,0,3,1,0,0,0,0,0,0
1001449,9.34,0.00,0015-09-13 19:38:46,0015-09-13 23:38:46,19,23,3.17,Fri,ios,558276,250527,976902,1,3,0,0,0,0,1,0,0
1001450,3.12,0.00,0015-03-17 11:26:20,0015-03-17 14:26:20,11,14,2.20,Mon,android,879595,369001,493904,0,3,1,0,0,0,0,0,0
1001451,3.01,0.00,0015-09-11 12:00:56,0015-09-11 14:00:56,12,14,1.99,Thu,android,405859,489543,868085,0,3,0,0,0,0,0,0,0
1001452,8.47,0.40,0015-07-01 15:33:33,0015-07-01 19:33:33,15,19,3.02,Sun,android,997448,594591,461655,0,3,0,0,0,0,0,0,1
1001453,3.98,0.00,0015-09-05 17:43:31,0015-09-05 19:43:31,17,19,1.97,Wed,ios,582167,623134,620906,0,2,0,0,1,0,0,0,0
1001454,20.76,0.00,0015-07-10 16:34:53,0015-07-10 22:34:53,16,22,5.58,Thu,ios,356842,902592,566549,1,3,0,0,0,0,0,0,0
1001455,2.44,0.00,0015-08-09 15:43:14,0015-08-09 18:43:14,15,18,2.12,Tue,ios,200790,884707,648339,1,3,0,0,0,0,0,0,0
1001456,7.76,0.63,0015-04-23 16:16:21,0015-04-23 19:16:21,16,19,2.81,Tue,ios,989050,955429,493904,0,3,0,0,0,0,0,0,0
1001457,8.73,0.00,0015-05-14 11:01:28,0015-05-14 14:01:28,11,14,2.34,Tue,android,524067,801274,976902,1,2,0,0,0,0,0,0,0
1001458,9.87,0.00,0015-03-21 10:46:01,0015-03-21 14:46:01,10,14,3.75,Tue,android,784319,569886,868085,1,1,0,0,0,0,0,0,0
1001459,6.13,0.00,0015-09-13 01:09:02,0015-09-13 04:09:02,01,04,2.90,Fri,android,338447,944515,976902,0,3,0,0,0,0,1,0,0
1001460,0.49,0.00,0015-10-08 11:22:29,0015-10-08 12:22:29,11,12,0.29,Wed,android,678457,507660,202527,0,1,0,0,1,0,0,0,0
1001461,23.68,0.00,0015-04-06 10:50:40,0015-04-06 16:50:40,10,16,29.47,Tue,ios,133247,730023,878393,1,3,0,0,0,0,0,0,0
1001462,6.48,0.00,0015-05-02 12:05:08,0015-05-02 15:05:08,12,15,2.99,Thu,android,284319,575971,948590,1,2,0,0,0,0,0,0,0
1001463,3.71,0.00,0015-08-03 16:22:05,0015-08-03 18:22:05,16,18,1.48,Mon,ios,550240,987396,978130,1,3,1,0,0,0,0,0,0
1001464,1.57,0.00,0015-09-25 16:16:19,0015-09-25 19:16:19,16,19,2.49,Wed,ios,539313,730023,878393,0,1,0,0,1,0,0,0,0
1001465,3.81,0.00,0015-06-20 09:05:21,0015-06-20 12:05:21,09,12,2.08,Mon,ios,424143,981639,572514,1,1,1,0,0,0,0,0,0
1001466,6.51,0.00,0015-05-16 12:26:34,0015-05-16 14:26:34,12,14,1.77,Tue,ios,292175,474204,481066,1,3,0,0,0,0,0,0,0
1001467,12.44,7.50,0015-07-13 16:59:22,0015-07-13 21:59:22,16,21,4.41,Sat,android,563396,369001,493904,0,1,0,0,0,0,0,1,0
1001468,8.03,0.00,0015-08-26 17:39:18,0015-08-26 20:39:18,17,20,2.74,Fri,ios,138272,738900,976902,1,3,0,0,0,0,1,0,0
1001469,6.27,0.00,0015-09-10 14:09:08,0015-09-10 17:09:08,14,17,2.08,Mon,android,874814,944515,976902,0,3,1,0,0,0,0,0,0
1001470,5.78,0.00,0015-09-21 12:27:53,0015-09-21 15:27:53,12,15,2.13,Fri,ios,519083,653450,503205,0,3,0,0,0,0,1,0,0
1001471,8.77,0.00,0015-06-04 17:42:45,0015-06-04 21:42:45,17,21,3.14,Wed,android,998812,474204,481066,0,3,0,0,1,0,0,0,0
1001472,3.90,0.00,0015-05-17 17:55:55,0015-05-17 20:55:55,17,20,2.82,Wed,ios,124326,801274,976902,0,3,0,0,1,0,0,0,0
1001473,2.43,0.00,0015-09-27 17:06:02,0015-09-27 19:06:02,17,19,1.85,Fri,android,941112,568071,144857,0,3,0,0,0,0,1,0,0
1001474,7.60,0.00,0015-03-20 09:47:33,0015-03-20 12:47:33,09,12,2.61,Wed,android,629778,514669,566549,1,2,0,0,1,0,0,0,0
1001475,6.92,0.00,0015-05-04 16:38:28,0015-05-04 19:38:28,16,19,2.96,Sat,ios,134009,369001,493904,0,2,0,0,0,0,0,1,0
1001476,2.99,0.00,0015-09-04 10:48:44,0015-09-04 13:48:44,10,13,2.80,Wed,ios,885608,875343,747048,1,3,0,0,1,0,0,0,0
1001477,8.63,0.00,0015-07-12 17:43:45,0015-07-12 21:43:45,17,21,3.15,Thu,ios,986467,474204,481066,0,2,0,0,0,0,0,0,0
1001478,3.93,0.00,0015-07-21 18:07:04,0015-07-21 20:07:04,18,20,1.98,Fri,ios,274554,562656,481066,1,3,0,0,0,0,1,0,0
1001479,2.27,0.00,0015-09-05 04:49:29,0015-09-05 08:49:29,04,08,3.10,Thu,android,679364,728918,928191,0,3,0,0,0,0,0,0,0
1001480,9.30,0.70,0015-08-07 11:43:38,0015-08-07 15:43:38,11,15,3.99,Tue,ios,455307,474204,481066,0,3,0,0,0,0,0,0,0
1001481,0.46,0.00,0015-09-01 10:11:51,0015-09-01 13:11:51,10,13,2.24,Tue,ios,624813,569889,461655,1,3,0,0,0,0,0,0,0
1001482,23.68,0.00,0015-06-25 11:08:13,0015-06-25 15:08:13,11,15,3.98,Tue,ios,503126,371335,461655,0,3,0,0,0,0,0,0,0
1001483,5.00,0.00,0015-08-22 11:30:01,0015-08-22 14:30:01,11,14,2.51,Thu,android,706144,405157,976902,0,3,0,0,0,0,0,0,0
1001484,0.98,0.00,0015-06-05 18:05:20,0015-06-05 19:05:20,18,19,0.86,Mon,android,603675,474204,481066,0,3,1,0,0,0,0,0,0
1001485,6.05,0.00,0015-06-21 19:33:49,0015-06-21 22:33:49,19,22,2.15,Wed,android,664336,549414,461655,0,3,0,0,1,0,0,0,0
1001486,2.52,0.00,0015-06-08 13:01:00,0015-06-08 16:01:00,13,16,2.29,Thu,ios,999837,369001,493904,1,3,0,0,0,0,0,0,0
1001487,23.68,0.00,0015-06-12 13:48:51,0015-06-12 17:48:51,13,17,3.44,Tue,ios,744312,425476,928191,0,3,0,0,0,0,0,0,0
1001488,11.77,0.00,0015-08-27 12:07:56,0015-08-27 16:07:56,12,16,3.59,Wed,ios,947652,474204,481066,1,3,0,0,1,0,0,0,0
1001489,10.87,0.00,0015-09-11 11:20:47,0015-09-11 15:20:47,11,15,3.60,Fri,ios,445522,431796,461655,0,1,0,0,0,0,1,0,0
1001490,3.99,0.12,0015-08-04 13:21:23,0015-08-04 16:21:23,13,16,2.15,Tue,ios,870023,237105,948590,1,3,0,0,0,0,0,0,0
1001491,5.29,0.00,0015-09-12 16:49:17,0015-09-12 19:49:17,16,19,2.60,Tue,ios,313463,219054,814002,1,3,0,0,0,0,0,0,0
1001492,23.68,0.00,0015-04-21 11:30:34,0015-04-21 14:30:34,11,14,50.08,Fri,ios,421803,955429,493904,0,3,0,0,0,0,1,0,0
1001493,4.94,0.00,0015-09-03 11:53:19,0015-09-03 14:53:19,11,14,2.82,Fri,android,448474,369001,493904,1,4,0,0,0,0,1,0,0
1001494,4.87,0.00,0015-08-15 10:11:35,0015-08-15 13:11:35,10,13,2.86,Thu,ios,784408,878706,461655,0,3,0,0,0,0,0,0,0
1001495,4.44,0.44,0015-04-23 17:13:21,0015-04-23 19:13:21,17,19,1.99,Thu,ios,654711,664306,868085,1,3,0,0,0,0,0,0,0
1001496,7.30,0.00,0015-07-23 18:01:51,0015-07-23 21:01:51,18,21,2.17,Fri,ios,827629,129465,461655,1,3,0,0,0,0,1,0,0
1001497,3.89,0.00,0014-05-22 17:33:53,0014-05-22 21:33:53,17,21,3.11,Wed,ios,725141,369001,493904,0,1,0,0,1,0,0,0,0
1001498,1.92,0.00,0015-06-21 11:47:20,0015-06-21 14:47:20,11,14,2.57,Fri,ios,460984,638536,868085,1,2,0,0,0,0,1,0,0
1001499,6.40,0.00,0015-04-27 09:50:33,0015-04-27 12:50:33,09,12,2.15,Fri,ios,864037,549414,461655,1,3,0,0,0,0,1,0,0
1001500,2.17,0.00,0015-05-04 10:06:48,0015-05-04 12:06:48,10,12,1.07,Tue,ios,615710,728918,928191,1,3,0,0,0,0,0,0,0
1001501,4.89,0.00,0015-09-12 18:07:18,0015-09-12 21:07:18,18,21,2.18,Tue,android,976133,987396,978130,1,1,0,0,0,0,0,0,0
1001502,23.68,7.50,0015-05-01 11:57:11,0015-05-01 15:57:11,11,15,3.54,Thu,android,293341,616125,700367,0,1,0,0,0,0,0,0,0
1001503,8.34,0.00,0015-09-28 14:04:28,0015-09-28 17:04:28,14,17,2.71,Wed,android,303442,288445,978130,1,3,0,0,1,0,0,0,0
1001504,3.84,0.00,0015-09-10 18:37:12,0015-09-10 20:37:12,18,20,1.99,Thu,android,994237,250527,976902,1,2,0,0,0,0,0,0,0
1001505,0.15,0.00,0015-05-08 13:58:35,0015-05-08 14:58:35,13,14,0.10,Mon,ios,163822,445920,125372,1,3,1,0,0,0,0,0,0
1001506,4.80,0.00,0015-08-04 14:44:38,0015-08-04 17:44:38,14,17,2.02,Wed,ios,667193,481613,648339,0,3,0,0,1,0,0,0,0
1001507,23.68,0.00,0015-08-21 11:03:19,0015-08-21 17:03:19,11,17,29.86,Tue,android,514326,219054,814002,0,3,0,0,0,0,0,0,0
1001508,6.73,0.00,0015-07-12 16:13:37,0015-07-12 19:13:37,16,19,2.78,Mon,ios,672660,366832,978130,1,3,1,0,0,0,0,0,0
1001509,0.22,0.00,0015-07-14 12:54:55,0015-07-14 13:54:55,12,13,0.36,Mon,ios,985462,474204,481066,1,1,1,0,0,0,0,0,0
1001510,9.07,0.00,0015-05-27 12:19:56,0015-05-27 16:19:56,12,16,3.76,Tue,ios,281773,612116,461655,0,2,0,0,0,0,0,0,0
1001511,1.27,0.00,0015-05-06 08:15:22,0015-05-06 09:15:22,08,09,0.99,Wed,ios,162263,207262,928191,1,1,0,0,1,0,0,0,0
1001512,1.63,0.00,0015-05-23 12:43:57,0015-05-23 13:43:57,12,13,0.55,Mon,ios,921420,920264,461655,1,3,1,0,0,0,0,0,0
1001513,10.00,0.00,0015-09-28 11:15:25,0015-09-28 16:15:25,11,16,4.27,Wed,ios,876385,369001,493904,1,4,0,0,1,0,0,0,0
1001514,3.97,0.00,0015-04-25 17:17:05,0015-04-25 19:17:05,17,19,1.72,Thu,android,741443,237105,948590,0,3,0,0,0,0,0,0,0
1001515,4.75,0.00,0015-03-13 19:12:04,0015-03-13 22:12:04,19,22,2.76,Tue,android,724214,431796,461655,0,3,0,0,0,0,0,0,0
1001516,4.26,0.00,0015-04-20 13:50:06,0015-04-20 17:50:06,13,17,3.06,Wed,ios,857645,474204,481066,1,3,0,0,1,0,0,0,0
1001517,6.04,0.00,0015-09-22 12:54:32,0015-09-22 16:54:32,12,16,3.19,Mon,ios,750967,474204,481066,1,3,1,0,0,0,0,0,0
1001518,12.54,0.00,0015-09-06 15:42:47,0015-09-06 19:42:47,15,19,3.99,Fri,android,211038,369001,493904,1,3,0,0,0,0,1,0,0
1001519,3.91,0.00,0015-09-09 12:13:46,0015-09-09 16:13:46,12,16,3.62,Thu,android,992707,874950,814002,1,3,0,0,0,0,0,0,0
1001520,10.60,0.00,0015-07-05 13:23:44,0015-07-05 17:23:44,13,17,3.53,Mon,android,366728,414088,566549,0,2,1,0,0,0,0,0,0
1001521,23.68,0.00,0015-08-06 10:47:59,0015-08-06 10:47:59,10,10,23.98,Thu,ios,969809,219054,814002,1,2,0,0,0,0,0,0,0
1001522,3.87,0.22,0015-09-18 15:27:22,0015-09-18 17:27:22,15,17,1.27,Mon,ios,554338,414088,566549,1,3,1,0,0,0,0,0,0
1001523,5.18,0.00,0015-06-24 17:33:33,0015-06-24 19:33:33,17,19,1.91,Mon,ios,601036,562656,481066,1,2,1,0,0,0,0,0,0
1001524,6.66,7.50,0015-02-05 12:42:37,0015-02-05 16:42:37,12,16,3.65,Thu,ios,923903,944515,976902,1,3,0,0,0,0,0,0,0
1001525,4.99,0.00,0015-05-25 12:06:34,0015-05-25 14:06:34,12,14,1.86,Tue,ios,414442,955429,493904,1,1,0,0,0,0,0,0,0
1001526,5.25,0.00,0015-05-21 18:00:05,0015-05-21 22:00:05,18,22,3.89,Fri,ios,283504,369001,493904,1,4,0,0,0,0,1,0,0
1001527,1.24,0.00,0015-08-27 12:44:28,0015-08-27 13:44:28,12,13,0.65,Thu,ios,155171,730023,878393,0,1,0,0,0,0,0,0,0
1001528,8.26,0.00,0015-05-21 17:02:01,0015-05-21 21:02:01,17,21,3.45,Wed,ios,900079,653450,503205,1,3,0,0,1,0,0,0,0
1001529,0.20,0.00,0015-04-03 13:37:14,0015-04-03 16:37:14,13,16,2.50,Thu,ios,609454,200695,202527,0,3,0,0,0,0,0,0,0
1001530,21.86,0.00,0015-06-14 16:53:53,0015-06-14 17:53:53,16,17,0.86,Wed,ios,471183,228137,503205,1,3,0,0,1,0,0,0,0
1001531,3.29,0.00,0015-05-03 11:28:52,0015-05-03 14:28:52,11,14,2.61,Fri,android,924705,981639,572514,1,1,0,0,0,0,1,0,0
1001532,2.29,0.00,0015-09-03 11:27:19,0015-09-03 13:27:19,11,13,1.56,Tue,ios,885242,782629,517854,1,3,0,0,0,0,0,0,0
1001533,1.85,0.00,0015-07-16 13:26:57,0015-07-16 18:26:57,13,18,4.27,Tue,android,753971,878706,461655,0,3,0,0,0,0,0,0,0
1001534,5.65,5.52,0015-09-28 13:21:06,0015-09-28 16:21:06,13,16,2.84,Mon,ios,414341,405157,976902,0,3,1,0,0,0,0,0,0
1001535,2.31,0.00,0015-05-09 13:49:17,0015-05-09 15:49:17,13,15,1.09,Tue,ios,625318,569889,461655,0,2,0,0,0,0,0,0,0
1001536,6.68,0.00,0015-07-12 08:55:18,0015-07-12 12:55:18,08,12,3.63,Fri,ios,143476,474204,481066,1,4,0,0,0,0,1,0,0
1001537,1.50,0.00,0015-05-03 16:41:00,0015-05-03 03:41:00,16,03,34.23,Fri,ios,605108,207262,928191,0,1,0,0,0,0,1,0,0
1001538,0.77,0.00,0015-04-25 11:37:38,0015-04-25 12:37:38,11,12,0.27,Wed,android,548099,280221,976902,1,3,0,0,1,0,0,0,0
1001539,23.59,0.00,0015-08-08 10:29:32,0015-08-08 21:29:32,10,21,10.87,Fri,ios,668571,371335,461655,0,3,0,0,0,0,1,0,0
1001540,4.65,0.00,0015-09-14 12:54:29,0015-09-14 14:54:29,12,14,1.52,Mon,ios,920142,260408,481066,1,1,1,0,0,0,0,0,0
1001541,11.04,0.00,0015-09-17 12:47:38,0015-09-17 16:47:38,12,16,3.02,Thu,ios,215339,951880,144857,1,2,0,0,0,0,0,0,0
1001542,8.80,0.00,0015-06-27 16:35:24,0015-06-27 17:35:24,16,17,0.34,Fri,ios,138278,219054,814002,1,3,0,0,0,0,1,0,0
1001543,5.49,0.00,0015-06-07 13:01:25,0015-06-07 16:01:25,13,16,2.76,Wed,ios,226083,638536,868085,1,2,0,0,1,0,0,0,0
1001544,9.03,0.00,0015-08-16 18:58:36,0015-08-16 22:58:36,18,22,3.22,Tue,ios,551839,366832,978130,1,2,0,0,0,0,0,0,0
1001545,3.82,0.00,0015-06-13 17:30:48,0015-06-13 19:30:48,17,19,1.98,Fri,ios,989000,951880,144857,1,2,0,0,0,0,1,0,0
1001546,0.92,0.00,0015-07-21 12:20:54,0015-07-21 13:20:54,12,13,0.36,Fri,android,161533,236379,928191,1,2,0,0,0,0,1,0,0
1001547,1.41,0.00,0015-07-28 10:25:43,0015-07-28 14:25:43,10,14,3.47,Mon,android,900069,369001,493904,1,3,1,0,0,0,0,0,0
1001548,5.37,0.00,0015-08-26 13:37:37,0015-08-26 15:37:37,13,15,1.82,Mon,android,267497,894409,928191,1,2,1,0,0,0,0,0,0
1001549,2.07,0.00,0015-07-07 18:49:51,0015-07-07 21:49:51,18,21,2.07,Fri,ios,422920,280221,976902,0,2,0,0,0,0,1,0,0
1001550,8.47,0.34,0015-08-23 11:37:34,0015-08-23 15:37:34,11,15,3.35,Tue,ios,770809,711566,928191,0,3,0,0,0,0,0,0,0
1001551,23.68,0.00,0015-06-14 15:28:01,0015-06-14 17:28:01,15,17,49.05,Tue,android,485733,414088,566549,1,3,0,0,0,0,0,0,0
1001552,6.25,0.00,0015-05-17 11:47:49,0015-05-17 14:47:49,11,14,2.21,Thu,ios,961956,569889,461655,0,2,0,0,0,0,0,0,0
1001553,6.12,0.00,0015-07-01 13:24:40,0015-07-01 16:24:40,13,16,2.48,Fri,ios,708067,207262,928191,0,2,0,0,0,0,1,0,0
1001554,8.13,0.00,0015-09-09 16:56:49,0015-09-09 20:56:49,16,20,3.04,Thu,ios,309414,489543,868085,0,3,0,0,0,0,0,0,0
1001555,4.55,0.00,0015-04-05 15:26:40,0015-04-05 18:26:40,15,18,2.28,Thu,android,771740,355208,976902,0,3,0,0,0,0,0,0,0
1001556,7.36,0.00,0015-03-06 10:38:26,0015-03-06 13:38:26,10,13,2.96,Mon,ios,131657,891421,144857,0,3,1,0,0,0,0,0,0
1001557,6.58,0.00,0015-04-11 15:36:11,0015-04-11 19:36:11,15,19,3.22,Tue,android,721109,414088,566549,0,3,0,0,0,0,0,0,0
1001558,0.54,0.00,0015-09-26 10:30:25,0015-09-26 13:30:25,10,13,2.52,Thu,android,578454,369001,493904,1,2,0,0,0,0,0,0,0
1001559,5.80,0.00,0015-05-09 11:17:17,0015-05-09 14:17:17,11,14,2.02,Thu,ios,647273,738900,976902,0,3,0,0,0,0,0,0,0
1001560,8.23,0.00,0015-09-24 08:18:51,0015-09-24 12:18:51,08,12,3.28,Mon,ios,119469,987396,978130,1,3,1,0,0,0,0,0,0
1001561,9.53,0.00,0015-05-01 12:11:35,0015-05-01 17:11:35,12,17,4.17,Mon,ios,495022,562656,481066,0,3,1,0,0,0,0,0,0
1001562,9.32,0.00,0015-04-11 11:08:54,0015-04-11 15:08:54,11,15,3.60,Fri,ios,625580,562656,481066,0,3,0,0,0,0,1,0,0
1001563,23.68,0.00,0015-09-09 17:43:01,0015-09-09 19:43:01,17,19,25.77,Thu,android,254004,863084,751082,1,3,0,0,0,0,0,0,0
1001564,3.26,0.00,0015-08-12 11:17:45,0015-08-12 14:17:45,11,14,2.54,Mon,android,945988,219054,814002,1,3,1,0,0,0,0,0,0
1001565,6.70,7.50,0015-10-05 15:23:37,0015-10-05 18:23:37,15,18,2.31,Thu,ios,369035,955429,493904,1,2,0,0,0,0,0,0,0
1001566,2.23,0.00,0015-05-05 14:00:24,0015-05-05 17:00:24,14,17,2.59,Fri,ios,461499,801274,976902,1,3,0,0,0,0,1,0,0
1001567,9.97,0.00,0015-09-05 16:37:58,0015-09-05 20:37:58,16,20,3.51,Sat,android,600652,944515,976902,0,4,0,0,0,0,0,1,0
1001568,0.62,0.00,0015-07-06 13:23:58,0015-07-06 17:23:58,13,17,3.65,Fri,android,946703,955429,493904,1,3,0,0,0,0,1,0,0
1001569,4.00,0.00,0015-05-24 15:12:48,0015-05-24 19:12:48,15,19,3.10,Thu,android,411941,369001,493904,1,3,0,0,0,0,0,0,0
1001570,23.68,0.00,0015-08-20 10:46:47,0015-08-20 15:46:47,10,15,4.54,Sat,ios,398051,228137,503205,0,3,0,0,0,0,0,1,0
1001571,7.30,0.00,0015-05-26 11:36:31,0015-05-26 14:36:31,11,14,2.34,Fri,ios,555898,369001,493904,0,2,0,0,0,0,1,0,0
1001572,7.33,1.20,0015-07-23 17:08:18,0015-07-23 22:08:18,17,22,4.16,Mon,android,343403,955429,493904,1,3,1,0,0,0,0,0,0
1001573,7.19,0.00,0015-11-04 19:39:16,0015-11-04 22:39:16,19,22,2.98,Mon,ios,671682,911231,202527,0,1,1,0,0,0,0,0,0
1001574,0.17,0.00,0015-03-18 12:08:56,0015-03-18 13:08:56,12,13,0.08,Sat,ios,528909,369001,493904,1,2,0,0,0,0,0,1,0
1001575,23.68,0.00,0015-08-25 10:41:58,0015-08-25 14:41:58,10,14,3.50,Fri,ios,422283,944515,976902,1,2,0,0,0,0,1,0,0
1001576,9.41,0.00,0015-05-07 10:30:42,0015-05-07 14:30:42,10,14,3.15,Tue,android,277794,902592,566549,1,3,0,0,0,0,0,0,0
1001577,1.13,0.00,0015-06-19 10:48:42,0015-06-19 12:48:42,10,12,1.83,Sat,ios,857316,517464,144857,1,2,0,0,0,0,0,1,0
1001578,11.20,0.00,0015-07-10 09:46:11,0015-07-10 13:46:11,09,13,3.75,Wed,ios,917606,250527,976902,1,2,0,0,1,0,0,0,0
1001579,1.87,0.04,0015-07-05 12:49:14,0015-07-05 15:49:14,12,15,2.32,Fri,ios,893830,728918,928191,0,3,0,0,0,0,1,0,0
1001580,3.17,0.18,0015-08-28 16:49:22,0015-08-28 18:49:22,16,18,1.22,Thu,ios,502156,207262,928191,1,3,0,0,0,0,0,0,0
1001581,6.53,0.00,0015-08-17 17:00:22,0015-08-17 20:00:22,17,20,2.40,Wed,ios,373229,944515,976902,1,1,0,0,1,0,0,0,0
1001582,1.59,0.00,0015-07-04 15:58:25,0015-07-04 16:58:25,15,16,0.76,Mon,android,969138,369001,493904,0,3,1,0,0,0,0,0,0
1001583,8.81,0.00,0015-06-01 14:48:15,0015-06-01 18:48:15,14,18,3.11,Thu,android,319158,594591,461655,1,3,0,0,0,0,0,0,0
1001584,9.40,0.00,0015-05-08 16:32:23,0015-05-08 21:32:23,16,21,4.23,Wed,ios,122063,355208,976902,0,2,0,0,1,0,0,0,0
1001585,23.68,0.00,0015-02-23 11:21:05,0015-02-23 13:21:05,11,13,25.70,Fri,ios,348229,955429,493904,1,3,0,0,0,0,1,0,0
1001586,8.25,0.00,0015-05-15 15:19:16,0015-05-15 19:19:16,15,19,3.89,Fri,android,144639,507660,202527,1,3,0,0,0,0,1,0,0
1001587,8.12,0.00,0015-08-06 09:02:43,0015-08-06 13:02:43,09,13,3.44,Mon,ios,395853,575971,948590,0,2,1,0,0,0,0,0,0
1001588,2.83,0.00,0015-05-13 10:24:06,0015-05-13 12:24:06,10,12,1.28,Tue,ios,352674,207262,928191,1,2,0,0,0,0,0,0,0
1001589,4.33,0.00,0015-08-15 11:51:43,0015-08-15 15:51:43,11,15,3.31,Tue,android,599173,431796,461655,1,2,0,0,0,0,0,0,0
1001590,8.95,0.00,0015-08-26 16:03:55,0015-08-26 19:03:55,16,19,2.90,Wed,ios,887181,730023,878393,1,3,0,0,1,0,0,0,0
1001591,7.38,0.00,0015-03-08 12:36:17,0015-03-08 15:36:17,12,15,2.60,Wed,ios,360253,474204,481066,1,3,0,0,1,0,0,0,0
1001592,6.78,0.00,0014-07-01 11:08:47,0014-07-01 14:08:47,11,14,2.50,Thu,android,570207,902592,566549,1,4,0,0,0,0,0,0,0
1001593,1.28,0.00,0015-07-02 18:25:15,0015-07-02 19:25:15,18,19,0.67,Mon,android,772211,369001,493904,1,2,1,0,0,0,0,0,0
1001594,1.21,0.00,0015-06-04 14:00:55,0015-06-04 17:00:55,14,17,2.02,Thu,android,130212,594591,461655,1,3,0,0,0,0,0,0,0
1001595,5.04,0.00,0015-08-25 16:29:48,0015-08-25 19:29:48,16,19,2.47,Tue,android,295740,474204,481066,0,2,0,0,0,0,0,0,0
1001596,16.12,2.72,0015-08-28 09:29:22,0015-08-28 14:29:22,09,14,4.25,Tue,android,243720,878706,461655,1,2,0,0,0,0,0,0,0
1001597,2.76,0.00,0015-08-11 16:14:32,0015-08-11 18:14:32,16,18,1.23,Wed,android,759816,414088,566549,1,3,0,0,1,0,0,0,0
1001598,9.29,0.00,0015-09-13 17:25:10,0015-09-13 21:25:10,17,21,3.95,Wed,android,430193,902592,566549,0,3,0,0,1,0,0,0,0
1001599,4.50,0.00,0015-05-14 10:53:08,0015-05-14 13:53:08,10,13,2.31,Wed,android,542078,632920,461655,0,3,0,0,1,0,0,0,0
1001600,0.83,0.00,0015-04-12 21:32:23,0015-04-12 22:32:23,21,22,0.45,Fri,android,765644,219054,814002,0,2,0,0,0,0,1,0,0
1001601,1.11,0.00,0015-09-17 09:28:36,0015-09-17 10:28:36,09,10,0.93,Fri,android,563824,228137,503205,1,3,0,0,0,0,1,0,0
1001602,9.77,0.96,0015-06-07 17:06:43,0015-06-07 21:06:43,17,21,3.76,Tue,android,871059,575971,948590,1,3,0,0,0,0,0,0,0
1001603,7.41,0.00,0015-07-24 12:59:19,0015-07-24 16:59:19,12,16,3.88,Thu,android,304271,792421,202527,0,4,0,0,0,0,0,0,0
1001604,5.07,0.00,0015-07-13 14:35:00,0015-07-13 17:35:00,14,17,2.48,Thu,ios,988736,861532,454147,1,2,0,0,0,0,0,0,0
1001605,0.65,0.00,0015-07-21 08:06:36,0015-07-21 10:06:36,08,10,1.87,Thu,ios,250634,955429,493904,0,1,0,0,0,0,0,0,0
1001606,1.23,0.00,0015-07-19 10:55:25,0015-07-19 13:55:25,10,13,2.25,Thu,ios,955089,944515,976902,1,2,0,0,0,0,0,0,0
1001607,3.58,0.00,0015-09-21 17:11:16,0015-09-21 19:11:16,17,19,1.74,Mon,ios,454573,474204,481066,0,2,1,0,0,0,0,0,0
1001608,2.32,0.00,0015-05-09 15:44:00,0015-05-09 16:44:00,15,16,0.97,Tue,ios,322736,489543,868085,0,3,0,0,0,0,0,0,0
1001609,5.85,0.00,0015-03-20 10:00:51,0015-03-20 14:00:51,10,14,3.31,Fri,android,232998,891421,144857,0,2,0,0,0,0,1,0,0
1001610,23.13,0.00,0015-09-20 14:39:04,0015-09-20 16:39:04,14,16,1.97,Tue,android,357797,236379,928191,1,2,0,0,0,0,0,0,0
1001611,3.02,0.00,0015-09-25 16:09:58,0015-09-25 18:09:58,16,18,1.50,Tue,android,630822,369001,493904,0,1,0,0,0,0,0,0,0
1001612,3.95,0.00,0015-07-01 16:59:51,0015-07-01 19:59:51,16,19,2.66,Tue,android,428405,425476,928191,1,3,0,0,0,0,0,0,0
1001613,7.21,0.00,0015-06-27 10:02:40,0015-06-27 13:02:40,10,13,2.74,Fri,android,779481,569886,868085,0,3,0,0,0,0,1,0,0
1001614,0.10,0.09,0015-09-14 12:08:23,0015-09-14 16:08:23,12,16,3.01,Fri,android,300183,369001,493904,0,2,0,0,0,0,1,0,0
1001615,4.16,0.00,0015-06-13 17:56:50,0015-06-13 20:56:50,17,20,2.16,Thu,ios,777053,878706,461655,1,2,0,0,0,0,0,0,0
1001616,10.49,0.00,0015-09-19 16:43:31,0015-09-19 20:43:31,16,20,3.55,Tue,ios,727826,237105,948590,0,3,0,0,0,0,0,0,0
1001617,9.29,0.00,0015-03-27 18:20:00,0015-03-27 22:20:00,18,22,3.95,Fri,android,557722,643012,517854,1,2,0,0,0,0,1,0,0
1001618,3.53,0.00,0015-09-13 11:06:08,0015-09-13 13:06:08,11,13,1.33,Tue,ios,792618,280221,976902,0,2,0,0,0,0,0,0,0
1001619,4.75,0.00,0015-08-09 12:01:00,0015-08-09 16:01:00,12,16,3.39,Tue,ios,244148,236840,620906,0,1,0,0,0,0,0,0,0
1001620,13.43,0.00,0015-10-16 12:19:11,0015-10-16 16:19:11,12,16,3.81,Mon,ios,615579,366832,978130,1,3,1,0,0,0,0,0,0
1001621,8.01,0.00,0015-07-07 19:28:33,0015-07-07 23:28:33,19,23,3.23,Fri,ios,506777,404112,399399,1,3,0,0,0,0,1,0,0
1001622,4.23,0.00,0015-04-09 16:36:41,0015-04-09 19:36:41,16,19,2.46,Wed,ios,384183,280221,976902,1,1,0,0,1,0,0,0,0
1001623,5.33,0.00,0015-06-09 13:36:49,0015-06-09 17:36:49,13,17,3.70,Thu,android,566379,369001,493904,1,2,0,0,0,0,0,0,0
1001624,3.01,0.00,0015-04-05 09:26:05,0015-04-05 12:26:05,09,12,2.50,Wed,android,817628,782629,517854,1,2,0,0,1,0,0,0,0
1001625,6.47,0.00,0015-06-13 13:20:20,0015-06-13 17:20:20,13,17,3.56,Mon,android,551887,787792,648339,1,3,1,0,0,0,0,0,0
1001626,3.49,0.00,0015-07-26 13:26:51,0015-07-26 16:26:51,13,16,2.90,Tue,ios,440887,728918,928191,1,3,0,0,0,0,0,0,0
1001627,4.64,0.00,0015-06-17 10:37:39,0015-06-17 13:37:39,10,13,2.74,Tue,ios,660370,955429,493904,0,3,0,0,0,0,0,0,0
1001628,0.26,0.00,0015-09-28 17:02:46,0015-09-28 18:02:46,17,18,0.95,Tue,android,380788,672450,202527,1,3,0,0,0,0,0,0,0
1001629,1.88,0.00,0015-08-23 09:21:46,0015-08-23 10:21:46,09,10,0.79,Wed,android,882979,405157,976902,1,1,0,0,1,0,0,0,0
1001630,5.71,0.00,0015-08-03 12:52:38,0015-08-03 15:52:38,12,15,2.74,Wed,ios,981537,653450,503205,1,3,0,0,1,0,0,0,0
1001631,0.39,0.00,0015-08-20 12:17:33,0015-08-20 13:17:33,12,13,0.22,Sat,android,824882,549414,461655,1,3,0,0,0,0,0,1,0
1001632,7.72,0.00,0015-10-21 12:40:14,0015-10-21 16:40:14,12,16,3.02,Sat,ios,247173,355208,976902,0,4,0,0,0,0,0,1,0
1001633,11.20,0.97,0015-05-21 11:55:51,0015-05-21 15:55:51,11,15,3.91,Fri,ios,645872,693651,503205,1,3,0,0,0,0,1,0,0
1001634,5.94,0.00,0015-02-02 12:14:06,0015-02-02 15:14:06,12,15,2.99,Mon,android,483044,219054,814002,0,3,1,0,0,0,0,0,0
1001635,3.76,0.00,0015-06-09 12:58:43,0015-06-09 15:58:43,12,15,2.88,Tue,ios,435544,575971,948590,0,1,0,0,0,0,0,0,0
1001636,4.22,0.00,0015-07-04 18:36:26,0015-07-04 20:36:26,18,20,1.70,Fri,ios,478110,219054,814002,0,2,0,0,0,0,1,0,0
1001637,6.52,0.00,0015-08-27 13:30:18,0015-08-27 18:30:18,13,18,4.37,Wed,ios,290624,562656,481066,0,3,0,0,1,0,0,0,0
1001638,12.33,0.00,0015-10-03 10:51:33,0015-10-03 15:51:33,10,15,4.32,Wed,ios,500015,474204,481066,0,2,0,0,1,0,0,0,0
1001639,3.33,0.00,0015-08-27 14:01:59,0015-08-27 17:01:59,14,17,2.60,Mon,ios,572184,228137,503205,0,3,1,0,0,0,0,0,0
1001640,1.48,0.00,0015-02-16 11:43:52,0015-02-16 15:43:52,11,15,3.02,Mon,ios,938287,219054,814002,0,2,1,0,0,0,0,0,0
1001641,7.99,0.00,0015-07-26 14:29:28,0015-07-26 18:29:28,14,18,3.04,Thu,ios,312362,728918,928191,1,3,0,0,0,0,0,0,0
1001642,4.00,0.00,0015-09-22 14:02:53,0015-09-22 17:02:53,14,17,2.68,Tue,ios,160899,369001,493904,1,3,0,0,0,0,0,0,0
1001643,5.68,0.00,0015-07-13 16:10:25,0015-07-13 20:10:25,16,20,3.81,Wed,ios,263110,728918,928191,0,3,0,0,1,0,0,0,0
1001644,3.46,0.00,0015-07-22 15:06:11,0015-07-22 17:06:11,15,17,1.42,Thu,android,673761,572249,144857,0,2,0,0,0,0,0,0,0
1001645,10.94,0.00,0015-05-17 17:41:24,0015-05-17 21:41:24,17,21,3.88,Fri,ios,967717,758780,399399,1,3,0,0,0,0,1,0,0
1001646,1.77,0.00,0015-07-02 19:55:07,0015-07-02 20:55:07,19,20,0.76,Mon,ios,680155,801274,976902,0,3,1,0,0,0,0,0,0
1001647,7.19,0.53,0015-06-28 16:27:42,0015-06-28 19:27:42,16,19,2.29,Wed,android,635856,728918,928191,0,3,0,0,1,0,0,0,0
1001648,0.61,0.00,0015-09-07 21:21:22,0015-09-07 01:21:22,21,01,3.37,Mon,android,944514,474204,481066,0,3,1,0,0,0,0,0,0
1001649,5.95,0.00,0015-04-22 16:54:49,0015-04-22 19:54:49,16,19,2.33,Mon,android,732819,369001,493904,0,3,1,0,0,0,0,0,0
1001650,23.68,0.00,0015-07-02 11:19:23,0015-07-02 00:19:23,11,00,36.87,Thu,android,153903,369001,493904,0,1,0,0,0,0,0,0,0
1001651,1.52,0.07,0015-09-26 20:20:54,0015-09-26 21:20:54,20,21,0.80,Thu,ios,659745,371335,461655,0,1,0,0,0,0,0,0,0
1001652,2.59,0.00,0015-08-20 17:28:34,0015-08-20 18:28:34,17,18,0.85,Thu,ios,474509,594591,461655,1,2,0,0,0,0,0,0,0
1001653,23.68,0.00,0015-07-01 17:58:48,0015-07-01 14:58:48,17,14,44.78,Wed,ios,169618,884707,648339,1,2,0,0,1,0,0,0,0
1001654,7.17,0.63,0015-08-17 17:42:13,0015-08-17 21:42:13,17,21,3.96,Mon,ios,801874,474204,481066,1,1,1,0,0,0,0,0,0
1001655,1.40,0.00,0015-04-24 14:13:45,0015-04-24 15:13:45,14,15,0.61,Fri,ios,773744,260408,481066,1,2,0,0,0,0,1,0,0
1001656,7.17,0.00,0015-05-24 12:23:04,0015-05-24 15:23:04,12,15,2.95,Mon,android,589227,219054,814002,0,3,1,0,0,0,0,0,0
1001657,3.99,0.00,0015-09-13 16:11:46,0015-09-13 18:11:46,16,18,1.47,Wed,ios,610715,932939,868085,1,1,0,0,1,0,0,0,0
1001658,14.24,0.00,0015-09-01 09:21:00,0015-09-01 14:21:00,09,14,4.59,Mon,ios,776887,371335,461655,0,4,1,0,0,0,0,0,0
1001659,7.20,0.00,0015-12-27 17:17:42,0015-12-27 20:17:42,17,20,2.75,Wed,ios,610502,758780,399399,0,3,0,0,1,0,0,0,0
1001660,6.45,7.50,0015-08-28 17:08:34,0015-08-28 20:08:34,17,20,2.56,Wed,ios,994164,369001,493904,0,3,0,0,1,0,0,0,0
1001661,4.24,0.00,0015-09-13 16:45:52,0015-09-13 18:45:52,16,18,1.88,Mon,ios,495893,366832,978130,0,2,1,0,0,0,0,0,0
1001662,2.86,0.08,0014-09-24 22:25:58,0014-09-24 01:25:58,22,01,2.09,Fri,ios,832900,131897,566549,0,3,0,0,0,0,1,0,0
1001663,23.68,2.39,0015-08-07 18:46:28,0015-08-07 21:46:28,18,21,26.84,Wed,ios,574312,369001,493904,0,3,0,0,1,0,0,0,0
1001664,4.71,0.00,0015-08-09 12:18:01,0015-08-09 16:18:01,12,16,3.15,Wed,ios,478007,366832,978130,1,1,0,0,1,0,0,0,0
1001665,3.30,0.00,0015-09-18 09:24:15,0015-09-18 12:24:15,09,12,2.78,Wed,ios,774072,569889,461655,1,3,0,0,1,0,0,0,0
1001666,7.89,0.00,0015-06-06 11:31:43,0015-06-06 14:31:43,11,14,2.65,Thu,android,931324,405157,976902,0,3,0,0,0,0,0,0,0
1001667,5.15,7.50,0015-01-11 17:04:46,0015-01-11 21:04:46,17,21,3.46,Fri,ios,676010,943765,461655,1,3,0,0,0,0,1,0,0
1001668,3.24,0.00,0015-07-10 15:30:48,0015-07-10 18:30:48,15,18,2.10,Tue,ios,187757,987396,978130,1,2,0,0,0,0,0,0,0
1001669,7.40,0.00,0015-08-04 12:16:44,0015-08-04 16:16:44,12,16,3.66,Fri,ios,821633,944515,976902,1,3,0,0,0,0,1,0,0
1001670,1.99,0.00,0015-06-14 13:27:06,0015-06-14 16:27:06,13,16,2.85,Tue,ios,830553,369001,493904,1,3,0,0,0,0,0,0,0
1001671,4.26,0.00,0015-04-03 10:04:16,0015-04-03 13:04:16,10,13,2.06,Mon,ios,937216,623134,620906,1,3,1,0,0,0,0,0,0
1001672,4.04,0.00,0015-04-17 12:20:27,0015-04-17 15:20:27,12,15,2.29,Fri,android,102411,738900,976902,1,2,0,0,0,0,1,0,0
1001673,6.27,0.00,0015-08-24 18:04:23,0015-08-24 23:04:23,18,23,4.52,Fri,android,156864,369001,493904,1,3,0,0,0,0,1,0,0
1001674,0.55,0.00,0015-09-11 16:58:44,0015-09-11 17:58:44,16,17,0.31,Fri,android,926551,517464,144857,1,3,0,0,0,0,1,0,0
1001675,0.78,0.07,0015-07-11 10:47:37,0015-07-11 14:47:37,10,14,3.00,Fri,ios,247481,955429,493904,1,2,0,0,0,0,1,0,0
1001676,2.56,0.00,0015-06-28 12:37:08,0015-06-28 14:37:08,12,14,1.86,Mon,android,875065,369001,493904,0,1,1,0,0,0,0,0,0
1001677,4.36,0.00,0015-03-10 11:13:14,0015-03-10 15:13:14,11,15,3.03,Tue,ios,222414,489543,868085,0,1,0,0,0,0,0,0,0
1001678,3.57,0.00,0015-08-14 17:43:18,0015-08-14 20:43:18,17,20,2.37,Tue,ios,564223,995505,868085,1,3,0,0,0,0,0,0,0
1001679,2.47,0.18,0015-06-09 12:11:47,0015-06-09 13:11:47,12,13,0.86,Tue,ios,960822,738900,976902,1,3,0,0,0,0,0,0,0
1001680,7.15,0.00,0015-08-16 11:53:14,0015-08-16 14:53:14,11,14,2.43,Thu,ios,523922,818217,700367,1,1,0,0,0,0,0,0,0
1001681,11.16,0.00,0015-09-13 17:10:23,0015-09-13 21:10:23,17,21,3.67,Wed,ios,379551,728918,928191,1,3,0,0,1,0,0,0,0
1001682,11.18,7.50,0015-05-12 15:10:18,0015-05-12 19:10:18,15,19,3.99,Sat,ios,454485,575971,948590,1,2,0,0,0,0,0,1,0
1001683,9.33,0.00,0015-08-21 10:56:49,0015-08-21 14:56:49,10,14,3.03,Thu,android,891652,955429,493904,0,1,0,0,0,0,0,0,0
1001684,6.67,7.50,0015-08-03 12:10:41,0015-08-03 15:10:41,12,15,2.70,Fri,ios,384639,414088,566549,1,3,0,0,0,0,1,0,0
1001685,1.21,0.00,0015-07-08 17:42:36,0015-07-08 18:42:36,17,18,0.43,Thu,ios,769951,250527,976902,1,3,0,0,0,0,0,0,0
1001686,10.00,0.00,0015-09-14 16:06:22,0015-09-14 20:06:22,16,20,3.93,Thu,android,306290,782629,517854,0,3,0,0,0,0,0,0,0
1001687,3.65,0.00,0015-05-05 11:24:03,0015-05-05 14:24:03,11,14,2.73,Tue,android,544189,369001,493904,0,3,0,0,0,0,0,0,0
1001688,3.46,7.50,0015-09-13 18:46:17,0015-09-13 22:46:17,18,22,3.02,Mon,ios,921032,955429,493904,0,2,1,0,0,0,0,0,0
1001689,5.15,0.00,0015-06-19 10:53:40,0015-06-19 12:53:40,10,12,1.74,Wed,ios,726888,955429,493904,1,2,0,0,1,0,0,0,0
1001690,5.80,0.00,0015-09-10 15:00:13,0015-09-10 18:00:13,15,18,2.53,Tue,ios,773218,989457,620906,1,3,0,0,0,0,0,0,0
1001691,1.08,0.00,0015-08-14 10:28:43,0015-08-14 11:28:43,10,11,0.42,Mon,android,209973,228137,503205,0,3,1,0,0,0,0,0,0
1001692,4.99,0.00,0015-06-13 09:49:45,0015-06-13 12:49:45,09,12,2.11,Tue,android,342875,445920,125372,1,3,0,0,0,0,0,0,0
1001693,19.22,0.00,0015-07-22 17:51:13,0015-07-22 05:51:13,17,05,11.70,Wed,android,824938,643012,517854,1,4,0,0,1,0,0,0,0
1001694,23.68,0.00,0015-09-07 13:02:04,0015-09-07 15:02:04,13,15,49.14,Thu,ios,844884,693651,503205,1,2,0,0,0,0,0,0,0
1001695,1.38,0.00,0015-09-06 12:57:58,0015-09-06 13:57:58,12,13,0.63,Thu,ios,670730,728918,928191,0,3,0,0,0,0,0,0,0
1001696,23.68,0.00,0015-03-10 09:09:07,0015-03-10 19:09:07,09,19,9.44,Thu,ios,373817,191826,481066,0,3,0,0,0,0,0,0,0
1001697,23.68,0.00,0015-05-23 12:30:36,0015-05-23 04:30:36,12,04,39.41,Sun,ios,500721,474204,481066,1,1,0,0,0,0,0,0,1
1001698,2.40,0.00,0015-07-26 18:31:07,0015-07-26 20:31:07,18,20,1.97,Wed,ios,117011,944515,976902,0,1,0,0,1,0,0,0,0
1001699,5.48,0.00,0015-07-17 11:35:51,0015-07-17 15:35:51,11,15,3.26,Wed,ios,432517,366832,978130,1,2,0,0,1,0,0,0,0
1001700,5.94,0.00,0015-08-14 15:30:54,0015-08-14 18:30:54,15,18,2.84,Fri,ios,926925,237105,948590,0,3,0,0,0,0,1,0,0
1001701,23.68,0.00,0015-08-22 19:24:07,0015-08-22 23:24:07,19,23,3.66,Tue,ios,150211,474204,481066,1,3,0,0,0,0,0,0,0
1001702,23.68,0.00,0015-09-20 09:42:27,0015-09-20 06:42:27,09,06,20.62,Wed,ios,438873,758780,399399,1,3,0,0,1,0,0,0,0
1001703,7.99,0.79,0015-08-21 03:23:18,0015-08-21 06:23:18,03,06,2.77,Thu,ios,651248,562656,481066,0,3,0,0,0,0,0,0,0
1001704,0.55,0.10,0015-07-20 15:14:03,0015-07-20 16:14:03,15,16,0.50,Wed,ios,521412,366832,978130,1,1,0,0,1,0,0,0,0
1001705,7.01,0.00,0015-07-06 17:28:40,0015-07-06 21:28:40,17,21,3.47,Wed,android,127147,932939,868085,1,3,0,0,1,0,0,0,0
1001706,6.51,0.00,0015-07-28 10:41:58,0015-07-28 13:41:58,10,13,2.20,Mon,ios,541428,489543,868085,0,1,1,0,0,0,0,0,0
1001707,0.17,0.00,0015-09-04 17:56:00,0015-09-04 18:56:00,17,18,0.07,Wed,ios,943272,237105,948590,0,2,0,0,1,0,0,0,0
1001708,2.52,0.00,0015-07-07 12:32:46,0015-07-07 14:32:46,12,14,1.40,Fri,android,289772,228137,503205,1,4,0,0,0,0,1,0,0
1001709,5.78,0.00,0015-02-05 12:33:12,0015-02-05 15:33:12,12,15,2.43,Tue,android,887804,878706,461655,1,3,0,0,0,0,0,0,0
1001710,8.01,0.00,0015-09-04 18:45:07,0015-09-04 23:45:07,18,23,4.46,Fri,ios,917646,995505,868085,0,3,0,0,0,0,1,0,0
1001711,7.37,0.00,0015-05-27 15:00:50,0015-05-27 20:00:50,15,20,4.39,Mon,ios,142923,664306,868085,0,3,1,0,0,0,0,0,0
1001712,4.39,0.00,0015-05-28 14:04:01,0015-05-28 19:04:01,14,19,4.05,Fri,ios,180951,500856,976902,0,3,0,0,0,0,1,0,0
1001713,4.43,0.00,0015-04-04 17:59:41,0015-04-04 20:59:41,17,20,2.16,Mon,ios,677348,803398,144857,1,2,1,0,0,0,0,0,0
1001714,7.54,1.21,0015-07-01 15:24:14,0015-07-01 19:24:14,15,19,3.57,Tue,ios,685431,874950,814002,1,3,0,0,0,0,0,0,0
1001715,9.46,7.50,0015-04-24 16:57:45,0015-04-24 19:57:45,16,19,2.66,Tue,ios,448057,653450,503205,1,3,0,0,0,0,0,0,0
1001716,0.95,0.00,0015-09-10 15:44:49,0015-09-10 16:44:49,15,16,0.35,Mon,ios,550809,369001,493904,1,3,1,0,0,0,0,0,0
1001717,0.20,0.00,0015-06-26 13:34:27,0015-06-26 14:34:27,13,14,0.25,Tue,android,892876,366832,978130,1,3,0,0,0,0,0,0,0
1001718,5.14,0.00,0015-03-14 10:05:59,0015-03-14 13:05:59,10,13,2.04,Fri,ios,330636,414088,566549,0,3,0,0,0,0,1,0,0
1001719,6.59,0.00,0015-05-06 15:40:39,0015-05-06 19:40:39,15,19,3.89,Fri,ios,438803,569886,868085,0,1,0,0,0,0,1,0,0
1001720,3.07,0.00,0015-07-05 11:57:16,0015-07-05 13:57:16,11,13,1.80,Mon,android,422766,369001,493904,1,2,1,0,0,0,0,0,0
1001721,3.86,6.97,0015-05-11 15:34:21,0015-05-11 18:34:21,15,18,2.32,Wed,ios,497225,131897,566549,1,4,0,0,1,0,0,0,0
1001722,4.58,0.00,0015-06-07 21:14:42,0015-06-07 23:14:42,21,23,1.61,Wed,android,186577,955429,493904,1,3,0,0,1,0,0,0,0
1001723,9.05,0.00,0015-09-09 11:01:58,0015-09-09 15:01:58,11,15,3.81,Fri,ios,564122,951880,144857,1,2,0,0,0,0,1,0,0
1001724,5.68,0.00,0015-09-01 17:19:05,0015-09-01 20:19:05,17,20,2.56,Fri,ios,284646,664306,868085,0,3,0,0,0,0,1,0,0
1001725,10.37,0.49,0015-05-13 17:14:08,0015-05-13 21:14:08,17,21,3.78,Wed,android,657463,474204,481066,0,3,0,0,1,0,0,0,0
1001726,2.13,0.00,0015-01-22 12:37:03,0015-01-22 14:37:03,12,14,1.36,Mon,ios,188869,228137,503205,0,2,1,0,0,0,0,0,0
1001727,3.49,0.00,0015-08-11 15:27:06,0015-08-11 18:27:06,15,18,2.48,Tue,ios,167098,129465,461655,1,2,0,0,0,0,0,0,0
1001728,6.22,0.00,0015-10-19 16:39:51,0015-10-19 21:39:51,16,21,4.06,Wed,ios,243357,803398,144857,0,1,0,0,1,0,0,0,0
1001729,1.89,0.00,0015-07-26 13:34:49,0015-07-26 15:34:49,13,15,1.07,Tue,ios,920375,131897,566549,0,3,0,0,0,0,0,0,0
1001730,10.87,1.02,0015-09-23 16:58:06,0015-09-23 21:58:06,16,21,4.28,Thu,ios,285383,219054,814002,0,3,0,0,0,0,0,0,0
1001731,3.10,0.00,0015-09-19 09:10:35,0015-09-19 11:10:35,09,11,1.18,Thu,ios,856402,371335,461655,0,3,0,0,0,0,0,0,0
1001732,1.44,0.00,0015-05-21 12:35:43,0015-05-21 17:35:43,12,17,4.36,Tue,ios,242064,219054,814002,1,3,0,0,0,0,0,0,0
1001733,8.15,0.00,0015-04-28 11:08:24,0015-04-28 15:08:24,11,15,3.78,Thu,ios,187858,728918,928191,1,1,0,0,0,0,0,0,0
1001734,10.67,0.00,0015-08-24 09:15:29,0015-08-24 13:15:29,09,13,3.82,Mon,ios,355107,875343,747048,0,2,1,0,0,0,0,0,0
1001735,5.96,0.00,0015-04-21 15:32:54,0015-04-21 18:32:54,15,18,2.49,Tue,ios,208298,787792,648339,1,2,0,0,0,0,0,0,0
1001736,13.71,0.00,0015-09-03 12:56:21,0015-09-03 17:56:21,12,17,4.05,Fri,android,131807,995505,868085,0,2,0,0,0,0,1,0,0
1001737,5.60,0.00,0015-05-14 11:28:55,0015-05-14 15:28:55,11,15,3.69,Mon,android,393234,474204,481066,1,3,1,0,0,0,0,0,0
1001738,8.94,0.00,0015-09-27 13:23:43,0015-09-27 16:23:43,13,16,2.52,Wed,ios,636146,728918,928191,1,3,0,0,1,0,0,0,0
1001739,2.50,0.00,0015-05-23 15:23:53,0015-05-23 17:23:53,15,17,1.45,Fri,android,695048,711566,928191,1,2,0,0,0,0,1,0,0
1001740,3.07,0.00,0015-09-22 10:03:55,0015-09-22 13:03:55,10,13,2.60,Wed,ios,342656,902592,566549,0,2,0,0,1,0,0,0,0
1001741,3.41,0.00,0015-08-22 11:56:17,0015-08-22 15:56:17,11,15,3.95,Thu,android,104582,944575,928191,1,2,0,0,0,0,0,0,0
1001742,9.90,0.00,0015-06-28 14:44:59,0015-06-28 18:44:59,14,18,3.91,Thu,android,694791,207262,928191,1,3,0,0,0,0,0,0,0
1001743,0.61,0.00,0015-06-21 11:03:29,0015-06-21 12:03:29,11,12,0.40,Mon,android,981722,250527,976902,0,4,1,0,0,0,0,0,0
1001744,11.76,0.00,0015-04-24 13:56:09,0015-04-24 17:56:09,13,17,3.37,Sat,android,611954,369001,493904,1,1,0,0,0,0,0,1,0
1001745,23.68,0.00,0015-02-22 16:08:54,0015-02-22 20:08:54,16,20,3.94,Thu,android,932333,474204,481066,0,1,0,0,0,0,0,0,0
1001746,4.60,0.00,0015-09-22 18:33:18,0015-09-22 21:33:18,18,21,2.82,Tue,android,314531,787792,648339,0,4,0,0,0,0,0,0,0
1001747,11.63,0.00,0015-09-26 12:32:10,0015-09-26 17:32:10,12,17,4.49,Wed,ios,316893,517464,144857,1,3,0,0,1,0,0,0,0
1001748,1.02,1.74,0015-08-14 18:56:58,0015-08-14 22:56:58,18,22,3.10,Mon,android,296919,514669,566549,1,3,1,0,0,0,0,0,0
1001749,23.68,0.00,0015-09-07 14:23:03,0015-09-07 18:23:03,14,18,3.80,Thu,android,215054,782629,517854,1,3,0,0,0,0,0,0,0
1001750,4.13,0.00,0015-07-02 16:34:56,0015-07-02 17:34:56,16,17,0.79,Thu,ios,399726,445920,125372,1,2,0,0,0,0,0,0,0
1001751,2.51,0.00,0015-06-13 09:24:57,0015-06-13 12:24:57,09,12,2.84,Tue,android,387771,489543,868085,1,2,0,0,0,0,0,0,0
1001752,3.50,0.00,0015-06-07 13:02:39,0015-06-07 17:02:39,13,17,3.21,Wed,ios,610717,987396,978130,0,3,0,0,1,0,0,0,0
1001753,8.88,0.00,0015-06-02 18:09:56,0015-06-02 21:09:56,18,21,2.71,Fri,ios,837446,280221,976902,1,4,0,0,0,0,1,0,0
1001754,5.57,0.00,0015-07-13 13:27:51,0015-07-13 16:27:51,13,16,2.86,Thu,ios,473552,643012,517854,1,3,0,0,0,0,0,0,0
1001755,10.43,0.00,0015-05-16 12:55:02,0015-05-16 16:55:02,12,16,3.46,Thu,ios,473856,955429,493904,0,3,0,0,0,0,0,0,0
1001756,3.83,0.00,0015-06-18 16:23:15,0015-06-18 19:23:15,16,19,2.45,Tue,ios,396001,507660,202527,1,3,0,0,0,0,0,0,0
1001757,1.81,0.00,0015-04-16 17:21:35,0015-04-16 18:21:35,17,18,0.70,Fri,android,734128,728918,928191,0,4,0,0,0,0,1,0,0
1001758,4.95,0.00,0015-09-17 10:21:13,0015-09-17 12:21:13,10,12,1.69,Tue,ios,778794,219054,814002,1,4,0,0,0,0,0,0,0
1001759,7.33,0.00,0015-08-06 16:20:08,0015-08-06 20:20:08,16,20,3.98,Wed,android,589806,228137,503205,0,2,0,0,1,0,0,0,0
1001760,9.50,0.00,0015-01-05 18:56:46,0015-01-05 22:56:46,18,22,3.86,Mon,android,607280,632920,461655,0,1,1,0,0,0,0,0,0
1001761,1.88,0.00,0015-09-25 10:32:18,0015-09-25 12:32:18,10,12,1.58,Fri,ios,918133,260408,481066,0,3,0,0,0,0,1,0,0
1001762,3.19,0.00,0015-09-05 09:45:54,0015-09-05 12:45:54,09,12,2.21,Tue,ios,465742,792421,202527,0,1,0,0,0,0,0,0,0
1001763,10.81,7.50,0015-09-04 20:48:39,0015-09-04 00:48:39,20,00,3.83,Fri,ios,494472,801274,976902,1,3,0,0,0,0,1,0,0
1001764,8.34,0.00,0015-06-14 17:18:02,0015-06-14 21:18:02,17,21,3.12,Thu,ios,116858,955429,493904,1,2,0,0,0,0,0,0,0
1001765,6.12,0.00,0015-05-05 17:43:24,0015-05-05 21:43:24,17,21,3.34,Thu,ios,978484,540225,648339,1,3,0,0,0,0,0,0,0
1001766,6.97,0.00,0015-06-15 16:01:23,0015-06-15 20:01:23,16,20,3.37,Tue,android,771654,474204,481066,1,3,0,0,0,0,0,0,0
1001767,11.10,0.00,0015-09-02 16:04:25,0015-09-02 20:04:25,16,20,3.42,Tue,android,687753,369001,493904,1,3,0,0,0,0,0,0,0
1001768,6.30,0.00,0015-06-15 12:55:35,0015-06-15 17:55:35,12,17,4.27,Wed,ios,193594,514669,566549,0,3,0,0,1,0,0,0,0
1001769,23.68,7.50,0015-08-09 10:24:15,0015-08-09 12:24:15,10,12,25.16,Tue,ios,951771,250527,976902,1,1,0,0,0,0,0,0,0
1001770,4.69,0.00,0015-04-05 13:52:42,0015-04-05 16:52:42,13,16,2.56,Mon,android,721013,371335,461655,0,3,1,0,0,0,0,0,0
1001771,10.20,0.00,0015-07-26 04:02:44,0015-07-26 08:02:44,04,08,4.00,Sat,ios,798917,568071,144857,0,3,0,0,0,0,0,1,0
1001772,7.99,0.00,0015-06-11 14:17:13,0015-06-11 18:17:13,14,18,3.80,Thu,ios,776294,955429,493904,0,3,0,0,0,0,0,0,0
1001773,10.09,0.00,0015-05-07 17:24:38,0015-05-07 21:24:38,17,21,3.43,Wed,android,139548,871619,125372,1,3,0,0,1,0,0,0,0
1001774,0.26,0.00,0015-08-17 14:07:46,0015-08-17 15:07:46,14,15,0.07,Fri,ios,341844,369001,493904,1,3,0,0,0,0,1,0,0
1001775,8.07,0.00,0015-03-25 19:11:39,0015-03-25 23:11:39,19,23,3.34,Mon,ios,537422,562656,481066,1,2,1,0,0,0,0,0,0
1001776,4.63,0.00,0015-07-01 18:32:50,0015-07-01 22:32:50,18,22,3.75,Wed,ios,898000,489543,868085,1,3,0,0,1,0,0,0,0
1001777,6.40,0.00,0015-09-28 17:00:55,0015-09-28 20:00:55,17,20,2.41,Thu,ios,465797,288445,978130,0,3,0,0,0,0,0,0,0
1001778,10.41,0.00,0015-08-20 08:27:31,0015-08-20 13:27:31,08,13,4.39,Mon,android,230853,474204,481066,0,4,1,0,0,0,0,0,0
1001779,8.93,0.00,0015-07-24 22:55:22,0015-07-24 02:55:22,22,02,3.24,Tue,ios,203068,219054,814002,1,2,0,0,0,0,0,0,0
1001780,8.58,0.00,0015-09-26 14:13:26,0015-09-26 19:13:26,14,19,4.36,Fri,ios,786545,664306,868085,1,3,0,0,0,0,1,0,0
1001781,5.15,0.00,0015-08-19 12:10:11,0015-08-19 15:10:11,12,15,2.61,Thu,ios,304174,369001,493904,1,2,0,0,0,0,0,0,0
1001782,8.22,0.00,0015-09-06 12:35:58,0015-09-06 16:35:58,12,16,3.22,Fri,ios,712087,369001,493904,1,3,0,0,0,0,1,0,0
1001783,2.90,0.00,0015-07-16 12:30:29,0015-07-16 14:30:29,12,14,1.66,Wed,ios,297091,250527,976902,0,4,0,0,1,0,0,0,0
1001784,7.60,0.00,0015-09-03 09:58:45,0015-09-03 14:58:45,09,14,4.51,Wed,android,606300,623134,620906,1,3,0,0,1,0,0,0,0
1001785,7.25,0.00,0015-03-28 15:22:55,0015-03-28 18:22:55,15,18,2.53,Wed,ios,423349,932939,868085,1,1,0,0,1,0,0,0,0
1001786,5.07,0.00,0015-09-23 09:38:11,0015-09-23 12:38:11,09,12,2.16,Tue,ios,615139,366832,978130,1,1,0,0,0,0,0,0,0
1001787,0.32,0.00,0015-03-05 08:37:12,0015-03-05 09:37:12,08,09,0.30,Fri,android,510438,369001,493904,0,2,0,0,0,0,1,0,0
1001788,3.94,0.00,0015-06-13 19:42:41,0015-06-13 23:42:41,19,23,3.10,Tue,android,960712,955429,493904,1,2,0,0,0,0,0,0,0
1001789,0.40,0.00,0015-07-16 08:40:12,0015-07-16 09:40:12,08,09,0.33,Fri,android,245639,987396,978130,1,2,0,0,0,0,1,0,0
1001790,23.68,0.00,0015-07-24 19:40:18,0015-07-24 21:40:18,19,21,49.31,Mon,ios,899686,951880,144857,1,2,1,0,0,0,0,0,0
1001791,1.90,0.00,0015-08-22 18:49:58,0015-08-22 21:49:58,18,21,2.80,Wed,ios,418692,569889,461655,1,3,0,0,1,0,0,0,0
1001792,6.50,0.00,0015-06-21 11:27:57,0015-06-21 14:27:57,11,14,2.95,Wed,ios,883850,863084,751082,0,3,0,0,1,0,0,0,0
1001793,12.23,0.00,0015-09-22 17:59:22,0015-09-22 21:59:22,17,21,3.26,Fri,ios,510661,236379,928191,0,3,0,0,0,0,1,0,0
1001794,0.18,0.00,0015-05-15 16:30:23,0015-05-15 19:30:23,16,19,2.88,Fri,ios,782040,228137,503205,1,2,0,0,0,0,1,0,0
1001795,23.68,0.00,0015-08-10 16:15:55,0015-08-10 23:15:55,16,23,30.33,Mon,android,900230,280221,976902,0,3,1,0,0,0,0,0,0
1001796,4.45,0.00,0015-09-20 16:11:34,0015-09-20 19:11:34,16,19,2.18,Wed,android,894986,366832,978130,0,3,0,0,1,0,0,0,0
1001797,23.68,0.00,0015-03-24 11:31:58,0015-03-24 13:31:58,11,13,1.59,Wed,ios,818930,260408,481066,1,2,0,0,1,0,0,0,0
1001798,0.75,0.00,0015-03-12 12:07:22,0015-03-12 13:07:22,12,13,0.63,Fri,android,293977,989457,620906,0,3,0,0,0,0,1,0,0
1001799,9.35,0.00,0015-05-15 09:38:16,0015-05-15 13:38:16,09,13,3.62,Tue,ios,972872,549414,461655,0,2,0,0,0,0,0,0,0
1001800,0.97,0.06,0015-09-05 10:15:42,0015-09-05 13:15:42,10,13,2.42,Wed,ios,256224,672450,202527,1,2,0,0,1,0,0,0,0
1001801,6.06,0.00,0015-07-04 16:44:03,0015-07-04 19:44:03,16,19,2.88,Mon,ios,458845,129465,461655,0,3,1,0,0,0,0,0,0
1001802,1.74,0.00,0015-09-27 17:58:40,0015-09-27 19:58:40,17,19,1.13,Wed,ios,969056,431796,461655,1,3,0,0,1,0,0,0,0
1001803,6.09,0.00,0015-05-25 09:26:08,0015-05-25 12:26:08,09,12,2.74,Thu,ios,200105,228137,503205,0,3,0,0,0,0,0,0,0
1001804,9.81,0.00,0015-04-14 13:46:46,0015-04-14 17:46:46,13,17,3.59,Tue,android,130143,474204,481066,1,2,0,0,0,0,0,0,0
1001805,2.39,0.00,0015-07-06 12:00:37,0015-07-06 16:00:37,12,16,3.16,Fri,android,928479,236379,928191,0,3,0,0,0,0,1,0,0
1001806,6.28,0.00,0015-08-16 12:03:19,0015-08-16 15:03:19,12,15,2.38,Mon,ios,231116,414088,566549,0,1,1,0,0,0,0,0,0
1001807,3.41,0.00,0015-07-06 17:48:13,0015-07-06 20:48:13,17,20,2.22,Thu,ios,626470,280221,976902,1,3,0,0,0,0,0,0,0
1001808,3.57,0.00,0015-08-12 09:38:52,0015-08-12 12:38:52,09,12,2.10,Mon,ios,349085,875343,747048,1,2,1,0,0,0,0,0,0
1001809,3.49,0.00,0015-07-15 12:11:38,0015-07-15 16:11:38,12,16,3.13,Wed,ios,303510,549414,461655,0,2,0,0,1,0,0,0,0
1001810,4.04,0.00,0015-08-20 11:23:14,0015-08-20 16:23:14,11,16,4.23,Fri,ios,607310,474204,481066,1,1,0,0,0,0,1,0,0
1001811,10.58,0.00,0015-04-19 10:07:43,0015-04-19 15:07:43,10,15,4.46,Thu,ios,573866,207262,928191,1,3,0,0,0,0,0,0,0
1001812,7.30,0.00,0015-04-03 16:47:03,0015-04-03 20:47:03,16,20,3.49,Tue,android,516358,369001,493904,1,4,0,0,0,0,0,0,0
1001813,6.60,0.00,0015-06-25 13:30:07,0015-06-25 17:30:07,13,17,3.63,Tue,ios,406202,902592,566549,1,3,0,0,0,0,0,0,0
1001814,1.52,0.00,0015-08-07 12:03:16,0015-08-07 15:03:16,12,15,2.20,Thu,android,878464,474204,481066,0,2,0,0,0,0,0,0,0
1001815,1.74,0.00,0015-07-24 18:19:40,0015-07-24 21:19:40,18,21,2.40,Wed,ios,349288,366832,978130,0,3,0,0,1,0,0,0,0
1001816,8.62,0.00,0015-01-09 17:26:43,0015-01-09 21:26:43,17,21,3.36,Tue,android,927124,514669,566549,1,3,0,0,0,0,0,0,0
1001817,1.19,0.00,0015-03-22 17:08:28,0015-03-22 19:08:28,17,19,1.79,Fri,android,205434,228137,503205,1,3,0,0,0,0,1,0,0
1001818,0.90,0.00,0015-01-06 16:23:50,0015-01-06 19:23:50,16,19,2.08,Tue,android,804767,803398,144857,1,1,0,0,0,0,0,0,0
1001819,7.59,0.00,0015-09-01 12:15:34,0015-09-01 15:15:34,12,15,3.00,Tue,ios,498852,902592,566549,0,3,0,0,0,0,0,0,0
1001820,0.24,0.00,0015-07-14 16:30:11,0015-07-14 17:30:11,16,17,0.75,Fri,android,596908,514669,566549,0,2,0,0,0,0,1,0,0
1001821,7.15,0.00,0015-07-26 12:01:50,0015-07-26 16:01:50,12,16,3.26,Fri,android,489351,955429,493904,1,3,0,0,0,0,1,0,0
1001822,8.81,0.00,0015-09-26 15:41:19,0015-09-26 18:41:19,15,18,2.44,Tue,ios,508404,405157,976902,0,3,0,0,0,0,0,0,0
1001823,9.70,0.00,0015-07-15 11:46:43,0015-07-15 15:46:43,11,15,3.75,Thu,ios,352201,549414,461655,1,1,0,0,0,0,0,0,0
1001824,0.70,0.00,0015-04-25 17:28:34,0015-04-25 20:28:34,17,20,2.02,Fri,android,993462,474204,481066,1,4,0,0,0,0,1,0,0
1001825,12.07,0.00,0015-09-07 16:43:41,0015-09-07 21:43:41,16,21,4.37,Thu,ios,509974,369001,493904,0,3,0,0,0,0,0,0,0
1001826,7.22,0.00,0015-07-22 00:07:04,0015-07-22 04:07:04,00,04,3.73,Tue,android,294583,355208,976902,1,3,0,0,0,0,0,0,0
1001827,5.35,0.00,0015-08-07 16:56:59,0015-08-07 19:56:59,16,19,2.58,Wed,ios,506322,987396,978130,1,1,0,0,1,0,0,0,0
1001828,1.03,0.00,0015-09-25 14:14:00,0015-09-25 15:14:00,14,15,0.46,Mon,ios,338040,738900,976902,0,3,1,0,0,0,0,0,0
1001829,23.68,0.00,0015-06-05 17:49:45,0015-06-05 12:49:45,17,12,42.92,Tue,android,727373,191826,481066,1,3,0,0,0,0,0,0,0
1001830,2.80,0.00,0015-09-22 16:09:37,0015-09-22 18:09:37,16,18,1.26,Tue,ios,301934,250527,976902,1,3,0,0,0,0,0,0,0
1001831,8.05,0.00,0015-07-13 20:41:03,0015-07-13 00:41:03,20,00,3.88,Fri,ios,645930,803398,144857,0,1,0,0,0,0,1,0,0
1001832,8.22,0.00,0015-07-20 15:38:03,0015-07-20 18:38:03,15,18,2.32,Mon,ios,529097,474204,481066,0,4,1,0,0,0,0,0,0
1001833,23.68,0.00,0015-06-18 14:42:06,0015-06-18 17:42:06,14,17,50.07,Sat,android,995647,955429,493904,0,2,0,0,0,0,0,1,0
1001834,3.57,3.39,0015-07-07 20:53:06,0015-07-07 22:53:06,20,22,1.76,Thu,ios,534548,955429,493904,1,1,0,0,0,0,0,0,0
1001835,9.33,0.00,0015-08-17 18:04:05,0015-08-17 22:04:05,18,22,3.02,Thu,ios,713676,801274,976902,1,2,0,0,0,0,0,0,0
1001836,0.20,0.02,0015-09-07 10:41:52,0015-09-07 11:41:52,10,11,0.22,Fri,ios,332577,951880,144857,0,3,0,0,0,0,1,0,0
1001837,6.92,0.00,0015-07-03 17:30:39,0015-07-03 21:30:39,17,21,3.93,Thu,ios,975344,369001,493904,1,2,0,0,0,0,0,0,0
1001838,5.04,0.00,0015-05-17 11:49:21,0015-05-17 14:49:21,11,14,2.82,Fri,ios,714461,944575,928191,1,2,0,0,0,0,1,0,0
1001839,5.45,0.00,0015-05-07 22:38:40,0015-05-07 00:38:40,22,00,1.67,Mon,ios,173127,474204,481066,0,2,1,0,0,0,0,0,0
1001840,23.68,0.00,0015-05-21 18:47:53,0015-05-21 07:47:53,18,07,36.46,Thu,ios,211457,728918,928191,0,3,0,0,0,0,0,0,0
1001841,4.87,0.00,0015-08-23 09:34:25,0015-08-23 12:34:25,09,12,2.07,Sat,android,363915,955429,493904,1,2,0,0,0,0,0,1,0
1001842,8.75,0.00,0015-07-01 15:57:49,0015-07-01 19:57:49,15,19,3.72,Tue,ios,782216,995505,868085,1,2,0,0,0,0,0,0,0
1001843,5.94,0.00,0015-06-15 15:08:40,0015-06-15 18:08:40,15,18,2.21,Thu,ios,212838,237105,948590,1,3,0,0,0,0,0,0,0
1001844,2.31,0.00,0015-09-03 19:26:25,0015-09-03 22:26:25,19,22,2.83,Thu,ios,574817,638536,868085,1,1,0,0,0,0,0,0,0
1001845,2.21,0.00,0015-04-01 16:45:58,0015-04-01 18:45:58,16,18,1.84,Thu,android,821782,572249,144857,0,3,0,0,0,0,0,0,0
1001846,5.69,0.00,0015-09-14 17:43:58,0015-09-14 20:43:58,17,20,2.11,Mon,android,204729,369001,493904,0,1,1,0,0,0,0,0,0
1001847,23.68,0.00,0015-06-28 19:54:17,0015-06-28 21:54:17,19,21,1.68,Wed,ios,485724,228137,503205,1,1,0,0,1,0,0,0,0
1001848,6.86,0.00,0015-07-03 18:07:42,0015-07-03 22:07:42,18,22,3.51,Thu,android,941698,451479,648339,1,3,0,0,0,0,0,0,0
1001849,1.02,0.00,0015-07-23 14:04:57,0015-07-23 16:04:57,14,16,1.92,Tue,ios,197872,250527,976902,0,3,0,0,0,0,0,0,0
1001850,3.21,0.00,0015-07-03 12:42:57,0015-07-03 16:42:57,12,16,3.79,Thu,android,885749,944515,976902,1,3,0,0,0,0,0,0,0
1001851,6.63,0.95,0015-03-13 11:45:24,0015-03-13 14:45:24,11,14,2.63,Sat,ios,663357,653450,503205,1,3,0,0,0,0,0,1,0
1001852,0.69,0.00,0015-04-26 17:48:12,0015-04-26 21:48:12,17,21,3.13,Fri,android,785459,425476,928191,0,3,0,0,0,0,1,0,0
1001853,3.78,0.00,0015-01-24 11:12:17,0015-01-24 14:12:17,11,14,2.57,Tue,ios,369855,237105,948590,1,1,0,0,0,0,0,0,0
1001854,1.20,0.00,0015-09-20 12:16:46,0015-09-20 13:16:46,12,13,0.61,Wed,ios,689320,955429,493904,1,3,0,0,1,0,0,0,0
1001855,7.02,0.00,0015-09-15 12:17:13,0015-09-15 15:17:13,12,15,2.39,Mon,ios,764379,693651,503205,0,1,1,0,0,0,0,0,0
1001856,6.25,0.00,0015-08-16 11:53:40,0015-08-16 15:53:40,11,15,3.94,Fri,ios,442631,863084,751082,1,3,0,0,0,0,1,0,0
1001857,8.08,0.00,0015-09-09 12:29:07,0015-09-09 16:29:07,12,16,3.72,Thu,ios,242998,594591,461655,1,3,0,0,0,0,0,0,0
1001858,4.73,0.45,0015-05-24 11:39:41,0015-05-24 14:39:41,11,14,2.55,Mon,ios,117197,405157,976902,1,3,1,0,0,0,0,0,0
1001859,1.83,0.00,0015-08-28 09:55:54,0015-08-28 12:55:54,09,12,2.63,Tue,ios,895572,871619,125372,1,3,0,0,0,0,0,0,0
1001860,7.39,0.00,0015-09-15 18:06:21,0015-09-15 21:06:21,18,21,2.52,Fri,ios,669187,369001,493904,0,3,0,0,0,0,1,0,0
1001861,10.34,0.00,0015-02-10 13:16:36,0015-02-10 18:16:36,13,18,4.02,Fri,ios,770733,914305,648339,0,3,0,0,0,0,1,0,0
1001862,10.32,0.00,0015-06-09 20:20:48,0015-06-09 01:20:48,20,01,4.17,Fri,ios,340465,562656,481066,1,2,0,0,0,0,1,0,0
1001863,5.41,0.00,0015-04-06 18:50:35,0015-04-06 21:50:35,18,21,2.63,Wed,ios,230413,782629,517854,1,2,0,0,1,0,0,0,0
1001864,6.16,0.00,0015-04-28 17:15:34,0015-04-28 20:15:34,17,20,2.34,Tue,ios,415468,445920,125372,1,1,0,0,0,0,0,0,0
1001865,5.76,0.00,0015-08-21 11:18:36,0015-08-21 14:18:36,11,14,2.11,Thu,ios,637027,874950,814002,1,3,0,0,0,0,0,0,0
1001866,5.48,0.00,0015-09-25 10:09:28,0015-09-25 13:09:28,10,13,2.95,Tue,ios,895965,405157,976902,1,3,0,0,0,0,0,0,0
1001867,4.47,0.00,0015-09-23 17:31:29,0015-09-23 20:31:29,17,20,2.41,Mon,ios,154112,987396,978130,0,3,1,0,0,0,0,0,0
1001868,7.17,0.00,0015-05-21 11:38:16,0015-05-21 14:38:16,11,14,2.55,Thu,ios,175433,228137,503205,0,3,0,0,0,0,0,0,0
1001869,2.31,0.00,0015-05-16 12:45:53,0015-05-16 16:45:53,12,16,3.53,Tue,ios,474685,792421,202527,1,3,0,0,0,0,0,0,0
1001870,7.61,0.00,0015-05-08 10:25:28,0015-05-08 13:25:28,10,13,2.92,Mon,ios,612108,875343,747048,0,1,1,0,0,0,0,0,0
1001871,12.00,0.00,0015-07-09 12:43:18,0015-07-09 16:43:18,12,16,3.25,Wed,ios,299500,474204,481066,1,3,0,0,1,0,0,0,0
1001872,5.60,0.00,0015-06-25 09:50:15,0015-06-25 12:50:15,09,12,2.75,Fri,android,603335,878706,461655,1,3,0,0,0,0,1,0,0
1001873,9.91,0.00,0015-06-03 11:04:20,0015-06-03 15:04:20,11,15,3.57,Wed,android,133888,355208,976902,0,3,0,0,1,0,0,0,0
1001874,4.42,0.00,0015-09-12 17:25:22,0015-09-12 21:25:22,17,21,3.48,Tue,ios,939374,207262,928191,1,3,0,0,0,0,0,0,0
1001875,2.92,0.46,0015-06-07 11:55:43,0015-06-07 13:55:43,11,13,1.52,Thu,ios,138607,874950,814002,1,3,0,0,0,0,0,0,0
1001876,23.68,0.00,0015-12-24 10:15:52,0015-12-24 13:15:52,10,13,2.30,Tue,ios,902562,369001,493904,0,2,0,0,0,0,0,0,0
1001877,5.82,0.00,0015-08-03 21:35:06,0015-08-03 01:35:06,21,01,3.34,Fri,ios,547097,569889,461655,1,3,0,0,0,0,1,0,0
1001878,5.35,0.00,0015-07-21 10:48:41,0015-07-21 13:48:41,10,13,2.56,Thu,ios,803819,803398,144857,0,3,0,0,0,0,0,0,0
1001879,6.31,0.00,0015-07-01 16:47:23,0015-07-01 20:47:23,16,20,3.43,Thu,ios,748884,987396,978130,1,3,0,0,0,0,0,0,0
1001880,3.65,0.00,0015-08-06 05:36:45,0015-08-06 07:36:45,05,07,1.87,Thu,android,353723,250527,976902,0,3,0,0,0,0,0,0,0
1001881,2.26,0.00,0015-09-03 09:13:56,0015-09-03 11:13:56,09,11,1.20,Fri,ios,678565,366832,978130,1,3,0,0,0,0,1,0,0
1001882,11.54,0.00,0015-07-09 12:29:19,0015-07-09 16:29:19,12,16,3.94,Tue,android,882556,878706,461655,0,3,0,0,0,0,0,0,0
1001883,23.68,0.00,0015-08-08 13:53:22,0015-08-08 13:53:22,13,13,47.25,Tue,ios,621038,582873,461655,1,3,0,0,0,0,0,0,0
1001884,0.27,0.00,0015-04-17 12:43:12,0015-04-17 13:43:12,12,13,0.15,Tue,android,433740,623134,620906,1,3,0,0,0,0,0,0,0
1001885,2.02,0.00,0015-05-18 13:23:40,0015-05-18 15:23:40,13,15,1.76,Tue,android,160697,863084,751082,0,2,0,0,0,0,0,0,0
1001886,6.80,0.00,0015-08-06 19:35:24,0015-08-06 22:35:24,19,22,2.36,Fri,ios,894714,474204,481066,0,3,0,0,0,0,1,0,0
1001887,9.36,3.22,0015-05-10 15:34:48,0015-05-10 01:34:48,15,01,9.26,Wed,ios,168189,989457,620906,0,1,0,0,1,0,0,0,0
1001888,4.59,0.00,0015-05-27 15:11:19,0015-05-27 20:11:19,15,20,4.23,Mon,ios,900198,638536,868085,0,1,1,0,0,0,0,0,0
1001889,6.97,0.56,0015-08-11 09:09:30,0015-08-11 14:09:30,09,14,4.12,Mon,ios,772256,955429,493904,1,3,1,0,0,0,0,0,0
1001890,0.32,0.00,0015-03-07 11:03:51,0015-03-07 14:03:51,11,14,2.30,Wed,android,746592,514669,566549,0,1,0,0,1,0,0,0,0
1001891,7.57,0.00,0015-06-11 16:20:29,0015-06-11 19:20:29,16,19,2.56,Thu,ios,418322,944515,976902,1,1,0,0,0,0,0,0,0
1001892,6.70,0.00,0015-10-14 10:39:54,0015-10-14 15:39:54,10,15,4.12,Fri,ios,869384,129465,461655,0,1,0,0,0,0,1,0,0
1001893,0.74,1.07,0015-10-21 17:24:44,0015-10-21 21:24:44,17,21,3.15,Tue,ios,267811,575971,948590,0,2,0,0,0,0,0,0,0
1001894,3.85,0.00,0015-08-27 10:32:59,0015-08-27 12:32:59,10,12,1.49,Tue,ios,781976,943765,461655,0,3,0,0,0,0,0,0,0
1001895,5.02,0.20,0015-08-17 10:12:40,0015-08-17 13:12:40,10,13,2.19,Mon,android,794208,207262,928191,0,3,1,0,0,0,0,0,0
1001896,2.14,0.00,0015-09-25 13:08:35,0015-09-25 17:08:35,13,17,3.18,Thu,android,585807,369001,493904,0,2,0,0,0,0,0,0,0
1001897,3.15,0.00,0015-06-26 10:12:35,0015-06-26 13:12:35,10,13,2.71,Wed,android,950816,207262,928191,1,1,0,0,1,0,0,0,0
1001898,15.98,0.00,0015-07-23 16:59:09,0015-07-23 21:59:09,16,21,4.21,Thu,ios,281930,369001,493904,0,4,0,0,0,0,0,0,0
1001899,16.72,0.00,0015-06-10 12:56:30,0015-06-10 15:56:30,12,15,2.17,Mon,ios,707725,787792,648339,1,3,1,0,0,0,0,0,0
1001900,23.68,0.00,0015-08-11 15:27:25,0015-08-11 09:27:25,15,09,17.71,Mon,ios,552371,207262,928191,0,1,1,0,0,0,0,0,0
1001901,4.87,7.50,0015-08-15 18:46:56,0015-08-15 21:46:56,18,21,2.49,Wed,ios,791013,228137,503205,0,3,0,0,1,0,0,0,0
1001902,23.68,0.00,0015-04-01 17:56:05,0015-04-01 17:56:05,17,17,47.43,Fri,ios,971060,369001,493904,1,3,0,0,0,0,1,0,0
1001903,4.21,0.00,0015-07-20 17:00:13,0015-07-20 20:00:13,17,20,2.84,Thu,ios,715370,878706,461655,0,1,0,0,0,0,0,0,0
1001904,2.78,0.00,0015-08-19 19:18:19,0015-08-19 21:18:19,19,21,1.05,Thu,ios,479256,875343,747048,1,3,0,0,0,0,0,0,0
1001905,1.48,0.00,0015-08-24 18:26:30,0015-08-24 21:26:30,18,21,2.01,Fri,ios,617392,474204,481066,1,2,0,0,0,0,1,0,0
1001906,10.66,0.00,0015-09-21 12:33:47,0015-09-21 16:33:47,12,16,3.62,Fri,ios,485414,474204,481066,0,1,0,0,0,0,1,0,0
1001907,10.76,0.00,0015-07-17 18:57:10,0015-07-17 22:57:10,18,22,3.45,Mon,android,319853,228137,503205,1,3,1,0,0,0,0,0,0
1001908,5.31,0.00,0015-07-22 16:53:27,0015-07-22 19:53:27,16,19,2.77,Mon,android,940654,929628,751082,1,3,1,0,0,0,0,0,0
1001909,2.50,0.00,0015-06-19 12:30:21,0015-06-19 14:30:21,12,14,1.62,Fri,android,816889,638536,868085,0,1,0,0,0,0,1,0,0
1001910,23.68,0.00,0015-08-16 16:17:34,0015-08-16 20:17:34,16,20,3.42,Wed,ios,652141,562656,481066,1,3,0,0,1,0,0,0,0
1001911,9.22,0.00,0015-09-04 12:53:47,0015-09-04 16:53:47,12,16,3.25,Mon,ios,525993,207262,928191,1,3,1,0,0,0,0,0,0
1001912,6.24,0.00,0015-09-04 12:39:25,0015-09-04 15:39:25,12,15,2.65,Wed,ios,316578,612116,461655,1,3,0,0,1,0,0,0,0
1001913,3.18,0.00,0015-05-07 12:53:02,0015-05-07 14:53:02,12,14,1.18,Fri,ios,251606,474204,481066,1,1,0,0,0,0,1,0,0
1001914,5.29,0.00,0015-07-22 12:38:10,0015-07-22 15:38:10,12,15,2.75,Wed,ios,827877,507660,202527,1,3,0,0,1,0,0,0,0
1001915,3.31,0.00,0015-08-01 09:50:13,0015-08-01 11:50:13,09,11,1.94,Tue,ios,884073,207262,928191,1,3,0,0,0,0,0,0,0
1001916,3.86,0.00,0015-07-04 17:59:22,0015-07-04 20:59:22,17,20,2.35,Mon,ios,142889,801274,976902,0,1,1,0,0,0,0,0,0
1001917,1.91,0.00,0015-09-13 17:40:44,0015-09-13 19:40:44,17,19,1.57,Fri,ios,931844,371335,461655,1,2,0,0,0,0,1,0,0
1001918,6.46,0.00,0015-04-27 16:22:26,0015-04-27 19:22:26,16,19,2.66,Fri,ios,189644,664306,868085,0,3,0,0,0,0,1,0,0
1001919,3.19,0.00,0015-10-21 17:53:42,0015-10-21 20:53:42,17,20,2.02,Mon,ios,245500,207262,928191,1,3,1,0,0,0,0,0,0
1001920,5.24,0.00,0015-05-12 19:25:30,0015-05-12 23:25:30,19,23,3.22,Tue,android,123462,875343,747048,0,2,0,0,0,0,0,0,0
1001921,5.70,0.00,0015-04-19 14:06:38,0015-04-19 17:06:38,14,17,2.82,Mon,android,413456,653450,503205,1,2,1,0,0,0,0,0,0
1001922,4.36,0.00,0015-09-14 16:58:17,0015-09-14 20:58:17,16,20,3.16,Wed,ios,795167,489543,868085,1,2,0,0,1,0,0,0,0
1001923,5.04,0.00,0015-07-19 17:57:02,0015-07-19 20:57:02,17,20,2.76,Wed,ios,769669,932939,868085,0,2,0,0,1,0,0,0,0
1001924,5.83,1.14,0015-09-04 16:21:55,0015-09-04 19:21:55,16,19,2.57,Wed,ios,156380,878706,461655,1,2,0,0,1,0,0,0,0
1001925,3.18,0.00,0015-08-07 10:23:37,0015-08-07 13:23:37,10,13,2.71,Mon,android,364514,474204,481066,1,3,1,0,0,0,0,0,0
1001926,6.54,0.00,0015-09-22 11:04:52,0015-09-22 16:04:52,11,16,4.05,Mon,android,624792,664306,868085,1,3,1,0,0,0,0,0,0
1001927,2.80,0.00,0015-05-21 19:31:19,0015-05-21 21:31:19,19,21,1.27,Wed,ios,259015,955429,493904,1,2,0,0,1,0,0,0,0
1001928,10.04,0.00,0015-06-27 14:49:43,0015-06-27 18:49:43,14,18,3.55,Tue,ios,479715,237105,948590,0,1,0,0,0,0,0,0,0
1001929,5.33,0.00,0015-07-17 17:49:58,0015-07-17 20:49:58,17,20,2.16,Tue,ios,787028,228137,503205,0,2,0,0,0,0,0,0,0
1001930,23.68,0.00,0015-07-09 13:25:51,0015-07-09 17:25:51,13,17,3.08,Thu,android,718520,803398,144857,1,3,0,0,0,0,0,0,0
1001931,4.16,0.00,0015-09-18 11:22:45,0015-09-18 14:22:45,11,14,2.33,Mon,ios,848562,569886,868085,0,3,1,0,0,0,0,0,0
1001932,6.48,0.00,0015-07-04 17:01:04,0015-07-04 20:01:04,17,20,2.70,Tue,ios,136978,445920,125372,0,3,0,0,0,0,0,0,0
1001933,11.57,0.00,0015-09-18 09:27:44,0015-09-18 13:27:44,09,13,3.09,Fri,ios,215177,371335,461655,0,2,0,0,0,0,1,0,0
1001934,4.96,0.00,0015-09-26 14:59:37,0015-09-26 17:59:37,14,17,2.61,Wed,ios,351818,425476,928191,1,3,0,0,1,0,0,0,0
1001935,3.30,0.00,0015-06-16 12:03:29,0015-06-16 14:03:29,12,14,1.50,Thu,ios,462184,260781,202527,0,3,0,0,0,0,0,0,0
1001936,5.21,0.00,0015-08-20 11:29:58,0015-08-20 15:29:58,11,15,3.92,Thu,ios,805033,228137,503205,0,3,0,0,0,0,0,0,0
1001937,2.44,0.00,0015-08-25 12:52:56,0015-08-25 13:52:56,12,13,0.94,Wed,android,799987,562656,481066,1,1,0,0,1,0,0,0,0
1001938,8.75,0.00,0015-07-25 17:40:27,0015-07-25 21:40:27,17,21,3.87,Tue,ios,459352,489543,868085,1,1,0,0,0,0,0,0,0
1001939,3.02,0.00,0015-07-19 13:16:45,0015-07-19 17:16:45,13,17,3.65,Sat,ios,711607,489543,868085,1,3,0,0,0,0,0,1,0
1001940,4.25,0.00,0015-08-06 17:04:16,0015-08-06 21:04:16,17,21,3.18,Mon,ios,612996,369001,493904,0,3,1,0,0,0,0,0,0
1001941,6.97,0.00,0015-09-20 12:55:19,0015-09-20 15:55:19,12,15,2.53,Fri,ios,490386,355208,976902,0,3,0,0,0,0,1,0,0
1001942,3.62,0.00,0015-08-03 11:07:33,0015-08-03 13:07:33,11,13,1.30,Tue,ios,324216,431796,461655,1,3,0,0,0,0,0,0,0
1001943,9.40,0.00,0015-07-02 12:13:35,0015-07-02 16:13:35,12,16,3.80,Fri,ios,549670,219054,814002,1,1,0,0,0,0,1,0,0
1001944,4.41,0.34,0015-07-03 17:16:24,0015-07-03 21:16:24,17,21,3.31,Thu,ios,162563,955429,493904,0,3,0,0,0,0,0,0,0
1001945,8.65,0.00,0015-07-01 18:12:00,0015-07-01 21:12:00,18,21,2.83,Tue,android,700844,871619,125372,1,3,0,0,0,0,0,0,0
1001946,6.74,0.00,0015-08-08 19:49:29,0015-08-08 22:49:29,19,22,2.48,Fri,ios,168870,932939,868085,0,2,0,0,0,0,1,0,0
1001947,1.71,0.00,0015-04-17 11:54:33,0015-04-17 14:54:33,11,14,2.53,Tue,ios,337175,758780,399399,0,3,0,0,0,0,0,0,0
1001948,4.46,0.00,0015-07-13 12:16:39,0015-07-13 15:16:39,12,15,2.62,Thu,android,817945,369001,493904,0,2,0,0,0,0,0,0,0
1001949,23.68,0.00,0015-02-26 11:36:02,0015-02-26 08:36:02,11,08,20.06,Thu,ios,953908,228137,503205,0,3,0,0,0,0,0,0,0
1001950,8.89,0.00,0015-09-18 09:04:47,0015-09-18 13:04:47,09,13,3.94,Tue,ios,587112,414088,566549,0,2,0,0,0,0,0,0,0
1001951,6.08,0.00,0015-05-03 18:38:15,0015-05-03 22:38:15,18,22,3.21,Fri,ios,103614,884707,648339,1,3,0,0,0,0,1,0,0
1001952,4.05,0.00,0015-08-23 09:32:29,0015-08-23 12:32:29,09,12,2.46,Tue,ios,910237,943765,461655,0,3,0,0,0,0,0,0,0
1001953,2.20,0.00,0015-09-27 11:39:40,0015-09-27 13:39:40,11,13,1.15,Fri,ios,426629,207262,928191,1,3,0,0,0,0,1,0,0
1001954,1.61,0.00,0015-08-04 16:01:56,0015-08-04 18:01:56,16,18,1.73,Wed,ios,356422,369001,493904,1,1,0,0,1,0,0,0,0
1001955,0.31,0.00,0015-06-16 15:36:37,0015-06-16 16:36:37,15,16,0.20,Fri,ios,616889,366832,978130,1,3,0,0,0,0,1,0,0
1001956,6.92,0.00,0015-02-15 12:58:03,0015-02-15 17:58:03,12,17,4.04,Fri,ios,197751,562656,481066,0,3,0,0,0,0,1,0,0
1001957,3.91,0.00,0015-09-19 16:20:13,0015-09-19 19:20:13,16,19,2.09,Wed,ios,579728,366832,978130,1,1,0,0,1,0,0,0,0
1001958,13.74,0.00,0015-09-10 11:20:41,0015-09-10 15:20:41,11,15,3.86,Thu,ios,983696,738900,976902,1,1,0,0,0,0,0,0,0
1001959,7.61,0.00,0015-09-09 11:37:50,0015-09-09 14:37:50,11,14,2.60,Thu,android,376852,445920,125372,0,3,0,0,0,0,0,0,0
1001960,8.01,1.56,0015-09-18 11:54:02,0015-09-18 15:54:02,11,15,3.06,Wed,android,461169,474204,481066,1,3,0,0,1,0,0,0,0
1001961,11.21,0.00,0015-09-20 09:49:54,0015-09-20 13:49:54,09,13,3.05,Mon,ios,972368,250527,976902,1,3,1,0,0,0,0,0,0
1001962,6.23,0.00,0015-07-10 13:56:28,0015-07-10 16:56:28,13,16,2.44,Tue,ios,578063,474204,481066,1,4,0,0,0,0,0,0,0
1001963,0.28,0.00,0015-08-22 12:01:48,0015-08-22 14:01:48,12,14,1.97,Wed,ios,877669,987396,978130,1,1,0,0,1,0,0,0,0
1001964,3.24,0.00,0015-07-28 15:41:45,0015-07-28 19:41:45,15,19,3.94,Mon,ios,755145,569889,461655,0,3,1,0,0,0,0,0,0
1001965,7.44,0.68,0015-07-15 15:02:48,0015-07-15 19:02:48,15,19,3.26,Fri,ios,881639,569886,868085,0,2,0,0,0,0,1,0,0
1001966,23.68,0.00,0015-03-15 09:48:15,0015-03-15 05:48:15,09,05,43.45,Mon,ios,526630,955429,493904,1,2,1,0,0,0,0,0,0
1001967,5.93,0.00,0015-09-07 11:43:49,0015-09-07 14:43:49,11,14,2.10,Mon,ios,123653,228137,503205,0,3,1,0,0,0,0,0,0
1001968,8.76,0.00,0015-09-13 19:36:16,0015-09-13 23:36:16,19,23,3.42,Mon,ios,558905,932939,868085,1,3,1,0,0,0,0,0,0
1001969,8.13,0.00,0015-09-17 10:21:15,0015-09-17 13:21:15,10,13,2.76,Wed,ios,968250,911231,202527,1,3,0,0,1,0,0,0,0
1001970,10.19,0.00,0015-07-04 11:37:40,0015-07-04 15:37:40,11,15,3.57,Wed,android,250127,664306,868085,1,1,0,0,1,0,0,0,0
1001971,0.97,0.00,0015-05-10 17:08:23,0015-05-10 20:08:23,17,20,2.37,Tue,ios,568325,728918,928191,1,3,0,0,0,0,0,0,0
1001972,1.87,0.00,0015-05-05 15:10:07,0015-05-05 18:10:07,15,18,2.12,Tue,ios,441865,369001,493904,1,1,0,0,0,0,0,0,0
1001973,8.54,0.00,0015-09-22 17:08:34,0015-09-22 21:08:34,17,21,3.75,Mon,android,966507,792421,202527,0,3,1,0,0,0,0,0,0
1001974,3.42,0.46,0015-09-26 14:26:11,0015-09-26 18:26:11,14,18,3.03,Tue,android,304155,474204,481066,0,3,0,0,0,0,0,0,0
1001975,3.82,0.00,0015-07-03 08:44:02,0015-07-03 10:44:02,08,10,1.83,Fri,android,266944,911231,202527,0,3,0,0,0,0,1,0,0
1001976,1.62,0.00,0015-01-10 13:23:17,0015-01-10 14:23:17,13,14,0.98,Thu,android,382130,632920,461655,1,3,0,0,0,0,0,0,0
1001977,6.56,0.00,0015-07-04 08:22:10,0015-07-04 11:22:10,08,11,2.56,Tue,android,856348,643012,517854,1,3,0,0,0,0,0,0,0
1001978,4.23,0.00,0015-09-26 16:12:12,0015-09-26 17:12:12,16,17,0.23,Fri,ios,326667,431796,461655,1,2,0,0,0,0,1,0,0
1001979,23.68,0.00,0015-01-09 10:21:28,0015-01-09 19:21:28,10,19,32.78,Thu,ios,458865,878706,461655,1,2,0,0,0,0,0,0,0
1001980,6.26,0.00,0015-08-24 12:06:36,0015-08-24 15:06:36,12,15,2.63,Tue,ios,467418,474204,481066,1,2,0,0,0,0,0,0,0
1001981,5.48,0.53,0015-04-24 14:22:08,0015-04-24 17:22:08,14,17,2.09,Tue,android,307307,878706,461655,0,2,0,0,0,0,0,0,0
1001982,4.32,0.00,0015-07-18 10:40:58,0015-07-18 13:40:58,10,13,2.47,Thu,ios,565181,955429,493904,1,2,0,0,0,0,0,0,0
1001983,6.88,7.50,0015-10-27 13:59:29,0015-10-27 16:59:29,13,16,2.29,Thu,ios,966884,250527,976902,1,2,0,0,0,0,0,0,0
1001984,1.73,0.00,0015-07-18 10:15:44,0015-07-18 12:15:44,10,12,1.02,Fri,ios,571368,425476,928191,1,3,0,0,0,0,1,0,0
1001985,3.28,0.00,0015-07-25 13:16:19,0015-07-25 15:16:19,13,15,1.91,Mon,ios,644097,944515,976902,1,1,1,0,0,0,0,0,0
1001986,5.93,0.00,0015-09-13 10:48:45,0015-09-13 14:48:45,10,14,3.89,Thu,ios,699108,369001,493904,1,3,0,0,0,0,0,0,0
1001987,8.24,1.27,0015-06-10 08:08:18,0015-06-10 11:08:18,08,11,2.73,Mon,ios,169012,653450,503205,1,3,1,0,0,0,0,0,0
1001988,23.68,0.00,0015-05-06 11:25:24,0015-05-06 15:25:24,11,15,3.38,Wed,android,134658,878706,461655,1,3,0,0,1,0,0,0,0
1001989,2.40,0.00,0015-05-09 10:59:53,0015-05-09 14:59:53,10,14,3.19,Thu,android,845269,638536,868085,1,3,0,0,0,0,0,0,0
1001990,5.39,0.00,0015-09-09 18:31:55,0015-09-09 21:31:55,18,21,2.36,Fri,ios,231988,738900,976902,0,3,0,0,0,0,1,0,0
1001991,4.93,0.00,0015-05-24 13:17:28,0015-05-24 17:17:28,13,17,3.72,Mon,ios,778827,131897,566549,0,1,1,0,0,0,0,0,0
1001992,2.07,0.00,0015-08-16 13:51:59,0015-08-16 15:51:59,13,15,1.14,Thu,android,271469,955429,493904,0,3,0,0,0,0,0,0,0
1001993,0.68,0.00,0015-09-24 08:12:09,0015-09-24 12:12:09,08,12,3.11,Fri,ios,575301,369001,493904,1,3,0,0,0,0,1,0,0
1001994,6.16,0.00,0015-08-16 13:15:53,0015-08-16 17:15:53,13,17,3.51,Mon,ios,772449,514669,566549,1,3,1,0,0,0,0,0,0
1001995,4.86,0.00,0015-07-02 16:47:27,0015-07-02 19:47:27,16,19,2.66,Fri,ios,342428,228137,503205,0,3,0,0,0,0,1,0,0
1001996,11.19,0.00,0015-02-25 11:42:37,0015-02-25 15:42:37,11,15,3.94,Fri,android,450616,638536,868085,1,2,0,0,0,0,1,0,0
1001997,4.56,0.00,0015-09-08 18:01:59,0015-09-08 21:01:59,18,21,2.76,Wed,ios,341175,129465,461655,1,3,0,0,1,0,0,0,0
1001998,5.57,0.00,0015-05-09 13:01:40,0015-05-09 17:01:40,13,17,3.01,Tue,ios,146999,369001,493904,1,3,0,0,0,0,0,0,0
1001999,2.76,0.23,0015-03-04 10:52:01,0015-03-04 13:52:01,10,13,2.78,Tue,ios,379731,369001,493904,0,2,0,0,0,0,0,0,0
1002000,8.62,0.00,0015-06-22 16:43:19,0015-06-22 21:43:19,16,21,4.57,Thu,ios,997424,474204,481066,1,2,0,0,0,0,0,0,0
1002001,9.09,0.00,0015-07-25 18:33:04,0015-07-25 22:33:04,18,22,3.06,Wed,ios,466263,792421,202527,0,1,0,0,1,0,0,0,0
1002002,7.04,0.00,0015-08-25 11:04:39,0015-08-25 15:04:39,11,15,3.43,Wed,ios,227167,445920,125372,0,3,0,0,1,0,0,0,0
1002003,0.61,0.00,0015-09-21 13:08:17,0015-09-21 16:08:17,13,16,2.57,Wed,android,178049,728918,928191,0,1,0,0,1,0,0,0,0
1002004,0.45,0.00,0015-08-08 16:20:08,0015-08-08 17:20:08,16,17,0.16,Mon,ios,157393,944515,976902,1,3,1,0,0,0,0,0,0
1002005,2.43,0.00,0015-07-14 16:38:28,0015-07-14 19:38:28,16,19,2.70,Fri,android,629726,787792,648339,1,3,0,0,0,0,1,0,0
1002006,10.43,0.00,0015-03-25 18:48:26,0015-03-25 22:48:26,18,22,3.50,Thu,ios,625165,902592,566549,1,3,0,0,0,0,0,0,0
1002007,3.93,0.00,0015-05-13 19:42:07,0015-05-13 22:42:07,19,22,2.51,Fri,ios,869507,569886,868085,1,2,0,0,0,0,1,0,0
1002008,1.34,0.00,0015-08-02 18:22:40,0015-08-02 19:22:40,18,19,0.57,Fri,ios,498661,875343,747048,1,2,0,0,0,0,1,0,0
1002009,23.68,0.00,0015-02-06 16:52:00,0015-02-06 20:52:00,16,20,3.47,Fri,ios,762986,632920,461655,1,3,0,0,0,0,1,0,0
1002010,23.68,0.00,0015-07-24 13:46:45,0015-07-24 17:46:45,13,17,3.65,Wed,ios,645709,237105,948590,0,1,0,0,1,0,0,0,0
1002011,5.68,0.43,0015-10-12 16:18:38,0015-10-12 19:18:38,16,19,2.95,Thu,ios,497324,875343,747048,1,1,0,0,0,0,0,0,0
1002012,2.60,0.00,0015-07-25 14:31:57,0015-07-25 16:31:57,14,16,1.33,Thu,android,960909,874950,814002,1,2,0,0,0,0,0,0,0
1002013,7.11,0.00,0015-05-21 13:41:28,0015-05-21 15:41:28,13,15,1.99,Sun,android,462913,664306,868085,1,1,0,0,0,0,0,0,1
1002014,0.45,0.00,0015-05-16 16:50:15,0015-05-16 17:50:15,16,17,0.31,Thu,ios,268703,902592,566549,0,2,0,0,0,0,0,0,0
1002015,1.61,3.30,0015-06-28 10:06:09,0015-06-28 13:06:09,10,13,2.16,Tue,android,458719,944515,976902,1,2,0,0,0,0,0,0,0
1002016,4.40,0.00,0015-07-19 09:37:58,0015-07-19 12:37:58,09,12,2.96,Sat,ios,601544,366832,978130,1,3,0,0,0,0,0,1,0
1002017,8.05,0.00,0015-07-25 17:18:15,0015-07-25 20:18:15,17,20,2.89,Wed,android,265033,369001,493904,0,3,0,0,1,0,0,0,0
1002018,6.03,0.56,0015-05-23 16:17:06,0015-05-23 19:17:06,16,19,2.64,Thu,ios,636854,728918,928191,0,3,0,0,0,0,0,0,0
1002019,4.70,0.00,0015-06-06 17:09:21,0015-06-06 19:09:21,17,19,1.68,Thu,android,235936,955429,493904,1,3,0,0,0,0,0,0,0
1002020,1.70,0.00,0015-03-28 13:54:06,0015-03-28 15:54:06,13,15,1.86,Mon,ios,641676,369001,493904,0,3,1,0,0,0,0,0,0
1002021,6.93,0.00,0015-09-03 08:26:25,0015-09-03 11:26:25,08,11,2.63,Tue,ios,652813,228137,503205,1,3,0,0,0,0,0,0,0
1002022,4.54,0.00,0015-07-13 15:51:12,0015-07-13 18:51:12,15,18,2.59,Thu,ios,997066,236379,928191,0,2,0,0,0,0,0,0,0
1002023,3.61,0.00,0015-05-09 17:44:35,0015-05-09 19:44:35,17,19,1.64,Wed,android,346106,369001,493904,1,1,0,0,1,0,0,0,0
1002024,7.56,0.00,0015-03-28 17:07:58,0015-03-28 20:07:58,17,20,2.91,Wed,ios,376373,801274,976902,0,3,0,0,1,0,0,0,0
1002025,7.57,0.00,0015-05-03 08:01:16,0015-05-03 11:01:16,08,11,2.69,Thu,ios,206887,236379,928191,0,3,0,0,0,0,0,0,0
1002026,9.53,0.00,0015-08-13 17:42:43,0015-08-13 21:42:43,17,21,3.10,Mon,ios,403527,414088,566549,1,2,1,0,0,0,0,0,0
1002027,4.18,0.00,0015-06-03 11:33:06,0015-06-03 13:33:06,11,13,1.39,Tue,ios,458409,944515,976902,0,1,0,0,0,0,0,0,0
1002028,0.08,0.00,0015-05-28 10:37:42,0015-05-28 11:37:42,10,11,0.05,Thu,ios,930875,369001,493904,1,2,0,0,0,0,0,0,0
1002029,0.60,0.00,0015-07-17 16:29:33,0015-07-17 19:29:33,16,19,2.00,Sun,ios,384967,664306,868085,1,1,0,0,0,0,0,0,1
1002030,7.43,0.00,0015-09-16 16:38:17,0015-09-16 20:38:17,16,20,3.68,Tue,android,378422,582873,461655,1,1,0,0,0,0,0,0,0
1002031,8.23,0.00,0015-08-20 13:14:15,0015-08-20 17:14:15,13,17,3.12,Thu,ios,955449,405157,976902,0,3,0,0,0,0,0,0,0
1002032,6.76,1.25,0015-03-06 08:27:48,0015-03-06 12:27:48,08,12,3.75,Mon,ios,515841,207262,928191,1,1,1,0,0,0,0,0,0
1002033,6.41,0.00,0015-03-13 14:41:21,0015-03-13 17:41:21,14,17,2.27,Thu,android,122353,369001,493904,1,1,0,0,0,0,0,0,0
1002034,7.43,0.00,0015-09-18 15:24:49,0015-09-18 19:24:49,15,19,3.20,Fri,android,112705,878706,461655,0,3,0,0,0,0,1,0,0
1002035,0.06,0.00,0015-09-15 09:51:29,0015-09-15 10:51:29,09,10,0.08,Wed,ios,428412,632920,461655,1,2,0,0,1,0,0,0,0
1002036,4.79,0.00,0015-05-02 20:28:33,0015-05-02 22:28:33,20,22,1.34,Wed,android,154600,562656,481066,0,3,0,0,1,0,0,0,0
1002037,7.24,0.00,0015-02-10 11:05:51,0015-02-10 14:05:51,11,14,2.43,Wed,android,644192,228137,503205,1,2,0,0,1,0,0,0,0
1002038,23.68,0.00,0015-07-06 12:14:36,0015-07-06 05:14:36,12,05,40.70,Fri,ios,101323,575971,948590,0,3,0,0,0,0,1,0,0
1002039,4.59,0.00,0015-06-06 15:24:40,0015-06-06 18:24:40,15,18,2.55,Thu,ios,779052,540225,648339,0,2,0,0,0,0,0,0,0
1002040,4.36,0.00,0015-11-10 14:48:27,0015-11-10 18:48:27,14,18,3.38,Wed,ios,931289,474204,481066,0,1,0,0,1,0,0,0,0
1002041,9.56,0.00,0015-06-22 17:15:53,0015-06-22 21:15:53,17,21,3.16,Fri,ios,835361,366832,978130,1,3,0,0,0,0,1,0,0
1002042,6.21,0.00,0015-05-25 17:30:58,0015-05-25 21:30:58,17,21,3.13,Mon,android,600895,664306,868085,0,2,1,0,0,0,0,0,0
1002043,4.50,0.00,0015-07-04 18:24:08,0015-07-04 21:24:08,18,21,2.38,Mon,ios,886552,955429,493904,1,1,1,0,0,0,0,0,0
1002044,11.30,0.00,0015-05-15 16:00:06,0015-05-15 21:00:06,16,21,4.49,Wed,android,341986,902592,566549,0,1,0,0,1,0,0,0,0
1002045,23.68,0.00,0015-08-04 17:46:34,0015-08-04 10:46:34,17,10,40.62,Wed,ios,974251,664306,868085,0,3,0,0,1,0,0,0,0
1002046,9.29,0.00,0015-02-02 12:00:03,0015-02-02 16:00:03,12,16,3.30,Tue,android,957710,507660,202527,1,3,0,0,0,0,0,0,0
1002047,23.68,0.00,0015-03-09 11:50:16,0015-03-09 10:50:16,11,10,22.78,Tue,android,101265,623134,620906,1,1,0,0,0,0,0,0,0
1002048,23.68,0.00,0015-07-28 11:19:42,0015-07-28 14:19:42,11,14,26.39,Thu,ios,843320,129465,461655,0,1,0,0,0,0,0,0,0
1002049,7.19,0.00,0015-07-03 18:03:16,0015-07-03 22:03:16,18,22,3.29,Mon,ios,356913,864630,648339,0,1,1,0,0,0,0,0,0
1002050,23.68,0.00,0015-09-14 12:04:38,0015-09-14 14:04:38,12,14,1.57,Fri,ios,530608,474204,481066,1,3,0,0,0,0,1,0,0
1002051,7.80,0.00,0015-08-16 11:24:04,0015-08-16 15:24:04,11,15,3.21,Tue,ios,901717,474204,481066,1,3,0,0,0,0,0,0,0
1002052,2.90,0.00,0015-08-21 11:39:37,0015-08-21 12:39:37,11,12,0.98,Thu,android,705453,228137,503205,0,3,0,0,0,0,0,0,0
1002053,8.92,0.00,0015-08-05 20:50:57,0015-08-05 23:50:57,20,23,2.91,Thu,ios,499019,366832,978130,0,3,0,0,0,0,0,0,0
1002054,2.47,0.00,0015-08-11 15:54:55,0015-08-11 17:54:55,15,17,1.74,Wed,ios,817010,445920,125372,1,3,0,0,1,0,0,0,0
1002055,6.25,0.00,0015-05-25 16:45:46,0015-05-25 19:45:46,16,19,2.93,Thu,ios,333374,369001,493904,1,2,0,0,0,0,0,0,0
1002056,2.07,0.00,0015-02-18 09:31:30,0015-02-18 11:31:30,09,11,1.17,Fri,ios,908371,568071,144857,0,2,0,0,0,0,1,0,0
1002057,9.92,0.00,0015-09-20 14:03:10,0015-09-20 19:03:10,14,19,4.31,Wed,android,346814,803398,144857,1,1,0,0,1,0,0,0,0
1002058,2.83,0.00,0015-05-24 12:01:13,0015-05-24 14:01:13,12,14,1.62,Tue,ios,461444,369001,493904,0,2,0,0,0,0,0,0,0
1002059,7.13,0.00,0015-09-15 11:58:50,0015-09-15 15:58:50,11,15,3.02,Thu,ios,170724,653450,503205,1,2,0,0,0,0,0,0,0
1002060,4.15,0.00,0015-04-03 11:04:04,0015-04-03 14:04:04,11,14,2.75,Thu,ios,546375,369001,493904,1,2,0,0,0,0,0,0,0
1002061,7.74,0.00,0015-09-04 12:10:23,0015-09-04 17:10:23,12,17,4.59,Wed,android,145048,369001,493904,1,3,0,0,1,0,0,0,0
1002062,5.23,0.00,0015-03-19 16:10:40,0015-03-19 19:10:40,16,19,2.13,Mon,ios,279603,349635,503205,0,1,1,0,0,0,0,0,0
1002063,7.04,2.23,0015-07-03 13:10:40,0015-07-03 16:10:40,13,16,2.65,Tue,android,594861,664306,868085,1,3,0,0,0,0,0,0,0
1002064,3.19,0.00,0015-07-18 11:30:16,0015-07-18 15:30:16,11,15,3.82,Tue,android,319509,405157,976902,0,3,0,0,0,0,0,0,0
1002065,0.86,0.00,0015-05-11 12:05:43,0015-05-11 16:05:43,12,16,3.42,Wed,android,822086,489543,868085,1,2,0,0,1,0,0,0,0
1002066,0.29,0.00,0015-04-23 11:03:00,0015-04-23 13:03:00,11,13,2.00,Wed,android,785971,944515,976902,1,3,0,0,1,0,0,0,0
1002067,3.94,0.00,0015-09-27 16:40:17,0015-09-27 18:40:17,16,18,1.95,Tue,ios,248421,922416,648339,0,2,0,0,0,0,0,0,0
1002068,8.08,0.00,0015-09-13 12:14:07,0015-09-13 15:14:07,12,15,2.60,Fri,ios,420391,875343,747048,1,2,0,0,0,0,1,0,0
1002069,2.48,0.00,0015-01-03 18:01:24,0015-01-03 20:01:24,18,20,1.32,Wed,android,927094,129465,461655,0,3,0,0,1,0,0,0,0
1002070,5.86,0.00,0015-04-14 10:19:09,0015-04-14 14:19:09,10,14,3.04,Fri,ios,224796,801274,976902,1,3,0,0,0,0,1,0,0
1002071,6.95,0.00,0015-02-20 17:36:45,0015-02-20 20:36:45,17,20,2.58,Wed,android,490571,131897,566549,1,2,0,0,1,0,0,0,0
1002072,5.54,0.00,0015-05-02 20:20:32,0015-05-02 00:20:32,20,00,3.85,Wed,ios,384178,944515,976902,0,3,0,0,1,0,0,0,0
1002073,5.79,0.00,0015-09-06 21:21:47,0015-09-06 01:21:47,21,01,3.96,Mon,ios,914002,369001,493904,1,1,1,0,0,0,0,0,0
1002074,4.08,0.00,0015-07-15 11:45:34,0015-07-15 14:45:34,11,14,2.96,Wed,android,119588,219054,814002,0,3,0,0,1,0,0,0,0
1002075,8.00,0.00,0015-09-26 18:32:00,0015-09-26 22:32:00,18,22,3.41,Tue,ios,984363,369001,493904,1,1,0,0,0,0,0,0,0
1002076,9.08,0.00,0015-05-23 11:21:44,0015-05-23 15:21:44,11,15,3.61,Mon,ios,469753,369001,493904,1,2,1,0,0,0,0,0,0
1002077,3.79,0.00,0015-07-03 20:06:43,0015-07-03 22:06:43,20,22,1.89,Fri,ios,447454,369001,493904,1,3,0,0,0,0,1,0,0
1002078,0.40,0.00,0015-07-22 17:06:05,0015-07-22 22:06:05,17,22,52.52,Mon,ios,587330,664306,868085,0,3,1,0,0,0,0,0,0
1002079,5.36,0.00,0015-09-06 16:11:07,0015-09-06 20:11:07,16,20,3.64,Tue,ios,638986,987396,978130,1,3,0,0,0,0,0,0,0
1002080,6.87,0.00,0015-08-21 16:36:56,0015-08-21 19:36:56,16,19,2.86,Fri,ios,210968,280415,399399,0,3,0,0,0,0,1,0,0
1002081,9.21,0.00,0015-08-16 17:36:56,0015-08-16 21:36:56,17,21,3.93,Thu,ios,151001,943765,461655,0,2,0,0,0,0,0,0,0
1002082,10.18,0.00,0015-05-18 13:56:33,0015-05-18 17:56:33,13,17,3.32,Mon,ios,744632,738900,976902,1,1,1,0,0,0,0,0,0
1002083,3.97,0.00,0015-04-08 11:36:29,0015-04-08 14:36:29,11,14,2.53,Fri,ios,348734,369001,493904,1,3,0,0,0,0,1,0,0
1002084,3.75,0.00,0015-08-24 17:41:52,0015-08-24 20:41:52,17,20,2.27,Wed,ios,424751,568071,144857,1,1,0,0,1,0,0,0,0
1002085,3.82,0.30,0015-03-06 18:47:27,0015-03-06 20:47:27,18,20,1.55,Mon,android,695638,507660,202527,1,1,1,0,0,0,0,0,0
1002086,9.72,0.00,0015-09-19 11:41:58,0015-09-19 14:41:58,11,14,2.85,Wed,ios,876755,738900,976902,1,1,0,0,1,0,0,0,0
1002087,7.37,0.75,0015-08-17 12:54:20,0015-08-17 15:54:20,12,15,2.68,Mon,ios,496798,729642,517854,1,4,1,0,0,0,0,0,0
1002088,23.68,0.00,0015-09-16 16:53:44,0015-09-16 18:53:44,16,18,2.00,Wed,android,506773,129465,461655,1,3,0,0,1,0,0,0,0
1002089,6.13,0.00,0015-08-21 16:40:00,0015-08-21 19:40:00,16,19,2.79,Mon,android,625388,955429,493904,1,2,1,0,0,0,0,0,0
1002090,6.57,0.00,0015-09-11 15:08:35,0015-09-11 18:08:35,15,18,2.37,Tue,android,961259,507660,202527,0,1,0,0,0,0,0,0,0
1002091,6.25,0.00,0015-05-22 12:45:21,0015-05-22 16:45:21,12,16,3.75,Wed,android,234174,951880,144857,1,3,0,0,1,0,0,0,0
1002092,5.94,0.00,0015-03-02 15:37:15,0015-03-02 19:37:15,15,19,3.43,Fri,ios,256024,236840,620906,1,1,0,0,0,0,1,0,0
1002093,8.07,0.00,0015-07-10 12:16:59,0015-07-10 17:16:59,12,17,4.43,Fri,ios,213008,371335,461655,1,2,0,0,0,0,1,0,0
1002094,0.70,0.00,0015-08-16 16:43:46,0015-08-16 20:43:46,16,20,3.57,Wed,android,261293,803398,144857,1,3,0,0,1,0,0,0,0
1002095,4.18,0.00,0015-10-21 16:01:23,0015-10-21 19:01:23,16,19,2.51,Tue,ios,488999,874950,814002,1,1,0,0,0,0,0,0,0
1002096,0.21,0.00,0015-06-14 10:13:45,0015-06-14 13:13:45,10,13,2.37,Mon,ios,932134,237105,948590,1,2,1,0,0,0,0,0,0
1002097,6.31,0.00,0015-07-24 11:38:03,0015-07-24 14:38:03,11,14,2.16,Thu,ios,519752,951880,144857,1,2,0,0,0,0,0,0,0
1002098,4.20,0.00,0015-10-14 19:56:59,0015-10-14 22:56:59,19,22,2.99,Thu,android,453536,875343,747048,0,3,0,0,0,0,0,0,0
1002099,23.68,0.00,0015-07-15 12:01:58,0015-07-15 16:01:58,12,16,3.46,Fri,android,318927,369001,493904,1,2,0,0,0,0,1,0,0
1002100,7.80,0.00,0015-07-04 18:24:11,0015-07-04 22:24:11,18,22,3.48,Thu,android,870380,129465,461655,0,3,0,0,0,0,0,0,0
1002101,0.05,0.00,0015-08-26 18:41:39,0015-08-26 20:41:39,18,20,1.62,Mon,android,538203,369001,493904,1,3,1,0,0,0,0,0,0
1002102,4.96,0.00,0015-08-21 13:29:28,0015-08-21 17:29:28,13,17,3.55,Tue,android,871057,355208,976902,1,3,0,0,0,0,0,0,0
1002103,4.28,0.00,0015-09-02 18:25:12,0015-09-02 20:25:12,18,20,1.65,Mon,ios,275543,517464,144857,1,1,1,0,0,0,0,0,0
1002104,3.72,0.00,0015-03-14 12:23:32,0015-03-14 16:23:32,12,16,3.04,Thu,ios,958231,369001,493904,0,4,0,0,0,0,0,0,0
1002105,6.22,0.00,0015-07-05 11:44:40,0015-07-05 14:44:40,11,14,2.15,Tue,ios,828631,228137,503205,1,4,0,0,0,0,0,0,0
1002106,6.03,0.00,0015-09-26 12:44:44,0015-09-26 16:44:44,12,16,3.12,Fri,ios,190608,944575,928191,1,1,0,0,0,0,1,0,0
1002107,1.96,0.00,0015-07-18 18:19:09,0015-07-18 21:19:09,18,21,2.54,Thu,ios,820389,451479,648339,0,1,0,0,0,0,0,0,0
1002108,3.46,0.00,0015-09-01 12:21:12,0015-09-01 16:21:12,12,16,3.94,Thu,ios,517138,207262,928191,1,2,0,0,0,0,0,0,0
1002109,23.68,0.00,0015-05-13 19:24:19,0015-05-13 02:24:19,19,02,54.69,Tue,ios,649135,369001,493904,1,3,0,0,0,0,0,0,0
1002110,3.85,0.00,0015-05-18 11:43:23,0015-05-18 14:43:23,11,14,2.09,Tue,android,704819,371335,461655,0,3,0,0,0,0,0,0,0
1002111,6.98,0.00,0015-08-15 08:00:59,0015-08-15 12:00:59,08,12,3.40,Sat,ios,207763,129465,461655,1,3,0,0,0,0,0,1,0
1002112,1.37,0.00,0015-07-16 19:52:18,0015-07-16 20:52:18,19,20,0.89,Tue,ios,497732,987396,978130,1,3,0,0,0,0,0,0,0
1002113,1.67,0.05,0015-09-11 16:04:05,0015-09-11 17:04:05,16,17,0.57,Tue,ios,872705,758780,399399,1,3,0,0,0,0,0,0,0
1002114,4.79,0.00,0015-02-10 12:36:30,0015-02-10 14:36:30,12,14,1.73,Thu,ios,112535,405157,976902,0,3,0,0,0,0,0,0,0
1002115,4.43,0.00,0015-09-26 18:38:30,0015-09-26 21:38:30,18,21,2.18,Tue,ios,728250,911231,202527,1,2,0,0,0,0,0,0,0
1002116,4.49,0.00,0015-09-27 12:48:10,0015-09-27 15:48:10,12,15,2.40,Thu,ios,273815,517464,144857,1,2,0,0,0,0,0,0,0
1002117,12.76,0.00,0015-06-15 16:18:02,0015-06-15 21:18:02,16,21,4.51,Tue,android,580862,782629,517854,0,3,0,0,0,0,0,0,0
1002118,9.84,0.00,0015-09-26 17:48:25,0015-09-26 21:48:25,17,21,3.53,Sat,ios,495023,280221,976902,0,2,0,0,0,0,0,1,0
1002119,5.73,0.00,0015-07-26 17:50:29,0015-07-26 20:50:29,17,20,2.29,Tue,ios,633871,405157,976902,1,3,0,0,0,0,0,0,0
1002120,3.82,0.00,0015-08-27 11:51:21,0015-08-27 14:51:21,11,14,2.82,Wed,ios,128111,219054,814002,1,3,0,0,1,0,0,0,0
1002121,23.68,0.00,0015-07-08 12:20:09,0015-07-08 17:20:09,12,17,28.93,Thu,ios,835192,369001,493904,1,1,0,0,0,0,0,0,0
1002122,6.39,0.53,0015-09-22 11:27:57,0015-09-22 14:27:57,11,14,2.84,Mon,android,966913,955429,493904,1,3,1,0,0,0,0,0,0
1002123,8.44,0.00,0015-08-24 16:44:12,0015-08-24 20:44:12,16,20,3.25,Tue,android,254976,445920,125372,0,1,0,0,0,0,0,0,0
1002124,0.45,0.00,0015-05-22 19:59:08,0015-05-22 20:59:08,19,20,0.15,Fri,ios,607793,643012,517854,0,3,0,0,0,0,1,0,0
1002125,23.68,0.00,0015-04-28 19:48:51,0015-04-28 22:48:51,19,22,2.23,Fri,ios,105158,250527,976902,1,3,0,0,0,0,1,0,0
1002126,23.68,0.00,0015-09-18 13:58:16,0015-09-18 17:58:16,13,17,3.34,Thu,android,623277,219054,814002,1,3,0,0,0,0,0,0,0
1002127,11.64,0.00,0015-06-06 15:27:28,0015-06-06 19:27:28,15,19,3.94,Tue,ios,668074,932939,868085,1,3,0,0,0,0,0,0,0
1002128,23.68,0.00,0015-06-15 13:48:18,0015-06-15 11:48:18,13,11,21.29,Mon,ios,709479,943765,461655,0,3,1,0,0,0,0,0,0
1002129,3.72,0.00,0015-07-11 04:38:27,0015-07-11 06:38:27,04,06,1.85,Sat,android,495184,562656,481066,0,3,0,0,0,0,0,1,0
1002130,5.37,0.00,0015-02-17 11:18:50,0015-02-17 14:18:50,11,14,2.27,Fri,ios,173301,664306,868085,0,3,0,0,0,0,1,0,0
1002131,3.47,0.00,0015-09-08 10:55:57,0015-09-08 11:55:57,10,11,0.93,Fri,ios,131725,207262,928191,0,3,0,0,0,0,1,0,0
1002132,3.61,0.00,0015-04-15 16:40:59,0015-04-15 19:40:59,16,19,2.28,Mon,ios,782169,874950,814002,0,2,1,0,0,0,0,0,0
1002133,7.17,0.00,0015-03-10 16:19:29,0015-03-10 20:19:29,16,20,3.97,Mon,android,180213,920264,461655,1,3,1,0,0,0,0,0,0
1002134,11.85,0.00,0015-07-16 14:34:48,0015-07-16 18:34:48,14,18,3.71,Thu,android,635462,672450,202527,1,3,0,0,0,0,0,0,0
1002135,5.85,0.00,0015-05-10 16:05:33,0015-05-10 21:05:33,16,21,4.39,Fri,ios,279679,955429,493904,0,3,0,0,0,0,1,0,0
1002136,5.12,0.00,0015-07-11 09:53:39,0015-07-11 12:53:39,09,12,2.20,Fri,ios,263912,944515,976902,0,3,0,0,0,0,1,0,0
1002137,1.68,0.00,0015-10-05 09:02:15,0015-10-05 11:02:15,09,11,1.11,Mon,ios,582629,414088,566549,1,1,1,0,0,0,0,0,0
1002138,4.90,0.00,0015-09-01 11:13:55,0015-09-01 14:13:55,11,14,2.63,Thu,android,885354,569889,461655,1,1,0,0,0,0,0,0,0
1002139,3.26,0.00,0015-07-11 16:11:30,0015-07-11 18:11:30,16,18,1.61,Wed,android,606585,228137,503205,1,3,0,0,1,0,0,0,0
1002140,5.05,0.00,0015-06-01 19:26:11,0015-06-01 23:26:11,19,23,3.29,Wed,ios,893505,207262,928191,0,1,0,0,1,0,0,0,0
1002141,4.33,0.00,0015-06-06 18:12:41,0015-06-06 20:12:41,18,20,1.51,Thu,ios,367061,514669,566549,1,3,0,0,0,0,0,0,0
1002142,4.98,0.00,0015-06-05 11:49:29,0015-06-05 14:49:29,11,14,2.03,Wed,android,569932,207262,928191,0,1,0,0,1,0,0,0,0
1002143,4.03,0.00,0015-08-24 09:09:21,0015-08-24 12:09:21,09,12,2.39,Tue,ios,706965,425476,928191,0,2,0,0,0,0,0,0,0
1002144,23.68,2.06,0015-10-04 11:26:30,0015-10-04 13:26:30,11,13,25.94,Mon,ios,519148,738900,976902,0,1,1,0,0,0,0,0,0
1002145,2.72,0.00,0015-07-11 20:24:38,0015-07-11 21:24:38,20,21,0.17,Fri,ios,552181,782629,517854,1,2,0,0,0,0,1,0,0
1002146,5.18,0.00,0015-05-23 17:10:18,0015-05-23 20:10:18,17,20,2.94,Wed,ios,990256,219054,814002,1,3,0,0,1,0,0,0,0
1002147,23.68,0.00,0015-08-27 12:37:43,0015-08-27 16:37:43,12,16,3.86,Tue,android,723525,728918,928191,1,2,0,0,0,0,0,0,0
1002148,0.54,0.00,0015-04-08 11:36:32,0015-04-08 12:36:32,11,12,0.47,Tue,ios,250765,369001,493904,1,2,0,0,0,0,0,0,0
1002149,1.58,0.14,0015-07-18 12:49:04,0015-07-18 13:49:04,12,13,0.62,Wed,android,307331,366832,978130,1,1,0,0,1,0,0,0,0
1002150,1.78,0.00,0015-04-17 13:49:29,0015-04-17 15:49:29,13,15,1.02,Fri,ios,830687,568071,144857,0,3,0,0,0,0,1,0,0
1002151,4.53,0.38,0015-06-11 12:39:36,0015-06-11 15:39:36,12,15,2.47,Thu,ios,690500,951880,144857,0,3,0,0,0,0,0,0,0
1002152,1.62,0.00,0015-04-27 18:18:57,0015-04-27 20:18:57,18,20,1.06,Tue,android,795000,944515,976902,0,2,0,0,0,0,0,0,0
1002153,23.68,0.00,0015-09-25 18:33:41,0015-09-25 02:33:41,18,02,31.46,Tue,ios,739902,944515,976902,0,1,0,0,0,0,0,0,0
1002154,4.69,0.00,0015-06-23 13:18:20,0015-06-23 15:18:20,13,15,1.64,Tue,ios,902196,474204,481066,0,2,0,0,0,0,0,0,0
1002155,5.08,0.00,0015-05-05 17:19:03,0015-05-05 19:19:03,17,19,1.89,Wed,android,276717,575971,948590,0,3,0,0,1,0,0,0,0
1002156,4.44,0.00,0015-10-19 16:12:49,0015-10-19 19:12:49,16,19,2.64,Wed,ios,935942,653450,503205,0,3,0,0,1,0,0,0,0
1002157,6.99,0.00,0015-09-06 17:22:30,0015-09-06 21:22:30,17,21,3.02,Mon,android,365164,260408,481066,1,3,1,0,0,0,0,0,0
1002158,6.95,3.41,0015-08-14 12:00:05,0015-08-14 15:00:05,12,15,2.97,Mon,android,344552,944515,976902,1,1,1,0,0,0,0,0,0
1002159,3.61,0.00,0015-06-25 11:43:39,0015-06-25 14:43:39,11,14,2.63,Fri,ios,404458,369001,493904,0,3,0,0,0,0,1,0,0
1002160,7.25,0.21,0015-04-03 11:56:44,0015-04-03 15:56:44,11,15,3.42,Tue,android,270667,582873,461655,0,4,0,0,0,0,0,0,0
1002161,5.69,0.00,0015-03-03 14:37:24,0015-03-03 18:37:24,14,18,3.33,Mon,android,703680,643012,517854,0,3,1,0,0,0,0,0,0
1002162,5.60,0.00,0015-05-13 11:35:46,0015-05-13 15:35:46,11,15,3.77,Tue,android,756445,445920,125372,1,1,0,0,0,0,0,0,0
1002163,3.51,0.00,0015-06-03 18:58:30,0015-06-03 20:58:30,18,20,1.17,Tue,ios,630765,875343,747048,0,2,0,0,0,0,0,0,0
1002164,1.15,0.00,0015-03-08 09:46:13,0015-03-08 13:46:13,09,13,3.66,Fri,android,485749,884707,648339,1,3,0,0,0,0,1,0,0
1002165,8.02,0.00,0015-04-13 13:22:03,0015-04-13 17:22:03,13,17,3.81,Mon,ios,581537,664306,868085,1,1,1,0,0,0,0,0,0
1002166,23.68,0.00,0015-07-01 10:53:12,0015-07-01 14:53:12,10,14,3.28,Tue,android,880510,932939,868085,0,1,0,0,0,0,0,0,0
1002167,8.22,0.00,0015-09-28 12:01:12,0015-09-28 16:01:12,12,16,3.59,Tue,ios,584082,369001,493904,1,3,0,0,0,0,0,0,0
1002168,5.29,0.00,0015-08-27 15:25:25,0015-08-27 19:25:25,15,19,3.35,Wed,ios,162144,878706,461655,1,2,0,0,1,0,0,0,0
1002169,3.19,0.00,0015-08-01 08:37:31,0015-08-01 12:37:31,08,12,3.95,Tue,ios,412732,955429,493904,1,3,0,0,0,0,0,0,0
1002170,8.87,0.00,0015-09-16 14:18:18,0015-09-16 19:18:18,14,19,4.00,Tue,android,590859,863084,751082,1,3,0,0,0,0,0,0,0
1002171,12.44,0.00,0015-09-28 10:56:20,0015-09-28 15:56:20,10,15,4.21,Thu,ios,473367,623134,620906,1,2,0,0,0,0,0,0,0
1002172,23.68,0.00,0015-05-14 18:50:01,0015-05-14 13:50:01,18,13,18.64,Mon,android,669021,549414,461655,1,3,1,0,0,0,0,0,0
1002173,2.52,0.00,0015-08-27 18:40:12,0015-08-27 20:40:12,18,20,1.61,Wed,android,481778,228137,503205,1,3,0,0,1,0,0,0,0
1002174,2.01,0.00,0015-09-16 12:45:17,0015-09-16 14:45:17,12,14,1.31,Fri,android,449088,371335,461655,1,3,0,0,0,0,1,0,0
1002175,0.10,0.00,0015-07-12 10:32:19,0015-07-12 11:32:19,10,11,0.09,Tue,android,286921,594591,461655,1,3,0,0,0,0,0,0,0
1002176,2.70,0.00,0015-08-03 18:26:34,0015-08-03 21:26:34,18,21,2.49,Thu,android,193665,955429,493904,1,3,0,0,0,0,0,0,0
1002177,23.68,1.39,0015-09-11 12:45:40,0015-09-11 15:45:40,12,15,2.19,Tue,ios,889640,914305,648339,1,3,0,0,0,0,0,0,0
1002178,5.47,0.00,0015-09-15 11:05:17,0015-09-15 15:05:17,11,15,3.74,Mon,ios,454379,738900,976902,0,3,1,0,0,0,0,0,0
1002179,10.33,0.00,0015-07-01 08:54:05,0015-07-01 10:54:05,08,10,1.25,Wed,android,331259,569886,868085,0,3,0,0,1,0,0,0,0
1002180,23.68,0.00,0015-08-23 16:06:41,0015-08-23 20:06:41,16,20,3.92,Wed,ios,343011,955429,493904,1,2,0,0,1,0,0,0,0
1002181,1.01,0.00,0015-09-22 12:40:28,0015-09-22 13:40:28,12,13,0.36,Thu,android,526128,514669,566549,0,2,0,0,0,0,0,0,0
1002182,6.65,0.00,0015-03-26 11:44:50,0015-03-26 14:44:50,11,14,2.15,Mon,android,364112,250527,976902,1,3,1,0,0,0,0,0,0
1002183,3.73,0.00,0015-09-01 13:44:26,0015-09-01 15:44:26,13,15,1.79,Wed,ios,230142,653450,503205,1,1,0,0,1,0,0,0,0
1002184,2.89,0.00,0015-09-13 15:27:36,0015-09-13 18:27:36,15,18,2.36,Tue,ios,832077,951880,144857,0,1,0,0,0,0,0,0,0
1002185,23.68,7.50,0015-04-01 13:07:26,0015-04-01 11:07:26,13,11,21.67,Mon,ios,384061,932939,868085,1,3,1,0,0,0,0,0,0
1002186,9.62,0.00,0015-09-06 12:14:20,0015-09-06 16:14:20,12,16,3.32,Thu,ios,867854,643012,517854,1,3,0,0,0,0,0,0,0
1002187,0.49,0.02,0015-04-02 17:05:28,0015-04-02 18:05:28,17,18,0.22,Fri,ios,570256,250527,976902,1,2,0,0,0,0,1,0,0
1002188,2.97,0.24,0015-08-25 11:36:19,0015-08-25 14:36:19,11,14,2.98,Tue,ios,939296,730023,878393,1,1,0,0,0,0,0,0,0
1002189,2.70,0.00,0015-09-18 18:12:40,0015-09-18 21:12:40,18,21,2.01,Thu,ios,615839,664306,868085,1,3,0,0,0,0,0,0,0
1002190,13.86,0.00,0015-08-11 10:24:17,0015-08-11 14:24:17,10,14,3.21,Fri,ios,864160,207262,928191,0,4,0,0,0,0,1,0,0
1002191,6.74,0.00,0015-07-02 13:43:56,0015-07-02 16:43:56,13,16,2.87,Tue,ios,226690,369001,493904,1,2,0,0,0,0,0,0,0
1002192,1.24,0.00,0015-04-13 11:45:41,0015-04-13 13:45:41,11,13,1.14,Fri,ios,480885,369001,493904,0,2,0,0,0,0,1,0,0
1002193,11.09,0.00,0015-09-24 13:52:49,0015-09-24 17:52:49,13,17,3.31,Tue,ios,621185,914305,648339,0,3,0,0,0,0,0,0,0
1002194,0.18,0.00,0015-10-24 17:31:29,0015-10-24 18:31:29,17,18,0.09,Thu,android,450574,474204,481066,0,3,0,0,0,0,0,0,0
1002195,6.83,0.00,0015-09-01 14:35:10,0015-09-01 18:35:10,14,18,3.57,Tue,ios,531944,405157,976902,0,2,0,0,0,0,0,0,0
1002196,23.68,0.00,0015-07-18 17:13:53,0015-07-18 21:13:53,17,21,3.02,Tue,ios,655332,371335,461655,1,2,0,0,0,0,0,0,0
1002197,10.47,0.00,0015-08-24 11:30:00,0015-08-24 15:30:00,11,15,3.83,Tue,android,645455,369001,493904,0,3,0,0,0,0,0,0,0
1002198,13.06,0.00,0015-07-23 18:48:27,0015-07-23 22:48:27,18,22,3.56,Fri,android,840610,594591,461655,1,2,0,0,0,0,1,0,0
1002199,6.67,0.00,0015-09-20 13:09:43,0015-09-20 17:09:43,13,17,3.38,Mon,ios,284551,632920,461655,0,1,1,0,0,0,0,0,0
1002200,5.03,0.00,0015-09-09 16:51:21,0015-09-09 19:51:21,16,19,2.53,Wed,ios,727135,129465,461655,1,3,0,0,1,0,0,0,0
1002201,11.28,0.00,0015-07-19 13:22:00,0015-07-19 17:22:00,13,17,3.92,Fri,android,294933,474204,481066,1,3,0,0,0,0,1,0,0
1002202,13.93,0.00,0015-08-05 09:54:47,0015-08-05 12:54:47,09,12,2.51,Tue,android,333497,943765,461655,1,1,0,0,0,0,0,0,0
1002203,5.94,0.00,0015-08-25 20:49:52,0015-08-25 23:49:52,20,23,2.15,Thu,android,253760,369001,493904,0,3,0,0,0,0,0,0,0
1002204,5.42,0.00,0015-07-11 10:45:35,0015-07-11 12:45:35,10,12,1.96,Wed,ios,981393,369001,493904,0,2,0,0,1,0,0,0,0
1002205,4.30,0.21,0015-08-07 15:12:08,0015-08-07 18:12:08,15,18,2.79,Wed,ios,910895,664306,868085,0,3,0,0,1,0,0,0,0
1002206,4.69,0.00,0015-07-27 17:14:31,0015-07-27 21:14:31,17,21,3.32,Fri,android,852312,369001,493904,1,2,0,0,0,0,1,0,0
1002207,2.37,0.07,0015-08-23 08:37:19,0015-08-23 10:37:19,08,10,1.60,Thu,ios,344550,369001,493904,0,3,0,0,0,0,0,0,0
1002208,4.21,0.00,0015-04-17 18:13:34,0015-04-17 21:13:34,18,21,2.22,Wed,android,674016,664306,868085,0,3,0,0,1,0,0,0,0
1002209,8.72,0.00,0015-07-26 15:45:41,0015-07-26 19:45:41,15,19,3.18,Tue,android,504375,929628,751082,1,4,0,0,0,0,0,0,0
1002210,6.73,0.00,0015-08-23 12:22:19,0015-08-23 15:22:19,12,15,2.29,Mon,ios,333263,874950,814002,1,3,1,0,0,0,0,0,0
1002211,6.64,0.96,0015-07-05 11:40:52,0015-07-05 14:40:52,11,14,2.68,Thu,ios,861085,664306,868085,0,3,0,0,0,0,0,0,0
1002212,7.46,1.30,0015-08-08 15:38:29,0015-08-08 19:38:29,15,19,3.14,Fri,ios,827067,228137,503205,1,3,0,0,0,0,1,0,0
1002213,23.68,0.00,0015-04-27 17:43:26,0015-04-27 12:43:26,17,12,18.74,Wed,ios,112250,803398,144857,1,3,0,0,1,0,0,0,0
1002214,5.16,0.52,0015-09-22 12:49:02,0015-09-22 15:49:02,12,15,2.55,Fri,ios,705034,944575,928191,0,1,0,0,0,0,1,0,0
1002215,0.06,0.00,0015-04-03 16:56:46,0015-04-03 17:56:46,16,17,0.03,Fri,android,208174,638536,868085,1,3,0,0,0,0,1,0,0
1002216,23.68,0.00,0015-07-07 12:36:43,0015-07-07 05:36:43,12,05,40.85,Fri,ios,310829,280415,399399,1,3,0,0,0,0,1,0,0
1002217,2.15,0.00,0015-09-25 12:42:41,0015-09-25 15:42:41,12,15,2.46,Wed,ios,993567,369001,493904,1,3,0,0,1,0,0,0,0
1002218,5.53,0.00,0015-08-13 18:42:24,0015-08-13 21:42:24,18,21,2.03,Thu,ios,854782,568071,144857,0,3,0,0,0,0,0,0,0
1002219,23.68,0.00,0015-09-15 18:17:36,0015-09-15 21:17:36,18,21,2.01,Tue,ios,135006,425476,928191,0,2,0,0,0,0,0,0,0
1002220,5.98,0.00,0015-07-01 19:47:28,0015-07-01 21:47:28,19,21,1.99,Wed,android,906138,260408,481066,1,3,0,0,1,0,0,0,0
1002221,4.53,2.76,0015-08-20 13:23:40,0015-08-20 18:23:40,13,18,4.50,Fri,ios,307437,405157,976902,1,3,0,0,0,0,1,0,0
1002222,5.09,0.00,0015-06-22 16:23:40,0015-06-22 21:23:40,16,21,4.61,Mon,ios,538794,758780,399399,1,2,1,0,0,0,0,0,0
1002223,5.92,0.00,0015-06-23 17:14:34,0015-06-23 20:14:34,17,20,2.65,Fri,ios,237120,730023,878393,1,2,0,0,0,0,1,0,0
1002224,7.58,0.00,0015-08-03 12:35:12,0015-08-03 15:35:12,12,15,2.66,Fri,ios,890260,369001,493904,1,3,0,0,0,0,1,0,0
1002225,4.44,0.00,0015-07-02 11:38:52,0015-07-02 14:38:52,11,14,2.55,Wed,android,257073,474204,481066,1,3,0,0,1,0,0,0,0
1002226,7.69,0.00,0015-08-09 16:25:51,0015-08-09 20:25:51,16,20,3.12,Fri,android,363334,995505,868085,1,3,0,0,0,0,1,0,0
1002227,0.82,0.00,0015-05-22 17:22:24,0015-05-22 18:22:24,17,18,0.53,Thu,android,425416,414088,566549,1,3,0,0,0,0,0,0,0
1002228,5.07,0.00,0015-07-02 15:13:30,0015-07-02 18:13:30,15,18,2.55,Wed,ios,185897,801274,976902,1,2,0,0,1,0,0,0,0
1002229,7.20,0.00,0015-04-08 20:46:36,0015-04-08 00:46:36,20,00,3.77,Tue,ios,845492,569889,461655,0,2,0,0,0,0,0,0,0
1002230,5.48,0.00,0015-08-27 09:19:07,0015-08-27 12:19:07,09,12,2.32,Tue,ios,849860,891421,144857,0,3,0,0,0,0,0,0,0
1002231,0.99,0.00,0015-09-01 12:49:55,0015-09-01 13:49:55,12,13,0.43,Tue,ios,132680,425476,928191,1,3,0,0,0,0,0,0,0
1002232,1.79,0.00,0015-09-18 10:05:58,0015-09-18 13:05:58,10,13,2.48,Mon,ios,695805,369001,493904,0,3,1,0,0,0,0,0,0
1002233,5.46,0.00,0015-09-02 16:56:22,0015-09-02 19:56:22,16,19,2.38,Tue,ios,704386,801274,976902,1,1,0,0,0,0,0,0,0
1002234,0.34,0.05,0015-07-16 13:00:34,0015-07-16 14:00:34,13,14,0.20,Fri,android,990880,955429,493904,1,1,0,0,0,0,1,0,0
1002235,8.02,0.00,0015-09-16 12:58:58,0015-09-16 16:58:58,12,16,3.40,Thu,ios,177831,228137,503205,0,2,0,0,0,0,0,0,0
1002236,2.12,0.00,0015-06-28 09:55:49,0015-06-28 13:55:49,09,13,3.74,Wed,ios,176589,955429,493904,0,1,0,0,1,0,0,0,0
1002237,5.50,0.00,0015-06-23 12:28:16,0015-06-23 15:28:16,12,15,2.93,Fri,ios,534649,730023,878393,0,1,0,0,0,0,1,0,0
1002238,2.14,0.00,0015-08-13 18:37:53,0015-08-13 21:37:53,18,21,2.47,Thu,ios,552588,955429,493904,1,3,0,0,0,0,0,0,0
1002239,9.63,0.00,0015-07-05 16:55:42,0015-07-05 20:55:42,16,20,3.43,Thu,ios,162167,405157,976902,1,3,0,0,0,0,0,0,0
1002240,2.57,0.00,0015-09-24 13:58:08,0015-09-24 14:58:08,13,14,0.91,Wed,ios,551385,758780,399399,1,3,0,0,1,0,0,0,0
1002241,5.71,0.00,0015-08-28 17:01:56,0015-08-28 21:01:56,17,21,3.05,Thu,ios,402207,582873,461655,1,3,0,0,0,0,0,0,0
1002242,0.12,0.00,0015-04-07 09:50:27,0015-04-07 10:50:27,09,10,0.11,Wed,ios,906018,500856,976902,1,1,0,0,1,0,0,0,0
1002243,7.12,0.00,0015-09-18 09:44:04,0015-09-18 13:44:04,09,13,3.37,Wed,android,386444,995505,868085,1,1,0,0,1,0,0,0,0
1002244,9.94,0.00,0015-06-13 09:00:37,0015-06-13 13:00:37,09,13,3.33,Wed,ios,238100,569886,868085,0,3,0,0,1,0,0,0,0
1002245,8.66,0.00,0015-06-22 14:39:40,0015-06-22 17:39:40,14,17,2.94,Fri,android,387498,878706,461655,1,2,0,0,0,0,1,0,0
1002246,23.68,0.00,0015-08-15 15:59:55,0015-08-15 20:59:55,15,20,52.01,Tue,android,659576,955429,493904,1,2,0,0,0,0,0,0,0
1002247,4.68,0.48,0015-07-12 15:12:02,0015-07-12 17:12:02,15,17,1.28,Fri,ios,407749,355208,976902,0,3,0,0,0,0,1,0,0
1002248,4.35,0.17,0015-07-26 08:43:24,0015-07-26 10:43:24,08,10,1.51,Wed,ios,666381,987396,978130,1,2,0,0,1,0,0,0,0
1002249,9.91,1.73,0015-05-26 10:25:56,0015-05-26 13:25:56,10,13,2.95,Tue,ios,496863,369001,493904,1,3,0,0,0,0,0,0,0
1002250,7.99,0.00,0015-07-03 09:57:23,0015-07-03 13:57:23,09,13,3.79,Fri,android,386802,911231,202527,1,3,0,0,0,0,1,0,0
1002251,6.90,0.00,0015-05-02 12:00:33,0015-05-02 15:00:33,12,15,2.34,Wed,android,288484,371335,461655,1,3,0,0,1,0,0,0,0
1002252,7.16,0.00,0015-03-12 08:58:46,0015-03-12 13:58:46,08,13,4.05,Mon,android,533805,474204,481066,1,3,1,0,0,0,0,0,0
1002253,9.18,0.00,0015-09-08 16:09:08,0015-09-08 20:09:08,16,20,3.48,Thu,android,384025,474204,481066,0,1,0,0,0,0,0,0,0
1002254,3.22,0.00,0015-05-23 17:41:51,0015-05-23 19:41:51,17,19,1.07,Mon,ios,378123,425476,928191,0,3,1,0,0,0,0,0,0
1002255,4.59,0.00,0015-05-27 13:30:37,0015-05-27 17:30:37,13,17,3.59,Mon,android,547830,474204,481066,0,1,1,0,0,0,0,0,0
1002256,3.28,0.00,0015-04-28 18:43:57,0015-04-28 22:43:57,18,22,3.54,Tue,android,501464,369001,493904,1,2,0,0,0,0,0,0,0
1002257,10.78,0.00,0015-10-25 13:39:48,0015-10-25 17:39:48,13,17,3.73,Wed,ios,914011,638536,868085,0,1,0,0,1,0,0,0,0
1002258,4.38,3.81,0015-04-17 16:33:34,0015-04-17 18:33:34,16,18,1.60,Wed,android,234491,944515,976902,0,2,0,0,1,0,0,0,0
1002259,0.65,0.00,0015-04-22 19:35:48,0015-04-22 21:35:48,19,21,1.88,Wed,android,871979,207262,928191,1,3,0,0,1,0,0,0,0
1002260,4.63,0.00,0015-07-13 11:30:27,0015-07-13 14:30:27,11,14,2.49,Fri,android,436543,414088,566549,0,3,0,0,0,0,1,0,0
1002261,5.12,0.00,0015-07-21 10:30:20,0015-07-21 12:30:20,10,12,1.99,Mon,ios,298791,371335,461655,1,3,1,0,0,0,0,0,0
1002262,10.21,0.77,0015-08-21 10:02:30,0015-08-21 14:02:30,10,14,3.86,Thu,ios,227696,228137,503205,1,2,0,0,0,0,0,0,0
1002263,4.29,0.00,0015-06-26 10:55:38,0015-06-26 13:55:38,10,13,2.50,Wed,android,724069,200695,202527,0,3,0,0,1,0,0,0,0
1002264,3.47,0.00,0015-04-08 17:14:52,0015-04-08 20:14:52,17,20,2.10,Mon,ios,590107,355208,976902,1,1,1,0,0,0,0,0,0
1002265,6.53,0.00,0015-03-08 16:18:19,0015-03-08 20:18:19,16,20,3.10,Tue,ios,533434,664306,868085,0,4,0,0,0,0,0,0,0
1002266,23.68,0.00,0015-07-17 18:25:03,0015-07-17 23:25:03,18,23,4.59,Thu,android,623387,664306,868085,0,2,0,0,0,0,0,0,0
1002267,1.88,0.13,0015-07-16 13:57:18,0015-07-16 17:57:18,13,17,3.05,Wed,android,437109,955429,493904,1,1,0,0,1,0,0,0,0
1002268,10.67,0.00,0015-09-22 13:07:19,0015-09-22 17:07:19,13,17,3.50,Tue,ios,424695,425476,928191,1,4,0,0,0,0,0,0,0
1002269,23.68,0.00,0014-07-13 08:24:26,0014-07-13 12:24:26,08,12,3.92,Thu,android,851879,874950,814002,1,3,0,0,0,0,0,0,0
1002270,3.82,0.00,0015-08-06 17:50:43,0015-08-06 21:50:43,17,21,3.23,Mon,ios,663279,582873,461655,1,3,1,0,0,0,0,0,0
1002271,4.52,0.00,0015-06-23 12:50:13,0015-06-23 16:50:13,12,16,3.10,Fri,android,979259,995505,868085,1,2,0,0,0,0,1,0,0
1002272,3.97,0.00,0015-09-13 12:02:56,0015-09-13 15:02:56,12,15,2.20,Tue,android,315570,878706,461655,0,1,0,0,0,0,0,0,0
1002273,23.68,0.00,0015-08-03 23:07:33,0015-08-03 03:07:33,23,03,3.27,Fri,ios,224100,474204,481066,1,3,0,0,0,0,1,0,0
1002274,6.07,3.39,0015-05-25 10:45:01,0015-05-25 13:45:01,10,13,2.30,Wed,android,822780,929628,751082,1,3,0,0,1,0,0,0,0
1002275,7.85,0.00,0015-06-18 20:51:40,0015-06-18 00:51:40,20,00,3.42,Wed,android,306919,228137,503205,0,2,0,0,1,0,0,0,0
1002276,3.45,0.00,0015-09-11 16:36:31,0015-09-11 18:36:31,16,18,1.82,Wed,ios,478410,902592,566549,0,4,0,0,1,0,0,0,0
1002277,4.63,0.00,0015-05-09 10:38:04,0015-05-09 14:38:04,10,14,3.06,Fri,ios,938281,711566,928191,1,2,0,0,0,0,1,0,0
1002278,11.19,0.00,0015-07-20 11:00:43,0015-07-20 15:00:43,11,15,3.75,Fri,ios,334822,369001,493904,0,3,0,0,0,0,1,0,0
1002279,23.68,0.00,0014-07-24 11:12:26,0014-07-24 14:12:26,11,14,26.70,Wed,android,191258,989457,620906,1,2,0,0,1,0,0,0,0
1002280,11.09,0.00,0015-09-25 18:52:58,0015-09-25 22:52:58,18,22,3.80,Thu,android,790669,131897,566549,0,1,0,0,0,0,0,0,0
1002281,5.97,0.00,0015-06-22 11:59:01,0015-06-22 14:59:01,11,14,2.49,Mon,ios,138345,228137,503205,1,3,1,0,0,0,0,0,0
1002282,2.78,0.00,0015-03-06 11:27:19,0015-03-06 14:27:19,11,14,2.04,Wed,ios,265917,653450,503205,0,3,0,0,1,0,0,0,0
1002283,6.28,0.00,0015-08-25 16:41:23,0015-08-25 19:41:23,16,19,2.44,Mon,android,224303,863084,751082,1,3,1,0,0,0,0,0,0
1002284,4.45,0.00,0015-08-22 19:31:13,0015-08-22 23:31:13,19,23,3.17,Wed,ios,632651,758780,399399,1,2,0,0,1,0,0,0,0
1002285,1.57,0.00,0015-08-14 16:48:04,0015-08-14 17:48:04,16,17,0.57,Fri,ios,496888,955429,493904,0,3,0,0,0,0,1,0,0
1002286,23.68,0.00,0015-09-27 15:13:44,0015-09-27 20:13:44,15,20,4.24,Fri,android,310516,569886,868085,1,3,0,0,0,0,1,0,0
1002287,7.67,0.00,0015-07-28 17:22:38,0015-07-28 20:22:38,17,20,2.53,Wed,android,503713,219054,814002,0,2,0,0,1,0,0,0,0
1002288,8.62,0.00,0015-08-12 17:22:53,0015-08-12 21:22:53,17,21,3.18,Mon,ios,137831,878706,461655,0,3,1,0,0,0,0,0,0
1002289,0.27,0.00,0015-02-06 13:38:41,0015-02-06 14:38:41,13,14,0.10,Tue,ios,338016,405157,976902,0,3,0,0,0,0,0,0,0
1002290,1.76,0.20,0015-09-12 17:17:35,0015-09-12 21:17:35,17,21,3.95,Wed,ios,659601,280221,976902,1,3,0,0,1,0,0,0,0
1002291,6.22,0.00,0015-05-14 10:38:24,0015-05-14 13:38:24,10,13,2.29,Fri,ios,332166,920264,461655,1,3,0,0,0,0,1,0,0
1002292,5.84,0.00,0015-09-24 12:56:24,0015-09-24 15:56:24,12,15,2.02,Tue,ios,873948,944515,976902,0,3,0,0,0,0,0,0,0
1002293,3.32,0.00,0015-07-19 13:27:13,0015-07-19 15:27:13,13,15,1.97,Fri,android,926993,219054,814002,0,2,0,0,0,0,1,0,0
1002294,8.07,0.00,0015-07-28 11:08:57,0015-07-28 14:08:57,11,14,2.77,Wed,ios,920573,474204,481066,1,2,0,0,1,0,0,0,0
1002295,6.29,0.00,0015-08-03 10:01:11,0015-08-03 14:01:11,10,14,3.18,Mon,ios,220570,129465,461655,1,2,1,0,0,0,0,0,0
1002296,23.68,0.00,0015-06-21 13:30:12,0015-06-21 16:30:12,13,16,2.86,Sat,android,437045,369001,493904,1,3,0,0,0,0,0,1,0
1002297,1.09,0.00,0015-06-07 14:54:21,0015-06-07 15:54:21,14,15,0.38,Thu,ios,133244,738900,976902,1,3,0,0,0,0,0,0,0
1002298,0.88,0.00,0015-08-14 13:48:30,0015-08-14 14:48:30,13,14,0.92,Fri,ios,267688,129465,461655,0,3,0,0,0,0,1,0,0
1002299,3.83,0.00,0015-08-19 17:07:08,0015-08-19 19:07:08,17,19,1.88,Wed,ios,804823,489543,868085,1,3,0,0,1,0,0,0,0
1002300,6.16,0.00,0015-05-17 13:28:00,0015-05-17 16:28:00,13,16,2.37,Thu,android,758472,653450,503205,0,2,0,0,0,0,0,0,0
1002301,23.68,0.00,0015-08-14 09:17:02,0015-08-14 12:17:02,09,12,2.80,Fri,ios,656697,129465,461655,0,3,0,0,0,0,1,0,0
1002302,5.34,0.00,0015-05-27 11:49:22,0015-05-27 14:49:22,11,14,2.71,Fri,ios,405192,951880,144857,0,3,0,0,0,0,1,0,0
1002303,8.12,0.00,0015-07-07 15:07:55,0015-07-07 18:07:55,15,18,2.68,Thu,ios,368780,569889,461655,1,2,0,0,0,0,0,0,0
1002304,3.51,0.00,0015-07-20 12:32:53,0015-07-20 15:32:53,12,15,2.18,Mon,android,430774,875343,747048,0,2,1,0,0,0,0,0,0
1002305,7.94,0.00,0015-02-02 19:29:40,0015-02-02 00:29:40,19,00,4.02,Thu,ios,919187,474204,481066,1,2,0,0,0,0,0,0,0
1002306,6.23,0.00,0015-05-05 16:38:38,0015-05-05 20:38:38,16,20,3.27,Thu,android,357831,237105,948590,1,1,0,0,0,0,0,0,0
1002307,3.69,0.00,0015-06-01 20:28:38,0015-06-01 00:28:38,20,00,3.23,Mon,ios,815776,891421,144857,1,2,1,0,0,0,0,0,0
1002308,23.68,0.00,0015-02-20 19:22:13,0015-02-20 21:22:13,19,21,1.26,Mon,android,657527,474204,481066,1,3,1,0,0,0,0,0,0
1002309,1.89,0.00,0015-12-05 18:51:58,0015-12-05 19:51:58,18,19,0.87,Tue,ios,158631,875343,747048,0,1,0,0,0,0,0,0,0
1002310,7.45,0.00,0015-07-17 11:22:28,0015-07-17 15:22:28,11,15,3.57,Wed,android,257664,920264,461655,1,1,0,0,1,0,0,0,0
1002311,1.51,0.00,0015-08-04 13:23:54,0015-08-04 15:23:54,13,15,1.17,Thu,ios,557798,507660,202527,0,1,0,0,0,0,0,0,0
1002312,6.06,0.00,0015-08-11 10:11:55,0015-08-11 13:11:55,10,13,2.44,Mon,ios,183116,569889,461655,1,2,1,0,0,0,0,0,0
1002313,10.21,0.00,0015-03-19 13:27:46,0015-03-19 17:27:46,13,17,3.48,Wed,android,208332,517464,144857,0,3,0,0,1,0,0,0,0
1002314,3.76,0.00,0015-09-10 13:37:47,0015-09-10 15:37:47,13,15,1.42,Wed,android,402101,653450,503205,1,2,0,0,1,0,0,0,0
1002315,7.89,0.00,0015-05-28 13:26:38,0015-05-28 18:26:38,13,18,4.40,Wed,ios,448799,995505,868085,1,3,0,0,1,0,0,0,0
1002316,6.21,0.00,0015-03-05 10:28:28,0015-03-05 14:28:28,10,14,3.64,Tue,ios,490179,569886,868085,1,3,0,0,0,0,0,0,0
1002317,10.53,0.00,0015-06-17 10:28:09,0015-06-17 14:28:09,10,14,3.90,Tue,android,117853,237105,948590,1,2,0,0,0,0,0,0,0
1002318,5.97,0.00,0015-09-10 15:35:53,0015-09-10 18:35:53,15,18,2.31,Thu,ios,210648,260408,481066,1,1,0,0,0,0,0,0,0
1002319,3.05,0.00,0015-08-28 12:31:07,0015-08-28 14:31:07,12,14,1.67,Tue,ios,551858,200695,202527,1,2,0,0,0,0,0,0,0
1002320,23.68,0.00,0015-09-05 10:58:49,0015-09-05 03:58:49,10,03,40.79,Thu,ios,396775,955429,493904,0,3,0,0,0,0,0,0,0
1002321,1.45,0.00,0015-08-21 10:52:03,0015-08-21 11:52:03,10,11,0.87,Mon,ios,752724,425476,928191,0,3,1,0,0,0,0,0,0
1002322,23.68,0.00,0015-06-04 11:27:35,0015-06-04 23:27:35,11,23,11.00,Mon,ios,901415,943765,461655,1,3,1,0,0,0,0,0,0
1002323,3.57,0.00,0015-08-01 12:19:51,0015-08-01 16:19:51,12,16,3.53,Fri,ios,596657,369001,493904,1,3,0,0,0,0,1,0,0
1002324,7.04,0.00,0015-08-03 17:40:45,0015-08-03 21:40:45,17,21,3.04,Mon,ios,745988,792421,202527,0,2,1,0,0,0,0,0,0
1002325,23.68,0.00,0015-03-19 09:56:33,0015-03-19 00:56:33,09,00,38.35,Wed,android,928433,369001,493904,0,3,0,0,1,0,0,0,0
1002326,1.70,0.00,0015-04-06 17:02:10,0015-04-06 20:02:10,17,20,2.56,Wed,android,327680,129465,461655,0,3,0,0,1,0,0,0,0
1002327,4.70,0.00,0015-07-22 18:42:56,0015-07-22 21:42:56,18,21,2.08,Fri,android,686780,568071,144857,1,1,0,0,0,0,1,0,0
1002328,5.18,0.00,0015-06-04 13:48:48,0015-06-04 16:48:48,13,16,2.57,Wed,ios,241677,878706,461655,0,1,0,0,1,0,0,0,0
1002329,4.31,0.00,0015-06-06 11:47:49,0015-06-06 14:47:49,11,14,2.55,Fri,ios,131442,728918,928191,1,3,0,0,0,0,1,0,0
1002330,4.11,0.00,0015-05-16 11:38:52,0015-05-16 14:38:52,11,14,2.63,Thu,ios,676366,489543,868085,1,2,0,0,0,0,0,0,0
1002331,5.65,0.51,0015-06-13 11:33:28,0015-06-13 15:33:28,11,15,3.29,Mon,ios,837293,981639,572514,1,4,1,0,0,0,0,0,0
1002332,0.44,0.00,0015-06-21 12:09:12,0015-06-21 16:09:12,12,16,3.14,Tue,ios,988029,425476,928191,1,2,0,0,0,0,0,0,0
1002333,23.68,1.12,0015-06-13 15:26:42,0015-06-13 19:26:42,15,19,51.19,Fri,ios,919464,955429,493904,0,3,0,0,0,0,1,0,0
1002334,3.65,0.26,0015-09-05 18:17:24,0015-09-05 21:17:24,18,21,2.98,Wed,android,382949,902592,566549,1,4,0,0,1,0,0,0,0
1002335,23.68,0.00,0015-08-10 12:45:56,0015-08-10 09:45:56,12,09,44.46,Wed,android,443784,943765,461655,1,2,0,0,1,0,0,0,0
1002336,12.62,7.50,0015-09-22 17:25:41,0015-09-22 21:25:41,17,21,3.78,Thu,ios,156740,987396,978130,0,2,0,0,0,0,0,0,0
1002337,6.41,0.49,0015-09-24 12:30:41,0015-09-24 15:30:41,12,15,2.61,Wed,ios,138190,612116,461655,1,3,0,0,1,0,0,0,0
1002338,1.16,0.00,0015-09-26 18:16:11,0015-09-26 19:16:11,18,19,0.69,Tue,ios,850108,219054,814002,1,3,0,0,0,0,0,0,0
1002339,9.00,0.00,0015-03-03 16:36:33,0015-03-03 19:36:33,16,19,2.41,Wed,ios,334669,987396,978130,1,3,0,0,1,0,0,0,0
1002340,10.11,0.00,0015-06-07 16:58:11,0015-06-07 20:58:11,16,20,3.83,Mon,ios,314760,782629,517854,1,3,1,0,0,0,0,0,0
1002341,0.06,0.00,0015-08-05 17:13:13,0015-08-05 20:13:13,17,20,2.95,Fri,ios,181181,594591,461655,0,2,0,0,0,0,1,0,0
1002342,7.98,0.00,0015-03-17 15:17:22,0015-03-17 18:17:22,15,18,2.70,Fri,ios,479426,653450,503205,0,2,0,0,0,0,1,0,0
1002343,23.68,0.00,0015-09-12 16:39:39,0015-09-12 19:39:39,16,19,2.62,Tue,android,303151,431796,461655,1,3,0,0,0,0,0,0,0
1002344,0.81,0.00,0015-01-24 16:46:23,0015-01-24 18:46:23,16,18,1.47,Mon,ios,246731,474204,481066,1,1,1,0,0,0,0,0,0
1002345,4.45,0.24,0015-07-27 18:29:07,0015-07-27 21:29:07,18,21,2.23,Fri,android,395702,369001,493904,1,3,0,0,0,0,1,0,0
1002346,1.91,0.00,0015-07-02 12:11:14,0015-07-02 14:11:14,12,14,1.97,Tue,ios,252615,489543,868085,1,3,0,0,0,0,0,0,0
1002347,7.89,0.00,0015-06-02 18:43:15,0015-06-02 21:43:15,18,21,2.56,Wed,android,108077,575971,948590,0,3,0,0,1,0,0,0,0
1002348,1.56,0.00,0015-09-14 16:35:31,0015-09-14 17:35:31,16,17,0.68,Wed,ios,187272,995505,868085,0,1,0,0,1,0,0,0,0
1002349,6.98,0.00,0015-07-26 15:11:15,0015-07-26 18:11:15,15,18,2.45,Tue,android,760229,951880,144857,0,3,0,0,0,0,0,0,0
1002350,5.33,0.00,0015-06-03 12:55:55,0015-06-03 15:55:55,12,15,2.59,Wed,ios,213532,250527,976902,0,3,0,0,1,0,0,0,0
1002351,8.91,0.00,0015-04-14 16:47:33,0015-04-14 20:47:33,16,20,3.66,Wed,ios,136198,653450,503205,1,3,0,0,1,0,0,0,0
1002352,3.88,0.00,0015-08-18 16:32:02,0015-08-18 20:32:02,16,20,3.65,Mon,android,359850,371335,461655,1,3,1,0,0,0,0,0,0
1002353,4.67,0.00,0014-09-25 13:23:44,0014-09-25 16:23:44,13,16,2.29,Fri,android,225323,758780,399399,1,1,0,0,0,0,1,0,0
1002354,0.54,0.04,0015-05-21 09:09:06,0015-05-21 13:09:06,09,13,3.67,Sat,android,834077,758780,399399,0,3,0,0,0,0,0,1,0
1002355,7.23,0.00,0015-09-07 11:58:58,0015-09-07 15:58:58,11,15,3.18,Tue,ios,499174,131897,566549,1,3,0,0,0,0,0,0,0
1002356,5.39,0.00,0015-08-04 12:31:47,0015-08-04 15:31:47,12,15,2.08,Fri,android,818936,562656,481066,1,1,0,0,0,0,1,0,0
1002357,5.26,0.00,0015-09-25 12:35:12,0015-09-25 15:35:12,12,15,2.12,Wed,android,623834,792421,202527,1,3,0,0,1,0,0,0,0
1002358,6.31,0.54,0015-09-12 09:45:45,0015-09-12 13:45:45,09,13,3.72,Thu,android,981786,517464,144857,1,4,0,0,0,0,0,0,0
1002359,3.00,0.00,0015-07-12 12:00:36,0015-07-12 15:00:36,12,15,2.16,Tue,ios,784251,932939,868085,0,3,0,0,0,0,0,0,0
1002360,23.68,0.00,0015-04-01 11:48:08,0015-04-01 21:48:08,11,21,33.16,Tue,ios,688369,758780,399399,1,3,0,0,0,0,0,0,0
1002361,8.96,0.00,0015-02-26 20:14:27,0015-02-26 00:14:27,20,00,3.85,Mon,android,170509,653450,503205,0,2,1,0,0,0,0,0,0
1002362,5.18,0.00,0015-09-13 13:42:10,0015-09-13 16:42:10,13,16,2.89,Tue,ios,963272,951880,144857,1,3,0,0,0,0,0,0,0
1002363,8.65,0.00,0015-03-05 15:44:24,0015-03-05 18:44:24,15,18,2.83,Fri,ios,870964,728918,928191,0,2,0,0,0,0,1,0,0
1002364,6.36,0.00,0015-07-21 13:20:38,0015-07-21 16:20:38,13,16,2.44,Fri,android,138712,801274,976902,1,3,0,0,0,0,1,0,0
1002365,7.96,0.00,0015-09-08 12:54:59,0015-09-08 16:54:59,12,16,3.49,Mon,ios,802775,250527,976902,0,3,1,0,0,0,0,0,0
1002366,8.16,0.00,0015-03-24 12:17:56,0015-03-24 16:17:56,12,16,3.75,Wed,android,866323,414088,566549,1,4,0,0,1,0,0,0,0
1002367,6.30,0.00,0015-06-16 20:28:38,0015-06-16 23:28:38,20,23,2.09,Thu,ios,676786,129465,461655,1,3,0,0,0,0,0,0,0
1002368,6.74,0.00,0015-06-25 15:07:11,0015-06-25 18:07:11,15,18,2.41,Fri,ios,366519,369001,493904,1,3,0,0,0,0,1,0,0
1002369,23.68,0.00,0015-05-03 10:36:26,0015-05-03 03:36:26,10,03,16.93,Thu,android,357232,369001,493904,0,2,0,0,0,0,0,0,0
1002370,9.90,0.00,0015-05-05 12:32:51,0015-05-05 16:32:51,12,16,3.52,Fri,android,823041,891421,144857,1,3,0,0,0,0,1,0,0
1002371,2.09,0.00,0015-08-09 19:30:32,0015-08-09 21:30:32,19,21,1.48,Tue,ios,882246,568071,144857,1,3,0,0,0,0,0,0,0
1002372,5.37,0.00,0015-08-19 10:14:05,0015-08-19 13:14:05,10,13,2.65,Fri,ios,782646,369001,493904,1,3,0,0,0,0,1,0,0
1002373,4.88,0.00,0015-09-21 17:03:20,0015-09-21 20:03:20,17,20,2.35,Thu,ios,580960,569889,461655,1,4,0,0,0,0,0,0,0
1002374,7.33,0.00,0015-04-11 11:13:22,0015-04-11 14:13:22,11,14,2.12,Tue,ios,716154,569886,868085,1,3,0,0,0,0,0,0,0
1002375,6.53,0.00,0015-05-24 13:50:12,0015-05-24 16:50:12,13,16,2.49,Mon,ios,741530,481613,648339,1,3,1,0,0,0,0,0,0
1002376,8.24,0.00,0015-04-26 18:29:00,0015-04-26 22:29:00,18,22,3.74,Wed,ios,707345,445920,125372,0,3,0,0,1,0,0,0,0
1002377,11.01,0.00,0015-09-01 16:19:09,0015-09-01 20:19:09,16,20,3.92,Wed,android,712930,955429,493904,1,3,0,0,1,0,0,0,0
1002378,6.22,0.95,0015-01-17 17:34:56,0015-01-17 21:34:56,17,21,3.22,Mon,android,758145,711566,928191,1,2,1,0,0,0,0,0,0
1002379,3.45,0.00,0015-10-26 14:32:56,0015-10-26 18:32:56,14,18,3.20,Wed,ios,487376,582873,461655,1,3,0,0,1,0,0,0,0
1002380,5.53,0.00,0015-09-22 11:10:24,0015-09-22 13:10:24,11,13,1.88,Thu,android,286508,728918,928191,0,3,0,0,0,0,0,0,0
1002381,2.55,0.00,0015-06-23 12:44:10,0015-06-23 14:44:10,12,14,1.61,Mon,ios,358075,582873,461655,0,2,1,0,0,0,0,0,0
1002382,8.32,0.00,0015-07-26 18:39:59,0015-07-26 21:39:59,18,21,2.39,Wed,android,934777,568071,144857,0,3,0,0,1,0,0,0,0
1002383,1.97,0.00,0015-07-19 09:49:22,0015-07-19 11:49:22,09,11,1.38,Mon,android,285934,445920,125372,1,3,1,0,0,0,0,0,0
1002384,1.61,0.00,0015-06-03 12:24:32,0015-06-03 13:24:32,12,13,0.68,Tue,ios,452086,369001,493904,1,2,0,0,0,0,0,0,0
1002385,23.68,0.00,0015-08-26 12:00:08,0015-08-26 15:00:08,12,15,2.86,Wed,ios,895887,207262,928191,0,3,0,0,1,0,0,0,0
1002386,1.35,0.00,0015-07-24 16:30:35,0015-07-24 18:30:35,16,18,1.77,Fri,ios,189804,944515,976902,0,3,0,0,0,0,1,0,0
1002387,6.63,0.00,0015-08-19 11:37:58,0015-08-19 15:37:58,11,15,3.12,Mon,android,638160,549414,461655,0,3,1,0,0,0,0,0,0
1002388,3.08,0.00,0015-07-04 11:18:54,0015-07-04 13:18:54,11,13,1.76,Thu,android,213322,955429,493904,1,2,0,0,0,0,0,0,0
1002389,23.68,0.00,0015-05-10 13:44:19,0015-05-10 16:44:19,13,16,2.64,Mon,ios,670172,371335,461655,1,2,1,0,0,0,0,0,0
1002390,6.83,7.50,0015-07-08 15:42:24,0015-07-08 18:42:24,15,18,2.69,Fri,ios,770317,944515,976902,1,3,0,0,0,0,1,0,0
1002391,0.43,0.00,0015-10-04 10:35:41,0015-10-04 11:35:41,10,11,0.42,Sun,ios,476757,672450,202527,1,3,0,0,0,0,0,0,1
1002392,23.68,0.00,0015-09-06 11:34:16,0015-09-06 16:34:16,11,16,4.44,Mon,android,364029,575971,948590,1,2,1,0,0,0,0,0,0
1002393,23.68,7.50,0015-07-25 11:10:00,0015-07-25 14:10:00,11,14,50.17,Mon,ios,562433,474204,481066,0,3,1,0,0,0,0,0,0
1002394,23.68,3.98,0015-07-20 17:58:46,0015-07-20 19:58:46,17,19,1.95,Mon,ios,547329,569886,868085,0,2,1,0,0,0,0,0,0
1002395,3.47,0.00,0015-06-28 16:31:31,0015-06-28 20:31:31,16,20,3.94,Mon,android,154273,425476,928191,1,1,1,0,0,0,0,0,0
1002396,9.51,0.00,0015-08-03 12:01:44,0015-08-03 16:01:44,12,16,3.31,Mon,ios,937055,260781,202527,1,3,1,0,0,0,0,0,0
1002397,23.68,0.00,0015-06-03 12:27:47,0015-06-03 16:27:47,12,16,3.75,Mon,android,555503,955429,493904,0,1,1,0,0,0,0,0,0
1002398,3.24,0.00,0015-08-23 14:11:14,0015-08-23 17:11:14,14,17,2.97,Mon,ios,499850,489543,868085,0,3,1,0,0,0,0,0,0
1002399,1.08,0.00,0015-08-21 13:27:33,0015-08-21 14:27:33,13,14,0.35,Mon,android,469394,955429,493904,0,1,1,0,0,0,0,0,0
1002400,0.95,0.00,0015-08-12 15:37:15,0015-08-12 17:37:15,15,17,1.02,Fri,ios,300455,955429,493904,1,3,0,0,0,0,1,0,0
1002401,0.14,0.00,0015-07-16 08:54:41,0015-07-16 09:54:41,08,09,0.07,Wed,ios,693853,280415,399399,1,1,0,0,1,0,0,0,0
1002402,7.41,0.00,0015-08-12 11:29:24,0015-08-12 14:29:24,11,14,2.82,Thu,ios,951303,228137,503205,1,1,0,0,0,0,0,0,0
1002403,3.00,0.41,0015-03-09 11:47:22,0015-03-09 14:47:22,11,14,2.21,Thu,android,298105,955429,493904,0,1,0,0,0,0,0,0,0
1002404,3.74,0.00,0015-08-14 10:13:42,0015-08-14 14:13:42,10,14,3.36,Thu,ios,622069,474204,481066,1,2,0,0,0,0,0,0,0
1002405,5.76,0.48,0015-05-08 18:25:48,0015-05-08 21:25:48,18,21,2.43,Tue,android,249277,369001,493904,1,3,0,0,0,0,0,0,0
1002406,23.68,1.51,0015-07-26 17:51:29,0015-07-26 21:51:29,17,21,3.95,Wed,ios,965637,129465,461655,1,3,0,0,1,0,0,0,0
1002407,7.45,0.00,0015-04-17 17:52:39,0015-04-17 21:52:39,17,21,3.26,Tue,ios,815118,944515,976902,0,3,0,0,0,0,0,0,0
1002408,5.38,0.00,0015-04-06 10:28:47,0015-04-06 13:28:47,10,13,2.33,Wed,ios,191938,730023,878393,1,3,0,0,1,0,0,0,0
1002409,23.68,0.00,0015-05-01 10:34:32,0015-05-01 13:34:32,10,13,2.55,Mon,ios,709710,507660,202527,0,2,1,0,0,0,0,0,0
1002410,0.82,0.00,0015-02-04 18:32:51,0015-02-04 19:32:51,18,19,0.31,Thu,ios,146695,514669,566549,1,2,0,0,0,0,0,0,0
1002411,2.50,0.00,0015-06-03 09:28:02,0015-06-03 11:28:02,09,11,1.55,Fri,ios,772692,414088,566549,0,3,0,0,0,0,1,0,0
1002412,5.82,0.00,0015-09-16 15:55:58,0015-09-16 19:55:58,15,19,3.90,Wed,android,619648,955429,493904,1,3,0,0,1,0,0,0,0
1002413,0.21,0.00,0015-06-12 09:04:55,0015-06-12 10:04:55,09,10,0.73,Thu,android,308957,369001,493904,1,3,0,0,0,0,0,0,0
1002414,23.68,0.00,0015-06-05 15:03:46,0015-06-05 18:03:46,15,18,2.74,Wed,ios,474698,129465,461655,1,2,0,0,1,0,0,0,0
1002415,2.35,0.00,0015-08-13 10:50:49,0015-08-13 12:50:49,10,12,1.08,Mon,ios,620950,875343,747048,0,2,1,0,0,0,0,0,0
1002416,5.95,0.00,0015-09-15 13:58:23,0015-09-15 17:58:23,13,17,3.94,Mon,ios,663132,474204,481066,1,3,1,0,0,0,0,0,0
1002417,4.32,0.00,0015-05-06 16:02:17,0015-05-06 19:02:17,16,19,2.83,Mon,android,625642,878706,461655,1,3,1,0,0,0,0,0,0
1002418,4.90,0.14,0015-09-27 17:46:14,0015-09-27 20:46:14,17,20,2.22,Fri,ios,426839,653450,503205,0,3,0,0,0,0,1,0,0
1002419,6.84,0.30,0015-08-16 12:51:20,0015-08-16 15:51:20,12,15,2.84,Tue,ios,510305,738900,976902,0,3,0,0,0,0,0,0,0
1002420,1.72,0.00,0015-09-25 15:15:37,0015-09-25 17:15:37,15,17,1.85,Tue,android,429266,500856,976902,0,3,0,0,0,0,0,0,0
1002421,4.91,0.00,0015-01-21 16:04:49,0015-01-21 19:04:49,16,19,2.43,Mon,android,815591,129465,461655,0,3,1,0,0,0,0,0,0
1002422,9.82,0.00,0015-09-25 11:54:02,0015-09-25 14:54:02,11,14,2.68,Thu,ios,627785,728918,928191,0,3,0,0,0,0,0,0,0
1002423,23.68,0.00,0015-09-23 11:57:46,0015-09-23 13:57:46,11,13,1.55,Fri,ios,246630,517464,144857,0,3,0,0,0,0,1,0,0
1002424,23.68,0.00,0015-06-16 15:48:04,0015-06-16 10:48:04,15,10,42.24,Tue,android,663520,219054,814002,0,2,0,0,0,0,0,0,0
1002425,5.44,0.00,0015-06-23 09:19:35,0015-06-23 12:19:35,09,12,2.62,Mon,android,232207,878706,461655,0,1,1,0,0,0,0,0,0
1002426,3.10,0.00,0015-09-19 16:35:26,0015-09-19 19:35:26,16,19,2.73,Wed,android,342148,638536,868085,1,2,0,0,1,0,0,0,0
1002427,0.75,0.00,0015-09-08 16:50:48,0015-09-08 17:50:48,16,17,0.48,Wed,ios,743368,728918,928191,0,3,0,0,1,0,0,0,0
1002428,5.87,0.63,0015-06-25 16:13:40,0015-06-25 20:13:40,16,20,3.64,Thu,android,876665,638536,868085,1,2,0,0,0,0,0,0,0
1002429,4.86,0.00,0015-04-10 15:29:01,0015-04-10 18:29:01,15,18,2.23,Thu,ios,546698,955429,493904,0,3,0,0,0,0,0,0,0
1002430,3.96,0.00,0015-04-12 11:44:24,0015-04-12 15:44:24,11,15,3.77,Wed,android,956560,664306,868085,1,3,0,0,1,0,0,0,0
1002431,5.15,0.00,0015-06-07 13:46:53,0015-06-07 15:46:53,13,15,1.67,Tue,ios,920032,369001,493904,0,2,0,0,0,0,0,0,0
1002432,1.86,0.00,0015-04-05 16:13:07,0015-04-05 18:13:07,16,18,1.05,Wed,android,128331,801274,976902,0,1,0,0,1,0,0,0,0
1002433,0.38,0.00,0015-02-21 16:37:13,0015-02-21 17:37:13,16,17,0.84,Tue,android,271914,864630,648339,0,3,0,0,0,0,0,0,0
1002434,8.53,0.00,0015-09-24 19:48:23,0015-09-24 23:48:23,19,23,3.77,Fri,android,529242,728918,928191,1,3,0,0,0,0,1,0,0
1002435,4.52,0.00,0015-08-10 16:17:47,0015-08-10 18:17:47,16,18,1.59,Thu,android,559893,643012,517854,0,3,0,0,0,0,0,0,0
1002436,2.42,0.00,0015-06-05 12:46:41,0015-06-05 16:46:41,12,16,3.17,Sun,ios,426049,653450,503205,0,1,0,0,0,0,0,0,1
1002437,1.76,0.00,0015-05-19 14:14:52,0015-05-19 17:14:52,14,17,2.41,Tue,ios,776163,200695,202527,1,3,0,0,0,0,0,0,0
1002438,7.35,0.00,0015-06-02 13:55:31,0015-06-02 17:55:31,13,17,3.44,Fri,ios,322107,355208,976902,1,3,0,0,0,0,1,0,0
1002439,5.72,0.00,0015-09-09 12:45:44,0015-09-09 15:45:44,12,15,2.74,Thu,ios,932908,878706,461655,1,3,0,0,0,0,0,0,0
1002440,6.21,0.00,0015-07-01 09:24:36,0015-07-01 12:24:36,09,12,2.90,Tue,android,804219,219054,814002,1,1,0,0,0,0,0,0,0
1002441,23.68,0.00,0015-09-26 15:56:52,0015-09-26 20:56:52,15,20,52.75,Mon,android,205566,594591,461655,1,3,1,0,0,0,0,0,0
1002442,23.68,0.00,0015-09-12 11:16:51,0015-09-12 20:16:51,11,20,32.72,Tue,android,974367,445920,125372,0,3,0,0,0,0,0,0,0
1002443,3.30,0.29,0015-09-09 16:29:01,0015-09-09 19:29:01,16,19,2.65,Mon,ios,411058,425476,928191,1,2,1,0,0,0,0,0,0
1002444,23.68,0.00,0015-09-21 12:52:14,0015-09-21 16:52:14,12,16,3.55,Thu,android,656965,874950,814002,1,2,0,0,0,0,0,0,0
1002445,7.39,0.00,0015-05-22 12:59:15,0015-05-22 15:59:15,12,15,2.62,Wed,ios,452450,653450,503205,0,2,0,0,1,0,0,0,0
1002446,10.66,0.00,0015-08-12 16:53:29,0015-08-12 20:53:29,16,20,3.50,Wed,ios,401881,575971,948590,0,3,0,0,1,0,0,0,0
1002447,4.14,0.23,0015-09-08 10:08:54,0015-09-08 12:08:54,10,12,1.61,Mon,ios,235624,955429,493904,1,1,1,0,0,0,0,0,0
1002448,23.68,2.00,0015-07-25 16:42:17,0015-07-25 02:42:17,16,02,33.46,Tue,ios,342647,369001,493904,1,4,0,0,0,0,0,0,0
1002449,4.05,0.00,0015-09-23 18:55:51,0015-09-23 20:55:51,18,20,1.52,Mon,ios,454953,932939,868085,1,2,1,0,0,0,0,0,0
1002450,8.56,0.00,0015-09-05 16:28:49,0015-09-05 21:28:49,16,21,4.41,Tue,android,833176,955429,493904,1,3,0,0,0,0,0,0,0
1002451,3.05,0.45,0015-05-07 18:46:50,0015-05-07 20:46:50,18,20,1.54,Mon,ios,461457,653450,503205,1,3,1,0,0,0,0,0,0
1002452,9.82,1.80,0015-07-03 17:16:12,0015-07-03 22:16:12,17,22,4.04,Tue,ios,501245,863084,751082,0,2,0,0,0,0,0,0,0
1002453,0.50,0.00,0015-06-12 10:30:15,0015-06-12 12:30:15,10,12,1.40,Mon,ios,575189,875343,747048,1,3,1,0,0,0,0,0,0
1002454,8.12,0.36,0015-08-07 13:53:14,0015-08-07 16:53:14,13,16,2.72,Thu,android,388523,638536,868085,0,3,0,0,0,0,0,0,0
1002455,8.82,0.00,0015-07-06 20:43:44,0015-07-06 23:43:44,20,23,2.69,Thu,ios,256633,730023,878393,1,3,0,0,0,0,0,0,0
1002456,3.06,0.00,0015-01-01 10:35:41,0015-01-01 14:35:41,10,14,3.18,Thu,ios,392842,489543,868085,1,1,0,0,0,0,0,0,0
1002457,1.83,0.00,0015-12-25 15:02:08,0015-12-25 18:02:08,15,18,2.07,Wed,ios,856632,995505,868085,1,2,0,0,1,0,0,0,0
1002458,0.84,0.00,0015-07-07 15:10:12,0015-07-07 16:10:12,15,16,0.23,Wed,android,734397,219054,814002,1,3,0,0,1,0,0,0,0
1002459,2.85,0.00,0015-06-09 17:07:14,0015-06-09 22:07:14,17,22,4.42,Tue,ios,834703,569886,868085,0,3,0,0,0,0,0,0,0
1002460,6.11,0.00,0015-08-19 20:21:36,0015-08-19 00:21:36,20,00,3.56,Wed,ios,360159,871619,125372,1,3,0,0,1,0,0,0,0
1002461,3.43,0.00,0015-08-14 11:21:06,0015-08-14 14:21:06,11,14,2.93,Thu,android,336941,944515,976902,0,1,0,0,0,0,0,0,0
1002462,2.80,0.00,0015-08-23 16:16:58,0015-08-23 19:16:58,16,19,2.55,Wed,android,310963,955429,493904,0,3,0,0,1,0,0,0,0
1002463,3.98,0.00,0015-04-23 18:48:56,0015-04-23 21:48:56,18,21,2.48,Mon,ios,828735,129465,461655,1,2,1,0,0,0,0,0,0
1002464,6.43,0.25,0015-09-12 18:34:20,0015-09-12 21:34:20,18,21,2.67,Fri,ios,772248,920264,461655,1,3,0,0,0,0,1,0,0
1002465,9.02,0.00,0015-09-21 15:37:28,0015-09-21 18:37:28,15,18,2.92,Fri,ios,702921,369001,493904,1,3,0,0,0,0,1,0,0
1002466,7.00,0.00,0015-07-20 16:33:09,0015-07-20 21:33:09,16,21,4.35,Mon,ios,102876,414088,566549,1,3,1,0,0,0,0,0,0
1002467,6.99,0.00,0015-08-17 10:53:28,0015-08-17 13:53:28,10,13,2.47,Fri,ios,893616,951880,144857,1,2,0,0,0,0,1,0,0
1002468,23.68,0.00,0015-09-24 16:10:30,0015-09-24 00:10:30,16,00,7.48,Mon,android,293557,664306,868085,0,1,1,0,0,0,0,0,0
1002469,7.08,0.00,0015-05-15 17:42:32,0015-05-15 21:42:32,17,21,3.93,Tue,ios,456955,474204,481066,0,3,0,0,0,0,0,0,0
1002470,4.97,0.00,0015-01-01 16:56:55,0015-01-01 19:56:55,16,19,2.37,Wed,ios,315523,237105,948590,1,2,0,0,1,0,0,0,0
1002471,3.40,0.00,0015-06-27 19:40:25,0015-06-27 22:40:25,19,22,2.38,Mon,android,746481,803398,144857,0,3,1,0,0,0,0,0,0
1002472,1.67,0.00,0015-09-27 17:01:47,0015-09-27 20:01:47,17,20,2.80,Thu,ios,391500,911231,202527,0,3,0,0,0,0,0,0,0
1002473,8.77,7.50,0015-07-24 17:37:05,0015-07-24 21:37:05,17,21,3.49,Wed,android,792393,987396,978130,0,3,0,0,1,0,0,0,0
1002474,12.73,2.39,0015-09-15 18:27:11,0015-09-15 22:27:11,18,22,3.98,Mon,ios,367351,236379,928191,0,2,1,0,0,0,0,0,0
1002475,2.30,0.00,0015-07-25 10:34:46,0015-07-25 13:34:46,10,13,2.81,Mon,ios,362870,672450,202527,1,2,1,0,0,0,0,0,0
1002476,2.83,0.00,0015-07-23 12:16:43,0015-07-23 16:16:43,12,16,3.02,Thu,android,975034,228137,503205,0,1,0,0,0,0,0,0,0
1002477,7.88,0.00,0015-09-26 12:01:00,0015-09-26 15:01:00,12,15,2.70,Mon,ios,853270,568071,144857,1,3,1,0,0,0,0,0,0
1002478,7.16,0.00,0015-09-26 13:30:04,0015-09-26 16:30:04,13,16,2.45,Fri,ios,509560,638536,868085,1,2,0,0,0,0,1,0,0
1002479,6.52,0.00,0015-08-04 15:25:43,0015-08-04 19:25:43,15,19,3.78,Wed,ios,571984,280415,399399,0,2,0,0,1,0,0,0,0
1002480,5.20,0.00,0015-06-13 12:55:16,0015-06-13 15:55:16,12,15,2.76,Fri,android,458637,569886,868085,0,2,0,0,0,0,1,0,0
1002481,4.10,0.00,0015-07-06 12:04:31,0015-07-06 15:04:31,12,15,2.45,Tue,ios,625629,280221,976902,1,2,0,0,0,0,0,0,0
1002482,7.54,0.00,0015-06-01 10:27:04,0015-06-01 14:27:04,10,14,3.35,Tue,ios,662256,237105,948590,1,2,0,0,0,0,0,0,0
1002483,4.58,0.00,0015-08-02 16:03:24,0015-08-02 20:03:24,16,20,3.72,Thu,ios,270107,955429,493904,0,3,0,0,0,0,0,0,0
1002484,6.36,0.00,0015-05-07 14:36:52,0015-05-07 19:36:52,14,19,4.06,Tue,android,633001,260408,481066,1,2,0,0,0,0,0,0,0
1002485,6.43,0.00,0015-06-17 12:31:20,0015-06-17 15:31:20,12,15,2.47,Tue,ios,302225,474204,481066,1,3,0,0,0,0,0,0,0
1002486,23.68,0.00,0015-05-07 19:20:04,0015-05-07 00:20:04,19,00,4.47,Fri,android,193315,569886,868085,0,2,0,0,0,0,1,0,0
1002487,4.82,0.00,0015-10-14 18:56:15,0015-10-14 22:56:15,18,22,3.27,Wed,ios,880716,653450,503205,1,2,0,0,1,0,0,0,0
1002488,10.66,0.00,0015-03-11 18:43:24,0015-03-11 23:43:24,18,23,4.11,Thu,ios,870670,989457,620906,1,2,0,0,0,0,0,0,0
1002489,5.80,0.00,0015-07-14 16:45:10,0015-07-14 20:45:10,16,20,3.08,Wed,ios,479466,250527,976902,0,3,0,0,1,0,0,0,0
1002490,2.67,0.00,0015-08-24 13:53:38,0015-08-24 18:53:38,13,18,4.02,Fri,android,990447,568071,144857,1,1,0,0,0,0,1,0,0
1002491,10.64,0.00,0015-09-11 21:54:46,0015-09-11 01:54:46,21,01,3.53,Tue,android,205758,540225,648339,0,3,0,0,0,0,0,0,0
1002492,10.93,0.00,0015-09-02 10:40:17,0015-09-02 15:40:17,10,15,4.06,Tue,ios,537332,758780,399399,0,2,0,0,0,0,0,0,0
1002493,23.68,0.00,0015-04-21 12:50:15,0015-04-21 16:50:15,12,16,3.10,Tue,ios,501878,250527,976902,1,2,0,0,0,0,0,0,0
1002494,8.69,0.00,0015-07-02 08:41:31,0015-07-02 11:41:31,08,11,2.32,Wed,ios,267378,250527,976902,1,2,0,0,1,0,0,0,0
1002495,6.80,0.00,0015-07-02 19:31:17,0015-07-02 22:31:17,19,22,2.46,Mon,android,640531,632920,461655,1,1,1,0,0,0,0,0,0
1002496,3.74,0.00,0015-09-01 17:08:16,0015-09-01 20:08:16,17,20,2.19,Thu,android,607737,871619,125372,1,3,0,0,0,0,0,0,0
1002497,6.77,0.00,0015-05-05 16:48:55,0015-05-05 19:48:55,16,19,2.78,Fri,ios,168022,207262,928191,1,3,0,0,0,0,1,0,0
1002498,8.19,0.00,0015-07-18 12:59:06,0015-07-18 15:59:06,12,15,2.25,Fri,ios,816535,219054,814002,1,3,0,0,0,0,1,0,0
1002499,10.04,0.86,0015-09-09 10:11:29,0015-09-09 14:11:29,10,14,3.42,Wed,ios,970849,369001,493904,0,1,0,0,1,0,0,0,0
1002500,23.68,0.00,0015-08-28 13:47:34,0015-08-28 17:47:34,13,17,27.33,Thu,android,298121,250527,976902,1,3,0,0,0,0,0,0,0
1002501,6.86,0.00,0015-08-20 15:55:02,0015-08-20 18:55:02,15,18,2.03,Mon,android,354196,729642,517854,1,3,1,0,0,0,0,0,0
1002502,3.15,0.00,0015-06-10 10:51:11,0015-06-10 12:51:11,10,12,1.16,Thu,ios,840502,981639,572514,1,3,0,0,0,0,0,0,0
1002503,4.02,0.00,0015-08-23 09:17:53,0015-08-23 12:17:53,09,12,2.13,Thu,ios,268158,250527,976902,0,3,0,0,0,0,0,0,0
1002504,23.68,0.00,0015-09-06 11:44:48,0015-09-06 23:44:48,11,23,35.57,Fri,ios,562879,474204,481066,1,1,0,0,0,0,1,0,0
1002505,8.00,0.00,0015-06-21 09:32:57,0015-06-21 14:32:57,09,14,4.00,Fri,ios,328903,474204,481066,1,2,0,0,0,0,1,0,0
1002506,23.68,0.00,0015-05-02 15:42:27,0015-05-02 18:42:27,15,18,2.00,Thu,ios,567606,728918,928191,0,1,0,0,0,0,0,0,0
1002507,23.68,0.00,0015-06-18 13:42:19,0015-06-18 08:42:19,13,08,18.71,Wed,android,292739,728918,928191,0,3,0,0,1,0,0,0,0
1002508,10.57,0.00,0015-06-14 17:54:55,0015-06-14 20:54:55,17,20,2.89,Mon,android,449067,549414,461655,1,2,1,0,0,0,0,0,0
1002509,3.70,0.34,0015-05-27 17:32:23,0015-05-27 19:32:23,17,19,1.38,Wed,ios,478463,664306,868085,0,2,0,0,1,0,0,0,0
1002510,6.55,0.00,0015-09-21 17:58:49,0015-09-21 22:58:49,17,22,4.27,Fri,ios,514356,474204,481066,0,4,0,0,0,0,1,0,0
1002511,6.33,0.00,0015-08-06 14:56:08,0015-08-06 17:56:08,14,17,2.35,Fri,ios,855333,801274,976902,1,3,0,0,0,0,1,0,0
1002512,7.66,0.00,0015-05-03 09:18:09,0015-05-03 14:18:09,09,14,4.45,Thu,ios,331398,638536,868085,0,4,0,0,0,0,0,0,0
1002513,4.07,0.70,0015-08-25 08:12:23,0015-08-25 12:12:23,08,12,3.21,Tue,ios,134537,955429,493904,1,2,0,0,0,0,0,0,0
1002514,1.21,0.00,0015-08-05 14:35:16,0015-08-05 15:35:16,14,15,0.42,Sat,ios,157079,920264,461655,0,3,0,0,0,0,0,1,0
1002515,6.52,0.00,0015-09-25 16:31:25,0015-09-25 19:31:25,16,19,2.70,Fri,ios,518632,569886,868085,1,3,0,0,0,0,1,0,0
1002516,7.58,0.00,0015-08-22 11:52:00,0015-08-22 15:52:00,11,15,3.33,Wed,ios,879514,569886,868085,1,1,0,0,1,0,0,0,0
1002517,3.59,0.00,0015-07-26 11:40:27,0015-07-26 13:40:27,11,13,1.74,Thu,ios,946404,549414,461655,0,3,0,0,0,0,0,0,0
1002518,7.35,0.00,0015-07-21 13:19:45,0015-07-21 17:19:45,13,17,3.81,Tue,ios,157516,514669,566549,0,3,0,0,0,0,0,0,0
1002519,23.68,0.00,0015-05-09 16:40:16,0015-05-09 20:40:16,16,20,3.98,Wed,android,412750,664306,868085,0,1,0,0,1,0,0,0,0
1002520,6.29,0.00,0015-04-17 12:25:10,0015-04-17 15:25:10,12,15,2.82,Thu,ios,746000,951880,144857,0,1,0,0,0,0,0,0,0
1002521,9.50,0.00,0015-05-01 11:48:15,0015-05-01 15:48:15,11,15,3.33,Wed,ios,547997,664306,868085,0,3,0,0,1,0,0,0,0
1002522,23.68,0.00,0015-09-02 11:54:35,0015-09-02 17:54:35,11,17,29.94,Wed,ios,227197,414088,566549,1,4,0,0,1,0,0,0,0
1002523,5.44,0.78,0015-06-05 10:41:53,0015-06-05 14:41:53,10,14,3.68,Thu,ios,946256,738900,976902,1,2,0,0,0,0,0,0,0
1002524,3.55,0.00,0015-09-03 17:24:13,0015-09-03 19:24:13,17,19,1.28,Thu,android,481484,474204,481066,1,2,0,0,0,0,0,0,0
1002525,5.61,0.00,0015-05-25 12:43:13,0015-05-25 16:43:13,12,16,3.33,Tue,ios,292509,369001,493904,1,3,0,0,0,0,0,0,0
1002526,0.60,0.00,0015-09-04 09:11:39,0015-09-04 12:11:39,09,12,2.41,Fri,android,766479,568071,144857,1,3,0,0,0,0,1,0,0
1002527,23.68,0.00,0015-08-23 16:06:41,0015-08-23 20:06:41,16,20,3.05,Mon,ios,322890,987396,978130,0,3,1,0,0,0,0,0,0
1002528,7.97,0.00,0015-06-07 11:50:55,0015-06-07 14:50:55,11,14,2.84,Tue,ios,419233,944515,976902,1,2,0,0,0,0,0,0,0
1002529,0.38,0.00,0015-07-23 18:35:28,0015-07-23 19:35:28,18,19,0.19,Tue,android,148850,369001,493904,0,3,0,0,0,0,0,0,0
1002530,4.79,0.00,0015-08-18 17:59:46,0015-08-18 19:59:46,17,19,1.97,Thu,android,498919,131897,566549,0,3,0,0,0,0,0,0,0
1002531,1.67,0.00,0015-06-06 16:16:44,0015-06-06 18:16:44,16,18,1.08,Tue,ios,267958,955429,493904,1,3,0,0,0,0,0,0,0
1002532,8.02,0.00,0015-03-04 11:27:29,0015-03-04 14:27:29,11,14,3.00,Thu,ios,505043,517464,144857,1,3,0,0,0,0,0,0,0
1002533,9.04,0.00,0015-09-04 13:07:51,0015-09-04 16:07:51,13,16,2.63,Tue,ios,726841,728918,928191,1,3,0,0,0,0,0,0,0
1002534,7.46,0.00,0015-06-25 18:10:27,0015-06-25 21:10:27,18,21,2.66,Wed,android,819081,653450,503205,0,3,0,0,1,0,0,0,0
1002535,3.32,0.00,0015-05-22 11:00:23,0015-05-22 15:00:23,11,15,3.69,Mon,ios,569089,369001,493904,1,3,1,0,0,0,0,0,0
1002536,2.17,0.00,0015-07-10 11:26:59,0015-07-10 14:26:59,11,14,2.78,Wed,ios,151916,219054,814002,0,2,0,0,1,0,0,0,0
1002537,1.25,0.09,0015-08-13 16:17:42,0015-08-13 19:17:42,16,19,2.26,Fri,android,271358,730023,878393,1,3,0,0,0,0,1,0,0
1002538,3.43,0.00,0015-08-05 18:35:11,0015-08-05 21:35:11,18,21,3.00,Fri,ios,194362,474204,481066,0,3,0,0,0,0,1,0,0
1002539,1.56,0.00,0015-05-28 18:24:34,0015-05-28 19:24:34,18,19,0.51,Tue,ios,430089,955429,493904,1,3,0,0,0,0,0,0,0
1002540,7.01,0.00,0015-08-16 17:51:04,0015-08-16 21:51:04,17,21,3.45,Thu,android,561303,664306,868085,1,2,0,0,0,0,0,0,0
1002541,23.68,0.00,0015-08-03 16:10:57,0015-08-03 03:10:57,16,03,10.00,Mon,ios,765552,568071,144857,1,3,1,0,0,0,0,0,0
1002542,4.53,0.00,0015-09-04 16:36:03,0015-09-04 21:36:03,16,21,4.22,Thu,ios,526638,643012,517854,1,3,0,0,0,0,0,0,0
1002543,4.14,0.00,0015-07-28 10:21:08,0015-07-28 13:21:08,10,13,2.18,Thu,ios,571702,653450,503205,1,2,0,0,0,0,0,0,0
1002544,1.93,0.00,0015-09-25 19:51:02,0015-09-25 21:51:02,19,21,1.51,Wed,android,341175,562656,481066,1,3,0,0,1,0,0,0,0
1002545,3.93,0.00,0015-05-28 10:12:46,0015-05-28 12:12:46,10,12,1.64,Fri,ios,649594,951880,144857,1,3,0,0,0,0,1,0,0
1002546,11.93,0.00,0015-05-15 13:10:39,0015-05-15 17:10:39,13,17,3.12,Fri,ios,757473,562656,481066,1,1,0,0,0,0,1,0,0
1002547,4.78,0.00,0015-06-19 15:32:25,0015-06-19 19:32:25,15,19,3.29,Thu,ios,399890,507660,202527,1,3,0,0,0,0,0,0,0
1002548,3.98,0.00,0015-05-25 12:25:50,0015-05-25 16:25:50,12,16,3.33,Thu,android,576026,803398,144857,1,3,0,0,0,0,0,0,0
1002549,3.59,0.00,0015-05-28 19:14:53,0015-05-28 22:14:53,19,22,2.07,Thu,ios,530976,474204,481066,1,1,0,0,0,0,0,0,0
1002550,3.69,0.00,0015-09-05 16:05:23,0015-09-05 19:05:23,16,19,2.54,Wed,ios,322067,955429,493904,1,1,0,0,1,0,0,0,0
1002551,0.87,0.00,0015-07-07 18:23:29,0015-07-07 19:23:29,18,19,0.53,Mon,ios,784096,474204,481066,0,1,1,0,0,0,0,0,0
1002552,4.99,0.00,0015-09-04 10:29:21,0015-09-04 13:29:21,10,13,2.17,Wed,ios,902484,902592,566549,0,3,0,0,1,0,0,0,0
1002553,2.32,0.00,0015-07-25 17:19:24,0015-07-25 20:19:24,17,20,2.08,Thu,android,527683,474204,481066,1,1,0,0,0,0,0,0,0
1002554,6.54,0.00,0015-08-10 16:11:37,0015-08-10 20:11:37,16,20,3.09,Fri,android,783476,803398,144857,0,3,0,0,0,0,1,0,0
1002555,0.06,0.00,0015-09-26 16:07:23,0015-09-26 19:07:23,16,19,2.09,Thu,ios,782533,878706,461655,1,1,0,0,0,0,0,0,0
1002556,8.25,0.00,0015-09-22 15:57:15,0015-09-22 16:57:15,15,16,0.79,Fri,ios,179922,878706,461655,1,2,0,0,0,0,1,0,0
1002557,7.47,7.50,0015-04-08 11:47:30,0015-04-08 14:47:30,11,14,2.91,Fri,android,766568,517464,144857,1,1,0,0,0,0,1,0,0
1002558,6.45,0.00,0015-07-19 16:24:07,0015-07-19 20:24:07,16,20,3.47,Wed,ios,424546,228137,503205,0,3,0,0,1,0,0,0,0
1002559,5.96,0.00,0015-04-16 09:38:44,0015-04-16 13:38:44,09,13,3.18,Mon,android,466997,995505,868085,1,3,1,0,0,0,0,0,0
1002560,2.32,0.00,0015-09-07 10:05:26,0015-09-07 11:05:26,10,11,0.72,Tue,android,950767,981639,572514,0,3,0,0,0,0,0,0,0
1002561,3.31,0.00,0015-11-21 19:08:07,0015-11-21 00:08:07,19,00,4.34,Fri,android,409704,549414,461655,1,2,0,0,0,0,1,0,0
1002562,7.17,0.00,0015-07-20 12:52:40,0015-07-20 16:52:40,12,16,3.56,Tue,android,399806,200695,202527,1,2,0,0,0,0,0,0,0
1002563,4.65,0.00,0015-04-08 16:53:31,0015-04-08 18:53:31,16,18,1.77,Mon,ios,486100,575971,948590,1,3,1,0,0,0,0,0,0
1002564,23.68,0.00,0015-09-20 16:17:29,0015-09-20 23:17:29,16,23,30.21,Thu,android,902042,549414,461655,0,3,0,0,0,0,0,0,0
1002565,9.34,0.00,0015-05-19 13:30:42,0015-05-19 17:30:42,13,17,3.79,Tue,android,427032,219054,814002,0,3,0,0,0,0,0,0,0
1002566,6.49,0.00,0015-06-22 11:34:06,0015-06-22 14:34:06,11,14,2.33,Tue,android,947761,369001,493904,1,3,0,0,0,0,0,0,0
1002567,23.68,0.00,0015-04-14 14:39:40,0015-04-14 09:39:40,14,09,18.61,Tue,ios,590736,955429,493904,0,3,0,0,0,0,0,0,0
1002568,2.03,0.00,0015-09-06 10:05:03,0015-09-06 12:05:03,10,12,1.21,Wed,ios,399591,987396,978130,0,1,0,0,1,0,0,0,0
1002569,23.68,0.00,0015-09-19 11:18:03,0015-09-19 14:18:03,11,14,2.81,Fri,android,265127,371335,461655,0,3,0,0,0,0,1,0,0
1002570,10.14,0.00,0015-07-19 16:21:02,0015-07-19 20:21:02,16,20,3.80,Thu,ios,581031,664306,868085,0,2,0,0,0,0,0,0,0
1002571,5.53,0.00,0015-09-24 17:22:46,0015-09-24 22:22:46,17,22,4.29,Fri,android,677565,207262,928191,0,2,0,0,0,0,1,0,0
1002572,3.17,0.00,0015-09-22 09:31:51,0015-09-22 12:31:51,09,12,2.35,Fri,ios,751339,549414,461655,1,1,0,0,0,0,1,0,0
1002573,4.05,0.00,0015-09-07 18:50:39,0015-09-07 21:50:39,18,21,2.54,Thu,ios,163145,875343,747048,0,3,0,0,0,0,0,0,0
1002574,2.78,0.00,0015-06-18 01:16:48,0015-06-18 03:16:48,01,03,1.22,Thu,android,435417,474204,481066,1,4,0,0,0,0,0,0,0
1002575,7.33,0.00,0015-09-07 10:43:38,0015-09-07 14:43:38,10,14,3.96,Wed,android,237196,250527,976902,0,3,0,0,1,0,0,0,0
1002576,3.42,0.00,0015-02-01 12:25:50,0015-02-01 15:25:50,12,15,2.11,Thu,android,298029,237105,948590,1,3,0,0,0,0,0,0,0
1002577,4.31,0.00,0015-08-27 21:12:42,0015-08-27 00:12:42,21,00,2.02,Fri,ios,943525,405157,976902,0,3,0,0,0,0,1,0,0
1002578,2.68,0.00,0015-10-26 17:43:14,0015-10-26 18:43:14,17,18,0.92,Wed,android,784396,932939,868085,0,3,0,0,1,0,0,0,0
1002579,6.13,0.00,0015-08-07 16:05:14,0015-08-07 19:05:14,16,19,2.73,Fri,android,351967,871619,125372,0,3,0,0,0,0,1,0,0
1002580,8.04,0.00,0015-10-15 13:50:29,0015-10-15 16:50:29,13,16,2.69,Fri,ios,413309,987396,978130,1,3,0,0,0,0,1,0,0
1002581,6.23,0.00,0015-05-20 13:21:51,0015-05-20 17:21:51,13,17,3.93,Mon,ios,246496,474204,481066,1,1,1,0,0,0,0,0,0
1002582,5.11,0.00,0015-06-18 17:39:46,0015-06-18 21:39:46,17,21,3.56,Wed,ios,811684,863084,751082,0,3,0,0,1,0,0,0,0
1002583,0.70,0.00,0015-10-26 12:01:29,0015-10-26 13:01:29,12,13,0.38,Tue,android,561390,425476,928191,1,3,0,0,0,0,0,0,0
1002584,3.57,5.69,0015-08-10 17:52:32,0015-08-10 20:52:32,17,20,2.75,Tue,ios,870452,250527,976902,0,1,0,0,0,0,0,0,0
1002585,2.99,0.00,0015-07-15 18:15:03,0015-07-15 20:15:03,18,20,1.80,Thu,android,275876,902592,566549,0,3,0,0,0,0,0,0,0
1002586,3.04,0.00,0015-08-20 12:13:29,0015-08-20 15:13:29,12,15,2.71,Tue,android,686509,878706,461655,0,1,0,0,0,0,0,0,0
1002587,2.29,0.00,0015-08-10 15:53:38,0015-08-10 18:53:38,15,18,2.43,Tue,android,834413,801274,976902,1,2,0,0,0,0,0,0,0
1002588,4.51,0.00,0015-09-10 11:27:16,0015-09-10 15:27:16,11,15,3.61,Wed,android,278126,878706,461655,1,1,0,0,1,0,0,0,0
1002589,4.96,0.00,0015-09-16 13:34:23,0015-09-16 16:34:23,13,16,2.36,Tue,android,728218,801274,976902,0,2,0,0,0,0,0,0,0
1002590,8.64,0.00,0015-04-02 12:47:59,0015-04-02 16:47:59,12,16,3.15,Thu,android,146620,738900,976902,0,3,0,0,0,0,0,0,0
1002591,7.31,0.00,0015-08-22 16:04:29,0015-08-22 19:04:29,16,19,2.77,Mon,ios,144976,878706,461655,0,1,1,0,0,0,0,0,0
1002592,3.86,0.00,0015-04-16 08:37:39,0015-04-16 10:37:39,08,10,1.50,Tue,ios,286108,664306,868085,1,3,0,0,0,0,0,0,0
1002593,3.37,0.00,0015-05-28 18:12:55,0015-05-28 20:12:55,18,20,1.49,Wed,ios,472304,569886,868085,0,1,0,0,1,0,0,0,0
1002594,7.07,0.00,0015-09-12 13:22:47,0015-09-12 16:22:47,13,16,2.72,Fri,ios,534721,728918,928191,1,1,0,0,0,0,1,0,0
1002595,5.23,0.00,0015-06-24 11:15:24,0015-06-24 14:15:24,11,14,2.13,Thu,ios,222229,944515,976902,0,2,0,0,0,0,0,0,0
1002596,14.69,0.00,0015-05-06 20:08:16,0015-05-06 01:08:16,20,01,4.13,Tue,ios,234909,237105,948590,1,3,0,0,0,0,0,0,0
1002597,8.22,0.00,0015-08-24 13:57:19,0015-08-24 16:57:19,13,16,2.98,Tue,ios,698808,875343,747048,0,3,0,0,0,0,0,0,0
1002598,3.67,0.00,0015-08-19 11:27:59,0015-08-19 14:27:59,11,14,2.04,Fri,android,971134,514669,566549,0,3,0,0,0,0,1,0,0
1002599,0.09,0.00,0015-06-09 10:08:15,0015-06-09 11:08:15,10,11,0.08,Tue,ios,215968,280415,399399,1,2,0,0,0,0,0,0,0
1002600,23.68,0.00,0015-04-17 15:55:27,0015-04-17 18:55:27,15,18,2.10,Wed,ios,951762,664306,868085,1,3,0,0,1,0,0,0,0
1002601,5.37,0.00,0015-05-12 12:26:30,0015-05-12 14:26:30,12,14,1.98,Fri,ios,903577,355208,976902,0,3,0,0,0,0,1,0,0
1002602,5.50,0.00,0015-03-27 18:45:02,0015-03-27 21:45:02,18,21,2.02,Wed,android,649203,549414,461655,1,3,0,0,1,0,0,0,0
1002603,5.14,0.00,0015-09-26 11:20:08,0015-09-26 15:20:08,11,15,3.34,Fri,ios,889363,474204,481066,1,3,0,0,0,0,1,0,0
1002604,8.82,0.00,0015-09-14 16:54:52,0015-09-14 20:54:52,16,20,3.31,Mon,ios,170367,728918,928191,1,3,1,0,0,0,0,0,0
1002605,9.32,0.00,0015-08-04 09:06:41,0015-08-04 14:06:41,09,14,4.39,Wed,ios,319255,237105,948590,0,2,0,0,1,0,0,0,0
1002606,1.57,0.00,0015-07-20 16:19:30,0015-07-20 18:19:30,16,18,1.80,Fri,ios,393476,572249,144857,1,2,0,0,0,0,1,0,0
1002607,23.68,0.00,0015-10-06 09:42:42,0015-10-06 13:42:42,09,13,3.10,Wed,android,821939,664306,868085,1,3,0,0,1,0,0,0,0
1002608,20.95,0.00,0015-08-11 11:08:54,0015-08-11 15:08:54,11,15,3.36,Thu,ios,149740,369001,493904,0,2,0,0,0,0,0,0,0
1002609,2.20,0.00,0015-08-15 12:35:03,0015-08-15 15:35:03,12,15,2.69,Mon,ios,995815,207262,928191,0,3,1,0,0,0,0,0,0
1002610,4.42,0.00,0015-08-24 11:38:32,0015-08-24 14:38:32,11,14,2.09,Mon,android,389970,514669,566549,1,3,1,0,0,0,0,0,0
1002611,7.78,0.00,0015-07-24 11:05:26,0015-07-24 15:05:26,11,15,3.91,Fri,android,240380,431796,461655,0,3,0,0,0,0,1,0,0
1002612,11.08,0.00,0015-07-22 16:17:45,0015-07-22 21:17:45,16,21,4.38,Mon,ios,997425,474204,481066,1,3,1,0,0,0,0,0,0
1002613,7.93,7.50,0015-05-24 17:54:20,0015-05-24 20:54:20,17,20,2.70,Thu,android,662095,672450,202527,0,1,0,0,0,0,0,0,0
1002614,3.05,0.00,0015-06-02 19:45:57,0015-06-02 23:45:57,19,23,3.05,Wed,ios,296616,371335,461655,1,3,0,0,1,0,0,0,0
1002615,4.37,0.00,0015-08-12 17:59:48,0015-08-12 21:59:48,17,21,3.07,Wed,ios,261726,653450,503205,0,3,0,0,1,0,0,0,0
1002616,7.16,0.00,0015-07-08 12:26:02,0015-07-08 16:26:02,12,16,3.41,Tue,ios,130479,474204,481066,0,2,0,0,0,0,0,0,0
1002617,4.67,0.00,0015-09-18 14:06:04,0015-09-18 16:06:04,14,16,1.69,Mon,ios,330518,572249,144857,1,3,1,0,0,0,0,0,0
1002618,23.68,0.00,0015-05-09 11:32:14,0015-05-09 06:32:14,11,06,42.00,Mon,android,830353,738900,976902,1,2,1,0,0,0,0,0,0
1002619,6.41,0.00,0015-09-28 11:54:12,0015-09-28 15:54:12,11,15,3.07,Fri,android,355840,758780,399399,1,3,0,0,0,0,1,0,0
1002620,10.10,0.00,0015-08-11 16:17:27,0015-08-11 21:17:27,16,21,4.04,Wed,ios,470972,575971,948590,1,3,0,0,1,0,0,0,0
1002621,23.68,0.00,0015-07-07 11:06:08,0015-07-07 10:06:08,11,10,22.44,Fri,ios,619399,474204,481066,0,3,0,0,0,0,1,0,0
1002622,2.08,0.00,0015-08-10 13:00:54,0015-08-10 15:00:54,13,15,1.23,Mon,android,113627,569889,461655,1,2,1,0,0,0,0,0,0
1002623,10.47,0.00,0015-08-02 18:28:13,0015-08-02 21:28:13,18,21,2.86,Tue,ios,424041,445920,125372,0,3,0,0,0,0,0,0,0
1002624,4.90,0.00,0015-09-19 11:40:02,0015-09-19 14:40:02,11,14,2.97,Wed,ios,621992,944515,976902,1,2,0,0,1,0,0,0,0
1002625,4.67,0.00,0015-04-05 12:59:42,0015-04-05 15:59:42,12,15,2.93,Wed,android,711240,355208,976902,0,3,0,0,1,0,0,0,0
1002626,5.46,0.00,0015-06-19 17:18:10,0015-06-19 21:18:10,17,21,3.28,Wed,android,960288,366832,978130,1,2,0,0,1,0,0,0,0
1002627,23.68,0.00,0015-05-18 11:45:28,0015-05-18 15:45:28,11,15,3.33,Thu,ios,273349,861532,454147,0,3,0,0,0,0,0,0,0
1002628,5.73,0.00,0015-09-07 17:49:53,0015-09-07 20:49:53,17,20,2.31,Fri,ios,583535,638536,868085,1,3,0,0,0,0,1,0,0
1002629,4.72,0.00,0015-08-07 10:26:15,0015-08-07 12:26:15,10,12,1.71,Thu,ios,839921,944575,928191,1,2,0,0,0,0,0,0,0
1002630,10.01,0.00,0015-07-16 18:07:22,0015-07-16 23:07:22,18,23,4.43,Wed,android,181452,228137,503205,0,1,0,0,1,0,0,0,0
1002631,1.26,0.00,0015-03-27 13:28:31,0015-03-27 15:28:31,13,15,1.03,Fri,ios,241320,568071,144857,0,4,0,0,0,0,1,0,0
1002632,1.21,0.00,0015-03-15 19:20:51,0015-03-15 22:20:51,19,22,2.64,Mon,ios,113567,955429,493904,1,2,1,0,0,0,0,0,0
1002633,5.12,0.00,0015-07-28 10:41:10,0015-07-28 13:41:10,10,13,2.18,Tue,android,587938,944515,976902,1,2,0,0,0,0,0,0,0
1002634,3.46,0.00,0015-06-09 13:44:23,0015-06-09 15:44:23,13,15,1.27,Mon,ios,854110,507660,202527,1,3,1,0,0,0,0,0,0
1002635,3.06,0.00,0015-08-05 13:54:20,0015-08-05 15:54:20,13,15,1.58,Mon,ios,956028,260781,202527,1,2,1,0,0,0,0,0,0
1002636,11.43,0.00,0015-09-24 10:27:30,0015-09-24 15:27:30,10,15,4.04,Mon,ios,871781,944515,976902,1,3,1,0,0,0,0,0,0
1002637,0.38,0.00,0015-08-28 12:54:34,0015-08-28 13:54:34,12,13,0.16,Sun,ios,334188,989457,620906,1,1,0,0,0,0,0,0,1
1002638,7.33,0.00,0015-03-14 12:03:15,0015-03-14 17:03:15,12,17,4.30,Wed,ios,316603,955429,493904,0,3,0,0,1,0,0,0,0
1002639,1.66,0.00,0015-05-05 18:17:49,0015-05-05 21:17:49,18,21,2.34,Thu,ios,994676,863084,751082,1,2,0,0,0,0,0,0,0
1002640,23.68,4.75,0015-04-27 14:40:12,0015-04-27 18:40:12,14,18,3.73,Mon,ios,797400,638536,868085,1,3,1,0,0,0,0,0,0
1002641,23.68,0.00,0015-09-21 16:24:37,0015-09-21 21:24:37,16,21,4.45,Thu,ios,326072,594591,461655,0,1,0,0,0,0,0,0,0
1002642,8.06,0.00,0015-08-16 21:35:48,0015-08-16 00:35:48,21,00,2.66,Tue,ios,228820,653450,503205,0,1,0,0,0,0,0,0,0
1002643,11.60,0.00,0015-08-26 10:45:11,0015-08-26 15:45:11,10,15,4.43,Tue,ios,996841,369001,493904,1,1,0,0,0,0,0,0,0
1002644,3.96,0.00,0015-08-17 16:23:17,0015-08-17 19:23:17,16,19,2.39,Wed,ios,350647,944515,976902,1,1,0,0,1,0,0,0,0
1002645,8.99,0.00,0015-03-01 12:12:57,0015-03-01 17:12:57,12,17,4.23,Thu,android,109512,874950,814002,1,1,0,0,0,0,0,0,0
1002646,8.10,0.00,0015-09-15 12:06:27,0015-09-15 16:06:27,12,16,3.81,Fri,ios,875049,369001,493904,0,3,0,0,0,0,1,0,0
1002647,5.47,0.00,0015-07-18 12:20:24,0015-07-18 15:20:24,12,15,2.26,Tue,ios,664412,129465,461655,1,3,0,0,0,0,0,0,0
1002648,5.46,0.00,0015-05-17 12:38:50,0015-05-17 16:38:50,12,16,3.25,Tue,ios,515892,955429,493904,1,3,0,0,0,0,0,0,0
1002649,23.68,0.00,0015-08-06 10:47:25,0015-08-06 09:47:25,10,09,22.28,Tue,android,426732,955429,493904,0,1,0,0,0,0,0,0,0
1002650,6.29,0.47,0015-09-10 16:36:05,0015-09-10 20:36:05,16,20,3.19,Fri,ios,136248,228137,503205,1,1,0,0,0,0,1,0,0
1002651,23.68,2.65,0015-08-08 12:49:24,0015-08-08 15:49:24,12,15,2.63,Tue,ios,886568,944515,976902,1,3,0,0,0,0,0,0,0
1002652,7.31,0.00,0015-07-13 17:09:10,0015-07-13 22:09:10,17,22,4.05,Thu,android,547730,369001,493904,1,3,0,0,0,0,0,0,0
1002653,3.48,0.00,0015-10-22 09:50:03,0015-10-22 11:50:03,09,11,1.85,Wed,ios,374566,369001,493904,0,3,0,0,1,0,0,0,0
1002654,4.88,0.00,0015-07-27 10:46:24,0015-07-27 15:46:24,10,15,4.03,Wed,android,615486,369001,493904,1,3,0,0,1,0,0,0,0
1002655,1.94,0.00,0015-10-27 11:09:58,0015-10-27 13:09:58,11,13,1.08,Wed,ios,911793,878706,461655,1,1,0,0,1,0,0,0,0
1002656,3.44,0.00,0015-06-15 17:04:51,0015-06-15 18:04:51,17,18,0.99,Wed,ios,277136,405157,976902,1,3,0,0,1,0,0,0,0
1002657,4.24,0.00,0015-10-27 17:27:27,0015-10-27 20:27:27,17,20,2.66,Thu,ios,623885,568071,144857,0,2,0,0,0,0,0,0,0
1002658,8.55,0.00,0015-08-26 11:04:10,0015-08-26 14:04:10,11,14,2.99,Wed,android,264221,549414,461655,1,2,0,0,1,0,0,0,0
1002659,3.94,0.00,0015-07-12 14:50:41,0015-07-12 16:50:41,14,16,1.84,Thu,ios,511540,474204,481066,1,1,0,0,0,0,0,0,0
1002660,1.74,0.00,0015-09-11 12:02:54,0015-09-11 15:02:54,12,15,2.35,Tue,ios,729295,474204,481066,1,2,0,0,0,0,0,0,0
1002661,6.66,0.00,0015-06-23 17:48:10,0015-06-23 20:48:10,17,20,2.45,Mon,android,351352,371335,461655,1,3,1,0,0,0,0,0,0
1002662,5.20,0.00,0015-06-22 18:53:14,0015-06-22 21:53:14,18,21,2.76,Fri,ios,866867,801274,976902,1,3,0,0,0,0,1,0,0
1002663,2.23,0.00,0015-07-17 20:26:40,0015-07-17 23:26:40,20,23,2.14,Wed,ios,149081,236379,928191,1,2,0,0,1,0,0,0,0
1002664,3.07,0.00,0015-06-22 17:32:54,0015-06-22 20:32:54,17,20,2.80,Mon,ios,321672,474204,481066,1,3,1,0,0,0,0,0,0
1002665,7.68,0.00,0015-03-09 11:30:36,0015-03-09 15:30:36,11,15,3.37,Tue,ios,848952,902592,566549,1,3,0,0,0,0,0,0,0
1002666,9.26,0.00,0015-06-17 16:44:17,0015-06-17 21:44:17,16,21,4.23,Wed,ios,918657,445920,125372,1,3,0,0,1,0,0,0,0
1002667,1.51,0.00,0014-07-13 10:24:46,0014-07-13 11:24:46,10,11,0.89,Wed,ios,210754,474204,481066,1,3,0,0,1,0,0,0,0
1002668,3.37,0.52,0015-07-12 16:53:54,0015-07-12 18:53:54,16,18,1.53,Wed,android,482746,955429,493904,1,3,0,0,1,0,0,0,0
1002669,6.61,0.00,0015-07-15 12:23:08,0015-07-15 16:23:08,12,16,3.36,Tue,ios,876538,191826,481066,1,3,0,0,0,0,0,0,0
1002670,4.69,0.00,0015-07-09 12:53:41,0015-07-09 15:53:41,12,15,2.96,Wed,ios,640166,878706,461655,1,2,0,0,1,0,0,0,0
1002671,6.66,0.00,0015-01-12 17:15:38,0015-01-12 20:15:38,17,20,2.46,Thu,ios,462519,489543,868085,1,3,0,0,0,0,0,0,0
1002672,2.00,0.00,0015-08-23 11:55:01,0015-08-23 13:55:01,11,13,1.25,Thu,ios,445026,575971,948590,1,3,0,0,0,0,0,0,0
1002673,7.36,0.00,0015-08-02 17:17:48,0015-08-02 21:17:48,17,21,3.07,Fri,ios,482304,280221,976902,0,2,0,0,0,0,1,0,0
1002674,4.46,0.00,0015-09-08 19:39:24,0015-09-08 21:39:24,19,21,1.26,Wed,ios,315580,878706,461655,0,3,0,0,1,0,0,0,0
1002675,5.98,0.00,0015-09-02 10:33:55,0015-09-02 14:33:55,10,14,3.54,Fri,ios,755254,787792,648339,0,3,0,0,0,0,1,0,0
1002676,8.41,0.00,0015-03-26 18:06:57,0015-03-26 22:06:57,18,22,3.35,Mon,ios,544956,594591,461655,0,2,1,0,0,0,0,0,0
1002677,1.94,0.00,0015-04-08 13:26:15,0015-04-08 16:26:15,13,16,2.30,Fri,ios,848553,207262,928191,1,1,0,0,0,0,1,0,0
1002678,2.41,2.46,0015-04-16 12:44:10,0015-04-16 15:44:10,12,15,2.95,Mon,ios,894967,474204,481066,1,1,1,0,0,0,0,0,0
1002679,7.38,0.00,0015-07-09 16:36:43,0015-07-09 20:36:43,16,20,3.05,Thu,ios,464563,250527,976902,0,2,0,0,0,0,0,0,0
1002680,5.56,0.36,0015-06-08 13:03:45,0015-06-08 17:03:45,13,17,3.70,Fri,ios,618016,664306,868085,1,3,0,0,0,0,1,0,0
1002681,6.35,0.00,0015-07-18 11:45:59,0015-07-18 15:45:59,11,15,3.88,Mon,android,922444,549414,461655,1,3,1,0,0,0,0,0,0
1002682,6.48,0.00,0015-05-02 21:46:27,0015-05-02 00:46:27,21,00,2.31,Fri,ios,649511,902592,566549,0,2,0,0,0,0,1,0,0
1002683,3.98,0.00,0015-08-26 12:19:09,0015-08-26 15:19:09,12,15,2.68,Tue,ios,876839,514669,566549,0,2,0,0,0,0,0,0,0
1002684,3.71,0.00,0015-06-20 16:30:44,0015-06-20 18:30:44,16,18,1.93,Mon,ios,484014,481613,648339,1,3,1,0,0,0,0,0,0
1002685,2.26,0.00,0015-09-24 18:15:42,0015-09-24 21:15:42,18,21,2.77,Mon,ios,829659,955429,493904,1,2,1,0,0,0,0,0,0
1002686,4.31,0.00,0015-08-16 16:29:07,0015-08-16 19:29:07,16,19,2.98,Thu,ios,335299,474204,481066,0,3,0,0,0,0,0,0,0
1002687,3.33,0.00,0015-09-26 12:03:02,0015-09-26 15:03:02,12,15,2.26,Wed,ios,254832,891421,144857,1,3,0,0,1,0,0,0,0
1002688,3.65,0.00,0015-07-19 18:45:47,0015-07-19 22:45:47,18,22,3.36,Sun,ios,935460,207262,928191,0,3,0,0,0,0,0,0,1
1002689,4.46,0.00,0015-08-01 16:44:18,0015-08-01 18:44:18,16,18,2.00,Tue,ios,276108,371335,461655,0,3,0,0,0,0,0,0,0
1002690,23.68,0.00,0015-04-03 11:25:40,0015-04-03 03:25:40,11,03,39.06,Fri,ios,605929,988981,648339,1,3,0,0,0,0,1,0,0
1002691,1.07,0.00,0015-09-17 13:10:41,0015-09-17 14:10:41,13,14,0.73,Fri,ios,934183,871619,125372,0,3,0,0,0,0,1,0,0
1002692,23.68,0.00,0015-09-09 09:01:44,0015-09-09 13:01:44,09,13,3.17,Tue,ios,158115,474204,481066,0,2,0,0,0,0,0,0,0
1002693,6.34,0.00,0015-07-10 19:41:00,0015-07-10 22:41:00,19,22,2.35,Thu,android,531880,914305,648339,0,3,0,0,0,0,0,0,0
1002694,8.60,0.00,0015-06-17 19:47:27,0015-06-17 00:47:27,19,00,4.21,Wed,ios,644519,792421,202527,1,3,0,0,1,0,0,0,0
1002695,10.76,0.00,0015-05-26 12:28:54,0015-05-26 15:28:54,12,15,2.98,Wed,ios,239862,664306,868085,1,1,0,0,1,0,0,0,0
1002696,2.30,0.00,0015-03-22 16:23:31,0015-03-22 17:23:31,16,17,0.15,Wed,ios,616645,369001,493904,0,3,0,0,1,0,0,0,0
1002697,23.68,0.00,0015-04-22 12:37:37,0015-04-22 16:37:37,12,16,3.85,Wed,ios,688582,955429,493904,1,1,0,0,1,0,0,0,0
1002698,4.26,0.00,0015-07-13 09:41:11,0015-07-13 12:41:11,09,12,2.37,Tue,ios,891978,445920,125372,1,2,0,0,0,0,0,0,0
1002699,1.94,0.19,0015-03-17 13:16:37,0015-03-17 16:16:37,13,16,2.37,Mon,android,450466,507660,202527,1,3,1,0,0,0,0,0,0
1002700,8.67,0.00,0015-03-06 12:07:12,0015-03-06 17:07:12,12,17,4.48,Tue,android,833911,987396,978130,0,3,0,0,0,0,0,0,0
1002701,6.60,0.00,0015-06-28 10:43:50,0015-06-28 13:43:50,10,13,2.16,Fri,ios,102528,489543,868085,1,1,0,0,0,0,1,0,0
1002702,6.14,0.00,0015-04-20 13:35:34,0015-04-20 16:35:34,13,16,2.20,Fri,ios,905363,568071,144857,0,3,0,0,0,0,1,0,0
1002703,1.76,0.00,0015-08-27 16:46:56,0015-08-27 18:46:56,16,18,1.45,Wed,android,108688,445920,125372,0,2,0,0,1,0,0,0,0
1002704,5.90,0.18,0015-02-20 17:55:00,0015-02-20 20:55:00,17,20,2.36,Fri,android,847003,369001,493904,0,3,0,0,0,0,1,0,0
1002705,23.68,0.00,0015-03-24 10:57:03,0015-03-24 13:57:03,10,13,2.38,Wed,ios,789219,738900,976902,1,2,0,0,1,0,0,0,0
1002706,3.39,0.00,0015-08-25 19:15:04,0015-08-25 21:15:04,19,21,1.29,Mon,ios,178733,792421,202527,1,1,1,0,0,0,0,0,0
1002707,1.82,0.00,0015-06-14 13:49:16,0015-06-14 15:49:16,13,15,1.61,Mon,ios,299382,207262,928191,1,3,1,0,0,0,0,0,0
1002708,8.94,0.00,0015-07-27 15:35:50,0015-07-27 19:35:50,15,19,3.85,Tue,android,104718,369001,493904,0,3,0,0,0,0,0,0,0
1002709,6.68,0.00,0015-05-24 17:27:23,0015-05-24 20:27:23,17,20,2.59,Tue,ios,471639,474204,481066,1,3,0,0,0,0,0,0,0
1002710,6.66,0.87,0015-07-19 09:39:22,0015-07-19 13:39:22,09,13,3.89,Mon,ios,383818,250527,976902,1,3,1,0,0,0,0,0,0
1002711,11.19,0.00,0015-04-11 18:12:50,0015-04-11 23:12:50,18,23,4.02,Fri,android,862805,988981,648339,0,1,0,0,0,0,1,0,0
1002712,6.11,0.00,0015-07-14 18:06:57,0015-07-14 21:06:57,18,21,2.02,Fri,ios,436168,995505,868085,1,3,0,0,0,0,1,0,0
1002713,23.68,0.00,0015-09-07 17:36:15,0015-09-07 20:36:15,17,20,2.31,Tue,ios,981222,738900,976902,1,1,0,0,0,0,0,0,0
1002714,3.52,0.00,0015-07-17 14:07:37,0015-07-17 16:07:37,14,16,1.78,Thu,ios,726945,955429,493904,1,3,0,0,0,0,0,0,0
1002715,1.57,0.00,0015-07-14 10:34:15,0015-07-14 12:34:15,10,12,1.15,Tue,ios,875453,474204,481066,0,3,0,0,0,0,0,0,0
1002716,16.46,0.00,0015-06-27 20:35:52,0015-06-27 00:35:52,20,00,3.55,Thu,ios,240720,943765,461655,0,1,0,0,0,0,0,0,0
1002717,5.47,0.27,0015-09-01 16:26:08,0015-09-01 19:26:08,16,19,3.00,Tue,ios,576925,445920,125372,1,3,0,0,0,0,0,0,0
1002718,1.83,0.00,0015-05-21 18:18:44,0015-05-21 21:18:44,18,21,2.11,Wed,android,967154,228137,503205,1,2,0,0,1,0,0,0,0
1002719,6.42,0.49,0015-09-21 17:03:56,0015-09-21 20:03:56,17,20,2.61,Mon,ios,847037,738900,976902,0,2,1,0,0,0,0,0,0
1002720,10.49,0.00,0015-09-17 14:16:15,0015-09-17 18:16:15,14,18,3.53,Tue,android,591546,369001,493904,0,4,0,0,0,0,0,0,0
1002721,2.80,0.00,0015-09-24 11:59:18,0015-09-24 13:59:18,11,13,1.60,Thu,ios,477574,474204,481066,0,3,0,0,0,0,0,0,0
1002722,3.17,0.00,0015-07-12 13:28:43,0015-07-12 16:28:43,13,16,2.38,Fri,ios,197763,280221,976902,1,3,0,0,0,0,1,0,0
1002723,6.72,0.00,0015-07-23 09:24:12,0015-07-23 12:24:12,09,12,2.90,Mon,ios,412195,902592,566549,1,1,1,0,0,0,0,0,0
1002724,9.74,0.00,0015-09-11 11:57:44,0015-09-11 15:57:44,11,15,3.18,Thu,android,426184,568071,144857,1,2,0,0,0,0,0,0,0
1002725,6.69,0.00,0015-09-27 19:15:43,0015-09-27 23:15:43,19,23,3.07,Fri,ios,432642,369001,493904,1,1,0,0,0,0,1,0,0
1002726,7.07,0.00,0015-07-19 16:18:26,0015-07-19 20:18:26,16,20,3.54,Tue,ios,697171,369001,493904,1,1,0,0,0,0,0,0,0
1002727,6.25,0.00,0015-08-08 10:55:36,0015-08-08 13:55:36,10,13,2.35,Fri,android,167783,569889,461655,1,3,0,0,0,0,1,0,0
1002728,1.98,0.00,0015-09-11 19:40:03,0015-09-11 21:40:03,19,21,1.19,Fri,ios,306257,728918,928191,1,3,0,0,0,0,1,0,0
1002729,5.69,0.00,0015-07-19 11:39:56,0015-07-19 14:39:56,11,14,2.79,Thu,ios,932881,355208,976902,1,3,0,0,0,0,0,0,0
1002730,5.29,0.00,0015-08-04 17:47:16,0015-08-04 19:47:16,17,19,1.82,Tue,ios,437443,371335,461655,1,3,0,0,0,0,0,0,0
1002731,6.77,0.00,0015-04-25 17:02:36,0015-04-25 21:02:36,17,21,3.39,Thu,ios,636087,587514,648339,1,3,0,0,0,0,0,0,0
1002732,6.80,0.00,0015-08-06 16:17:10,0015-08-06 20:17:10,16,20,3.27,Thu,ios,717731,863084,751082,0,2,0,0,0,0,0,0,0
1002733,23.68,0.00,0015-08-17 11:12:54,0015-08-17 12:12:54,11,12,0.73,Fri,android,167052,638536,868085,1,2,0,0,0,0,1,0,0
1002734,6.92,0.00,0015-09-11 19:14:27,0015-09-11 22:14:27,19,22,2.71,Wed,ios,925246,955429,493904,0,1,0,0,1,0,0,0,0
1002735,0.41,0.00,0015-09-11 17:03:13,0015-09-11 21:03:13,17,21,3.29,Wed,ios,593158,237105,948590,0,3,0,0,1,0,0,0,0
1002736,2.95,0.00,0015-09-01 17:50:26,0015-09-01 19:50:26,17,19,1.17,Tue,android,512128,891421,144857,0,1,0,0,0,0,0,0,0
1002737,12.95,0.00,0015-08-16 16:09:50,0015-08-16 20:09:50,16,20,3.87,Sat,android,341448,191826,481066,1,3,0,0,0,0,0,1,0
1002738,3.51,3.80,0015-08-02 20:13:09,0015-08-02 23:13:09,20,23,2.41,Fri,ios,441756,514669,566549,1,1,0,0,0,0,1,0,0
1002739,9.78,0.00,0015-09-01 12:30:35,0015-09-01 16:30:35,12,16,3.58,Thu,android,411987,951880,144857,0,2,0,0,0,0,0,0,0
1002740,4.01,0.00,0015-06-03 17:11:43,0015-06-03 20:11:43,17,20,2.49,Mon,ios,348025,955429,493904,1,3,1,0,0,0,0,0,0
1002741,4.95,0.00,0015-05-13 12:44:19,0015-05-13 15:44:19,12,15,2.14,Fri,ios,453259,369001,493904,1,2,0,0,0,0,1,0,0
1002742,3.93,0.34,0015-05-07 16:24:09,0015-05-07 20:24:09,16,20,3.43,Sat,android,584778,878706,461655,0,3,0,0,0,0,0,1,0
1002743,2.82,0.00,0015-09-10 09:53:58,0015-09-10 12:53:58,09,12,2.81,Mon,ios,821238,632920,461655,0,2,1,0,0,0,0,0,0
1002744,6.72,0.00,0015-11-12 15:59:10,0015-11-12 18:59:10,15,18,2.76,Thu,ios,511636,944515,976902,1,2,0,0,0,0,0,0,0
1002745,0.60,0.00,0015-03-19 13:45:49,0015-03-19 14:45:49,13,14,0.60,Fri,ios,730531,237105,948590,0,2,0,0,0,0,1,0,0
1002746,7.50,0.00,0015-08-16 17:00:03,0015-08-16 21:00:03,17,21,3.27,Wed,ios,510092,474204,481066,1,1,0,0,1,0,0,0,0
1002747,6.47,0.00,0015-09-08 11:27:48,0015-09-08 14:27:48,11,14,2.94,Wed,ios,737039,369001,493904,0,3,0,0,1,0,0,0,0
1002748,10.16,0.00,0015-05-24 12:37:22,0015-05-24 16:37:22,12,16,3.70,Fri,ios,729181,871619,125372,1,3,0,0,0,0,1,0,0
1002749,10.00,0.63,0015-06-11 16:35:31,0015-06-11 20:35:31,16,20,3.30,Wed,ios,916055,474204,481066,0,3,0,0,1,0,0,0,0
1002750,6.33,0.00,0015-09-05 12:34:54,0015-09-05 15:34:54,12,15,2.65,Tue,ios,727705,955429,493904,0,2,0,0,0,0,0,0,0
1002751,3.59,0.00,0015-09-28 16:47:31,0015-09-28 19:47:31,16,19,2.17,Wed,android,357309,129465,461655,1,1,0,0,1,0,0,0,0
1002752,1.94,0.00,0015-09-24 19:43:03,0015-09-24 22:43:03,19,22,2.89,Tue,android,467651,517464,144857,0,2,0,0,0,0,0,0,0
1002753,0.12,0.00,0015-06-17 08:00:06,0015-06-17 09:00:06,08,09,0.04,Thu,ios,942756,728918,928191,0,2,0,0,0,0,0,0,0
1002754,5.77,0.00,0015-07-26 13:49:46,0015-07-26 16:49:46,13,16,2.95,Wed,ios,446548,738900,976902,1,3,0,0,1,0,0,0,0
1002755,4.05,0.21,0015-06-19 11:26:14,0015-06-19 13:26:14,11,13,1.96,Wed,ios,278539,200695,202527,1,3,0,0,1,0,0,0,0
1002756,8.48,0.00,0014-03-10 11:13:35,0014-03-10 16:13:35,11,16,4.02,Thu,android,729445,944515,976902,1,3,0,0,0,0,0,0,0
1002757,8.91,0.00,0015-08-14 10:01:39,0015-08-14 13:01:39,10,13,2.75,Wed,android,716036,369001,493904,1,3,0,0,1,0,0,0,0
1002758,2.64,0.00,0015-10-25 15:47:59,0015-10-25 18:47:59,15,18,2.33,Wed,ios,343108,250527,976902,1,1,0,0,1,0,0,0,0
1002759,6.23,0.00,0015-08-17 13:28:51,0015-08-17 16:28:51,13,16,2.28,Wed,ios,222126,568071,144857,1,3,0,0,1,0,0,0,0
1002760,3.53,0.00,0015-08-26 11:46:38,0015-08-26 16:46:38,11,16,4.42,Mon,ios,363165,944515,976902,1,3,1,0,0,0,0,0,0
1002761,5.69,0.00,0015-05-08 10:32:17,0015-05-08 13:32:17,10,13,2.85,Fri,ios,185336,569889,461655,0,1,0,0,0,0,1,0,0
1002762,23.68,0.00,0015-09-19 12:55:42,0015-09-19 15:55:42,12,15,2.92,Thu,android,129850,237105,948590,0,2,0,0,0,0,0,0,0
1002763,4.28,0.00,0015-02-15 16:14:24,0015-02-15 19:14:24,16,19,2.34,Wed,ios,417631,369001,493904,0,3,0,0,1,0,0,0,0
1002764,4.94,0.00,0015-04-04 17:08:12,0015-04-04 21:08:12,17,21,3.13,Wed,android,348245,864630,648339,1,3,0,0,1,0,0,0,0
1002765,9.62,0.00,0015-05-16 15:20:59,0015-05-16 20:20:59,15,20,4.14,Mon,ios,294934,818217,700367,0,3,1,0,0,0,0,0,0
1002766,4.82,0.00,0014-07-16 13:48:40,0014-07-16 16:48:40,13,16,2.35,Tue,ios,299591,995505,868085,1,2,0,0,0,0,0,0,0
1002767,10.06,0.00,0015-05-08 13:37:41,0015-05-08 17:37:41,13,17,3.76,Mon,ios,789277,728918,928191,1,4,1,0,0,0,0,0,0
1002768,2.13,0.00,0015-09-26 19:56:48,0015-09-26 20:56:48,19,20,0.86,Fri,ios,729776,369001,493904,1,2,0,0,0,0,1,0,0
1002769,4.00,0.00,0015-09-24 19:01:43,0015-09-24 21:01:43,19,21,1.14,Mon,ios,472970,951880,144857,1,3,1,0,0,0,0,0,0
1002770,1.99,0.00,0015-06-20 08:19:42,0015-06-20 10:19:42,08,10,1.10,Fri,android,677918,219054,814002,0,3,0,0,0,0,1,0,0
1002771,3.75,0.00,0015-09-21 11:20:35,0015-09-21 13:20:35,11,13,1.23,Mon,ios,630601,366832,978130,0,3,1,0,0,0,0,0,0
1002772,0.07,0.00,0015-07-23 17:35:51,0015-07-23 18:35:51,17,18,0.05,Wed,ios,327462,638536,868085,0,3,0,0,1,0,0,0,0
1002773,11.07,0.00,0015-03-01 16:22:05,0015-03-01 20:22:05,16,20,3.71,Mon,ios,660704,955429,493904,1,2,1,0,0,0,0,0,0
1002774,16.55,0.00,0015-05-06 09:30:55,0015-05-06 14:30:55,09,14,4.55,Wed,ios,217062,758780,399399,1,2,0,0,1,0,0,0,0
1002775,0.16,0.00,0015-08-04 11:30:15,0015-08-04 12:30:15,11,12,0.05,Mon,ios,656473,236379,928191,1,3,1,0,0,0,0,0,0
1002776,9.54,0.00,0015-06-28 11:27:49,0015-06-28 16:27:49,11,16,4.43,Fri,ios,452292,955429,493904,0,3,0,0,0,0,1,0,0
1002777,4.20,2.40,0015-07-12 21:36:22,0015-07-12 00:36:22,21,00,2.67,Tue,android,881241,920264,461655,0,3,0,0,0,0,0,0,0
1002778,4.73,0.00,0015-07-01 10:18:02,0015-07-01 12:18:02,10,12,1.83,Thu,ios,167834,405157,976902,1,3,0,0,0,0,0,0,0
1002779,7.76,0.00,0015-06-07 13:21:31,0015-06-07 16:21:31,13,16,2.82,Fri,ios,402126,369001,493904,0,3,0,0,0,0,1,0,0
1002780,3.61,0.00,0015-06-24 17:59:48,0015-06-24 20:59:48,17,20,2.29,Tue,android,813589,874950,814002,0,3,0,0,0,0,0,0,0
1002781,5.87,0.00,0015-08-03 19:14:41,0015-08-03 22:14:41,19,22,2.23,Tue,ios,969541,369001,493904,1,3,0,0,0,0,0,0,0
1002782,1.16,0.00,0015-03-05 15:40:30,0015-03-05 16:40:30,15,16,0.38,Fri,ios,736466,943765,461655,0,3,0,0,0,0,1,0,0
1002783,14.29,1.00,0015-06-28 16:57:41,0015-06-28 20:57:41,16,20,3.80,Thu,ios,407108,955429,493904,1,3,0,0,0,0,0,0,0
1002784,1.68,0.00,0015-06-24 13:06:31,0015-06-24 14:06:31,13,14,0.62,Mon,android,774048,507660,202527,0,3,1,0,0,0,0,0,0
1002785,4.03,0.00,0015-08-27 15:45:26,0015-08-27 18:45:26,15,18,2.55,Wed,ios,322003,803398,144857,1,3,0,0,1,0,0,0,0
1002786,10.25,0.00,0015-08-24 19:35:55,0015-08-24 23:35:55,19,23,3.59,Mon,ios,110743,891421,144857,0,3,1,0,0,0,0,0,0
1002787,0.53,0.00,0015-08-15 15:13:04,0015-08-15 18:13:04,15,18,2.80,Wed,ios,659209,792421,202527,0,1,0,0,1,0,0,0,0
1002788,1.92,0.00,0015-09-10 16:24:38,0015-09-10 18:24:38,16,18,1.38,Tue,android,528714,987396,978130,1,3,0,0,0,0,0,0,0
1002789,2.85,0.00,0015-07-08 17:26:06,0015-07-08 19:26:06,17,19,1.50,Tue,ios,892635,507660,202527,0,3,0,0,0,0,0,0,0
1002790,5.51,0.00,0015-09-10 16:31:17,0015-09-10 19:31:17,16,19,2.45,Thu,ios,588895,405157,976902,0,3,0,0,0,0,0,0,0
1002791,4.13,0.16,0015-04-14 13:02:57,0015-04-14 16:02:57,13,16,2.21,Thu,ios,537667,507660,202527,1,3,0,0,0,0,0,0,0
1002792,7.06,0.00,0015-06-09 11:18:22,0015-06-09 15:18:22,11,15,3.34,Mon,ios,399689,425476,928191,0,2,1,0,0,0,0,0,0
1002793,12.82,0.00,0015-04-04 15:53:14,0015-04-04 20:53:14,15,20,4.41,Wed,android,241596,569886,868085,1,1,0,0,1,0,0,0,0
1002794,6.07,0.00,0015-08-13 11:59:20,0015-08-13 15:59:20,11,15,3.51,Wed,ios,609442,728918,928191,1,2,0,0,1,0,0,0,0
1002795,4.61,0.00,0015-06-09 17:00:50,0015-06-09 19:00:50,17,19,1.77,Thu,android,504107,474204,481066,1,3,0,0,0,0,0,0,0
1002796,2.50,0.00,0015-09-03 10:13:34,0015-09-03 13:13:34,10,13,2.14,Wed,ios,468650,891421,144857,1,2,0,0,1,0,0,0,0
1002797,7.73,0.00,0015-10-16 10:21:00,0015-10-16 13:21:00,10,13,2.46,Tue,android,651122,431796,461655,0,2,0,0,0,0,0,0,0
1002798,1.34,0.00,0015-07-07 10:13:19,0015-07-07 11:13:19,10,11,0.53,Thu,android,921051,280221,976902,1,3,0,0,0,0,0,0,0
1002799,7.11,0.00,0015-05-14 11:08:28,0015-05-14 14:08:28,11,14,2.67,Fri,ios,932037,405157,976902,1,1,0,0,0,0,1,0,0
1002800,4.56,0.00,0015-08-15 12:40:45,0015-08-15 15:40:45,12,15,2.70,Tue,ios,303300,250527,976902,0,2,0,0,0,0,0,0,0
1002801,6.78,0.00,0015-07-28 13:53:46,0015-07-28 17:53:46,13,17,3.55,Wed,ios,820104,237105,948590,1,1,0,0,1,0,0,0,0
1002802,3.61,0.68,0015-07-25 13:11:02,0015-07-25 15:11:02,13,15,1.91,Fri,android,115533,474204,481066,1,3,0,0,0,0,1,0,0
1002803,9.28,0.00,0015-09-07 14:12:06,0015-09-07 18:12:06,14,18,3.26,Wed,ios,517346,369001,493904,1,3,0,0,1,0,0,0,0
1002804,6.03,0.00,0015-01-02 10:55:07,0015-01-02 14:55:07,10,14,3.96,Fri,ios,483112,612116,461655,0,2,0,0,0,0,1,0,0
1002805,3.03,0.00,0015-06-08 16:36:30,0015-06-08 19:36:30,16,19,2.94,Tue,android,942496,369001,493904,1,3,0,0,0,0,0,0,0
1002806,1.89,0.00,0015-09-06 12:15:45,0015-09-06 15:15:45,12,15,2.49,Thu,ios,283070,728918,928191,0,1,0,0,0,0,0,0,0
1002807,15.24,0.00,0015-09-05 15:59:59,0015-09-05 05:59:59,15,05,13.93,Wed,ios,546967,474204,481066,0,1,0,0,1,0,0,0,0
1002808,1.54,0.00,0015-09-14 09:08:04,0015-09-14 10:08:04,09,10,0.92,Tue,ios,620533,891421,144857,0,1,0,0,0,0,0,0,0
1002809,4.98,0.00,0015-04-02 13:36:39,0015-04-02 16:36:39,13,16,2.75,Tue,ios,152027,371335,461655,0,1,0,0,0,0,0,0,0
1002810,2.92,0.00,0015-08-26 14:43:59,0015-08-26 16:43:59,14,16,1.73,Wed,android,819222,729642,517854,0,3,0,0,1,0,0,0,0
1002811,5.22,0.44,0015-06-20 08:00:38,0015-06-20 13:00:38,08,13,4.04,Tue,ios,934762,568071,144857,1,3,0,0,0,0,0,0,0
1002812,5.87,0.00,0015-05-10 11:32:52,0015-05-10 14:32:52,11,14,2.35,Tue,ios,166176,891421,144857,1,2,0,0,0,0,0,0,0
1002813,5.18,0.00,0015-07-05 18:38:50,0015-07-05 22:38:50,18,22,3.81,Fri,ios,368353,955429,493904,1,2,0,0,0,0,1,0,0
1002814,8.52,0.00,0015-08-28 14:57:18,0015-08-28 17:57:18,14,17,2.78,Wed,ios,426407,569886,868085,1,3,0,0,1,0,0,0,0
1002815,23.68,0.00,0015-08-27 17:53:36,0015-08-27 19:53:36,17,19,1.80,Wed,android,648657,728918,928191,1,2,0,0,1,0,0,0,0
1002816,9.47,0.00,0015-06-01 12:17:53,0015-06-01 17:17:53,12,17,4.26,Mon,ios,883996,369001,493904,1,2,1,0,0,0,0,0,0
1002817,2.88,0.00,0015-08-26 10:09:06,0015-08-26 14:09:06,10,14,3.19,Tue,ios,396487,801274,976902,1,3,0,0,0,0,0,0,0
1002818,1.35,0.00,0015-09-14 12:16:01,0015-09-14 14:16:01,12,14,1.42,Wed,android,318943,405157,976902,1,3,0,0,1,0,0,0,0
1002819,2.70,0.00,0015-09-13 11:03:43,0015-09-13 15:03:43,11,15,3.00,Tue,android,337728,445920,125372,1,3,0,0,0,0,0,0,0
1002820,0.92,0.00,0015-06-07 19:06:00,0015-06-07 20:06:00,19,20,0.95,Wed,ios,874343,801274,976902,1,3,0,0,1,0,0,0,0
1002821,8.17,0.00,0015-04-01 15:35:04,0015-04-01 19:35:04,15,19,3.09,Wed,ios,562396,758780,399399,0,3,0,0,1,0,0,0,0
1002822,3.40,0.00,0015-06-12 22:38:23,0015-06-12 00:38:23,22,00,1.19,Wed,android,129497,474204,481066,1,2,0,0,1,0,0,0,0
1002823,4.45,0.00,0015-09-16 17:06:03,0015-09-16 20:06:03,17,20,2.53,Tue,android,484127,801274,976902,0,1,0,0,0,0,0,0,0
1002824,4.03,0.00,0015-06-12 15:30:05,0015-06-12 18:30:05,15,18,2.80,Fri,ios,988185,129465,461655,0,1,0,0,0,0,1,0,0
1002825,8.93,0.00,0015-08-04 12:20:33,0015-08-04 15:20:33,12,15,2.71,Thu,ios,848895,260408,481066,1,2,0,0,0,0,0,0,0
1002826,12.11,0.00,0015-08-04 13:20:55,0015-08-04 01:20:55,13,01,11.80,Mon,ios,945116,474204,481066,1,3,1,0,0,0,0,0,0
1002827,8.87,0.88,0015-09-03 12:58:43,0015-09-03 17:58:43,12,17,4.45,Sun,ios,100572,514669,566549,0,3,0,0,0,0,0,0,1
1002828,7.94,0.00,0015-06-02 12:34:22,0015-06-02 15:34:22,12,15,2.74,Fri,android,195170,474204,481066,0,1,0,0,0,0,1,0,0
1002829,0.65,0.00,0015-09-07 12:41:56,0015-09-07 13:41:56,12,13,0.60,Fri,android,647720,228137,503205,0,3,0,0,0,0,1,0,0
1002830,20.07,0.00,0015-07-11 11:30:37,0015-07-11 14:30:37,11,14,2.49,Thu,android,912220,369001,493904,0,3,0,0,0,0,0,0,0
1002831,10.41,0.00,0015-09-13 10:46:03,0015-09-13 14:46:03,10,14,3.42,Mon,ios,541603,572249,144857,0,3,1,0,0,0,0,0,0
1002832,6.13,0.50,0015-09-23 19:53:04,0015-09-23 23:53:04,19,23,3.84,Wed,android,388096,371335,461655,0,3,0,0,1,0,0,0,0
1002833,6.15,0.00,0015-04-14 09:57:56,0015-04-14 12:57:56,09,12,2.26,Fri,ios,335212,489543,868085,1,3,0,0,0,0,1,0,0
1002834,7.06,0.00,0015-08-11 16:39:09,0015-08-11 19:39:09,16,19,2.09,Mon,android,400547,369001,493904,1,2,1,0,0,0,0,0,0
1002835,5.28,0.00,0015-09-25 19:55:17,0015-09-25 23:55:17,19,23,3.04,Wed,ios,200797,932939,868085,0,3,0,0,1,0,0,0,0
1002836,4.40,0.00,0015-10-08 10:41:43,0015-10-08 13:41:43,10,13,2.25,Wed,android,620477,474204,481066,1,2,0,0,1,0,0,0,0
1002837,6.39,0.00,0015-03-27 12:43:47,0015-03-27 15:43:47,12,15,2.34,Mon,ios,114355,507660,202527,1,3,1,0,0,0,0,0,0
1002838,6.02,0.00,0015-06-10 11:31:19,0015-06-10 15:31:19,11,15,3.85,Thu,android,998159,729642,517854,0,1,0,0,0,0,0,0,0
1002839,7.19,0.00,0015-09-14 10:32:49,0015-09-14 13:32:49,10,13,2.44,Wed,android,607182,874950,814002,0,1,0,0,1,0,0,0,0
1002840,4.77,0.00,0014-06-16 14:01:05,0014-06-16 19:01:05,14,19,4.20,Wed,ios,775559,653450,503205,1,3,0,0,1,0,0,0,0
1002841,6.43,0.00,0015-05-22 16:22:02,0015-05-22 20:22:02,16,20,3.10,Thu,ios,260766,280221,976902,1,3,0,0,0,0,0,0,0
1002842,1.60,0.07,0015-07-20 18:40:57,0015-07-20 20:40:57,18,20,1.78,Fri,ios,823515,632920,461655,0,3,0,0,0,0,1,0,0
1002843,9.99,0.00,0015-08-24 12:31:32,0015-08-24 16:31:32,12,16,3.24,Mon,ios,156544,616125,700367,1,2,1,0,0,0,0,0,0
1002844,7.89,0.00,0015-04-27 19:07:29,0015-04-27 00:07:29,19,00,4.46,Mon,ios,319852,995505,868085,1,1,1,0,0,0,0,0,0
1002845,5.14,0.00,0015-06-01 10:52:44,0015-06-01 14:52:44,10,14,3.42,Tue,ios,283357,730023,878393,0,3,0,0,0,0,0,0,0
1002846,6.84,0.00,0015-09-26 11:11:31,0015-09-26 15:11:31,11,15,3.25,Thu,android,366737,902592,566549,1,2,0,0,0,0,0,0,0
1002847,1.33,0.10,0015-08-20 10:16:11,0015-08-20 11:16:11,10,11,0.57,Thu,ios,843345,569886,868085,0,3,0,0,0,0,0,0,0
1002848,23.68,0.00,0015-03-19 12:08:42,0015-03-19 02:08:42,12,02,13.98,Tue,ios,903298,738900,976902,1,1,0,0,0,0,0,0,0
1002849,5.90,0.00,0015-09-20 13:51:45,0015-09-20 17:51:45,13,17,3.12,Wed,android,575876,955429,493904,1,2,0,0,1,0,0,0,0
1002850,2.55,0.00,0015-08-03 16:08:37,0015-08-03 18:08:37,16,18,1.63,Fri,ios,317555,738900,976902,1,3,0,0,0,0,1,0,0
1002851,23.68,0.00,0015-06-02 17:11:55,0015-06-02 20:11:55,17,20,2.16,Tue,ios,867243,995505,868085,0,3,0,0,0,0,0,0,0
1002852,1.13,0.00,0015-04-28 11:10:58,0015-04-28 12:10:58,11,12,0.55,Tue,ios,597561,792421,202527,1,1,0,0,0,0,0,0,0
1002853,0.35,0.00,0015-09-27 11:53:06,0015-09-27 14:53:06,11,14,2.12,Thu,ios,315064,863084,751082,1,1,0,0,0,0,0,0,0
1002854,3.93,0.00,0015-05-24 12:35:11,0015-05-24 14:35:11,12,14,1.58,Tue,ios,170890,920264,461655,1,3,0,0,0,0,0,0,0
1002855,8.31,0.00,0015-03-09 14:45:38,0015-03-09 17:45:38,14,17,2.94,Thu,ios,781598,955429,493904,1,2,0,0,0,0,0,0,0
1002856,7.60,0.00,0015-05-07 11:28:03,0015-05-07 15:28:03,11,15,3.31,Thu,android,560976,664306,868085,0,3,0,0,0,0,0,0,0
1002857,9.80,0.00,0015-02-12 11:20:41,0015-02-12 16:20:41,11,16,4.54,Mon,ios,230357,414088,566549,0,3,1,0,0,0,0,0,0
1002858,3.16,0.00,0015-08-08 16:33:20,0015-08-08 17:33:20,16,17,0.89,Tue,ios,680212,902592,566549,0,2,0,0,0,0,0,0,0
1002859,3.90,0.00,0015-07-03 11:23:27,0015-07-03 15:23:27,11,15,3.62,Mon,ios,567925,228137,503205,0,2,1,0,0,0,0,0,0
1002860,6.39,0.00,0015-07-22 09:44:25,0015-07-22 12:44:25,09,12,2.01,Wed,ios,830817,134427,620906,1,2,0,0,1,0,0,0,0
1002861,7.46,0.00,0015-09-01 16:38:15,0015-09-01 19:38:15,16,19,2.78,Tue,android,753020,369001,493904,1,3,0,0,0,0,0,0,0
1002862,7.44,0.00,0015-09-21 15:13:01,0015-09-21 18:13:01,15,18,2.58,Fri,ios,489093,730023,878393,1,3,0,0,0,0,1,0,0
1002863,3.88,0.00,0015-04-09 11:28:44,0015-04-09 14:28:44,11,14,2.28,Tue,ios,927683,228137,503205,0,3,0,0,0,0,0,0,0
1002864,7.32,0.00,0015-07-22 10:38:01,0015-07-22 13:38:01,10,13,2.37,Tue,ios,235670,219054,814002,1,2,0,0,0,0,0,0,0
1002865,7.43,0.00,0015-05-20 16:22:30,0015-05-20 19:22:30,16,19,2.95,Fri,ios,436405,944515,976902,1,1,0,0,0,0,1,0,0
1002866,14.31,0.00,0015-04-28 17:26:34,0015-04-28 21:26:34,17,21,3.92,Sat,android,568397,219054,814002,0,1,0,0,0,0,0,1,0
1002867,23.56,0.00,0015-08-15 17:16:18,0015-08-15 21:16:18,17,21,51.24,Thu,android,189045,711566,928191,0,3,0,0,0,0,0,0,0
1002868,4.10,0.00,0015-09-26 12:17:00,0015-09-26 15:17:00,12,15,3.00,Mon,ios,872089,569886,868085,0,3,1,0,0,0,0,0,0
1002869,3.35,0.00,0015-09-09 11:55:40,0015-09-09 13:55:40,11,13,1.10,Wed,ios,120032,369001,493904,1,2,0,0,1,0,0,0,0
1002870,0.07,0.00,0015-09-10 12:33:16,0015-09-10 13:33:16,12,13,0.10,Mon,android,367250,369001,493904,0,2,1,0,0,0,0,0,0
1002871,3.58,0.00,0015-07-24 11:34:51,0015-07-24 14:34:51,11,14,2.65,Wed,android,248865,730023,878393,0,2,0,0,1,0,0,0,0
1002872,8.00,0.00,0015-04-07 09:33:02,0015-04-07 13:33:02,09,13,3.38,Wed,android,211953,569886,868085,0,3,0,0,1,0,0,0,0
1002873,7.09,0.00,0015-05-22 09:07:23,0015-05-22 13:07:23,09,13,3.00,Wed,android,978896,911231,202527,0,3,0,0,1,0,0,0,0
1002874,7.68,0.00,0015-07-09 12:30:51,0015-07-09 15:30:51,12,15,2.77,Tue,ios,954279,955429,493904,1,2,0,0,0,0,0,0,0
1002875,5.81,0.00,0015-09-23 17:15:07,0015-09-23 21:15:07,17,21,3.05,Tue,ios,634664,349635,503205,1,3,0,0,0,0,0,0,0
1002876,5.69,0.00,0015-07-21 12:32:38,0015-07-21 17:32:38,12,17,4.09,Wed,android,633188,568071,144857,0,3,0,0,1,0,0,0,0
1002877,5.98,0.00,0015-04-15 11:40:08,0015-04-15 14:40:08,11,14,2.19,Tue,ios,844741,191826,481066,1,2,0,0,0,0,0,0,0
1002878,7.22,0.00,0015-09-23 15:54:17,0015-09-23 20:54:17,15,20,4.23,Thu,ios,105207,989457,620906,1,3,0,0,0,0,0,0,0
1002879,23.68,0.00,0015-06-13 14:15:56,0015-06-13 16:15:56,14,16,25.35,Wed,android,618344,517464,144857,1,2,0,0,1,0,0,0,0
1002880,7.88,0.00,0015-07-21 12:43:51,0015-07-21 15:43:51,12,15,2.75,Thu,ios,437252,955429,493904,1,3,0,0,0,0,0,0,0
1002881,3.30,0.00,0015-06-15 17:07:27,0015-06-15 19:07:27,17,19,1.49,Mon,ios,827921,920264,461655,0,3,1,0,0,0,0,0,0
1002882,5.11,0.00,0015-08-07 10:57:23,0015-08-07 12:57:23,10,12,1.73,Thu,ios,570102,932939,868085,1,3,0,0,0,0,0,0,0
1002883,6.82,0.00,0015-09-12 14:26:48,0015-09-12 18:26:48,14,18,3.92,Thu,ios,924426,891421,144857,1,3,0,0,0,0,0,0,0
1002884,3.79,0.00,0015-08-16 20:02:42,0015-08-16 23:02:42,20,23,2.29,Mon,ios,384889,280415,399399,1,1,1,0,0,0,0,0,0
1002885,0.29,0.00,0015-09-05 18:23:47,0015-09-05 19:23:47,18,19,0.30,Mon,android,971077,405157,976902,0,3,1,0,0,0,0,0,0
1002886,23.68,0.00,0015-09-05 17:23:24,0015-09-05 18:23:24,17,18,48.52,Thu,ios,474275,191826,481066,1,4,0,0,0,0,0,0,0
1002887,5.85,0.00,0015-08-25 19:43:26,0015-08-25 21:43:26,19,21,2.00,Wed,ios,450187,369001,493904,1,1,0,0,1,0,0,0,0
1002888,8.97,0.00,0015-06-15 08:10:30,0015-06-15 13:10:30,08,13,4.38,Fri,ios,699559,995505,868085,1,3,0,0,0,0,1,0,0
1002889,5.84,0.00,0015-08-19 16:17:53,0015-08-19 21:17:53,16,21,4.48,Fri,ios,529652,758780,399399,0,3,0,0,0,0,1,0,0
1002890,6.45,0.00,0015-07-15 11:27:43,0015-07-15 15:27:43,11,15,3.98,Mon,ios,399337,237105,948590,1,2,1,0,0,0,0,0,0
1002891,5.01,0.00,0015-03-26 17:06:27,0015-03-26 20:06:27,17,20,2.43,Wed,ios,614822,280221,976902,1,3,0,0,1,0,0,0,0
1002892,0.90,0.00,0015-08-07 10:43:27,0015-08-07 14:43:27,10,14,3.05,Sun,ios,460991,955429,493904,1,2,0,0,0,0,0,0,1
1002893,4.22,0.00,0015-03-02 13:30:39,0015-03-02 16:30:39,13,16,2.84,Wed,android,890851,280221,976902,0,3,0,0,1,0,0,0,0
1002894,6.06,0.00,0015-08-25 11:30:19,0015-08-25 14:30:19,11,14,2.07,Wed,ios,753805,955429,493904,1,2,0,0,1,0,0,0,0
1002895,3.60,0.00,0015-04-12 15:58:39,0015-04-12 19:58:39,15,19,3.14,Fri,ios,141341,250527,976902,1,1,0,0,0,0,1,0,0
1002896,9.87,0.00,0015-07-04 21:16:27,0015-07-04 02:16:27,21,02,4.23,Sat,android,966542,474204,481066,1,2,0,0,0,0,0,1,0
1002897,6.07,0.00,0015-09-13 12:27:43,0015-09-13 15:27:43,12,15,2.63,Mon,ios,684711,943765,461655,0,1,1,0,0,0,0,0,0
1002898,4.94,0.00,0015-06-10 17:56:10,0015-06-10 20:56:10,17,20,2.90,Thu,ios,760516,228137,503205,0,2,0,0,0,0,0,0,0
1002899,9.48,0.00,0015-05-28 16:28:30,0015-05-28 20:28:30,16,20,3.68,Tue,ios,266077,955429,493904,1,3,0,0,0,0,0,0,0
1002900,6.55,0.00,0015-06-20 12:38:09,0015-06-20 15:38:09,12,15,2.21,Mon,ios,588482,562656,481066,1,3,1,0,0,0,0,0,0
1002901,8.70,0.00,0015-08-08 13:46:32,0015-08-08 17:46:32,13,17,3.99,Mon,ios,652146,369001,493904,0,3,1,0,0,0,0,0,0
1002902,2.20,0.00,0015-07-18 13:24:58,0015-07-18 17:24:58,13,17,3.15,Fri,ios,725798,944575,928191,1,2,0,0,0,0,1,0,0
1002903,3.53,0.00,0015-09-10 17:06:47,0015-09-10 20:06:47,17,20,2.33,Thu,android,181257,369001,493904,0,3,0,0,0,0,0,0,0
1002904,5.48,0.00,0015-09-25 10:51:17,0015-09-25 13:51:17,10,13,2.12,Tue,ios,654810,955429,493904,0,3,0,0,0,0,0,0,0
1002905,7.75,0.00,0015-07-03 12:37:13,0015-07-03 15:37:13,12,15,2.46,Wed,android,416819,474204,481066,1,3,0,0,1,0,0,0,0
1002906,1.96,0.00,0015-05-16 17:03:44,0015-05-16 18:03:44,17,18,0.75,Fri,ios,196757,366832,978130,0,4,0,0,0,0,1,0,0
1002907,11.94,0.00,0015-07-08 13:00:11,0015-07-08 18:00:11,13,18,4.54,Fri,ios,323424,693651,503205,1,3,0,0,0,0,1,0,0
1002908,12.26,0.00,0015-09-28 10:00:06,0015-09-28 14:00:06,10,14,3.28,Thu,ios,678398,369001,493904,0,2,0,0,0,0,0,0,0
1002909,3.85,0.00,0015-09-09 16:00:00,0015-09-09 19:00:00,16,19,2.58,Tue,android,522429,951880,144857,1,3,0,0,0,0,0,0,0
1002910,10.20,0.00,0015-06-08 19:21:34,0015-06-08 23:21:34,19,23,3.46,Mon,android,132441,236379,928191,0,2,1,0,0,0,0,0,0
1002911,1.14,0.17,0015-06-24 18:15:59,0015-06-24 20:15:59,18,20,1.02,Tue,ios,526187,349635,503205,1,2,0,0,0,0,0,0,0
1002912,23.68,0.00,0015-07-23 11:55:17,0015-07-23 15:55:17,11,15,3.70,Mon,ios,443235,219054,814002,1,3,1,0,0,0,0,0,0
1002913,3.05,0.00,0015-09-12 12:00:53,0015-09-12 15:00:53,12,15,2.20,Fri,android,376249,369001,493904,0,2,0,0,0,0,1,0,0
1002914,2.36,0.00,0015-07-16 16:21:54,0015-07-16 19:21:54,16,19,2.15,Thu,ios,414687,569886,868085,1,2,0,0,0,0,0,0,0
1002915,7.93,0.00,0015-04-01 19:04:36,0015-04-01 22:04:36,19,22,2.81,Mon,ios,615799,369001,493904,0,3,1,0,0,0,0,0,0
1002916,13.07,0.00,0015-09-24 11:18:05,0015-09-24 16:18:05,11,16,4.09,Wed,android,251991,404112,399399,0,3,0,0,1,0,0,0,0
1002917,2.80,0.00,0015-08-12 09:54:02,0015-08-12 10:54:02,09,10,0.96,Fri,ios,285366,568071,144857,1,1,0,0,0,0,1,0,0
1002918,5.84,0.00,0015-08-05 09:16:04,0015-08-05 12:16:04,09,12,2.57,Wed,android,566915,863084,751082,0,1,0,0,1,0,0,0,0
1002919,4.24,0.00,0015-04-18 09:04:57,0015-04-18 12:04:57,09,12,2.17,Thu,android,782158,200695,202527,0,2,0,0,0,0,0,0,0
1002920,6.41,0.00,0015-08-04 12:55:29,0015-08-04 16:55:29,12,16,3.66,Wed,ios,579361,369001,493904,1,2,0,0,1,0,0,0,0
1002921,4.11,0.00,0015-08-15 08:58:30,0015-08-15 11:58:30,08,11,2.96,Mon,ios,755498,366832,978130,1,3,1,0,0,0,0,0,0
1002922,9.93,0.00,0015-09-23 13:05:38,0015-09-23 17:05:38,13,17,3.48,Fri,ios,371523,250527,976902,1,1,0,0,0,0,1,0,0
1002923,5.10,0.00,0015-08-15 12:11:47,0015-08-15 15:11:47,12,15,2.45,Mon,ios,394008,236379,928191,0,1,1,0,0,0,0,0,0
1002924,8.87,0.00,0015-07-25 11:02:22,0015-07-25 15:02:22,11,15,3.08,Tue,ios,719600,355208,976902,0,2,0,0,0,0,0,0,0
1002925,10.19,0.00,0015-09-25 11:10:21,0015-09-25 15:10:21,11,15,3.57,Fri,android,686523,369001,493904,1,3,0,0,0,0,1,0,0
1002926,8.62,0.00,0015-07-28 17:25:55,0015-07-28 21:25:55,17,21,3.24,Tue,ios,489715,228137,503205,0,3,0,0,0,0,0,0,0
1002927,2.23,0.00,0015-09-13 12:28:57,0015-09-13 15:28:57,12,15,2.49,Thu,android,464086,653450,503205,1,1,0,0,0,0,0,0,0
1002928,23.68,0.00,0015-09-02 17:08:49,0015-09-02 20:08:49,17,20,2.44,Wed,ios,748889,943765,461655,1,2,0,0,1,0,0,0,0
1002929,5.22,0.00,0015-06-01 14:24:39,0015-06-01 17:24:39,14,17,2.18,Wed,ios,780991,758780,399399,0,2,0,0,1,0,0,0,0
1002930,11.10,1.77,0015-04-21 18:56:18,0015-04-21 23:56:18,18,23,4.04,Fri,ios,401147,944515,976902,0,3,0,0,0,0,1,0,0
1002931,5.90,0.00,0015-05-19 17:14:01,0015-05-19 21:14:01,17,21,3.57,Mon,ios,534203,944515,976902,1,2,1,0,0,0,0,0,0
1002932,8.94,0.00,0015-08-02 13:24:17,0015-08-02 16:24:17,13,16,3.00,Fri,ios,590186,425476,928191,0,3,0,0,0,0,1,0,0
1002933,0.44,0.00,0015-08-27 17:15:03,0015-08-27 20:15:03,17,20,2.16,Sat,ios,546119,369001,493904,1,1,0,0,0,0,0,1,0
1002934,11.46,0.00,0015-05-11 17:58:40,0015-05-11 21:58:40,17,21,3.70,Tue,ios,614790,943765,461655,1,3,0,0,0,0,0,0,0
1002935,4.30,0.00,0015-09-10 00:11:31,0015-09-10 03:11:31,00,03,2.30,Fri,ios,461207,569889,461655,1,3,0,0,0,0,1,0,0
1002936,1.80,0.00,0015-06-03 14:20:53,0015-06-03 17:20:53,14,17,2.46,Tue,android,558976,638536,868085,1,3,0,0,0,0,0,0,0
1002937,23.68,0.00,0015-09-12 08:07:13,0015-09-12 23:07:13,08,23,38.42,Fri,ios,125703,738900,976902,1,3,0,0,0,0,1,0,0
1002938,7.45,1.48,0015-06-27 19:00:31,0015-06-27 22:00:31,19,22,2.15,Tue,ios,978558,207262,928191,1,2,0,0,0,0,0,0,0
1002939,9.23,0.00,0015-05-26 15:49:24,0015-05-26 18:49:24,15,18,2.99,Mon,ios,312928,489543,868085,1,1,1,0,0,0,0,0,0
1002940,3.59,0.00,0015-08-02 11:24:03,0015-08-02 14:24:03,11,14,2.46,Mon,ios,988831,474204,481066,1,1,1,0,0,0,0,0,0
1002941,23.68,0.00,0015-08-21 10:20:34,0015-08-21 06:20:34,10,06,43.56,Fri,ios,551599,653450,503205,1,1,0,0,0,0,1,0,0
1002942,23.68,0.00,0015-06-10 10:57:47,0015-06-10 10:57:47,10,10,23.57,Mon,ios,897577,987396,978130,1,3,1,0,0,0,0,0,0
1002943,5.16,0.60,0015-07-10 10:24:44,0015-07-10 13:24:44,10,13,2.07,Tue,ios,918996,653450,503205,1,1,0,0,0,0,0,0,0
1002944,5.77,0.00,0015-09-05 08:51:52,0015-09-05 10:51:52,08,10,2.00,Sat,ios,697685,445920,125372,1,3,0,0,0,0,0,1,0
1002945,0.71,0.00,0015-06-05 16:31:01,0015-06-05 19:31:01,16,19,2.15,Thu,ios,497970,414088,566549,1,3,0,0,0,0,0,0,0
1002946,5.60,0.00,0015-03-02 10:47:10,0015-03-02 13:47:10,10,13,2.71,Wed,ios,130349,728918,928191,1,3,0,0,1,0,0,0,0
1002947,6.03,0.00,0015-07-25 17:33:09,0015-07-25 19:33:09,17,19,1.97,Mon,ios,709001,369001,493904,1,2,1,0,0,0,0,0,0
1002948,5.29,0.00,0015-07-04 13:33:44,0015-07-04 18:33:44,13,18,4.31,Wed,ios,969766,355208,976902,0,2,0,0,1,0,0,0,0
1002949,9.92,0.00,0015-07-06 20:32:41,0015-07-06 00:32:41,20,00,3.25,Mon,ios,518326,369001,493904,0,3,1,0,0,0,0,0,0
1002950,6.99,0.00,0015-09-16 18:37:03,0015-09-16 21:37:03,18,21,2.31,Fri,ios,124366,878706,461655,1,3,0,0,0,0,1,0,0
1002951,8.85,0.85,0015-08-10 11:06:42,0015-08-10 15:06:42,11,15,3.13,Thu,android,322432,369001,493904,1,3,0,0,0,0,0,0,0
1002952,23.68,0.00,0015-08-24 12:16:16,0015-08-24 17:16:16,12,17,4.16,Thu,android,659922,758780,399399,1,1,0,0,0,0,0,0,0
1002953,4.26,0.00,0015-09-23 12:29:58,0015-09-23 16:29:58,12,16,3.51,Wed,android,821150,369001,493904,1,1,0,0,1,0,0,0,0
1002954,7.44,0.00,0015-09-21 09:38:56,0015-09-21 13:38:56,09,13,3.04,Thu,ios,109032,280221,976902,0,2,0,0,0,0,0,0,0
1002955,7.65,0.00,0015-07-11 16:45:59,0015-07-11 20:45:59,16,20,3.86,Wed,ios,124247,863084,751082,1,3,0,0,1,0,0,0,0
1002956,6.34,0.00,0015-06-21 13:06:15,0015-06-21 17:06:15,13,17,3.19,Mon,android,981570,955429,493904,1,1,1,0,0,0,0,0,0
1002957,6.22,0.00,0015-10-09 15:46:16,0015-10-09 18:46:16,15,18,2.11,Wed,ios,140915,366832,978130,1,2,0,0,1,0,0,0,0
1002958,8.54,0.00,0015-07-10 09:52:00,0015-07-10 14:52:00,09,14,4.30,Mon,ios,220512,878706,461655,1,3,1,0,0,0,0,0,0
1002959,4.94,0.00,0015-07-20 10:44:31,0015-07-20 13:44:31,10,13,2.84,Fri,ios,995522,944515,976902,1,3,0,0,0,0,1,0,0
1002960,23.68,0.00,0015-08-20 13:11:36,0015-08-20 17:11:36,13,17,3.12,Wed,ios,145792,728918,928191,1,2,0,0,1,0,0,0,0
1002961,12.09,0.00,0015-06-17 10:10:28,0015-06-17 14:10:28,10,14,3.45,Tue,ios,746078,280221,976902,1,1,0,0,0,0,0,0,0
1002962,5.16,0.00,0015-07-05 13:09:22,0015-07-05 17:09:22,13,17,3.24,Wed,ios,551652,955429,493904,0,3,0,0,1,0,0,0,0
1002963,6.20,0.00,0015-06-18 11:03:35,0015-06-18 16:03:35,11,16,4.22,Tue,android,268748,944515,976902,1,2,0,0,0,0,0,0,0
1002964,3.20,0.00,0014-08-02 12:46:04,0014-08-02 14:46:04,12,14,1.63,Fri,ios,938207,738900,976902,1,3,0,0,0,0,1,0,0
1002965,2.57,0.00,0015-09-01 17:03:38,0015-09-01 19:03:38,17,19,1.36,Wed,ios,426088,944515,976902,0,3,0,0,1,0,0,0,0
1002966,4.10,0.00,0015-03-09 13:54:25,0015-03-09 15:54:25,13,15,1.52,Wed,android,943468,445920,125372,0,2,0,0,1,0,0,0,0
1002967,10.84,0.00,0015-06-22 10:43:35,0015-06-22 14:43:35,10,14,3.01,Mon,ios,307927,955429,493904,1,3,1,0,0,0,0,0,0
1002968,1.49,0.00,0015-07-19 18:56:06,0015-07-19 19:56:06,18,19,0.74,Fri,ios,223674,371335,461655,0,1,0,0,0,0,1,0,0
1002969,3.52,7.50,0015-08-12 16:02:01,0015-08-12 19:02:01,16,19,2.56,Tue,ios,703254,878706,461655,0,3,0,0,0,0,0,0,0
1002970,1.61,0.00,0015-07-22 12:58:22,0015-07-22 13:58:22,12,13,0.92,Thu,ios,183395,902592,566549,1,1,0,0,0,0,0,0,0
1002971,12.14,0.00,0015-05-12 15:12:45,0015-05-12 19:12:45,15,19,3.85,Fri,ios,688188,207262,928191,1,2,0,0,0,0,1,0,0
1002972,5.30,0.00,0015-09-03 11:43:22,0015-09-03 16:43:22,11,16,4.00,Wed,ios,899749,569889,461655,1,1,0,0,1,0,0,0,0
1002973,7.95,1.15,0015-04-08 11:01:58,0015-04-08 15:01:58,11,15,3.27,Mon,ios,912161,562656,481066,1,3,1,0,0,0,0,0,0
1002974,10.97,1.99,0015-08-12 16:43:29,0015-08-12 19:43:29,16,19,2.88,Wed,ios,998386,863084,751082,0,3,0,0,1,0,0,0,0
1002975,4.02,0.00,0015-04-24 17:17:58,0015-04-24 21:17:58,17,21,3.16,Mon,ios,410188,489543,868085,1,2,1,0,0,0,0,0,0
1002976,1.21,0.00,0015-07-28 17:04:01,0015-07-28 18:04:01,17,18,0.53,Mon,android,707062,955429,493904,1,3,1,0,0,0,0,0,0
1002977,23.68,0.00,0015-08-05 10:27:22,0015-08-05 13:27:22,10,13,2.83,Tue,ios,288674,260781,202527,1,1,0,0,0,0,0,0,0
1002978,7.28,0.00,0015-01-19 13:36:05,0015-01-19 16:36:05,13,16,2.44,Thu,android,497310,878706,461655,1,1,0,0,0,0,0,0,0
1002979,7.05,0.00,0015-04-09 11:17:03,0015-04-09 15:17:03,11,15,3.45,Tue,ios,174570,728918,928191,0,2,0,0,0,0,0,0,0
1002980,12.24,0.00,0015-06-15 11:34:47,0015-06-15 15:34:47,11,15,3.66,Wed,ios,824534,517464,144857,0,3,0,0,1,0,0,0,0
1002981,2.95,0.31,0015-07-03 10:11:25,0015-07-03 13:11:25,10,13,2.31,Tue,android,680518,878706,461655,1,3,0,0,0,0,0,0,0
1002982,0.16,0.00,0015-07-02 09:23:54,0015-07-02 10:23:54,09,10,0.46,Wed,ios,236467,369001,493904,1,3,0,0,1,0,0,0,0
1002983,5.87,0.00,0015-07-22 11:55:48,0015-07-22 15:55:48,11,15,3.99,Wed,ios,735823,369001,493904,1,2,0,0,1,0,0,0,0
1002984,6.40,0.65,0015-07-26 15:47:54,0015-07-26 19:47:54,15,19,3.22,Wed,ios,300080,955429,493904,0,1,0,0,1,0,0,0,0
1002985,3.77,0.00,0015-09-04 14:51:33,0015-09-04 17:51:33,14,17,2.28,Thu,ios,631566,801274,976902,0,2,0,0,0,0,0,0,0
1002986,0.86,0.00,0015-08-13 13:51:09,0015-08-13 17:51:09,13,17,3.53,Fri,ios,705331,474204,481066,1,2,0,0,0,0,1,0,0
1002987,4.31,0.00,0015-06-24 14:31:06,0015-06-24 17:31:06,14,17,2.44,Fri,ios,702021,369001,493904,0,2,0,0,0,0,1,0,0
1002988,1.97,0.00,0015-09-16 11:21:57,0015-09-16 14:21:57,11,14,2.50,Wed,ios,761072,582873,461655,1,3,0,0,1,0,0,0,0
1002989,5.50,0.00,0015-02-16 09:33:27,0015-02-16 12:33:27,09,12,2.30,Tue,ios,892029,643012,517854,0,2,0,0,0,0,0,0,0
1002990,2.88,0.00,0015-09-11 16:14:32,0015-09-11 21:14:32,16,21,4.06,Fri,ios,446979,369001,493904,0,2,0,0,0,0,1,0,0
1002991,6.26,0.00,0015-09-06 15:46:35,0015-09-06 18:46:35,15,18,2.72,Mon,android,400925,944575,928191,0,1,1,0,0,0,0,0,0
1002992,2.30,0.00,0015-09-22 18:39:30,0015-09-22 21:39:30,18,21,2.33,Mon,ios,316432,874950,814002,1,2,1,0,0,0,0,0,0
1002993,5.75,0.00,0015-08-07 13:46:06,0015-08-07 16:46:06,13,16,2.31,Tue,ios,722555,920264,461655,0,2,0,0,0,0,0,0,0
1002994,6.11,0.00,0015-06-25 15:48:41,0015-06-25 18:48:41,15,18,2.50,Wed,ios,851383,369001,493904,0,2,0,0,1,0,0,0,0
1002995,5.04,0.00,0015-07-15 17:54:59,0015-07-15 20:54:59,17,20,2.05,Thu,android,215142,219054,814002,0,3,0,0,0,0,0,0,0
1002996,5.84,0.58,0015-04-07 17:05:41,0015-04-07 20:05:41,17,20,2.90,Tue,ios,491417,878706,461655,1,1,0,0,0,0,0,0,0
1002997,23.68,0.00,0015-04-15 12:43:24,0015-04-15 16:43:24,12,16,3.70,Mon,android,101541,878706,461655,0,3,1,0,0,0,0,0,0
1002998,5.25,0.00,0015-05-13 12:44:19,0015-05-13 15:44:19,12,15,2.71,Tue,ios,580228,943765,461655,0,3,0,0,0,0,0,0,0
1002999,4.69,0.00,0015-08-03 19:48:03,0015-08-03 22:48:03,19,22,2.38,Thu,android,353024,549414,461655,1,2,0,0,0,0,0,0,0
1003000,8.34,0.00,0015-06-06 17:07:19,0015-06-06 21:07:19,17,21,3.40,Thu,ios,450659,131897,566549,1,1,0,0,0,0,0,0,0
1003001,6.75,0.00,0015-07-11 17:13:49,0015-07-11 21:13:49,17,21,3.98,Mon,android,765788,902592,566549,0,3,1,0,0,0,0,0,0
1003002,1.77,0.00,0015-08-21 15:24:07,0015-08-21 18:24:07,15,18,2.42,Fri,ios,733235,219054,814002,1,3,0,0,0,0,1,0,0
1003003,7.99,0.00,0015-09-09 15:07:07,0015-09-09 18:07:07,15,18,2.70,Fri,ios,312579,219054,814002,1,3,0,0,0,0,1,0,0
1003004,1.60,0.00,0015-06-20 14:24:43,0015-06-20 15:24:43,14,15,0.79,Fri,ios,636107,632920,461655,1,3,0,0,0,0,1,0,0
1003005,6.39,0.00,0015-09-16 12:28:54,0015-09-16 15:28:54,12,15,2.99,Fri,android,522857,955429,493904,0,3,0,0,0,0,1,0,0
1003006,4.91,0.00,0015-07-09 11:58:32,0015-07-09 13:58:32,11,13,1.88,Thu,ios,167950,369001,493904,0,2,0,0,0,0,0,0,0
1003007,11.16,0.00,0015-09-04 12:51:12,0015-09-04 16:51:12,12,16,3.90,Wed,ios,168824,474204,481066,0,2,0,0,1,0,0,0,0
1003008,5.78,0.00,0015-09-01 09:34:10,0015-09-01 14:34:10,09,14,4.13,Wed,ios,970167,944515,976902,0,2,0,0,1,0,0,0,0
1003009,7.63,0.00,0015-04-26 10:20:03,0015-04-26 14:20:03,10,14,3.01,Mon,ios,697750,955429,493904,1,3,1,0,0,0,0,0,0
1003010,1.04,0.00,0015-10-21 11:53:39,0015-10-21 12:53:39,11,12,0.94,Wed,ios,124571,987396,978130,1,2,0,0,1,0,0,0,0
1003011,1.64,0.00,0015-08-10 16:38:16,0015-08-10 17:38:16,16,17,0.91,Mon,android,746161,369001,493904,1,2,1,0,0,0,0,0,0
1003012,8.16,0.00,0015-08-23 23:40:04,0015-08-23 03:40:04,23,03,3.17,Tue,ios,624846,237105,948590,0,3,0,0,0,0,0,0,0
1003013,23.68,0.00,0015-08-17 17:04:57,0015-08-17 10:04:57,17,10,16.11,Fri,ios,507622,738900,976902,1,1,0,0,0,0,1,0,0
1003014,8.24,0.00,0015-07-06 15:00:26,0015-07-06 20:00:26,15,20,4.03,Fri,android,461380,517464,144857,1,2,0,0,0,0,1,0,0
1003015,8.04,0.00,0015-08-16 16:45:43,0015-08-16 20:45:43,16,20,3.07,Wed,android,161572,265601,878393,1,3,0,0,1,0,0,0,0
1003016,5.88,0.00,0015-09-15 12:22:37,0015-09-15 15:22:37,12,15,2.98,Wed,ios,590991,405157,976902,1,2,0,0,1,0,0,0,0
1003017,6.16,0.00,0015-04-12 19:55:32,0015-04-12 00:55:32,19,00,4.42,Thu,ios,949146,369001,493904,1,3,0,0,0,0,0,0,0
1003018,7.65,0.00,0015-09-15 20:58:48,0015-09-15 23:58:48,20,23,2.77,Wed,android,543174,944515,976902,1,2,0,0,1,0,0,0,0
1003019,6.06,0.00,0015-08-07 12:44:17,0015-08-07 15:44:17,12,15,2.14,Wed,ios,779428,369001,493904,0,3,0,0,1,0,0,0,0
1003020,4.45,7.50,0015-08-12 16:55:06,0015-08-12 18:55:06,16,18,2.00,Fri,ios,314729,878706,461655,1,1,0,0,0,0,1,0,0
1003021,3.05,0.00,0015-09-15 11:20:57,0015-09-15 13:20:57,11,13,1.75,Tue,ios,832607,474204,481066,1,3,0,0,0,0,0,0,0
1003022,4.65,0.00,0015-08-19 13:56:27,0015-08-19 16:56:27,13,16,2.35,Thu,ios,112914,792421,202527,1,3,0,0,0,0,0,0,0
1003023,4.95,0.15,0015-08-02 16:57:19,0015-08-02 20:57:19,16,20,3.66,Wed,ios,296274,414088,566549,1,3,0,0,1,0,0,0,0
1003024,0.75,0.00,0015-07-24 11:47:28,0015-07-24 12:47:28,11,12,0.38,Wed,ios,585525,664306,868085,0,3,0,0,1,0,0,0,0
1003025,7.13,1.21,0015-07-27 14:43:08,0015-07-27 17:43:08,14,17,2.59,Wed,ios,121062,861532,454147,1,3,0,0,1,0,0,0,0
1003026,10.67,0.00,0015-09-01 13:49:13,0015-09-01 17:49:13,13,17,3.84,Wed,ios,453860,911231,202527,0,3,0,0,1,0,0,0,0
1003027,4.13,0.00,0015-08-24 12:31:05,0015-08-24 15:31:05,12,15,2.08,Mon,ios,948076,369001,493904,0,3,1,0,0,0,0,0,0
1003028,9.74,0.00,0015-05-18 18:47:04,0015-05-18 22:47:04,18,22,3.71,Mon,ios,509307,256233,928191,0,1,1,0,0,0,0,0,0
1003029,5.86,0.00,0015-08-21 11:31:50,0015-08-21 15:31:50,11,15,3.59,Wed,android,262201,355208,976902,0,1,0,0,1,0,0,0,0
1003030,9.77,0.00,0015-07-09 11:49:26,0015-07-09 15:49:26,11,15,3.82,Tue,android,227951,875343,747048,1,2,0,0,0,0,0,0,0
1003031,6.15,0.00,0015-03-02 19:58:46,0015-03-02 22:58:46,19,22,2.63,Tue,ios,503004,878706,461655,0,3,0,0,0,0,0,0,0
1003032,7.68,0.00,0015-07-13 10:09:37,0015-07-13 13:09:37,10,13,2.86,Fri,ios,619427,902592,566549,0,3,0,0,0,0,1,0,0
1003033,7.71,0.00,0015-03-01 11:23:24,0015-03-01 15:23:24,11,15,3.10,Tue,ios,819931,955429,493904,1,2,0,0,0,0,0,0,0
1003034,8.67,0.00,0015-03-17 11:34:39,0015-03-17 15:34:39,11,15,3.05,Thu,ios,900489,414088,566549,1,3,0,0,0,0,0,0,0
1003035,6.06,0.39,0015-03-01 18:29:06,0015-03-01 21:29:06,18,21,2.23,Wed,ios,636177,228137,503205,1,1,0,0,1,0,0,0,0
1003036,5.86,0.00,0015-10-26 11:49:17,0015-10-26 13:49:17,11,13,1.99,Thu,android,928671,955429,493904,0,3,0,0,0,0,0,0,0
1003037,12.02,0.00,0015-07-26 17:14:49,0015-07-26 22:14:49,17,22,4.53,Fri,ios,637370,369001,493904,0,3,0,0,0,0,1,0,0
1003038,6.58,0.00,0015-03-16 13:21:49,0015-03-16 16:21:49,13,16,2.48,Thu,android,134547,474204,481066,1,2,0,0,0,0,0,0,0
1003039,4.41,0.00,0015-09-03 11:45:44,0015-09-03 16:45:44,11,16,4.03,Fri,ios,506478,405157,976902,1,3,0,0,0,0,1,0,0
1003040,0.85,0.00,0015-08-17 10:07:28,0015-08-17 14:07:28,10,14,3.67,Tue,android,651428,474204,481066,1,1,0,0,0,0,0,0,0
1003041,0.65,0.00,0015-04-01 17:26:13,0015-04-01 18:26:13,17,18,0.40,Tue,android,193775,366832,978130,1,1,0,0,0,0,0,0,0
1003042,7.71,0.00,0015-01-02 10:01:57,0015-01-02 14:01:57,10,14,3.80,Fri,android,768187,944515,976902,1,3,0,0,0,0,1,0,0
1003043,9.71,0.00,0015-08-02 16:11:01,0015-08-02 20:11:01,16,20,3.89,Wed,ios,178380,236379,928191,0,3,0,0,1,0,0,0,0
1003044,1.19,0.00,0015-07-08 17:52:25,0015-07-08 18:52:25,17,18,0.58,Thu,ios,482165,369001,493904,1,2,0,0,0,0,0,0,0
1003045,7.25,0.00,0015-09-07 16:44:43,0015-09-07 21:44:43,16,21,4.02,Thu,android,844758,369001,493904,1,1,0,0,0,0,0,0,0
1003046,9.34,0.00,0015-10-19 17:17:24,0015-10-19 22:17:24,17,22,4.48,Tue,ios,454341,568071,144857,1,2,0,0,0,0,0,0,0
1003047,13.07,0.00,0015-04-02 13:55:55,0015-04-02 18:55:55,13,18,4.44,Wed,android,197898,693651,503205,0,3,0,0,1,0,0,0,0
1003048,2.30,0.00,0015-08-08 12:15:36,0015-08-08 13:15:36,12,13,0.81,Wed,ios,391452,540225,648339,1,3,0,0,1,0,0,0,0
1003049,3.21,0.00,0015-08-01 08:01:50,0015-08-01 11:01:50,08,11,2.96,Thu,ios,425142,664306,868085,1,3,0,0,0,0,0,0,0
1003050,3.27,0.00,0015-04-27 08:50:01,0015-04-27 11:50:01,08,11,2.04,Wed,ios,851419,944575,928191,0,3,0,0,1,0,0,0,0
1003051,7.79,0.20,0015-06-06 11:03:06,0015-06-06 14:03:06,11,14,2.81,Thu,android,464964,369001,493904,1,3,0,0,0,0,0,0,0
1003052,10.81,0.00,0015-09-27 16:38:07,0015-09-27 20:38:07,16,20,3.90,Fri,ios,706464,474204,481066,0,1,0,0,0,0,1,0,0
1003053,2.38,0.00,0015-09-01 12:17:25,0015-09-01 14:17:25,12,14,1.26,Wed,android,397558,738900,976902,0,3,0,0,1,0,0,0,0
1003054,8.21,0.00,0015-08-24 14:55:40,0015-08-24 17:55:40,14,17,2.98,Thu,ios,369579,369001,493904,0,1,0,0,0,0,0,0,0
1003055,5.08,0.00,0015-10-08 09:24:50,0015-10-08 13:24:50,09,13,3.32,Mon,ios,249585,369001,493904,0,3,1,0,0,0,0,0,0
1003056,6.10,0.00,0015-09-15 18:18:21,0015-09-15 21:18:21,18,21,2.02,Thu,ios,153396,369001,493904,1,4,0,0,0,0,0,0,0
1003057,3.36,0.25,0015-09-12 16:19:30,0015-09-12 18:19:30,16,18,1.94,Thu,ios,312995,951880,144857,1,2,0,0,0,0,0,0,0
1003058,1.90,0.00,0015-09-06 14:16:20,0015-09-06 15:16:20,14,15,0.88,Tue,ios,976650,250527,976902,1,3,0,0,0,0,0,0,0
1003059,4.34,0.28,0015-06-01 17:10:11,0015-06-01 20:10:11,17,20,2.45,Tue,ios,571971,955429,493904,1,2,0,0,0,0,0,0,0
1003060,0.94,0.00,0015-08-03 12:31:23,0015-08-03 15:31:23,12,15,2.17,Sun,ios,908828,366832,978130,1,3,0,0,0,0,0,0,1
1003061,5.99,0.00,0015-08-07 15:48:54,0015-08-07 19:48:54,15,19,3.13,Fri,android,669564,445920,125372,1,1,0,0,0,0,1,0,0
1003062,2.73,0.00,0015-08-04 12:08:51,0015-08-04 13:08:51,12,13,0.92,Thu,ios,602802,575971,948590,1,1,0,0,0,0,0,0,0
1003063,3.21,0.00,0015-09-02 12:35:16,0015-09-02 17:35:16,12,17,4.30,Fri,ios,359851,946482,399399,0,1,0,0,0,0,1,0,0
1003064,4.11,0.00,0015-08-01 12:56:37,0015-08-01 16:56:37,12,16,3.04,Mon,android,901856,489543,868085,0,2,1,0,0,0,0,0,0
1003065,7.74,0.00,0015-07-11 12:09:00,0015-07-11 15:09:00,12,15,2.11,Wed,ios,691836,445920,125372,1,3,0,0,1,0,0,0,0
1003066,5.27,0.00,0015-04-17 17:02:49,0015-04-17 20:02:49,17,20,2.41,Thu,ios,455322,488364,648339,1,3,0,0,0,0,0,0,0
1003067,1.91,0.00,0015-07-18 16:14:51,0015-07-18 17:14:51,16,17,0.84,Mon,android,586453,517464,144857,0,2,1,0,0,0,0,0,0
1003068,0.05,0.00,0015-08-21 15:07:47,0015-08-21 16:07:47,15,16,0.29,Thu,android,608597,366832,978130,1,2,0,0,0,0,0,0,0
1003069,23.68,1.76,0015-06-28 11:27:37,0015-06-28 16:27:37,11,16,4.54,Mon,ios,774775,219054,814002,1,3,1,0,0,0,0,0,0
1003070,4.52,0.69,0015-08-12 17:26:31,0015-08-12 20:26:31,17,20,2.61,Tue,ios,272034,955429,493904,0,3,0,0,0,0,0,0,0
1003071,9.43,0.00,0015-09-02 13:12:43,0015-09-02 17:12:43,13,17,3.93,Wed,ios,436744,207262,928191,0,3,0,0,1,0,0,0,0
1003072,7.65,0.00,0015-09-10 16:12:01,0015-09-10 21:12:01,16,21,4.04,Sat,android,565523,929628,751082,1,2,0,0,0,0,0,1,0
1003073,7.37,0.00,0015-04-12 12:51:46,0015-04-12 16:51:46,12,16,3.18,Thu,android,349291,129465,461655,1,3,0,0,0,0,0,0,0
1003074,1.78,0.11,0015-05-18 13:02:04,0015-05-18 16:02:04,13,16,2.02,Wed,android,850515,207262,928191,1,2,0,0,1,0,0,0,0
1003075,7.73,0.00,0015-08-24 09:18:29,0015-08-24 12:18:29,09,12,2.49,Fri,android,929574,366832,978130,0,3,0,0,0,0,1,0,0
1003076,4.44,7.50,0015-06-12 19:50:59,0015-06-12 22:50:59,19,22,2.59,Thu,android,659721,369001,493904,1,3,0,0,0,0,0,0,0
1003077,9.96,0.00,0015-07-01 16:34:55,0015-07-01 20:34:55,16,20,3.24,Tue,ios,800339,369001,493904,1,3,0,0,0,0,0,0,0
1003078,1.87,0.00,0015-11-14 12:00:33,0015-11-14 15:00:33,12,15,2.89,Fri,ios,750977,782629,517854,1,3,0,0,0,0,1,0,0
1003079,3.90,0.00,0015-04-23 12:11:35,0015-04-23 15:11:35,12,15,2.89,Mon,android,950946,951880,144857,1,3,1,0,0,0,0,0,0
1003080,1.21,0.00,0015-09-19 10:12:44,0015-09-19 12:12:44,10,12,1.26,Wed,android,645362,474204,481066,0,2,0,0,1,0,0,0,0
1003081,5.81,0.00,0015-06-21 04:33:50,0015-06-21 08:33:50,04,08,3.52,Tue,android,708835,250527,976902,1,3,0,0,0,0,0,0,0
1003082,5.56,0.00,0015-08-04 14:13:56,0015-08-04 17:13:56,14,17,2.07,Fri,ios,829379,955429,493904,0,3,0,0,0,0,1,0,0
1003083,7.39,0.00,0015-03-19 11:11:23,0015-03-19 15:11:23,11,15,3.36,Tue,android,527912,955429,493904,1,3,0,0,0,0,0,0,0
1003084,3.29,0.00,0015-07-25 16:33:29,0015-07-25 19:33:29,16,19,2.55,Wed,ios,824484,369001,493904,0,3,0,0,1,0,0,0,0
1003085,2.42,0.00,0015-03-19 09:05:26,0015-03-19 12:05:26,09,12,2.76,Fri,ios,730967,219054,814002,0,2,0,0,0,0,1,0,0
1003086,23.68,0.00,0015-08-02 17:49:35,0015-08-02 22:49:35,17,22,4.04,Wed,ios,387199,932939,868085,1,3,0,0,1,0,0,0,0
1003087,6.17,0.00,0015-08-19 17:33:46,0015-08-19 19:33:46,17,19,1.63,Wed,android,636534,955429,493904,1,3,0,0,1,0,0,0,0
1003088,5.49,0.00,0015-04-27 18:50:49,0015-04-27 22:50:49,18,22,3.56,Mon,ios,812163,569886,868085,1,3,1,0,0,0,0,0,0
1003089,23.68,0.00,0015-03-03 16:54:09,0015-03-03 19:54:09,16,19,2.99,Wed,ios,266158,481613,648339,1,1,0,0,1,0,0,0,0
1003090,3.83,0.00,0015-09-10 14:32:21,0015-09-10 17:32:21,14,17,2.55,Fri,ios,602946,875343,747048,0,2,0,0,0,0,1,0,0
1003091,23.68,0.00,0015-04-01 19:45:26,0015-04-01 01:45:26,19,01,29.14,Mon,ios,527440,738900,976902,1,2,1,0,0,0,0,0,0
1003092,4.90,0.00,0015-03-03 13:44:26,0015-03-03 17:44:26,13,17,3.08,Mon,ios,808267,371335,461655,1,2,1,0,0,0,0,0,0
1003093,4.33,0.00,0015-09-28 10:32:17,0015-09-28 13:32:17,10,13,2.42,Thu,ios,244804,792421,202527,0,3,0,0,0,0,0,0,0
1003094,7.43,0.00,0015-06-22 10:59:51,0015-06-22 13:59:51,10,13,2.85,Wed,android,299343,863084,751082,0,1,0,0,1,0,0,0,0
1003095,7.19,0.00,0015-07-11 11:00:11,0015-07-11 14:00:11,11,14,2.42,Mon,android,642151,474204,481066,1,3,1,0,0,0,0,0,0
1003096,23.68,0.00,0015-09-13 18:48:06,0015-09-13 22:48:06,18,22,3.47,Wed,ios,102678,507660,202527,1,2,0,0,1,0,0,0,0
1003097,1.59,0.00,0015-10-07 09:31:16,0015-10-07 11:31:16,09,11,1.22,Thu,ios,493554,911231,202527,1,3,0,0,0,0,0,0,0
1003098,23.68,0.00,0015-02-20 17:52:37,0015-02-20 20:52:37,17,20,2.71,Mon,ios,929112,549414,461655,1,3,1,0,0,0,0,0,0
1003099,4.28,0.15,0015-04-16 11:50:23,0015-04-16 15:50:23,11,15,3.07,Tue,ios,434855,987396,978130,1,3,0,0,0,0,0,0,0
1003100,8.36,0.00,0015-05-01 10:43:58,0015-05-01 14:43:58,10,14,3.29,Fri,ios,453772,371335,461655,0,1,0,0,0,0,1,0,0
1003101,0.27,0.00,0015-07-10 19:07:03,0015-07-10 23:07:03,19,23,3.02,Fri,ios,943143,987396,978130,0,3,0,0,0,0,1,0,0
1003102,5.70,0.00,0015-06-13 12:01:51,0015-06-13 16:01:51,12,16,3.37,Tue,ios,635052,638536,868085,1,2,0,0,0,0,0,0,0
1003103,4.17,0.00,0015-09-28 17:39:28,0015-09-28 20:39:28,17,20,2.36,Wed,android,299793,569889,461655,1,3,0,0,1,0,0,0,0
1003104,6.49,0.00,0015-07-17 11:34:10,0015-07-17 15:34:10,11,15,3.76,Sun,ios,152616,801274,976902,1,3,0,0,0,0,0,0,1
1003105,1.42,0.00,0015-09-15 10:48:20,0015-09-15 13:48:20,10,13,2.86,Thu,ios,420661,955429,493904,1,1,0,0,0,0,0,0,0
1003106,9.44,0.00,0015-04-19 12:56:15,0015-04-19 16:56:15,12,16,3.95,Wed,android,123089,517464,144857,0,2,0,0,1,0,0,0,0
1003107,23.68,0.00,0015-06-06 10:05:50,0015-06-06 12:05:50,10,12,1.95,Thu,android,132039,219054,814002,0,2,0,0,0,0,0,0,0
1003108,2.41,0.00,0015-06-25 17:35:31,0015-06-25 19:35:31,17,19,1.52,Fri,android,652474,728918,928191,0,3,0,0,0,0,1,0,0
1003109,2.49,0.00,0015-03-26 10:03:18,0015-03-26 12:03:18,10,12,1.31,Fri,ios,943623,616125,700367,1,2,0,0,0,0,1,0,0
1003110,3.77,0.00,0015-05-09 19:55:38,0015-05-09 22:55:38,19,22,2.50,Thu,ios,710922,944515,976902,0,2,0,0,0,0,0,0,0
1003111,4.54,0.00,0015-03-22 12:01:59,0015-03-22 14:01:59,12,14,1.73,Mon,android,872554,250527,976902,1,4,1,0,0,0,0,0,0
1003112,5.24,0.00,0015-08-04 11:15:43,0015-08-04 14:15:43,11,14,2.51,Wed,ios,711449,891421,144857,1,2,0,0,1,0,0,0,0
1003113,23.68,0.00,0015-07-19 12:58:05,0015-07-19 06:58:05,12,06,41.98,Mon,android,753497,801274,976902,1,2,1,0,0,0,0,0,0
1003114,4.90,0.00,0015-06-06 13:29:03,0015-06-06 16:29:03,13,16,2.68,Tue,ios,163871,902592,566549,0,3,0,0,0,0,0,0,0
1003115,23.68,0.00,0015-09-02 13:29:20,0015-09-02 01:29:20,13,01,35.13,Wed,android,350854,878706,461655,1,2,0,0,1,0,0,0,0
1003116,3.55,0.45,0015-08-14 11:33:38,0015-08-14 15:33:38,11,15,3.13,Tue,ios,100445,280221,976902,0,3,0,0,0,0,0,0,0
1003117,9.05,0.82,0015-03-20 16:13:53,0015-03-20 20:13:53,16,20,3.72,Fri,ios,601369,131897,566549,0,1,0,0,0,0,1,0,0
1003118,5.97,0.00,0015-08-25 11:30:49,0015-08-25 14:30:49,11,14,2.76,Wed,ios,653144,219054,814002,1,2,0,0,1,0,0,0,0
1003119,0.20,0.00,0015-05-07 14:50:34,0015-05-07 16:50:34,14,16,1.45,Fri,ios,959060,728918,928191,0,3,0,0,0,0,1,0,0
1003120,6.04,0.00,0015-02-26 12:52:17,0015-02-26 16:52:17,12,16,3.00,Fri,android,941860,250527,976902,1,1,0,0,0,0,1,0,0
1003121,1.65,0.00,0015-08-04 10:41:29,0015-08-04 13:41:29,10,13,2.49,Wed,android,656832,369001,493904,0,3,0,0,1,0,0,0,0
1003122,8.95,0.00,0015-09-01 08:50:43,0015-09-01 12:50:43,08,12,3.07,Mon,ios,472134,944515,976902,1,3,1,0,0,0,0,0,0
1003123,2.01,0.10,0015-07-20 18:10:56,0015-07-20 21:10:56,18,21,2.02,Fri,android,228797,929628,751082,0,1,0,0,0,0,1,0,0
1003124,23.68,0.00,0015-06-05 16:29:27,0015-06-05 19:29:27,16,19,2.86,Thu,ios,863604,902592,566549,0,2,0,0,0,0,0,0,0
1003125,10.76,0.27,0015-09-27 11:21:27,0015-09-27 16:21:27,11,16,4.49,Fri,ios,512864,878706,461655,0,3,0,0,0,0,1,0,0
1003126,11.76,0.00,0015-09-19 19:53:53,0015-09-19 00:53:53,19,00,4.22,Tue,ios,660605,369001,493904,1,3,0,0,0,0,0,0,0
1003127,7.50,0.00,0015-09-22 18:11:40,0015-09-22 21:11:40,18,21,2.56,Thu,ios,479588,219054,814002,1,2,0,0,0,0,0,0,0
1003128,23.68,0.00,0015-04-25 09:48:34,0015-04-25 12:48:34,09,12,2.22,Thu,android,179824,878706,461655,0,2,0,0,0,0,0,0,0
1003129,2.42,0.00,0015-09-17 16:57:38,0015-09-17 18:57:38,16,18,1.42,Mon,android,771741,955429,493904,1,1,1,0,0,0,0,0,0
1003130,11.32,0.00,0015-08-27 12:34:42,0015-08-27 16:34:42,12,16,3.94,Tue,ios,895461,451479,648339,1,3,0,0,0,0,0,0,0
1003131,5.84,0.00,0015-07-11 13:54:04,0015-07-11 16:54:04,13,16,2.11,Mon,ios,870951,878706,461655,1,3,1,0,0,0,0,0,0
1003132,8.63,0.00,0015-09-09 10:03:48,0015-09-09 13:03:48,10,13,2.40,Wed,ios,521020,664306,868085,0,3,0,0,1,0,0,0,0
1003133,7.30,0.00,0015-08-26 15:46:22,0015-08-26 19:46:22,15,19,3.62,Thu,android,224605,228137,503205,1,3,0,0,0,0,0,0,0
1003134,4.54,0.00,0015-06-09 15:17:57,0015-06-09 19:17:57,15,19,3.83,Wed,android,272919,874950,814002,0,3,0,0,1,0,0,0,0
1003135,0.58,0.00,0015-05-02 18:30:35,0015-05-02 21:30:35,18,21,2.80,Thu,ios,351547,801274,976902,0,1,0,0,0,0,0,0,0
1003136,0.86,0.00,0015-09-20 11:10:56,0015-09-20 14:10:56,11,14,2.51,Thu,ios,860035,514669,566549,0,2,0,0,0,0,0,0,0
1003137,6.97,0.00,0015-09-13 13:50:22,0015-09-13 17:50:22,13,17,3.50,Mon,ios,731622,920264,461655,1,2,1,0,0,0,0,0,0
1003138,4.83,0.00,0015-03-18 12:32:32,0015-03-18 15:32:32,12,15,2.42,Wed,ios,996922,569889,461655,1,3,0,0,1,0,0,0,0
1003139,3.90,0.00,0015-06-17 17:15:38,0015-06-17 20:15:38,17,20,2.66,Mon,android,478919,237105,948590,0,3,1,0,0,0,0,0,0
1003140,10.27,0.00,0015-09-26 12:40:44,0015-09-26 16:40:44,12,16,3.49,Thu,ios,811893,728918,928191,0,2,0,0,0,0,0,0,0
1003141,6.43,0.00,0015-01-04 11:34:51,0015-01-04 15:34:51,11,15,3.21,Thu,ios,133412,369001,493904,0,2,0,0,0,0,0,0,0
1003142,8.58,0.00,0015-06-02 18:16:25,0015-06-02 22:16:25,18,22,3.69,Tue,ios,763525,250527,976902,1,2,0,0,0,0,0,0,0
1003143,3.98,0.00,0015-07-20 13:10:02,0015-07-20 15:10:02,13,15,1.64,Wed,ios,346967,878706,461655,0,2,0,0,1,0,0,0,0
1003144,0.74,0.00,0015-04-22 15:00:07,0015-04-22 16:00:07,15,16,0.99,Fri,ios,780482,871619,125372,1,2,0,0,0,0,1,0,0
1003145,6.86,0.00,0015-09-14 10:05:40,0015-09-14 14:05:40,10,14,3.64,Wed,android,828109,369001,493904,1,3,0,0,1,0,0,0,0
1003146,3.23,0.00,0015-07-23 10:45:01,0015-07-23 13:45:01,10,13,2.94,Wed,ios,105416,549414,461655,1,3,0,0,1,0,0,0,0
1003147,3.37,0.27,0015-08-11 11:10:36,0015-08-11 16:10:36,11,16,4.45,Wed,ios,829529,987396,978130,1,3,0,0,1,0,0,0,0
1003148,3.93,0.00,0015-08-18 11:54:42,0015-08-18 14:54:42,11,14,2.08,Mon,android,875406,481613,648339,1,3,1,0,0,0,0,0,0
1003149,21.97,2.50,0015-04-02 17:27:29,0015-04-02 08:27:29,17,08,14.12,Wed,ios,669779,955429,493904,1,3,0,0,1,0,0,0,0
1003150,11.01,0.00,0015-05-09 13:30:39,0015-05-09 17:30:39,13,17,3.75,Tue,ios,870545,568071,144857,1,3,0,0,0,0,0,0,0
1003151,6.79,0.00,0015-07-11 12:34:40,0015-07-11 15:34:40,12,15,2.47,Wed,android,517820,228137,503205,0,2,0,0,1,0,0,0,0
1003152,23.68,0.00,0015-06-09 16:49:31,0015-06-09 21:49:31,16,21,4.41,Mon,android,748930,801274,976902,1,2,1,0,0,0,0,0,0
1003153,3.36,0.00,0015-09-18 14:45:54,0015-09-18 17:45:54,14,17,2.55,Thu,ios,303000,250527,976902,1,1,0,0,0,0,0,0,0
1003154,0.17,0.00,0015-06-26 11:29:54,0015-06-26 12:29:54,11,12,0.53,Wed,ios,464083,664306,868085,1,3,0,0,1,0,0,0,0
1003155,5.17,0.00,0015-08-03 17:27:13,0015-08-03 20:27:13,17,20,2.89,Thu,ios,312150,474204,481066,1,1,0,0,0,0,0,0,0
1003156,10.12,0.00,0015-06-06 13:24:14,0015-06-06 17:24:14,13,17,3.35,Mon,ios,370778,569889,461655,1,2,1,0,0,0,0,0,0
1003157,6.82,0.00,0015-09-23 08:32:45,0015-09-23 11:32:45,08,11,2.62,Mon,ios,836192,569886,868085,0,3,1,0,0,0,0,0,0
1003158,2.64,0.00,0015-10-16 17:08:05,0015-10-16 19:08:05,17,19,1.32,Tue,ios,199355,369001,493904,0,3,0,0,0,0,0,0,0
1003159,2.67,0.27,0015-09-08 18:58:23,0015-09-08 20:58:23,18,20,1.51,Mon,ios,573956,366832,978130,0,3,1,0,0,0,0,0,0
1003160,3.88,0.00,0015-07-14 12:47:53,0015-07-14 15:47:53,12,15,2.30,Mon,ios,675936,237105,948590,1,3,1,0,0,0,0,0,0
1003161,9.59,0.00,0015-07-11 12:29:28,0015-07-11 17:29:28,12,17,4.34,Wed,ios,889992,902592,566549,1,3,0,0,1,0,0,0,0
1003162,4.34,0.00,0015-06-02 18:14:46,0015-06-02 20:14:46,18,20,1.71,Mon,ios,809207,236379,928191,0,3,1,0,0,0,0,0,0
1003163,6.77,0.28,0015-06-15 09:50:41,0015-06-15 13:50:41,09,13,3.75,Mon,ios,873245,987396,978130,1,2,1,0,0,0,0,0,0
1003164,6.79,0.00,0015-08-11 13:45:37,0015-08-11 16:45:37,13,16,2.59,Wed,ios,820055,405157,976902,0,2,0,0,1,0,0,0,0
1003165,23.68,0.00,0015-05-03 17:25:08,0015-05-03 22:25:08,17,22,4.33,Mon,ios,555510,871619,125372,1,2,1,0,0,0,0,0,0
1003166,9.31,0.00,0015-07-14 16:25:03,0015-07-14 20:25:03,16,20,3.28,Thu,ios,187920,653450,503205,0,3,0,0,0,0,0,0,0
1003167,2.04,0.23,0015-09-14 14:15:20,0015-09-14 17:15:20,14,17,2.64,Wed,ios,360914,355208,976902,1,2,0,0,1,0,0,0,0
1003168,2.79,0.00,0015-09-15 16:24:09,0015-09-15 18:24:09,16,18,1.26,Tue,android,416063,405157,976902,1,3,0,0,0,0,0,0,0
1003169,11.90,0.00,0015-04-17 16:30:01,0015-04-17 20:30:01,16,20,3.11,Thu,ios,687360,474204,481066,0,2,0,0,0,0,0,0,0
1003170,4.07,0.00,0015-06-13 17:08:28,0015-06-13 20:08:28,17,20,2.75,Tue,ios,802969,207262,928191,0,3,0,0,0,0,0,0,0
1003171,8.96,1.81,0015-09-09 12:00:16,0015-09-09 16:00:16,12,16,3.71,Mon,android,849759,134427,620906,1,3,1,0,0,0,0,0,0
1003172,3.32,0.00,0015-06-26 12:21:48,0015-06-26 14:21:48,12,14,1.42,Thu,ios,821078,366832,978130,0,3,0,0,0,0,0,0,0
1003173,5.71,0.00,0015-06-23 13:40:53,0015-06-23 16:40:53,13,16,2.35,Thu,ios,652123,878706,461655,0,3,0,0,0,0,0,0,0
1003174,3.79,0.00,0015-07-04 13:14:34,0015-07-04 17:14:34,13,17,3.29,Fri,android,467156,280221,976902,0,3,0,0,0,0,1,0,0
1003175,15.13,0.00,0015-08-09 10:23:08,0015-08-09 13:23:08,10,13,2.24,Fri,ios,298179,987396,978130,0,3,0,0,0,0,1,0,0
1003176,2.21,0.00,0015-06-12 16:19:26,0015-06-12 18:19:26,16,18,1.37,Mon,ios,204665,568071,144857,1,3,1,0,0,0,0,0,0
1003177,8.12,0.00,0015-09-03 16:40:10,0015-09-03 20:40:10,16,20,3.81,Thu,ios,687258,944515,976902,0,3,0,0,0,0,0,0,0
1003178,23.68,2.12,0015-08-05 13:56:28,0015-08-05 00:56:28,13,00,34.63,Thu,ios,730796,207262,928191,1,1,0,0,0,0,0,0,0
1003179,7.23,0.00,0015-08-09 13:00:58,0015-08-09 16:00:58,13,16,2.89,Thu,ios,869261,863084,751082,1,3,0,0,0,0,0,0,0
1003180,5.66,0.00,0015-03-20 17:39:48,0015-03-20 20:39:48,17,20,2.51,Fri,android,364063,875343,747048,1,3,0,0,0,0,1,0,0
1003181,3.94,0.00,0015-08-17 19:00:59,0015-08-17 21:00:59,19,21,1.76,Mon,ios,114028,587514,648339,1,3,1,0,0,0,0,0,0
1003182,0.27,0.00,0015-08-17 10:49:35,0015-08-17 13:49:35,10,13,2.84,Wed,android,261246,943765,461655,1,3,0,0,1,0,0,0,0
1003183,2.20,0.00,0015-07-24 11:41:54,0015-07-24 15:41:54,11,15,3.18,Fri,android,668740,366832,978130,1,3,0,0,0,0,1,0,0
1003184,10.21,0.00,0015-08-28 11:45:37,0015-08-28 14:45:37,11,14,2.72,Thu,android,830668,878706,461655,1,3,0,0,0,0,0,0,0
1003185,3.25,0.00,0015-08-22 17:57:08,0015-08-22 20:57:08,17,20,2.69,Thu,ios,961411,951880,144857,0,3,0,0,0,0,0,0,0
1003186,5.38,0.00,0015-07-08 17:19:37,0015-07-08 19:19:37,17,19,1.76,Thu,ios,611000,730023,878393,0,2,0,0,0,0,0,0,0
1003187,13.05,0.00,0015-06-05 09:49:49,0015-06-05 13:49:49,09,13,3.54,Wed,ios,255722,569886,868085,0,3,0,0,1,0,0,0,0
1003188,3.75,0.00,0015-06-27 16:38:06,0015-06-27 21:38:06,16,21,4.02,Thu,ios,483441,711566,928191,1,4,0,0,0,0,0,0,0
1003189,23.68,0.00,0015-05-19 11:38:42,0015-05-19 15:38:42,11,15,3.58,Thu,ios,549415,191826,481066,1,3,0,0,0,0,0,0,0
1003190,7.28,0.00,0015-08-20 11:49:58,0015-08-20 14:49:58,11,14,2.83,Wed,android,184805,572249,144857,0,1,0,0,1,0,0,0,0
1003191,6.25,0.00,0015-08-17 16:17:21,0015-08-17 20:17:21,16,20,3.66,Fri,android,704312,878706,461655,0,1,0,0,0,0,1,0,0
1003192,23.68,0.00,0015-08-12 19:47:34,0015-08-12 23:47:34,19,23,3.86,Fri,android,768713,369001,493904,0,3,0,0,0,0,1,0,0
1003193,23.68,2.28,0015-09-10 18:55:13,0015-09-10 14:55:13,18,14,19.21,Wed,ios,446214,568071,144857,1,2,0,0,1,0,0,0,0
1003194,5.47,0.00,0015-08-17 16:01:44,0015-08-17 20:01:44,16,20,3.36,Mon,ios,785047,369001,493904,1,3,1,0,0,0,0,0,0
1003195,8.32,0.00,0015-05-06 11:18:39,0015-05-06 15:18:39,11,15,3.23,Tue,ios,461710,369001,493904,1,1,0,0,0,0,0,0,0
1003196,2.52,1.85,0015-07-10 18:44:17,0015-07-10 22:44:17,18,22,3.65,Thu,ios,401217,902592,566549,1,3,0,0,0,0,0,0,0
1003197,3.98,0.00,0015-07-02 18:43:34,0015-07-02 21:43:34,18,21,2.00,Fri,ios,922506,623134,620906,0,3,0,0,0,0,1,0,0
1003198,3.34,0.00,0015-08-15 11:19:40,0015-08-15 15:19:40,11,15,3.62,Tue,android,261461,995505,868085,1,3,0,0,0,0,0,0,0
1003199,23.68,7.50,0015-09-15 18:15:13,0015-09-15 10:15:13,18,10,39.13,Tue,ios,496515,200695,202527,1,1,0,0,0,0,0,0,0
1003200,13.75,0.00,0015-08-14 12:35:20,0015-08-14 17:35:20,12,17,4.51,Fri,ios,625298,728918,928191,1,3,0,0,0,0,1,0,0
1003201,1.13,0.00,0015-07-04 13:14:02,0015-07-04 14:14:02,13,14,0.82,Tue,ios,350262,878706,461655,1,1,0,0,0,0,0,0,0
1003202,4.50,0.00,0015-06-17 16:18:18,0015-06-17 19:18:18,16,19,2.69,Thu,ios,881387,987396,978130,1,3,0,0,0,0,0,0,0
1003203,1.06,0.00,0015-07-21 18:06:54,0015-07-21 19:06:54,18,19,0.97,Thu,android,481652,280221,976902,0,3,0,0,0,0,0,0,0
1003204,7.50,0.00,0015-08-04 15:42:12,0015-08-04 18:42:12,15,18,2.11,Wed,android,584461,874950,814002,0,3,0,0,1,0,0,0,0
1003205,9.99,0.00,0015-01-15 16:44:50,0015-01-15 19:44:50,16,19,2.70,Tue,android,102648,878706,461655,0,2,0,0,0,0,0,0,0
1003206,4.95,0.00,0015-08-08 21:43:26,0015-08-08 01:43:26,21,01,3.02,Fri,ios,603276,914305,648339,1,3,0,0,0,0,1,0,0
1003207,9.19,0.00,0015-07-03 13:25:40,0015-07-03 17:25:40,13,17,3.51,Mon,ios,862497,366832,978130,1,3,1,0,0,0,0,0,0
1003208,1.41,0.00,0015-07-14 17:40:20,0015-07-14 19:40:20,17,19,1.72,Thu,ios,129043,803398,144857,0,2,0,0,0,0,0,0,0
1003209,2.17,5.22,0015-03-11 08:44:54,0015-03-11 11:44:54,08,11,2.78,Wed,ios,751345,200695,202527,1,1,0,0,1,0,0,0,0
1003210,1.71,0.00,0015-09-19 12:55:53,0015-09-19 14:55:53,12,14,1.26,Thu,android,319891,569886,868085,1,3,0,0,0,0,0,0,0
1003211,5.66,0.00,0015-08-04 18:10:47,0015-08-04 21:10:47,18,21,2.08,Fri,ios,487742,955429,493904,0,3,0,0,0,0,1,0,0
1003212,2.49,0.00,0015-09-16 12:04:58,0015-09-16 14:04:58,12,14,1.33,Tue,ios,207672,878706,461655,0,3,0,0,0,0,0,0,0
1003213,1.79,0.00,0015-04-16 11:44:03,0015-04-16 13:44:03,11,13,1.67,Wed,ios,177874,369001,493904,1,3,0,0,1,0,0,0,0
1003214,3.30,0.00,0015-09-27 12:18:17,0015-09-27 14:18:17,12,14,1.99,Wed,android,493595,286084,648339,0,1,0,0,1,0,0,0,0
1003215,6.86,0.20,0015-08-13 10:40:11,0015-08-13 14:40:11,10,14,3.08,Wed,android,857131,474204,481066,0,3,0,0,1,0,0,0,0
1003216,6.82,0.00,0015-08-28 19:55:06,0015-08-28 22:55:06,19,22,2.74,Wed,ios,880603,664306,868085,0,3,0,0,1,0,0,0,0
1003217,5.46,0.00,0015-06-25 16:09:52,0015-06-25 20:09:52,16,20,3.47,Wed,ios,435079,863084,751082,0,3,0,0,1,0,0,0,0
1003218,23.68,0.00,0015-09-13 09:57:04,0015-09-13 01:57:04,09,01,15.95,Mon,android,733670,664306,868085,1,3,1,0,0,0,0,0,0
1003219,5.61,7.50,0015-08-16 09:02:48,0015-08-16 12:02:48,09,12,2.47,Wed,android,521365,207262,928191,1,1,0,0,1,0,0,0,0
1003220,8.80,0.00,0015-08-09 11:56:13,0015-08-09 15:56:13,11,15,3.14,Wed,ios,462006,653450,503205,0,3,0,0,1,0,0,0,0
1003221,8.55,0.00,0015-09-17 17:00:29,0015-09-17 21:00:29,17,21,3.17,Fri,ios,110528,369001,493904,1,2,0,0,0,0,1,0,0
1003222,7.61,0.00,0015-09-11 13:00:21,0015-09-11 16:00:21,13,16,2.58,Fri,android,883916,237105,948590,1,2,0,0,0,0,1,0,0
1003223,4.14,0.00,0015-07-28 15:50:47,0015-07-28 19:50:47,15,19,3.43,Fri,android,164234,369001,493904,1,3,0,0,0,0,1,0,0
1003224,4.15,0.00,0015-08-28 17:36:30,0015-08-28 21:36:30,17,21,3.85,Thu,ios,898778,228137,503205,0,2,0,0,0,0,0,0,0
1003225,3.27,0.00,0015-09-02 10:53:09,0015-09-02 13:53:09,10,13,2.95,Mon,android,897184,875343,747048,1,2,1,0,0,0,0,0,0
1003226,5.07,0.00,0015-09-10 18:08:09,0015-09-10 21:08:09,18,21,2.16,Tue,android,911595,474204,481066,0,2,0,0,0,0,0,0,0
1003227,4.31,0.00,0015-04-20 13:10:34,0015-04-20 17:10:34,13,17,3.27,Tue,android,694725,738900,976902,1,1,0,0,0,0,0,0,0
1003228,23.68,0.00,0015-06-13 15:07:40,0015-06-13 20:07:40,15,20,4.51,Mon,android,527712,517464,144857,0,3,1,0,0,0,0,0,0
1003229,6.21,0.00,0015-06-28 14:38:55,0015-06-28 17:38:55,14,17,2.69,Mon,ios,298410,431796,461655,1,3,1,0,0,0,0,0,0
1003230,5.74,1.11,0015-08-08 18:24:03,0015-08-08 20:24:03,18,20,1.51,Fri,android,541866,638536,868085,1,2,0,0,0,0,1,0,0
1003231,9.52,0.00,0015-09-05 11:18:20,0015-09-05 15:18:20,11,15,3.76,Thu,ios,861561,632920,461655,0,3,0,0,0,0,0,0,0
1003232,2.41,0.00,0015-05-14 09:10:38,0015-05-14 11:10:38,09,11,1.71,Thu,ios,924566,228137,503205,1,3,0,0,0,0,0,0,0
1003233,5.21,0.00,0015-09-11 11:38:01,0015-09-11 14:38:01,11,14,2.50,Fri,ios,957942,562656,481066,0,1,0,0,0,0,1,0,0
1003234,6.11,0.46,0015-08-06 11:19:21,0015-08-06 16:19:21,11,16,4.33,Mon,ios,797661,219054,814002,0,3,1,0,0,0,0,0,0
1003235,7.17,0.00,0015-08-21 18:22:02,0015-08-21 21:22:02,18,21,2.22,Fri,ios,581380,955429,493904,1,2,0,0,0,0,1,0,0
1003236,5.85,0.00,0015-05-24 17:56:59,0015-05-24 21:56:59,17,21,3.94,Wed,ios,754456,500856,976902,1,3,0,0,1,0,0,0,0
1003237,6.31,0.00,0015-09-02 11:37:40,0015-09-02 15:37:40,11,15,3.54,Mon,ios,294160,369001,493904,1,2,1,0,0,0,0,0,0
1003238,6.24,0.00,0015-04-07 16:00:00,0015-04-07 19:00:00,16,19,2.76,Mon,android,627386,219054,814002,0,2,1,0,0,0,0,0,0
1003239,5.15,0.00,0015-07-12 16:10:47,0015-07-12 20:10:47,16,20,3.16,Wed,ios,143347,932939,868085,1,1,0,0,1,0,0,0,0
1003240,8.94,0.00,0015-08-28 10:55:59,0015-08-28 14:55:59,10,14,3.28,Thu,android,765992,129465,461655,0,2,0,0,0,0,0,0,0
1003241,7.20,0.00,0015-08-02 17:57:48,0015-08-02 21:57:48,17,21,3.97,Wed,ios,791759,864630,648339,1,3,0,0,1,0,0,0,0
1003242,12.49,0.00,0015-08-19 16:52:16,0015-08-19 21:52:16,16,21,4.61,Fri,android,961399,369001,493904,1,3,0,0,0,0,1,0,0
1003243,4.29,0.00,0015-09-23 11:09:01,0015-09-23 14:09:01,11,14,2.62,Mon,android,409258,864630,648339,0,2,1,0,0,0,0,0,0
1003244,4.93,0.93,0015-03-25 18:53:13,0015-03-25 21:53:13,18,21,2.75,Wed,android,451429,474204,481066,0,2,0,0,1,0,0,0,0
1003245,13.22,0.00,0015-07-24 09:23:15,0015-07-24 13:23:15,09,13,3.48,Mon,android,908801,481613,648339,1,3,1,0,0,0,0,0,0
1003246,5.55,0.00,0015-06-15 09:41:40,0015-06-15 13:41:40,09,13,3.30,Thu,ios,589349,191826,481066,0,3,0,0,0,0,0,0,0
1003247,2.34,0.00,0015-07-03 09:46:02,0015-07-03 11:46:02,09,11,1.38,Thu,android,735438,507660,202527,0,3,0,0,0,0,0,0,0
1003248,0.54,0.00,0015-04-23 13:37:41,0015-04-23 14:37:41,13,14,0.33,Mon,ios,164728,568071,144857,1,2,1,0,0,0,0,0,0
1003249,5.26,0.00,0015-08-19 17:11:01,0015-08-19 20:11:01,17,20,2.23,Thu,ios,189756,250527,976902,1,1,0,0,0,0,0,0,0
1003250,6.85,0.00,0015-03-07 16:04:01,0015-03-07 20:04:01,16,20,3.72,Tue,android,676333,803398,144857,1,3,0,0,0,0,0,0,0
1003251,3.53,0.00,0015-02-12 19:41:07,0015-02-12 22:41:07,19,22,2.18,Wed,ios,468239,207262,928191,1,3,0,0,1,0,0,0,0
1003252,3.87,0.00,0015-09-03 16:21:49,0015-09-03 19:21:49,16,19,2.06,Thu,android,555528,474204,481066,1,1,0,0,0,0,0,0,0
1003253,2.64,0.00,0015-09-20 17:12:16,0015-09-20 19:12:16,17,19,1.40,Thu,ios,831394,207262,928191,0,2,0,0,0,0,0,0,0
1003254,2.46,0.00,0015-06-02 17:31:12,0015-06-02 20:31:12,17,20,2.81,Tue,ios,779425,944515,976902,0,3,0,0,0,0,0,0,0
1003255,1.63,0.00,0015-08-18 18:33:27,0015-08-18 22:33:27,18,22,3.45,Wed,ios,341419,474204,481066,0,2,0,0,1,0,0,0,0
1003256,8.52,0.00,0015-04-24 18:41:39,0015-04-24 22:41:39,18,22,3.03,Fri,ios,978005,474204,481066,1,2,0,0,0,0,1,0,0
1003257,7.90,0.00,0015-09-06 13:53:46,0015-09-06 17:53:46,13,17,3.93,Tue,ios,986367,801274,976902,0,2,0,0,0,0,0,0,0
1003258,9.72,0.00,0015-07-03 12:21:45,0015-07-03 16:21:45,12,16,3.07,Tue,ios,842070,878706,461655,1,3,0,0,0,0,0,0,0
1003259,8.30,0.00,0015-07-08 11:34:59,0015-07-08 15:34:59,11,15,3.42,Tue,ios,187043,730023,878393,1,4,0,0,0,0,0,0,0
1003260,2.67,0.00,0015-09-23 16:56:29,0015-09-23 18:56:29,16,18,1.63,Tue,ios,344925,638536,868085,0,2,0,0,0,0,0,0,0
1003261,1.52,0.00,0015-07-23 04:57:08,0015-07-23 07:57:08,04,07,2.13,Fri,android,329619,664306,868085,1,2,0,0,0,0,1,0,0
1003262,4.17,0.00,0015-11-18 11:11:42,0015-11-18 14:11:42,11,14,2.12,Thu,ios,567892,738900,976902,0,3,0,0,0,0,0,0,0
1003263,9.82,0.00,0015-08-22 16:08:24,0015-08-22 20:08:24,16,20,3.23,Mon,ios,714914,612116,461655,1,3,1,0,0,0,0,0,0
1003264,8.62,0.00,0015-04-01 14:43:15,0015-04-01 18:43:15,14,18,3.17,Tue,ios,606889,623134,620906,1,3,0,0,0,0,0,0,0
1003265,7.57,0.00,0015-09-07 18:13:52,0015-09-07 22:13:52,18,22,3.05,Fri,ios,617185,562656,481066,1,2,0,0,0,0,1,0,0
1003266,2.55,0.00,0015-06-21 16:02:21,0015-06-21 20:02:21,16,20,3.83,Thu,ios,295893,369001,493904,1,2,0,0,0,0,0,0,0
1003267,7.56,0.00,0015-08-12 09:57:27,0015-08-12 14:57:27,09,14,4.37,Thu,ios,232963,250527,976902,1,3,0,0,0,0,0,0,0
1003268,17.10,0.00,0015-07-20 16:40:48,0015-07-20 00:40:48,16,00,7.17,Fri,ios,629272,801274,976902,1,2,0,0,0,0,1,0,0
1003269,4.87,0.00,0015-06-16 11:33:16,0015-06-16 15:33:16,11,15,3.13,Mon,android,829323,219054,814002,1,4,1,0,0,0,0,0,0
1003270,0.94,0.00,0015-07-23 12:42:50,0015-07-23 13:42:50,12,13,0.66,Tue,ios,448551,955429,493904,0,1,0,0,0,0,0,0,0
1003271,5.45,0.00,0015-09-20 18:20:03,0015-09-20 22:20:03,18,22,3.45,Wed,android,323250,955429,493904,1,2,0,0,1,0,0,0,0
1003272,5.62,7.50,0015-07-16 18:23:54,0015-07-16 20:23:54,18,20,1.97,Wed,android,617789,568071,144857,1,1,0,0,1,0,0,0,0
1003273,2.12,0.00,0014-04-02 10:29:34,0014-04-02 11:29:34,10,11,0.73,Thu,ios,103207,369001,493904,1,3,0,0,0,0,0,0,0
1003274,7.18,0.00,0015-09-09 17:58:06,0015-09-09 21:58:06,17,21,3.76,Tue,ios,838505,653450,503205,1,3,0,0,0,0,0,0,0
1003275,6.44,0.00,0015-06-19 12:01:31,0015-06-19 16:01:31,12,16,4.00,Mon,ios,402964,250527,976902,0,2,1,0,0,0,0,0,0
1003276,23.68,0.00,0015-09-21 12:09:08,0015-09-21 16:09:08,12,16,3.36,Thu,ios,457016,474204,481066,1,3,0,0,0,0,0,0,0
1003277,4.57,0.00,0015-09-01 16:47:54,0015-09-01 18:47:54,16,18,1.84,Thu,ios,195440,575971,948590,0,2,0,0,0,0,0,0,0
1003278,4.57,0.00,0015-07-09 12:55:39,0015-07-09 16:55:39,12,16,3.03,Thu,ios,735950,914907,648339,0,3,0,0,0,0,0,0,0
1003279,5.51,0.00,0015-05-14 14:05:50,0015-05-14 18:05:50,14,18,3.21,Fri,ios,562597,228137,503205,0,2,0,0,0,0,1,0,0
1003280,4.03,0.00,0015-08-02 19:32:21,0015-08-02 22:32:21,19,22,2.64,Wed,ios,209773,219054,814002,1,2,0,0,1,0,0,0,0
1003281,7.60,0.00,0015-06-06 08:18:59,0015-06-06 12:18:59,08,12,3.08,Wed,ios,518900,474204,481066,0,3,0,0,1,0,0,0,0
1003282,7.89,0.00,0015-06-06 18:07:48,0015-06-06 22:07:48,18,22,3.76,Thu,ios,192929,200695,202527,1,3,0,0,0,0,0,0,0
1003283,2.95,0.00,0015-07-15 18:32:43,0015-07-15 20:32:43,18,20,1.71,Mon,ios,704645,664306,868085,1,3,1,0,0,0,0,0,0
1003284,4.03,0.00,0015-05-22 09:19:46,0015-05-22 12:19:46,09,12,2.27,Mon,ios,308129,414088,566549,0,3,1,0,0,0,0,0,0
1003285,4.96,0.25,0015-09-17 17:07:16,0015-09-17 20:07:16,17,20,2.26,Wed,ios,292212,425476,928191,0,1,0,0,1,0,0,0,0
1003286,0.86,0.00,0015-05-07 16:01:30,0015-05-07 17:01:30,16,17,0.28,Thu,android,652450,369001,493904,0,3,0,0,0,0,0,0,0
1003287,12.20,0.00,0015-09-23 09:48:40,0015-09-23 13:48:40,09,13,3.72,Fri,ios,735624,920264,461655,1,3,0,0,0,0,1,0,0
1003288,4.13,0.00,0015-08-03 11:32:13,0015-08-03 13:32:13,11,13,1.96,Thu,android,422506,902592,566549,1,1,0,0,0,0,0,0,0
1003289,8.89,0.00,0015-07-28 11:08:02,0015-07-28 15:08:02,11,15,3.79,Wed,android,633056,514669,566549,1,3,0,0,1,0,0,0,0
1003290,8.90,0.00,0014-06-07 17:47:20,0014-06-07 20:47:20,17,20,2.77,Fri,ios,330630,987396,978130,1,3,0,0,0,0,1,0,0
1003291,2.11,0.00,0015-05-09 11:30:17,0015-05-09 13:30:17,11,13,1.16,Fri,ios,431337,803398,144857,1,3,0,0,0,0,1,0,0
1003292,23.68,0.00,0015-08-26 17:44:10,0015-08-26 09:44:10,17,09,15.49,Thu,android,269830,207262,928191,0,3,0,0,0,0,0,0,0
1003293,7.45,0.00,0015-09-13 09:04:16,0015-09-13 13:04:16,09,13,3.96,Thu,ios,421466,507660,202527,1,2,0,0,0,0,0,0,0
1003294,11.70,0.00,0015-03-14 11:43:32,0015-03-14 15:43:32,11,15,3.68,Thu,ios,232544,568071,144857,1,3,0,0,0,0,0,0,0
1003295,0.02,0.00,0015-09-13 13:21:16,0015-09-13 14:21:16,13,14,0.02,Wed,android,573645,207262,928191,1,1,0,0,1,0,0,0,0
1003296,9.17,0.00,0015-09-14 17:52:22,0015-09-14 21:52:22,17,21,3.71,Mon,ios,494711,653450,503205,1,1,1,0,0,0,0,0,0
1003297,3.56,0.00,0015-07-27 12:16:00,0015-07-27 15:16:00,12,15,2.07,Wed,ios,734447,134427,620906,1,2,0,0,1,0,0,0,0
1003298,1.83,0.00,0015-06-06 11:11:43,0015-06-06 12:11:43,11,12,0.80,Thu,android,517039,792421,202527,1,3,0,0,0,0,0,0,0
1003299,2.26,0.00,0015-08-23 20:54:00,0015-08-23 21:54:00,20,21,1.00,Mon,ios,975373,951880,144857,1,2,1,0,0,0,0,0,0
1003300,2.25,0.00,0015-05-05 18:55:55,0015-05-05 21:55:55,18,21,2.87,Wed,ios,780111,489543,868085,0,3,0,0,1,0,0,0,0
1003301,3.64,0.00,0015-04-15 16:57:45,0015-04-15 19:57:45,16,19,2.09,Wed,ios,745179,594591,461655,0,3,0,0,1,0,0,0,0
1003302,7.56,1.15,0015-09-23 08:27:32,0015-09-23 11:27:32,08,11,2.88,Thu,ios,846769,738900,976902,1,3,0,0,0,0,0,0,0
1003303,5.40,0.00,0015-09-16 16:10:19,0015-09-16 19:10:19,16,19,2.65,Wed,ios,663102,366832,978130,1,3,0,0,1,0,0,0,0
1003304,5.11,0.00,0015-04-24 11:31:13,0015-04-24 14:31:13,11,14,2.49,Mon,ios,405936,575971,948590,1,3,1,0,0,0,0,0,0
1003305,7.23,0.00,0015-05-04 16:25:27,0015-05-04 19:25:27,16,19,2.58,Thu,android,747316,549414,461655,0,2,0,0,0,0,0,0,0
1003306,7.44,0.00,0015-08-13 13:11:59,0015-08-13 17:11:59,13,17,3.51,Fri,ios,232077,404112,399399,1,2,0,0,0,0,1,0,0
1003307,3.97,0.00,0015-10-02 12:43:29,0015-10-02 14:43:29,12,14,1.34,Fri,android,739300,568071,144857,1,3,0,0,0,0,1,0,0
1003308,23.68,0.00,0015-06-05 19:38:32,0015-06-05 20:38:32,19,20,0.86,Fri,android,562921,445920,125372,1,3,0,0,0,0,1,0,0
1003309,23.68,0.00,0015-04-27 17:48:06,0015-04-27 12:48:06,17,12,18.86,Wed,ios,684446,582873,461655,1,1,0,0,1,0,0,0,0
1003310,0.86,0.00,0015-04-01 15:28:52,0015-04-01 16:28:52,15,16,0.43,Fri,ios,222650,237105,948590,1,1,0,0,0,0,1,0,0
1003311,4.31,0.00,0015-07-18 12:12:12,0015-07-18 15:12:12,12,15,2.54,Mon,ios,356719,582873,461655,1,1,1,0,0,0,0,0,0
1003312,6.49,0.00,0015-09-03 17:02:06,0015-09-03 19:02:06,17,19,1.71,Mon,ios,406429,507660,202527,1,2,1,0,0,0,0,0,0
1003313,5.42,0.00,0015-06-15 17:30:02,0015-06-15 20:30:02,17,20,2.07,Thu,ios,487648,280221,976902,1,2,0,0,0,0,0,0,0
1003314,8.32,0.00,0015-03-11 18:19:23,0015-03-11 21:19:23,18,21,2.51,Tue,ios,819804,638536,868085,0,3,0,0,0,0,0,0,0
1003315,23.68,0.00,0015-07-28 12:53:19,0015-07-28 02:53:19,12,02,37.99,Mon,ios,523420,863084,751082,0,3,1,0,0,0,0,0,0
1003316,5.93,0.00,0015-04-07 13:36:08,0015-04-07 17:36:08,13,17,3.20,Wed,android,408834,474204,481066,1,1,0,0,1,0,0,0,0
1003317,3.24,0.00,0015-04-06 15:17:28,0015-04-06 18:17:28,15,18,2.16,Thu,ios,606792,369001,493904,1,2,0,0,0,0,0,0,0
1003318,4.50,0.00,0015-08-05 13:55:07,0015-08-05 15:55:07,13,15,1.27,Tue,android,716062,801274,976902,0,3,0,0,0,0,0,0,0
1003319,13.43,0.00,0015-09-01 10:49:42,0015-09-01 16:49:42,10,16,5.25,Mon,ios,182444,250527,976902,1,1,1,0,0,0,0,0,0
1003320,23.68,0.00,0015-03-02 12:15:02,0015-03-02 15:15:02,12,15,2.31,Sat,ios,383210,207262,928191,0,1,0,0,0,0,0,1,0
1003321,7.39,0.00,0015-04-27 11:55:57,0015-04-27 14:55:57,11,14,2.20,Fri,ios,207328,569886,868085,0,3,0,0,0,0,1,0,0
1003322,7.89,0.00,0015-09-20 15:40:47,0015-09-20 19:40:47,15,19,3.26,Tue,ios,212997,638536,868085,0,2,0,0,0,0,0,0,0
1003323,3.51,0.00,0015-10-20 16:55:04,0015-10-20 19:55:04,16,19,2.08,Mon,ios,118946,884707,648339,0,4,1,0,0,0,0,0,0
1003324,23.68,7.50,0015-10-26 16:25:01,0015-10-26 21:25:01,16,21,4.08,Mon,ios,186120,489543,868085,1,3,1,0,0,0,0,0,0
1003325,3.40,0.00,0015-08-20 12:24:18,0015-08-20 14:24:18,12,14,2.00,Sat,ios,616844,568071,144857,1,1,0,0,0,0,0,1,0
1003326,4.80,0.13,0015-09-12 19:12:21,0015-09-12 21:12:21,19,21,1.97,Tue,android,553035,425476,928191,0,3,0,0,0,0,0,0,0
1003327,23.68,0.00,0015-08-28 14:35:41,0015-08-28 12:35:41,14,12,21.05,Mon,ios,145310,250527,976902,1,2,1,0,0,0,0,0,0
1003328,4.50,0.00,0015-09-04 12:43:25,0015-09-04 16:43:25,12,16,3.01,Wed,android,572349,207262,928191,0,2,0,0,1,0,0,0,0
1003329,2.08,0.00,0015-09-19 18:13:23,0015-09-19 20:13:23,18,20,1.96,Thu,ios,515707,995505,868085,0,3,0,0,0,0,0,0,0
1003330,23.68,0.00,0015-07-12 17:09:04,0015-07-12 07:09:04,17,07,37.30,Fri,ios,850932,386940,814002,1,3,0,0,0,0,1,0,0
1003331,7.28,0.61,0015-05-02 15:50:32,0015-05-02 19:50:32,15,19,3.33,Thu,ios,607582,414088,566549,1,2,0,0,0,0,0,0,0
1003332,3.98,0.00,0015-08-16 09:01:13,0015-08-16 12:01:13,09,12,2.68,Wed,android,529406,260781,202527,1,2,0,0,1,0,0,0,0
1003333,4.13,0.00,0015-07-09 09:33:29,0015-07-09 14:33:29,09,14,4.58,Thu,ios,785590,575971,948590,1,3,0,0,0,0,0,0,0
1003334,3.01,0.00,0015-06-08 14:45:54,0015-06-08 18:45:54,14,18,3.42,Wed,android,475195,260781,202527,1,3,0,0,1,0,0,0,0
1003335,7.38,0.00,0015-08-22 16:12:42,0015-08-22 19:12:42,16,19,2.13,Thu,ios,433789,250527,976902,1,3,0,0,0,0,0,0,0
1003336,7.94,0.00,0015-08-14 17:05:17,0015-08-14 20:05:17,17,20,2.18,Wed,ios,691378,951880,144857,1,2,0,0,1,0,0,0,0
1003337,2.59,0.00,0015-09-05 11:07:21,0015-09-05 13:07:21,11,13,1.62,Tue,ios,422860,474204,481066,1,1,0,0,0,0,0,0,0
1003338,12.73,0.00,0015-05-24 15:21:59,0015-05-24 19:21:59,15,19,3.58,Wed,android,532989,474204,481066,0,2,0,0,1,0,0,0,0
1003339,2.52,0.00,0015-07-02 17:00:04,0015-07-02 18:00:04,17,18,0.96,Fri,ios,965695,474204,481066,1,3,0,0,0,0,1,0,0
1003340,7.31,0.46,0015-08-08 13:11:14,0015-08-08 16:11:14,13,16,2.95,Sat,ios,395227,474204,481066,1,3,0,0,0,0,0,1,0
1003341,23.68,0.00,0015-09-22 13:38:41,0015-09-22 14:38:41,13,14,0.87,Tue,ios,114272,803398,144857,1,2,0,0,0,0,0,0,0
1003342,6.36,0.00,0015-01-09 18:10:33,0015-01-09 22:10:33,18,22,3.22,Thu,android,189951,884707,648339,1,3,0,0,0,0,0,0,0
1003343,10.19,2.05,0015-05-02 18:53:23,0015-05-02 22:53:23,18,22,3.05,Fri,ios,885989,653450,503205,0,2,0,0,0,0,1,0,0
1003344,3.42,0.00,0015-06-23 15:50:23,0015-06-23 17:50:23,15,17,1.76,Wed,android,234443,474204,481066,1,3,0,0,1,0,0,0,0
1003345,1.20,0.18,0015-09-06 16:36:34,0015-09-06 17:36:34,16,17,0.91,Tue,ios,429629,366832,978130,0,3,0,0,0,0,0,0,0
1003346,7.64,0.56,0015-05-21 09:21:53,0015-05-21 12:21:53,09,12,2.78,Thu,android,243850,711566,928191,0,1,0,0,0,0,0,0,0
1003347,0.29,0.00,0015-05-03 11:14:01,0015-05-03 12:14:01,11,12,0.26,Wed,ios,395694,236379,928191,1,3,0,0,1,0,0,0,0
1003348,7.90,0.00,0015-07-28 09:23:21,0015-07-28 13:23:21,09,13,3.29,Thu,ios,792682,787792,648339,1,3,0,0,0,0,0,0,0
1003349,23.68,4.33,0015-06-21 15:30:39,0015-06-21 19:30:39,15,19,3.05,Tue,ios,917654,874950,814002,1,3,0,0,0,0,0,0,0
1003350,6.36,0.00,0015-06-26 16:18:39,0015-06-26 20:18:39,16,20,3.17,Tue,ios,630610,955429,493904,1,4,0,0,0,0,0,0,0
1003351,9.20,0.00,0015-04-16 17:20:03,0015-04-16 21:20:03,17,21,3.27,Tue,android,984330,369001,493904,0,3,0,0,0,0,0,0,0
1003352,11.81,0.00,0015-09-05 11:44:23,0015-09-05 16:44:23,11,16,4.41,Fri,ios,189876,474204,481066,0,2,0,0,0,0,1,0,0
1003353,12.02,0.00,0015-04-14 19:25:47,0015-04-14 23:25:47,19,23,3.93,Wed,ios,610198,871619,125372,1,3,0,0,1,0,0,0,0
1003354,4.22,0.00,0015-08-11 16:57:04,0015-08-11 20:57:04,16,20,3.69,Tue,ios,306835,474204,481066,1,2,0,0,0,0,0,0,0
1003355,2.89,0.00,0015-06-06 12:25:19,0015-06-06 14:25:19,12,14,1.52,Wed,ios,856350,207262,928191,0,3,0,0,1,0,0,0,0
1003356,6.82,0.00,0015-08-26 13:17:29,0015-08-26 17:17:29,13,17,3.24,Thu,ios,581843,369001,493904,0,2,0,0,0,0,0,0,0
1003357,1.03,0.00,0015-10-21 14:19:17,0015-10-21 15:19:17,14,15,0.80,Tue,android,389597,489543,868085,1,3,0,0,0,0,0,0,0
1003358,5.53,0.54,0015-08-02 12:18:19,0015-08-02 15:18:19,12,15,2.92,Wed,android,651637,280221,976902,1,3,0,0,1,0,0,0,0
1003359,23.68,0.00,0015-07-15 17:18:37,0015-07-15 20:18:37,17,20,2.59,Fri,ios,825208,474204,481066,0,1,0,0,0,0,1,0,0
1003360,4.54,0.00,0015-08-17 17:06:20,0015-08-17 20:06:20,17,20,2.58,Thu,ios,904761,425476,928191,0,3,0,0,0,0,0,0,0
1003361,8.26,0.00,0015-08-01 16:46:29,0015-08-01 20:46:29,16,20,3.10,Wed,ios,770983,369001,493904,1,3,0,0,1,0,0,0,0
1003362,2.76,0.00,0015-02-04 13:49:59,0015-02-04 16:49:59,13,16,2.16,Mon,ios,702616,955429,493904,0,2,1,0,0,0,0,0,0
1003363,7.85,0.00,0015-07-12 09:21:50,0015-07-12 13:21:50,09,13,3.23,Wed,ios,657621,569886,868085,1,3,0,0,1,0,0,0,0
1003364,4.33,0.00,0015-09-25 18:56:47,0015-09-25 21:56:47,18,21,2.19,Wed,ios,233362,569889,461655,1,3,0,0,1,0,0,0,0
1003365,6.33,7.50,0015-07-15 12:10:24,0015-07-15 15:10:24,12,15,2.39,Tue,android,149387,250527,976902,0,3,0,0,0,0,0,0,0
1003366,23.68,0.00,0015-05-19 09:15:10,0015-05-19 15:15:10,09,15,29.16,Fri,ios,288087,451479,648339,1,3,0,0,0,0,1,0,0
1003367,8.10,0.00,0015-07-19 12:24:58,0015-07-19 16:24:58,12,16,3.18,Thu,android,801960,414088,566549,1,3,0,0,0,0,0,0,0
1003368,1.67,0.00,0015-05-24 10:01:51,0015-05-24 11:01:51,10,11,0.54,Wed,ios,135747,987396,978130,1,3,0,0,1,0,0,0,0
1003369,9.92,0.00,0015-07-27 11:23:07,0015-07-27 15:23:07,11,15,3.38,Mon,ios,704587,638536,868085,1,2,1,0,0,0,0,0,0
1003370,3.03,0.00,0015-07-22 19:50:13,0015-07-22 22:50:13,19,22,2.19,Wed,ios,928404,431796,461655,0,3,0,0,1,0,0,0,0
1003371,13.96,1.81,0015-07-09 14:39:59,0015-07-09 19:39:59,14,19,4.60,Mon,ios,667003,902592,566549,0,3,1,0,0,0,0,0,0
1003372,7.92,0.00,0015-07-21 18:30:42,0015-07-21 22:30:42,18,22,3.95,Tue,ios,208874,863084,751082,1,3,0,0,0,0,0,0,0
1003373,7.02,0.00,0015-08-05 18:13:33,0015-08-05 21:13:33,18,21,2.04,Wed,android,400441,569886,868085,0,3,0,0,1,0,0,0,0
1003374,6.99,0.00,0015-07-09 11:35:43,0015-07-09 15:35:43,11,15,3.13,Mon,android,277540,474204,481066,1,1,1,0,0,0,0,0,0
1003375,4.52,0.00,0015-09-15 12:37:15,0015-09-15 14:37:15,12,14,1.94,Wed,android,499377,792421,202527,1,3,0,0,1,0,0,0,0
1003376,13.52,0.00,0015-09-22 12:24:04,0015-09-22 13:24:04,12,13,0.81,Wed,ios,376339,932939,868085,1,1,0,0,1,0,0,0,0
1003377,4.40,0.00,0015-03-15 11:55:02,0015-03-15 13:55:02,11,13,1.75,Thu,ios,533642,207262,928191,0,3,0,0,0,0,0,0,0
1003378,9.20,6.72,0015-05-25 11:17:25,0015-05-25 15:17:25,11,15,3.30,Mon,android,474634,280221,976902,0,1,1,0,0,0,0,0,0
1003379,2.56,0.00,0015-08-13 12:46:15,0015-08-13 14:46:15,12,14,1.81,Tue,ios,615254,445920,125372,1,3,0,0,0,0,0,0,0
1003380,2.56,0.82,0015-06-06 16:50:37,0015-06-06 18:50:37,16,18,1.09,Tue,android,465062,572249,144857,1,3,0,0,0,0,0,0,0
1003381,6.55,0.00,0015-08-13 17:05:31,0015-08-13 20:05:31,17,20,2.56,Wed,ios,981487,632920,461655,1,1,0,0,1,0,0,0,0
1003382,4.63,0.00,0015-10-01 12:31:37,0015-10-01 15:31:37,12,15,2.98,Mon,android,303955,955429,493904,1,2,1,0,0,0,0,0,0
1003383,5.45,0.00,0015-09-19 17:11:54,0015-09-19 20:11:54,17,20,2.51,Wed,ios,717444,414088,566549,1,3,0,0,1,0,0,0,0
1003384,8.16,0.00,0015-03-16 17:23:00,0015-03-16 21:23:00,17,21,3.15,Wed,android,262936,638536,868085,1,3,0,0,1,0,0,0,0
1003385,6.26,0.00,0015-05-22 11:07:13,0015-05-22 15:07:13,11,15,3.73,Wed,ios,761504,653450,503205,1,2,0,0,1,0,0,0,0
1003386,4.94,0.00,0015-08-19 11:20:16,0015-08-19 13:20:16,11,13,1.69,Fri,android,358523,228137,503205,0,2,0,0,0,0,1,0,0
1003387,7.80,0.00,0015-09-10 10:01:43,0015-09-10 13:01:43,10,13,2.73,Thu,ios,626743,405157,976902,1,3,0,0,0,0,0,0,0
1003388,1.59,0.00,0015-07-19 13:51:32,0015-07-19 17:51:32,13,17,3.78,Mon,ios,342351,878706,461655,1,2,1,0,0,0,0,0,0
1003389,6.54,0.00,0015-04-27 11:08:11,0015-04-27 14:08:11,11,14,2.77,Tue,ios,845406,425476,928191,0,2,0,0,0,0,0,0,0
1003390,6.55,0.00,0015-09-12 12:15:09,0015-09-12 15:15:09,12,15,2.34,Tue,ios,694226,955429,493904,0,1,0,0,0,0,0,0,0
1003391,23.68,0.00,0015-06-11 16:52:44,0015-06-11 12:52:44,16,12,43.79,Fri,ios,973719,955429,493904,1,1,0,0,0,0,1,0,0
1003392,19.06,0.00,0015-04-27 12:46:00,0015-04-27 17:46:00,12,17,4.60,Wed,android,514308,474204,481066,0,2,0,0,1,0,0,0,0
1003393,10.17,0.00,0015-07-03 10:13:58,0015-07-03 15:13:58,10,15,4.05,Mon,android,191506,653450,503205,1,2,1,0,0,0,0,0,0
1003394,6.84,0.00,0015-06-14 09:59:13,0015-06-14 12:59:13,09,12,2.63,Mon,ios,496589,431796,461655,1,3,1,0,0,0,0,0,0
1003395,11.19,0.00,0015-07-20 12:48:37,0015-07-20 14:48:37,12,14,1.07,Thu,ios,876617,801274,976902,1,3,0,0,0,0,0,0,0
1003396,9.98,0.00,0015-06-26 16:51:22,0015-06-26 20:51:22,16,20,3.35,Wed,ios,812894,517464,144857,1,3,0,0,1,0,0,0,0
1003397,7.55,0.00,0015-08-07 11:07:31,0015-08-07 14:07:31,11,14,2.72,Tue,android,294961,955429,493904,0,3,0,0,0,0,0,0,0
1003398,23.68,0.00,0015-08-27 17:30:12,0015-08-27 22:30:12,17,22,28.19,Tue,ios,369875,653450,503205,1,1,0,0,0,0,0,0,0
1003399,6.13,0.00,0015-06-12 11:34:15,0015-06-12 15:34:15,11,15,3.49,Tue,android,412916,955429,493904,1,3,0,0,0,0,0,0,0
1003400,23.68,0.83,0015-06-14 12:46:12,0015-06-14 04:46:12,12,04,39.75,Thu,ios,763524,369001,493904,0,2,0,0,0,0,0,0,0
1003401,8.33,0.00,0015-07-12 11:16:28,0015-07-12 15:16:28,11,15,3.18,Mon,ios,764544,955429,493904,1,1,1,0,0,0,0,0,0
1003402,4.24,0.00,0015-06-18 17:36:09,0015-06-18 21:36:09,17,21,3.36,Mon,ios,861090,653450,503205,1,2,1,0,0,0,0,0,0
1003403,3.25,0.00,0015-08-10 13:22:29,0015-08-10 15:22:29,13,15,1.44,Thu,ios,775707,474204,481066,1,4,0,0,0,0,0,0,0
1003404,7.50,0.00,0015-09-20 11:12:06,0015-09-20 16:12:06,11,16,4.29,Tue,android,554681,955429,493904,1,1,0,0,0,0,0,0,0
1003405,6.63,0.00,0015-07-14 12:06:27,0015-07-14 16:06:27,12,16,3.81,Wed,ios,931819,369001,493904,0,2,0,0,1,0,0,0,0
1003406,10.33,0.00,0015-07-16 16:00:26,0015-07-16 20:00:26,16,20,3.12,Wed,android,927782,369001,493904,1,3,0,0,1,0,0,0,0
1003407,3.71,0.00,0014-06-20 16:49:28,0014-06-20 18:49:28,16,18,1.58,Thu,android,550922,369001,493904,1,3,0,0,0,0,0,0,0
1003408,8.07,0.00,0015-08-15 16:35:59,0015-08-15 21:35:59,16,21,4.01,Wed,ios,371043,987396,978130,1,3,0,0,1,0,0,0,0
1003409,23.68,0.00,0015-04-12 16:15:56,0015-04-12 18:15:56,16,18,1.46,Thu,android,217644,371335,461655,1,3,0,0,0,0,0,0,0
1003410,8.08,0.00,0015-09-08 11:38:55,0015-09-08 14:38:55,11,14,2.72,Wed,android,762968,219054,814002,1,2,0,0,1,0,0,0,0
1003411,4.84,0.00,0015-06-02 16:39:22,0015-06-02 19:39:22,16,19,2.52,Wed,android,631723,207262,928191,0,3,0,0,1,0,0,0,0
1003412,5.88,0.00,0015-04-14 15:31:32,0015-04-14 18:31:32,15,18,2.02,Tue,ios,482483,280221,976902,0,2,0,0,0,0,0,0,0
1003413,5.35,0.00,0015-08-08 13:32:23,0015-08-08 16:32:23,13,16,2.84,Tue,ios,831534,474204,481066,0,2,0,0,0,0,0,0,0
1003414,3.14,0.30,0015-08-17 12:31:06,0015-08-17 14:31:06,12,14,1.09,Wed,ios,894174,787792,648339,1,3,0,0,1,0,0,0,0
1003415,5.10,0.00,0015-08-14 17:42:36,0015-08-14 20:42:36,17,20,2.87,Sat,android,919771,878706,461655,0,3,0,0,0,0,0,1,0
1003416,4.42,0.00,0015-08-11 13:44:40,0015-08-11 16:44:40,13,16,2.21,Thu,ios,189286,405157,976902,1,1,0,0,0,0,0,0,0
1003417,12.08,0.00,0015-04-09 10:19:46,0015-04-09 14:19:46,10,14,3.97,Fri,ios,249532,371335,461655,1,3,0,0,0,0,1,0,0
1003418,9.17,0.00,0015-07-25 09:23:10,0015-07-25 13:23:10,09,13,3.54,Mon,ios,486065,943765,461655,1,3,1,0,0,0,0,0,0
1003419,23.68,0.00,0015-07-02 17:28:50,0015-07-02 13:28:50,17,13,19.38,Fri,ios,100485,944515,976902,1,2,0,0,0,0,1,0,0
1003420,4.65,0.00,0015-08-04 19:39:54,0015-08-04 22:39:54,19,22,2.23,Wed,ios,207526,250527,976902,1,2,0,0,1,0,0,0,0
1003421,1.17,0.00,0015-04-17 13:09:36,0015-04-17 15:09:36,13,15,1.65,Tue,android,129758,445920,125372,1,3,0,0,0,0,0,0,0
1003422,12.00,0.00,0015-06-10 16:28:16,0015-06-10 21:28:16,16,21,4.10,Thu,ios,488124,369001,493904,1,3,0,0,0,0,0,0,0
1003423,6.29,0.00,0015-07-20 09:58:31,0015-07-20 12:58:31,09,12,2.40,Wed,ios,964753,414088,566549,1,3,0,0,1,0,0,0,0
1003424,12.38,0.00,0015-09-21 18:35:34,0015-09-21 23:35:34,18,23,4.04,Wed,ios,847576,653450,503205,1,3,0,0,1,0,0,0,0
1003425,7.07,0.00,0015-03-02 10:07:27,0015-03-02 14:07:27,10,14,3.70,Wed,android,709909,582873,461655,1,3,0,0,1,0,0,0,0
1003426,8.48,0.55,0015-09-04 21:31:43,0015-09-04 00:31:43,21,00,2.77,Wed,ios,843097,932939,868085,0,1,0,0,1,0,0,0,0
1003427,23.68,0.00,0015-08-18 13:46:52,0015-08-18 15:46:52,13,15,1.66,Mon,ios,117691,369001,493904,0,3,1,0,0,0,0,0,0
1003428,3.72,0.00,0015-08-13 10:29:40,0015-08-13 14:29:40,10,14,3.29,Thu,ios,163696,369001,493904,1,2,0,0,0,0,0,0,0
1003429,11.63,0.00,0015-09-19 18:43:30,0015-09-19 23:43:30,18,23,4.17,Mon,ios,431836,425476,928191,1,3,1,0,0,0,0,0,0
1003430,3.20,0.00,0015-06-20 18:41:43,0015-06-20 20:41:43,18,20,1.90,Wed,ios,693037,489543,868085,0,3,0,0,1,0,0,0,0
1003431,2.45,0.00,0015-09-23 11:16:39,0015-09-23 13:16:39,11,13,1.60,Tue,ios,736700,369001,493904,1,3,0,0,0,0,0,0,0
1003432,9.71,0.00,0015-08-16 12:08:33,0015-08-16 17:08:33,12,17,4.05,Thu,android,972216,929628,751082,1,2,0,0,0,0,0,0,0
1003433,23.68,0.00,0015-08-17 11:11:28,0015-08-17 14:11:28,11,14,2.50,Wed,ios,286651,250527,976902,0,2,0,0,1,0,0,0,0
1003434,7.89,0.00,0015-07-08 16:35:23,0015-07-08 19:35:23,16,19,2.95,Fri,android,765283,369001,493904,0,1,0,0,0,0,1,0,0
1003435,5.10,0.00,0015-09-10 16:49:19,0015-09-10 19:49:19,16,19,2.96,Mon,android,937327,878706,461655,0,3,1,0,0,0,0,0,0
1003436,3.34,0.00,0015-09-22 19:08:10,0015-09-22 21:08:10,19,21,1.34,Thu,ios,363340,369001,493904,0,3,0,0,0,0,0,0,0
1003437,0.18,0.00,0015-09-01 15:13:11,0015-09-01 16:13:11,15,16,0.11,Thu,android,170851,902592,566549,1,3,0,0,0,0,0,0,0
1003438,23.68,0.00,0015-09-11 11:52:53,0015-09-11 14:52:53,11,14,2.67,Tue,android,774856,219054,814002,1,3,0,0,0,0,0,0,0
1003439,0.53,0.00,0015-07-07 16:13:44,0015-07-07 17:13:44,16,17,0.38,Thu,ios,753255,219054,814002,0,1,0,0,0,0,0,0,0
1003440,5.27,0.00,0015-05-28 11:13:13,0015-05-28 14:13:13,11,14,2.29,Tue,ios,517190,738900,976902,0,1,0,0,0,0,0,0,0
1003441,7.18,0.00,0015-03-24 15:20:54,0015-03-24 19:20:54,15,19,3.09,Fri,android,622670,250527,976902,1,2,0,0,0,0,1,0,0
1003442,9.99,0.00,0015-07-25 17:35:58,0015-07-25 21:35:58,17,21,3.43,Wed,ios,669793,250527,976902,1,3,0,0,1,0,0,0,0
1003443,7.48,0.00,0015-07-22 12:20:43,0015-07-22 15:20:43,12,15,2.80,Wed,ios,154795,632920,461655,1,1,0,0,1,0,0,0,0
1003444,6.10,0.00,0015-09-11 11:04:06,0015-09-11 14:04:06,11,14,2.47,Thu,android,627517,288445,978130,1,3,0,0,0,0,0,0,0
1003445,2.02,0.00,0015-05-16 19:39:22,0015-05-16 20:39:22,19,20,0.75,Wed,ios,107054,951880,144857,0,3,0,0,1,0,0,0,0
1003446,0.88,0.00,0015-05-06 17:32:23,0015-05-06 18:32:23,17,18,0.52,Thu,ios,760229,207262,928191,0,1,0,0,0,0,0,0,0
1003447,8.52,0.00,0015-08-06 11:49:49,0015-08-06 15:49:49,11,15,3.76,Tue,ios,959946,575971,948590,1,3,0,0,0,0,0,0,0
1003448,6.80,0.00,0015-09-11 12:46:06,0015-09-11 17:46:06,12,17,4.02,Sat,ios,802935,638536,868085,1,3,0,0,0,0,0,1,0
1003449,7.77,0.00,0015-09-18 17:38:15,0015-09-18 21:38:15,17,21,3.49,Thu,ios,792854,632920,461655,1,3,0,0,0,0,0,0,0
1003450,9.00,1.46,0015-09-03 17:27:37,0015-09-03 20:27:37,17,20,2.41,Thu,ios,850250,207262,928191,1,3,0,0,0,0,0,0,0
1003451,3.08,0.00,0015-04-02 15:04:35,0015-04-02 17:04:35,15,17,1.22,Thu,ios,401078,507660,202527,0,3,0,0,0,0,0,0,0
1003452,3.13,0.00,0015-05-20 14:45:06,0015-05-20 19:45:06,14,19,4.39,Fri,android,888441,894409,928191,1,3,0,0,0,0,1,0,0
1003453,7.08,0.00,0015-08-09 16:03:01,0015-08-09 20:03:01,16,20,3.88,Mon,ios,404985,955429,493904,1,1,1,0,0,0,0,0,0
1003454,11.91,0.00,0015-05-01 11:43:32,0015-05-01 16:43:32,11,16,4.12,Thu,android,436108,355208,976902,1,1,0,0,0,0,0,0,0
1003455,4.10,0.00,0015-07-02 12:45:23,0015-07-02 15:45:23,12,15,2.31,Tue,ios,975470,653450,503205,1,3,0,0,0,0,0,0,0
1003456,1.32,0.00,0015-01-26 13:37:24,0015-01-26 17:37:24,13,17,3.27,Fri,ios,388981,871619,125372,1,3,0,0,0,0,1,0,0
1003457,5.89,0.00,0015-09-26 14:55:35,0015-09-26 16:55:35,14,16,1.98,Thu,ios,664233,664306,868085,0,1,0,0,0,0,0,0,0
1003458,3.67,0.00,0015-08-28 15:08:56,0015-08-28 17:08:56,15,17,1.56,Fri,ios,364060,987396,978130,0,2,0,0,0,0,1,0,0
1003459,0.49,0.00,0015-02-14 11:07:01,0015-02-14 12:07:01,11,12,0.18,Fri,android,899856,474204,481066,0,1,0,0,0,0,1,0,0
1003460,3.20,0.00,0015-08-11 15:49:30,0015-08-11 17:49:30,15,17,1.98,Wed,android,543675,207262,928191,1,2,0,0,1,0,0,0,0
1003461,4.65,0.00,0015-08-19 16:44:05,0015-08-19 19:44:05,16,19,2.10,Fri,ios,688420,569886,868085,1,3,0,0,0,0,1,0,0
1003462,4.26,0.00,0015-08-04 16:46:14,0015-08-04 19:46:14,16,19,2.07,Thu,ios,378868,474204,481066,1,3,0,0,0,0,0,0,0
1003463,3.41,0.00,0015-08-25 16:48:06,0015-08-25 18:48:06,16,18,1.61,Wed,ios,896354,228137,503205,0,3,0,0,1,0,0,0,0
1003464,1.74,0.00,0015-09-06 11:11:47,0015-09-06 12:11:47,11,12,0.82,Thu,ios,790811,944515,976902,0,3,0,0,0,0,0,0,0
1003465,4.13,0.00,0015-06-25 13:35:06,0015-06-25 16:35:06,13,16,2.58,Wed,android,248091,445920,125372,0,2,0,0,1,0,0,0,0
1003466,3.77,0.00,0015-08-28 16:40:11,0015-08-28 19:40:11,16,19,2.84,Wed,android,939613,369001,493904,0,3,0,0,1,0,0,0,0
1003467,4.95,0.00,0015-10-08 17:31:31,0015-10-08 21:31:31,17,21,3.32,Mon,ios,874750,871619,125372,0,1,1,0,0,0,0,0,0
1003468,9.31,0.00,0015-06-08 10:14:15,0015-06-08 15:14:15,10,15,4.30,Fri,ios,758684,445920,125372,0,3,0,0,0,0,1,0,0
1003469,23.68,0.00,0015-08-14 13:35:23,0015-08-14 20:35:23,13,20,54.52,Mon,ios,537321,366832,978130,1,2,1,0,0,0,0,0,0
1003470,6.43,0.00,0015-09-15 11:53:49,0015-09-15 15:53:49,11,15,3.27,Fri,ios,259767,874950,814002,0,3,0,0,0,0,1,0,0
1003471,2.07,0.00,0015-09-02 16:40:54,0015-09-02 18:40:54,16,18,1.33,Tue,ios,960333,414088,566549,1,2,0,0,0,0,0,0,0
1003472,15.97,0.00,0015-04-17 17:18:32,0015-04-17 22:18:32,17,22,4.51,Tue,android,871003,871619,125372,1,2,0,0,0,0,0,0,0
1003473,7.86,0.00,0015-06-25 16:03:18,0015-06-25 19:03:18,16,19,2.78,Tue,android,531935,474204,481066,1,1,0,0,0,0,0,0,0
1003474,3.92,0.00,0015-01-04 12:55:18,0015-01-04 15:55:18,12,15,2.29,Wed,ios,406612,944515,976902,0,3,0,0,1,0,0,0,0
1003475,4.69,0.00,0015-04-18 17:42:51,0015-04-18 20:42:51,17,20,2.53,Tue,ios,362146,405157,976902,1,1,0,0,0,0,0,0,0
1003476,9.55,0.00,0015-09-20 10:06:14,0015-09-20 14:06:14,10,14,3.64,Tue,ios,325082,878706,461655,1,3,0,0,0,0,0,0,0
1003477,2.72,0.00,0015-12-24 21:07:23,0015-12-24 00:07:23,21,00,2.13,Fri,android,934424,944515,976902,1,2,0,0,0,0,1,0,0
1003478,2.40,0.00,0015-07-06 17:18:30,0015-07-06 19:18:30,17,19,1.56,Wed,ios,172183,474204,481066,0,3,0,0,1,0,0,0,0
1003479,4.03,0.51,0015-09-28 16:27:15,0015-09-28 18:27:15,16,18,1.72,Wed,ios,319925,431796,461655,1,1,0,0,1,0,0,0,0
1003480,4.90,7.28,0014-04-17 12:12:40,0014-04-17 15:12:40,12,15,2.70,Wed,ios,266846,914305,648339,0,1,0,0,1,0,0,0,0
1003481,5.34,0.00,0015-06-04 17:46:03,0015-06-04 20:46:03,17,20,2.97,Fri,ios,800462,653450,503205,1,1,0,0,0,0,1,0,0
1003482,8.62,0.00,0015-04-06 15:35:07,0015-04-06 18:35:07,15,18,2.80,Tue,android,367603,995505,868085,1,3,0,0,0,0,0,0,0
1003483,3.27,0.00,0015-08-11 20:12:51,0015-08-11 23:12:51,20,23,2.31,Thu,ios,233817,474204,481066,0,2,0,0,0,0,0,0,0
1003484,4.57,0.00,0015-09-07 16:11:18,0015-09-07 18:11:18,16,18,1.63,Wed,ios,125605,131897,566549,0,3,0,0,1,0,0,0,0
1003485,3.82,0.00,0015-08-13 11:12:14,0015-08-13 13:12:14,11,13,1.54,Tue,ios,278999,425476,928191,1,3,0,0,0,0,0,0,0
1003486,5.05,0.00,0015-05-16 09:07:57,0015-05-16 11:07:57,09,11,1.55,Fri,ios,552643,920264,461655,0,1,0,0,0,0,1,0,0
1003487,6.71,0.00,0015-03-17 10:53:52,0015-03-17 14:53:52,10,14,3.27,Sat,android,139129,932939,868085,1,3,0,0,0,0,0,1,0
1003488,3.41,0.00,0015-08-18 10:13:05,0015-08-18 12:13:05,10,12,1.22,Fri,ios,475680,664306,868085,0,3,0,0,0,0,1,0,0
1003489,7.27,0.00,0015-04-09 09:18:01,0015-04-09 13:18:01,09,13,3.56,Tue,android,507856,632920,461655,1,3,0,0,0,0,0,0,0
1003490,5.67,0.00,0015-06-07 09:24:55,0015-06-07 12:24:55,09,12,2.57,Mon,android,597849,801274,976902,0,1,1,0,0,0,0,0,0
1003491,7.89,0.00,0015-06-27 19:50:05,0015-06-27 23:50:05,19,23,3.54,Wed,ios,149763,369001,493904,0,3,0,0,1,0,0,0,0
1003492,3.32,0.00,0015-08-14 11:12:54,0015-08-14 14:12:54,11,14,2.74,Tue,android,132805,237105,948590,0,3,0,0,0,0,0,0,0
1003493,0.21,0.00,0015-09-05 11:14:28,0015-09-05 12:14:28,11,12,0.41,Wed,ios,809350,875343,747048,1,1,0,0,1,0,0,0,0
1003494,23.04,0.00,0015-05-26 11:25:21,0015-05-26 20:25:21,11,20,8.38,Mon,ios,731148,228137,503205,1,3,1,0,0,0,0,0,0
1003495,6.63,0.00,0015-09-13 09:21:14,0015-09-13 12:21:14,09,12,2.43,Wed,android,266940,236379,928191,0,3,0,0,1,0,0,0,0
1003496,8.70,0.00,0015-07-05 17:10:26,0015-07-05 22:10:26,17,22,4.19,Wed,android,943838,219054,814002,1,3,0,0,1,0,0,0,0
1003497,1.65,0.00,0015-09-25 11:10:44,0015-09-25 12:10:44,11,12,0.70,Thu,ios,571749,474204,481066,1,3,0,0,0,0,0,0,0
1003498,1.61,0.00,0015-05-21 17:59:25,0015-05-21 18:59:25,17,18,0.65,Wed,ios,332904,489543,868085,1,3,0,0,1,0,0,0,0
1003499,1.89,0.00,0015-04-19 12:38:23,0015-04-19 14:38:23,12,14,1.87,Fri,ios,951206,929628,751082,1,3,0,0,0,0,1,0,0
1003500,8.87,0.00,0015-06-27 11:40:29,0015-06-27 15:40:29,11,15,3.13,Tue,ios,636582,414088,566549,1,3,0,0,0,0,0,0,0
1003501,3.49,0.00,0015-09-21 20:14:27,0015-09-21 23:14:27,20,23,2.16,Fri,ios,909444,405157,976902,0,2,0,0,0,0,1,0,0
1003502,23.68,0.00,0015-04-21 18:37:41,0015-04-21 09:37:41,18,09,38.54,Fri,android,442482,280221,976902,1,2,0,0,0,0,1,0,0
1003503,8.11,0.00,0015-10-02 14:51:44,0015-10-02 19:51:44,14,19,4.03,Wed,ios,290119,871619,125372,0,3,0,0,1,0,0,0,0
1003504,23.68,0.00,0015-09-18 14:54:25,0015-09-18 09:54:25,14,09,18.19,Wed,ios,987216,878706,461655,0,3,0,0,1,0,0,0,0
1003505,2.72,0.00,0015-05-10 11:26:30,0015-05-10 13:26:30,11,13,1.03,Thu,ios,560434,638536,868085,0,3,0,0,0,0,0,0,0
1003506,5.87,0.00,0015-01-26 17:23:55,0015-01-26 21:23:55,17,21,3.14,Tue,ios,574371,875343,747048,1,3,0,0,0,0,0,0,0
1003507,2.56,0.00,0015-05-03 11:14:43,0015-05-03 15:14:43,11,15,3.19,Wed,ios,605817,425476,928191,1,3,0,0,1,0,0,0,0
1003508,14.89,0.00,0015-10-07 16:27:31,0015-10-07 19:27:31,16,19,2.36,Fri,ios,909521,228137,503205,0,2,0,0,0,0,1,0,0
1003509,0.88,0.00,0015-08-15 19:04:53,0015-08-15 21:04:53,19,21,1.90,Fri,ios,654724,369001,493904,1,3,0,0,0,0,1,0,0
1003510,4.95,3.33,0015-08-23 13:14:30,0015-08-23 16:14:30,13,16,2.02,Mon,ios,614157,366832,978130,1,2,1,0,0,0,0,0,0
1003511,7.73,0.00,0015-04-20 12:58:41,0015-04-20 16:58:41,12,16,3.77,Mon,ios,325876,366832,978130,1,3,1,0,0,0,0,0,0
1003512,0.11,0.06,0015-08-03 16:34:00,0015-08-03 19:34:00,16,19,2.48,Thu,ios,969633,369001,493904,1,3,0,0,0,0,0,0,0
1003513,4.51,0.67,0015-05-06 16:44:25,0015-05-06 19:44:25,16,19,2.98,Tue,android,972661,891421,144857,1,3,0,0,0,0,0,0,0
1003514,3.90,0.00,0015-08-07 12:50:17,0015-08-07 16:50:17,12,16,3.48,Mon,ios,600018,219054,814002,0,3,1,0,0,0,0,0,0
1003515,23.68,0.00,0015-10-03 12:50:51,0015-10-03 17:50:51,12,17,4.50,Tue,android,217517,474204,481066,1,3,0,0,0,0,0,0,0
1003516,4.93,0.00,0015-04-11 15:32:40,0015-04-11 18:32:40,15,18,2.51,Wed,android,920789,863084,751082,1,3,0,0,1,0,0,0,0
1003517,23.68,1.30,0015-09-11 15:20:02,0015-09-11 18:20:02,15,18,26.95,Wed,ios,931276,891421,144857,1,2,0,0,1,0,0,0,0
1003518,23.68,0.00,0015-09-23 09:29:22,0015-09-23 13:29:22,09,13,3.15,Wed,ios,782463,250527,976902,0,1,0,0,1,0,0,0,0
1003519,4.96,0.00,0015-05-22 11:29:40,0015-05-22 14:29:40,11,14,2.34,Fri,android,102496,129465,461655,1,3,0,0,0,0,1,0,0
1003520,7.04,0.00,0015-08-01 16:15:06,0015-08-01 20:15:06,16,20,3.64,Fri,ios,643228,758780,399399,0,3,0,0,0,0,1,0,0
1003521,2.10,0.00,0015-09-07 13:39:03,0015-09-07 14:39:03,13,14,0.71,Tue,ios,505477,369001,493904,1,2,0,0,0,0,0,0,0
1003522,12.08,0.00,0015-09-02 14:40:10,0015-09-02 19:40:10,14,19,4.58,Mon,ios,173473,944515,976902,0,2,1,0,0,0,0,0,0
1003523,23.68,0.00,0015-06-14 10:19:52,0015-06-14 15:19:52,10,15,52.89,Thu,ios,377546,944515,976902,0,3,0,0,0,0,0,0,0
1003524,8.16,0.00,0015-06-08 19:44:52,0015-06-08 00:44:52,19,00,4.07,Mon,android,322191,638536,868085,0,2,1,0,0,0,0,0,0
1003525,10.38,0.00,0015-09-26 11:49:11,0015-09-26 15:49:11,11,15,3.74,Tue,android,403595,445920,125372,1,3,0,0,0,0,0,0,0
1003526,3.94,0.00,0015-09-14 11:44:19,0015-09-14 14:44:19,11,14,2.39,Mon,ios,774444,369001,493904,1,3,1,0,0,0,0,0,0
1003527,5.97,0.35,0015-07-19 17:18:22,0015-07-19 22:18:22,17,22,4.06,Wed,ios,927811,474204,481066,0,3,0,0,1,0,0,0,0
1003528,8.46,0.00,0015-05-06 13:08:49,0015-05-06 17:08:49,13,17,3.59,Thu,ios,486492,664306,868085,1,3,0,0,0,0,0,0,0
1003529,0.03,0.00,0014-05-08 17:53:44,0014-05-08 21:53:44,17,21,3.14,Mon,ios,930826,638536,868085,0,3,1,0,0,0,0,0,0
1003530,1.29,0.00,0015-08-10 08:56:05,0015-08-10 10:56:05,08,10,1.42,Mon,ios,322155,738900,976902,1,1,1,0,0,0,0,0,0
1003531,6.62,0.00,0015-06-18 10:29:56,0015-06-18 14:29:56,10,14,3.47,Wed,ios,570274,987396,978130,0,1,0,0,1,0,0,0,0
1003532,4.74,0.00,0015-06-25 16:50:48,0015-06-25 18:50:48,16,18,1.56,Wed,android,196969,911231,202527,1,4,0,0,1,0,0,0,0
1003533,5.60,0.00,0015-09-05 08:29:31,0015-09-05 11:29:31,08,11,2.04,Thu,android,774488,875343,747048,1,3,0,0,0,0,0,0,0
1003534,3.28,0.00,0015-01-28 11:12:59,0015-01-28 13:12:59,11,13,1.74,Wed,ios,424425,951880,144857,1,3,0,0,1,0,0,0,0
1003535,23.68,0.00,0015-07-28 15:54:56,0015-07-28 19:54:56,15,19,3.93,Thu,android,856240,386940,814002,0,3,0,0,0,0,0,0,0
1003536,2.80,0.29,0015-05-26 16:16:46,0015-05-26 19:16:46,16,19,2.49,Tue,android,882217,431796,461655,1,3,0,0,0,0,0,0,0
1003537,12.62,0.00,0015-08-20 14:53:20,0015-08-20 19:53:20,14,19,4.16,Fri,android,928892,638536,868085,1,3,0,0,0,0,1,0,0
1003538,2.95,0.00,0015-06-16 19:51:52,0015-06-16 21:51:52,19,21,1.72,Fri,ios,669586,875343,747048,1,1,0,0,0,0,1,0,0
1003539,0.48,0.00,0015-06-24 11:41:17,0015-06-24 13:41:17,11,13,1.65,Mon,ios,898037,405157,976902,0,3,1,0,0,0,0,0,0
1003540,8.65,0.00,0015-07-19 12:47:53,0015-07-19 16:47:53,12,16,3.24,Fri,ios,880211,987396,978130,1,1,0,0,0,0,1,0,0
1003541,0.40,0.00,0015-09-08 12:59:59,0015-09-08 16:59:59,12,16,3.49,Tue,ios,468309,474204,481066,0,3,0,0,0,0,0,0,0
1003542,7.83,0.00,0015-09-13 16:44:13,0015-09-13 19:44:13,16,19,2.69,Thu,android,426584,955429,493904,1,3,0,0,0,0,0,0,0
1003543,2.86,0.00,0015-07-04 11:47:52,0015-07-04 13:47:52,11,13,1.43,Thu,android,531233,955429,493904,1,4,0,0,0,0,0,0,0
1003544,3.50,0.00,0015-08-11 12:27:37,0015-08-11 15:27:37,12,15,2.31,Wed,ios,342200,369001,493904,1,1,0,0,1,0,0,0,0
1003545,0.85,0.00,0015-08-17 16:43:37,0015-08-17 18:43:37,16,18,1.16,Thu,ios,282562,414088,566549,1,2,0,0,0,0,0,0,0
1003546,10.93,0.00,0015-09-09 12:12:43,0015-09-09 16:12:43,12,16,3.65,Tue,ios,248058,369001,493904,0,2,0,0,0,0,0,0,0
1003547,7.00,0.00,0015-07-10 13:09:42,0015-07-10 17:09:42,13,17,3.38,Fri,android,149429,568071,144857,0,2,0,0,0,0,1,0,0
1003548,7.93,0.00,0015-09-13 09:24:39,0015-09-13 13:24:39,09,13,3.08,Fri,ios,874092,414088,566549,1,1,0,0,0,0,1,0,0
1003549,5.50,0.00,0015-09-27 12:36:15,0015-09-27 14:36:15,12,14,1.98,Wed,android,433144,445920,125372,1,2,0,0,1,0,0,0,0
1003550,9.52,0.00,0015-07-02 10:25:45,0015-07-02 14:25:45,10,14,3.37,Tue,ios,818003,728918,928191,1,3,0,0,0,0,0,0,0
1003551,2.48,0.00,0015-06-03 15:27:52,0015-06-03 18:27:52,15,18,2.42,Tue,android,938341,219054,814002,0,2,0,0,0,0,0,0,0
1003552,6.98,0.00,0015-04-22 13:20:17,0015-04-22 16:20:17,13,16,2.30,Mon,ios,808274,250527,976902,0,3,1,0,0,0,0,0,0
1003553,11.83,0.00,0015-08-21 11:56:18,0015-08-21 16:56:18,11,16,4.06,Mon,ios,201807,944575,928191,1,3,1,0,0,0,0,0,0
1003554,3.44,0.00,0015-05-08 17:45:27,0015-05-08 19:45:27,17,19,1.94,Wed,ios,158483,569886,868085,1,3,0,0,1,0,0,0,0
1003555,9.49,0.00,0015-09-24 09:24:27,0015-09-24 12:24:27,09,12,2.61,Tue,ios,846414,369001,493904,1,1,0,0,0,0,0,0,0
1003556,4.27,0.00,0015-03-12 12:55:54,0015-03-12 16:55:54,12,16,3.51,Tue,android,843585,878706,461655,1,3,0,0,0,0,0,0,0
1003557,6.17,0.00,0015-06-07 17:36:27,0015-06-07 20:36:27,17,20,2.87,Tue,ios,105605,995505,868085,0,3,0,0,0,0,0,0,0
1003558,6.20,0.00,0015-08-04 13:24:40,0015-08-04 16:24:40,13,16,2.02,Fri,android,252143,129465,461655,1,2,0,0,0,0,1,0,0
1003559,18.13,0.00,0015-07-27 11:54:06,0015-07-27 20:54:06,11,20,8.25,Fri,android,988838,728918,928191,1,3,0,0,0,0,1,0,0
1003560,23.68,0.00,0015-08-04 17:32:02,0015-08-04 14:32:02,17,14,20.02,Tue,ios,237539,549414,461655,1,3,0,0,0,0,0,0,0
1003561,23.68,0.00,0015-06-06 15:32:06,0015-06-06 20:32:06,15,20,4.14,Thu,ios,613000,425476,928191,1,3,0,0,0,0,0,0,0
1003562,2.50,0.00,0015-09-10 13:36:15,0015-09-10 15:36:15,13,15,1.42,Wed,ios,938970,902592,566549,1,1,0,0,1,0,0,0,0
1003563,2.70,0.00,0015-06-22 13:23:04,0015-06-22 15:23:04,13,15,1.25,Mon,ios,453958,863084,751082,1,2,1,0,0,0,0,0,0
1003564,6.50,0.00,0015-04-11 10:16:34,0015-04-11 14:16:34,10,14,3.37,Wed,ios,227385,134427,620906,1,3,0,0,1,0,0,0,0
1003565,6.33,0.00,0015-05-16 08:19:37,0015-05-16 11:19:37,08,11,2.58,Wed,android,548679,944515,976902,0,2,0,0,1,0,0,0,0
1003566,7.09,0.00,0015-05-28 13:31:13,0015-05-28 17:31:13,13,17,3.14,Wed,ios,634882,730023,878393,1,1,0,0,1,0,0,0,0
1003567,6.45,0.00,0015-07-12 18:03:13,0015-07-12 22:03:13,18,22,3.62,Fri,ios,838851,987396,978130,0,3,0,0,0,0,1,0,0
1003568,4.53,0.00,0015-07-24 12:14:34,0015-07-24 15:14:34,12,15,2.78,Wed,ios,455953,228137,503205,0,3,0,0,1,0,0,0,0
1003569,3.85,0.00,0015-07-21 18:15:16,0015-07-21 22:15:16,18,22,3.94,Thu,ios,865810,643012,517854,0,3,0,0,0,0,0,0,0
1003570,12.86,0.00,0015-09-14 12:48:10,0015-09-14 17:48:10,12,17,4.60,Mon,ios,736364,738900,976902,1,1,1,0,0,0,0,0,0
1003571,1.48,0.19,0015-07-10 13:54:06,0015-07-10 14:54:06,13,14,0.55,Sat,android,909568,638536,868085,0,3,0,0,0,0,0,1,0
1003572,5.33,0.00,0015-10-22 08:58:58,0015-10-22 11:58:58,08,11,2.20,Fri,ios,817411,489543,868085,1,3,0,0,0,0,1,0,0
1003573,6.51,0.00,0015-05-02 10:13:05,0015-05-02 14:13:05,10,14,3.29,Mon,ios,625923,562656,481066,0,3,1,0,0,0,0,0,0
1003574,23.68,0.00,0015-09-20 18:29:33,0015-09-20 21:29:33,18,21,2.95,Fri,ios,868040,562656,481066,0,3,0,0,0,0,1,0,0
1003575,10.05,0.00,0015-08-20 11:05:29,0015-08-20 16:05:29,11,16,4.25,Fri,android,493818,944575,928191,1,3,0,0,0,0,1,0,0
1003576,1.03,0.20,0015-05-26 16:22:06,0015-05-26 17:22:06,16,17,0.34,Mon,ios,617130,955429,493904,0,3,1,0,0,0,0,0,0
1003577,3.62,0.00,0015-07-22 14:38:36,0015-07-22 17:38:36,14,17,2.88,Mon,android,163407,987396,978130,0,2,1,0,0,0,0,0,0
1003578,4.75,0.42,0015-09-04 11:17:48,0015-09-04 13:17:48,11,13,1.76,Sun,android,286417,920264,461655,0,3,0,0,0,0,0,0,1
1003579,6.70,0.79,0015-06-21 11:48:36,0015-06-21 14:48:36,11,14,2.59,Wed,ios,272581,500856,976902,0,2,0,0,1,0,0,0,0
1003580,3.16,0.00,0015-03-14 11:34:28,0015-03-14 14:34:28,11,14,2.54,Thu,ios,767605,902592,566549,0,3,0,0,0,0,0,0,0
1003581,23.68,0.00,0015-06-09 17:46:14,0015-06-09 12:46:14,17,12,42.22,Wed,ios,817179,612116,461655,0,2,0,0,1,0,0,0,0
1003582,23.68,0.00,0015-09-28 15:23:15,0015-09-28 02:23:15,15,02,34.85,Fri,ios,705005,369001,493904,0,2,0,0,0,0,1,0,0
1003583,1.00,0.00,0015-10-04 11:43:28,0015-10-04 12:43:28,11,12,0.52,Wed,ios,328305,594591,461655,1,2,0,0,1,0,0,0,0
1003584,8.53,0.00,0015-08-21 11:28:07,0015-08-21 15:28:07,11,15,3.72,Wed,ios,603657,955429,493904,0,3,0,0,1,0,0,0,0
1003585,23.68,0.00,0015-09-10 16:46:09,0015-09-10 09:46:09,16,09,16.58,Fri,android,380563,474204,481066,1,3,0,0,0,0,1,0,0
1003586,7.32,0.00,0015-08-25 18:21:01,0015-08-25 22:21:01,18,22,3.50,Tue,android,163299,228137,503205,0,3,0,0,0,0,0,0,0
1003587,23.68,0.00,0015-06-14 10:44:41,0015-06-14 15:44:41,10,15,28.73,Thu,ios,607758,902592,566549,1,3,0,0,0,0,0,0,0
1003588,4.81,0.00,0015-09-25 16:32:27,0015-09-25 18:32:27,16,18,1.73,Fri,ios,584955,987396,978130,1,2,0,0,0,0,1,0,0
1003589,10.25,0.00,0015-07-19 15:12:54,0015-07-19 19:12:54,15,19,3.38,Mon,ios,798202,575971,948590,0,3,1,0,0,0,0,0,0
1003590,3.43,0.00,0014-08-15 11:36:55,0014-08-15 14:36:55,11,14,2.61,Sat,android,404318,219054,814002,0,1,0,0,0,0,0,1,0
1003591,23.10,2.17,0015-10-17 14:40:48,0015-10-17 15:40:48,14,15,0.65,Tue,ios,725792,236379,928191,1,3,0,0,0,0,0,0,0
1003592,6.78,0.00,0015-07-27 16:19:38,0015-07-27 20:19:38,16,20,3.25,Thu,ios,856755,562656,481066,1,3,0,0,0,0,0,0,0
1003593,3.65,0.73,0015-08-01 13:41:43,0015-08-01 15:41:43,13,15,1.99,Tue,ios,443596,664306,868085,1,1,0,0,0,0,0,0,0
1003594,13.37,0.00,0015-07-05 06:16:47,0015-07-05 14:16:47,06,14,7.97,Thu,ios,462819,228137,503205,0,3,0,0,0,0,0,0,0
1003595,6.23,0.00,0015-06-10 12:48:15,0015-06-10 16:48:15,12,16,3.37,Wed,ios,875015,131897,566549,0,3,0,0,1,0,0,0,0
1003596,4.05,0.00,0015-04-14 10:27:11,0015-04-14 12:27:11,10,12,1.61,Fri,ios,944590,955429,493904,0,4,0,0,0,0,1,0,0
1003597,9.63,0.00,0015-07-09 09:20:33,0015-07-09 13:20:33,09,13,3.63,Fri,ios,716077,474204,481066,1,3,0,0,0,0,1,0,0
1003598,5.61,0.00,0015-07-28 11:48:50,0015-07-28 15:48:50,11,15,3.68,Thu,ios,305435,228137,503205,1,3,0,0,0,0,0,0,0
1003599,4.68,0.00,0015-08-13 16:33:37,0015-08-13 20:33:37,16,20,3.69,Mon,ios,554749,955429,493904,0,1,1,0,0,0,0,0,0
1003600,8.16,0.00,0015-12-08 16:21:02,0015-12-08 19:21:02,16,19,2.79,Tue,ios,614314,405157,976902,1,3,0,0,0,0,0,0,0
1003601,10.16,0.00,0015-04-13 13:33:16,0015-04-13 18:33:16,13,18,4.32,Thu,android,723121,955429,493904,0,3,0,0,0,0,0,0,0
1003602,6.25,0.00,0015-08-05 12:46:09,0015-08-05 15:46:09,12,15,2.56,Thu,android,579102,369001,493904,0,3,0,0,0,0,0,0,0
1003603,7.05,0.00,0015-09-22 19:45:14,0015-09-22 23:45:14,19,23,3.40,Fri,android,704217,405157,976902,1,3,0,0,0,0,1,0,0
1003604,6.34,0.00,0015-07-08 18:13:02,0015-07-08 21:13:02,18,21,2.44,Mon,ios,506757,474204,481066,1,3,1,0,0,0,0,0,0
1003605,2.79,0.00,0015-05-16 14:31:12,0015-05-16 17:31:12,14,17,2.51,Thu,ios,528717,474204,481066,0,3,0,0,0,0,0,0,0
1003606,4.13,0.00,0015-04-12 12:30:11,0015-04-12 15:30:11,12,15,2.17,Tue,ios,516010,638536,868085,0,3,0,0,0,0,0,0,0
1003607,8.25,0.00,0015-03-22 14:45:19,0015-03-22 18:45:19,14,18,3.87,Fri,ios,128328,995505,868085,1,2,0,0,0,0,1,0,0
1003608,23.68,0.00,0015-09-23 18:36:10,0015-09-23 22:36:10,18,22,3.66,Mon,ios,442604,944515,976902,1,3,1,0,0,0,0,0,0
1003609,5.78,0.00,0015-03-08 13:22:46,0015-03-08 17:22:46,13,17,3.12,Wed,android,500244,425476,928191,0,3,0,0,1,0,0,0,0
1003610,6.21,0.00,0015-07-24 13:58:36,0015-07-24 17:58:36,13,17,3.12,Thu,android,497266,562656,481066,0,3,0,0,0,0,0,0,0
1003611,3.41,0.00,0015-10-02 11:00:09,0015-10-02 14:00:09,11,14,2.80,Tue,ios,539850,582873,461655,0,3,0,0,0,0,0,0,0
1003612,10.15,0.45,0015-08-23 16:36:15,0015-08-23 20:36:15,16,20,3.91,Sat,ios,723207,944575,928191,0,3,0,0,0,0,0,1,0
1003613,8.52,0.00,0015-07-25 10:56:02,0015-07-25 13:56:02,10,13,2.80,Tue,ios,817309,582873,461655,1,1,0,0,0,0,0,0,0
1003614,5.25,0.00,0015-07-08 18:55:37,0015-07-08 23:55:37,18,23,4.04,Wed,android,455172,944515,976902,1,1,0,0,1,0,0,0,0
1003615,5.15,0.00,0015-04-20 14:19:17,0015-04-20 18:19:17,14,18,3.61,Tue,ios,568944,987396,978130,1,3,0,0,0,0,0,0,0
1003616,7.72,0.00,0015-05-11 14:27:37,0015-05-11 17:27:37,14,17,2.35,Thu,ios,726772,568071,144857,1,2,0,0,0,0,0,0,0
1003617,1.17,0.00,0015-09-04 11:41:50,0015-09-04 12:41:50,11,12,0.95,Tue,android,218566,562656,481066,1,3,0,0,0,0,0,0,0
1003618,2.42,0.00,0015-10-20 15:14:53,0015-10-20 18:14:53,15,18,2.90,Mon,ios,711326,792421,202527,0,2,1,0,0,0,0,0,0
1003619,7.23,0.00,0015-08-08 15:00:49,0015-08-08 19:00:49,15,19,3.22,Thu,android,501945,569886,868085,0,3,0,0,0,0,0,0,0
1003620,5.81,0.00,0015-05-21 10:26:03,0015-05-21 13:26:03,10,13,2.16,Fri,web,743049,653450,503205,0,3,0,0,0,0,1,0,0
1003621,13.32,0.00,0015-10-28 08:15:34,0015-10-28 13:15:34,08,13,4.54,Tue,android,623847,369001,493904,0,2,0,0,0,0,0,0,0
1003622,1.14,0.00,0015-08-10 13:33:30,0015-08-10 14:33:30,13,14,0.60,Mon,android,974180,569889,461655,1,2,1,0,0,0,0,0,0
1003623,7.33,0.00,0015-08-13 11:55:06,0015-08-13 14:55:06,11,14,2.44,Sun,ios,331913,995505,868085,0,2,0,0,0,0,0,0,1
1003624,23.68,3.56,0015-07-27 12:03:54,0015-07-27 05:03:54,12,05,40.38,Tue,ios,830053,572249,144857,1,2,0,0,0,0,0,0,0
1003625,23.68,1.93,0015-07-16 17:36:44,0015-07-16 16:36:44,17,16,22.20,Wed,android,984297,366832,978130,1,1,0,0,1,0,0,0,0
1003626,12.45,0.00,0015-06-25 16:49:36,0015-06-25 20:49:36,16,20,3.50,Thu,android,543114,474204,481066,0,3,0,0,0,0,0,0,0
1003627,4.37,0.00,0015-03-06 17:16:43,0015-03-06 21:16:43,17,21,3.25,Wed,ios,779513,801274,976902,1,3,0,0,1,0,0,0,0
1003628,6.07,0.00,0015-05-18 20:06:50,0015-05-18 23:06:50,20,23,2.03,Thu,ios,375957,981639,572514,1,3,0,0,0,0,0,0,0
1003629,2.93,0.00,0015-07-07 17:19:24,0015-07-07 20:19:24,17,20,2.02,Tue,ios,482103,878706,461655,1,3,0,0,0,0,0,0,0
1003630,5.79,0.00,0015-09-18 12:02:47,0015-09-18 16:02:47,12,16,3.27,Fri,android,703736,514669,566549,0,1,0,0,0,0,1,0,0
1003631,2.79,0.00,0015-08-16 10:53:23,0015-08-16 14:53:23,10,14,3.94,Mon,android,821710,228137,503205,0,4,1,0,0,0,0,0,0
1003632,23.68,0.00,0015-07-16 16:29:39,0015-07-16 14:29:39,16,14,21.45,Mon,ios,656273,280415,399399,0,2,1,0,0,0,0,0,0
1003633,16.12,0.00,0015-04-26 17:53:07,0015-04-26 03:53:07,17,03,9.84,Mon,ios,215890,568071,144857,1,3,1,0,0,0,0,0,0
1003634,4.96,0.00,0015-09-27 12:09:58,0015-09-27 15:09:58,12,15,2.53,Tue,android,346356,569889,461655,0,2,0,0,0,0,0,0,0
1003635,9.59,0.00,0015-07-14 17:27:23,0015-07-14 21:27:23,17,21,3.11,Thu,android,911487,568071,144857,0,3,0,0,0,0,0,0,0
1003636,23.68,0.00,0015-09-06 12:24:27,0015-09-06 16:24:27,12,16,27.38,Wed,ios,427211,280221,976902,1,3,0,0,1,0,0,0,0
1003637,3.67,0.00,0015-07-18 16:03:42,0015-07-18 19:03:42,16,19,2.47,Tue,ios,306542,355208,976902,1,3,0,0,0,0,0,0,0
1003638,4.66,0.00,0015-04-16 08:32:18,0015-04-16 11:32:18,08,11,2.74,Tue,ios,884488,569889,461655,1,3,0,0,0,0,0,0,0
1003639,10.26,0.00,0015-09-13 13:04:39,0015-09-13 17:04:39,13,17,3.39,Thu,ios,798645,207262,928191,0,4,0,0,0,0,0,0,0
1003640,9.27,0.00,0015-09-07 11:40:45,0015-09-07 15:40:45,11,15,3.56,Sat,android,387172,280221,976902,1,3,0,0,0,0,0,1,0
1003641,4.30,0.00,0015-08-04 16:47:31,0015-08-04 19:47:31,16,19,2.41,Fri,ios,631403,572249,144857,0,3,0,0,0,0,1,0,0
1003642,3.74,0.00,0015-06-02 10:38:20,0015-06-02 13:38:20,10,13,2.16,Thu,ios,235647,474204,481066,1,3,0,0,0,0,0,0,0
1003643,2.39,0.39,0015-06-14 09:54:49,0015-06-14 11:54:49,09,11,1.19,Fri,ios,420798,237105,948590,1,3,0,0,0,0,1,0,0
1003644,5.83,0.00,0015-07-01 17:06:52,0015-07-01 20:06:52,17,20,2.44,Sun,ios,413303,474204,481066,0,2,0,0,0,0,0,0,1
1003645,3.42,0.00,0015-07-17 12:17:00,0015-07-17 16:17:00,12,16,3.47,Wed,ios,106046,569886,868085,1,3,0,0,1,0,0,0,0
1003646,3.25,0.00,0015-07-12 19:06:19,0015-07-12 23:06:19,19,23,3.05,Fri,ios,298625,664306,868085,1,3,0,0,0,0,1,0,0
1003647,2.36,0.00,0015-07-06 17:38:25,0015-07-06 20:38:25,17,20,2.61,Mon,android,643770,878706,461655,0,1,1,0,0,0,0,0,0
1003648,1.03,0.00,0015-07-23 17:10:12,0015-07-23 21:10:12,17,21,3.25,Wed,android,858605,943765,461655,0,2,0,0,1,0,0,0,0
1003649,5.72,0.00,0015-06-13 16:42:00,0015-06-13 19:42:00,16,19,2.16,Wed,ios,638176,369001,493904,1,3,0,0,1,0,0,0,0
1003650,7.56,0.00,0015-03-08 17:45:08,0015-03-08 21:45:08,17,21,3.74,Wed,ios,998741,228137,503205,1,3,0,0,1,0,0,0,0
1003651,1.59,0.00,0015-05-02 12:21:37,0015-05-02 13:21:37,12,13,0.78,Wed,android,964444,474204,481066,0,3,0,0,1,0,0,0,0
1003652,21.25,0.00,0015-08-25 17:22:55,0015-08-25 19:22:55,17,19,1.99,Wed,android,304198,944515,976902,0,3,0,0,1,0,0,0,0
1003653,10.07,0.00,0015-08-02 10:40:24,0015-08-02 14:40:24,10,14,3.80,Wed,ios,111608,366832,978130,0,3,0,0,1,0,0,0,0
1003654,8.77,0.00,0015-08-13 18:18:05,0015-08-13 22:18:05,18,22,3.69,Tue,ios,852023,219054,814002,1,3,0,0,0,0,0,0,0
1003655,1.28,0.00,0015-09-27 18:11:27,0015-09-27 19:11:27,18,19,0.66,Thu,ios,645939,568071,144857,1,3,0,0,0,0,0,0,0
1003656,7.38,0.00,0015-07-21 11:38:20,0015-07-21 16:38:20,11,16,4.32,Wed,ios,772103,955429,493904,1,3,0,0,1,0,0,0,0
1003657,2.66,0.00,0015-06-15 15:22:25,0015-06-15 18:22:25,15,18,2.45,Mon,ios,803884,489543,868085,1,1,1,0,0,0,0,0,0
1003658,0.82,0.00,0015-07-12 12:49:29,0015-07-12 13:49:29,12,13,0.89,Fri,android,775292,355208,976902,0,3,0,0,0,0,1,0,0
1003659,1.88,0.00,0015-07-25 11:43:50,0015-07-25 14:43:50,11,14,2.16,Thu,ios,808729,643012,517854,0,3,0,0,0,0,0,0,0
1003660,9.68,1.23,0015-09-23 13:40:14,0015-09-23 17:40:14,13,17,3.15,Wed,android,325580,474204,481066,1,1,0,0,1,0,0,0,0
1003661,5.06,0.00,0015-09-11 18:11:04,0015-09-11 21:11:04,18,21,2.42,Mon,android,122284,987396,978130,0,1,1,0,0,0,0,0,0
1003662,23.68,0.00,0015-07-23 14:47:09,0015-07-23 18:47:09,14,18,27.01,Fri,ios,210518,995505,868085,1,3,0,0,0,0,1,0,0
1003663,10.69,0.00,0015-09-01 11:10:11,0015-09-01 16:10:11,11,16,4.03,Tue,android,952633,664306,868085,1,3,0,0,0,0,0,0,0
1003664,23.68,0.00,0015-04-09 12:06:16,0015-04-09 20:06:16,12,20,31.12,Fri,android,882794,474204,481066,1,2,0,0,0,0,1,0,0
1003665,6.89,0.00,0015-06-21 10:02:17,0015-06-21 13:02:17,10,13,2.34,Wed,ios,949137,219054,814002,1,4,0,0,1,0,0,0,0
1003666,4.03,0.00,0015-04-20 12:06:13,0015-04-20 14:06:13,12,14,1.83,Mon,ios,454097,562656,481066,1,3,1,0,0,0,0,0,0
1003667,4.25,0.00,0015-08-13 11:52:47,0015-08-13 14:52:47,11,14,2.99,Wed,ios,577093,207262,928191,1,3,0,0,1,0,0,0,0
1003668,6.90,0.00,0015-08-05 12:29:35,0015-08-05 16:29:35,12,16,3.49,Wed,ios,325724,369001,493904,1,3,0,0,1,0,0,0,0
1003669,6.21,0.89,0015-10-20 08:48:39,0015-10-20 11:48:39,08,11,2.91,Wed,ios,619510,902592,566549,0,4,0,0,1,0,0,0,0
1003670,23.68,3.08,0015-08-17 11:06:36,0015-08-17 17:06:36,11,17,53.41,Sat,ios,386127,758780,399399,1,2,0,0,0,0,0,1,0
1003671,4.11,0.00,0015-09-01 16:02:09,0015-09-01 19:02:09,16,19,2.25,Tue,ios,328321,207262,928191,0,2,0,0,0,0,0,0,0
1003672,8.17,0.00,0015-05-16 11:02:08,0015-05-16 14:02:08,11,14,2.82,Mon,ios,658933,219054,814002,1,3,1,0,0,0,0,0,0
1003673,2.30,0.00,0015-09-06 10:58:04,0015-09-06 11:58:04,10,11,0.91,Fri,ios,745663,445920,125372,1,3,0,0,0,0,1,0,0
1003674,3.21,0.00,0015-09-22 16:50:18,0015-09-22 20:50:18,16,20,3.55,Fri,ios,314860,369001,493904,0,3,0,0,0,0,1,0,0
1003675,23.68,0.00,0015-09-02 15:35:58,0015-09-02 19:35:58,15,19,3.19,Sun,ios,447855,405157,976902,0,2,0,0,0,0,0,0,1
1003676,6.44,0.00,0015-06-19 10:17:49,0015-06-19 13:17:49,10,13,2.37,Wed,ios,147577,787792,648339,1,4,0,0,1,0,0,0,0
1003677,2.18,0.00,0015-09-04 18:35:02,0015-09-04 22:35:02,18,22,3.34,Thu,ios,713153,803398,144857,1,1,0,0,0,0,0,0,0
1003678,0.58,0.00,0015-09-12 11:50:03,0015-09-12 14:50:03,11,14,2.98,Tue,android,849920,878706,461655,1,2,0,0,0,0,0,0,0
1003679,3.43,0.00,0015-07-03 12:56:11,0015-07-03 14:56:11,12,14,1.78,Thu,android,702817,878706,461655,0,3,0,0,0,0,0,0,0
1003680,0.53,0.05,0015-06-01 16:54:18,0015-06-01 18:54:18,16,18,1.49,Tue,ios,348816,250527,976902,0,3,0,0,0,0,0,0,0
1003681,6.39,0.00,0015-09-21 12:21:48,0015-09-21 16:21:48,12,16,3.18,Thu,ios,696000,569886,868085,1,3,0,0,0,0,0,0,0
1003682,2.37,0.00,0015-04-25 17:24:24,0015-04-25 19:24:24,17,19,1.47,Thu,ios,101678,369001,493904,1,2,0,0,0,0,0,0,0
1003683,8.04,0.00,0015-09-14 08:43:15,0015-09-14 11:43:15,08,11,2.43,Thu,ios,458169,355208,976902,0,3,0,0,0,0,0,0,0
1003684,0.07,0.00,0015-07-07 17:15:31,0015-07-07 21:15:31,17,21,3.10,Wed,android,601846,932939,868085,0,3,0,0,1,0,0,0,0
1003685,5.86,0.00,0015-05-16 13:08:02,0015-05-16 17:08:02,13,17,3.35,Fri,android,453018,955429,493904,0,1,0,0,0,0,1,0,0
1003686,3.47,0.00,0015-09-03 17:12:59,0015-09-03 22:12:59,17,22,4.13,Fri,android,404799,728918,928191,0,3,0,0,0,0,1,0,0
1003687,7.54,0.00,0015-08-14 12:12:05,0015-08-14 15:12:05,12,15,2.46,Thu,ios,773218,405157,976902,0,1,0,0,0,0,0,0,0
1003688,7.19,0.00,0015-08-27 10:24:40,0015-08-27 13:24:40,10,13,2.39,Mon,ios,539053,369001,493904,0,3,1,0,0,0,0,0,0
1003689,4.34,0.00,0015-06-06 11:11:32,0015-06-06 15:11:32,11,15,3.57,Thu,android,792006,955429,493904,1,3,0,0,0,0,0,0,0
1003690,5.91,0.57,0015-08-07 15:45:16,0015-08-07 19:45:16,15,19,3.09,Tue,ios,284847,265601,878393,1,3,0,0,0,0,0,0,0
1003691,5.66,1.13,0015-01-14 11:18:05,0015-01-14 13:18:05,11,13,1.60,Thu,android,373982,250527,976902,0,3,0,0,0,0,0,0,0
1003692,4.10,0.00,0015-01-01 18:06:25,0015-01-01 20:06:25,18,20,1.94,Fri,android,207168,878706,461655,0,3,0,0,0,0,1,0,0
1003693,4.38,0.00,0015-04-07 16:52:59,0015-04-07 19:52:59,16,19,2.58,Thu,android,525957,369001,493904,0,1,0,0,0,0,0,0,0
1003694,9.43,0.94,0015-06-14 12:32:41,0015-06-14 17:32:41,12,17,4.55,Wed,android,294951,902592,566549,1,1,0,0,1,0,0,0,0
1003695,4.24,0.00,0014-08-23 17:14:13,0014-08-23 20:14:13,17,20,2.03,Fri,ios,241387,500856,976902,0,4,0,0,0,0,1,0,0
1003696,5.81,0.00,0015-01-28 12:30:07,0015-01-28 16:30:07,12,16,3.11,Mon,ios,468925,355208,976902,1,1,1,0,0,0,0,0,0
1003697,3.32,7.38,0015-06-24 19:02:50,0015-06-24 21:02:50,19,21,1.99,Thu,android,292858,369001,493904,0,3,0,0,0,0,0,0,0
1003698,8.11,0.00,0015-07-10 12:49:05,0015-07-10 16:49:05,12,16,3.56,Mon,android,750796,191826,481066,0,2,1,0,0,0,0,0,0
1003699,8.05,0.00,0015-06-02 13:58:35,0015-06-02 16:58:35,13,16,2.82,Tue,ios,907685,955429,493904,1,2,0,0,0,0,0,0,0
1003700,0.74,0.00,0015-09-25 17:47:04,0015-09-25 19:47:04,17,19,1.10,Thu,android,345740,891421,144857,0,3,0,0,0,0,0,0,0
1003701,3.35,0.00,0015-09-23 17:55:52,0015-09-23 19:55:52,17,19,1.30,Thu,android,254316,884707,648339,1,3,0,0,0,0,0,0,0
1003702,5.74,0.00,0015-05-08 10:36:34,0015-05-08 14:36:34,10,14,3.15,Thu,android,750166,228137,503205,1,2,0,0,0,0,0,0,0
1003703,3.79,0.00,0015-07-22 14:29:38,0015-07-22 16:29:38,14,16,1.69,Thu,ios,357807,500856,976902,1,2,0,0,0,0,0,0,0
1003704,10.55,0.00,0015-08-13 15:51:55,0015-08-13 19:51:55,15,19,3.58,Thu,android,495106,129465,461655,1,2,0,0,0,0,0,0,0
1003705,5.89,0.00,0015-02-13 17:33:04,0015-02-13 20:33:04,17,20,2.31,Wed,ios,229353,920264,461655,1,2,0,0,1,0,0,0,0
1003706,0.01,0.00,0015-04-03 15:04:13,0015-04-03 16:04:13,15,16,0.17,Thu,ios,403642,228137,503205,0,3,0,0,0,0,0,0,0
1003707,7.93,0.00,0015-08-21 10:28:37,0015-08-21 13:28:37,10,13,2.57,Thu,android,393144,369001,493904,1,3,0,0,0,0,0,0,0
1003708,8.89,0.00,0015-09-06 17:28:06,0015-09-06 21:28:06,17,21,3.81,Wed,ios,645346,787792,648339,1,3,0,0,1,0,0,0,0
1003709,3.72,0.00,0015-06-14 17:05:43,0015-06-14 20:05:43,17,20,2.48,Mon,ios,644866,955429,493904,0,1,1,0,0,0,0,0,0
1003710,3.26,0.00,0015-10-21 18:27:14,0015-10-21 20:27:14,18,20,1.53,Thu,android,846506,782629,517854,0,3,0,0,0,0,0,0,0
1003711,3.87,0.00,0015-05-14 11:54:46,0015-05-14 14:54:46,11,14,2.37,Tue,android,320552,200695,202527,1,2,0,0,0,0,0,0,0
1003712,6.24,0.00,0015-07-26 13:07:26,0015-07-26 16:07:26,13,16,2.23,Tue,ios,211557,569886,868085,0,2,0,0,0,0,0,0,0
1003713,4.32,0.00,0015-09-25 18:03:56,0015-09-25 20:03:56,18,20,1.82,Tue,android,806853,995505,868085,0,1,0,0,0,0,0,0,0
1003714,2.35,0.00,0015-09-04 13:52:03,0015-09-04 15:52:03,13,15,1.26,Thu,ios,764636,987396,978130,0,1,0,0,0,0,0,0,0
1003715,8.70,0.00,0015-07-26 08:17:03,0015-07-26 11:17:03,08,11,2.92,Mon,android,619232,228137,503205,0,3,1,0,0,0,0,0,0
1003716,9.11,0.00,0015-04-06 14:29:33,0015-04-06 19:29:33,14,19,4.05,Wed,ios,193991,507660,202527,1,2,0,0,1,0,0,0,0
1003717,1.66,0.04,0015-05-16 11:42:57,0015-05-16 14:42:57,11,14,2.66,Mon,ios,343892,517464,144857,0,3,1,0,0,0,0,0,0
1003718,8.88,0.00,0015-08-04 13:13:07,0015-08-04 17:13:07,13,17,3.41,Sat,android,971375,355208,976902,0,1,0,0,0,0,0,1,0
1003719,5.40,0.00,0015-02-19 12:29:34,0015-02-19 16:29:34,12,16,3.18,Thu,ios,977020,228137,503205,0,2,0,0,0,0,0,0,0
1003720,3.38,0.00,0015-09-24 12:46:38,0015-09-24 15:46:38,12,15,2.05,Thu,android,190858,405157,976902,1,3,0,0,0,0,0,0,0
1003721,8.87,0.00,0015-02-03 17:30:00,0015-02-03 20:30:00,17,20,2.51,Tue,ios,533861,875343,747048,1,3,0,0,0,0,0,0,0
1003722,3.39,0.00,0015-08-01 16:59:38,0015-08-01 19:59:38,16,19,2.87,Thu,ios,210724,236379,928191,1,3,0,0,0,0,0,0,0
1003723,3.06,0.31,0015-08-09 11:03:20,0015-08-09 14:03:20,11,14,2.46,Fri,ios,698429,369001,493904,1,3,0,0,0,0,1,0,0
1003724,0.34,0.00,0015-09-19 16:04:26,0015-09-19 17:04:26,16,17,0.13,Wed,ios,871339,250527,976902,0,3,0,0,1,0,0,0,0
1003725,23.68,0.00,0015-03-02 09:44:51,0015-03-02 12:44:51,09,12,2.52,Mon,ios,831440,758780,399399,1,3,1,0,0,0,0,0,0
1003726,10.78,0.00,0015-08-09 12:46:46,0015-08-09 17:46:46,12,17,4.31,Wed,android,483973,369001,493904,0,1,0,0,1,0,0,0,0
1003727,10.17,0.00,0015-09-13 12:22:24,0015-09-13 16:22:24,12,16,3.91,Tue,ios,199748,371335,461655,1,3,0,0,0,0,0,0,0
1003728,3.06,0.00,0015-09-05 17:02:59,0015-09-05 20:02:59,17,20,2.79,Thu,android,694246,207262,928191,1,3,0,0,0,0,0,0,0
1003729,4.94,0.00,0015-07-26 17:56:26,0015-07-26 19:56:26,17,19,1.85,Wed,ios,845978,728918,928191,0,3,0,0,1,0,0,0,0
1003730,4.57,0.00,0015-09-20 17:51:40,0015-09-20 20:51:40,17,20,2.85,Mon,ios,896916,369001,493904,0,3,1,0,0,0,0,0,0
1003731,11.04,0.00,0015-08-09 08:13:17,0015-08-09 17:13:17,08,17,8.40,Thu,ios,237132,569886,868085,0,3,0,0,0,0,0,0,0
1003732,0.50,0.00,0015-08-19 11:34:36,0015-08-19 15:34:36,11,15,3.81,Tue,android,540788,228137,503205,1,1,0,0,0,0,0,0,0
1003733,2.34,0.00,0015-08-27 14:01:06,0015-08-27 19:01:06,14,19,4.04,Wed,android,571968,369001,493904,1,1,0,0,1,0,0,0,0
1003734,5.36,0.00,0015-08-11 09:39:03,0015-08-11 11:39:03,09,11,1.60,Tue,ios,734005,878706,461655,0,3,0,0,0,0,0,0,0
1003735,4.22,0.00,0015-09-07 13:49:33,0015-09-07 16:49:33,13,16,2.60,Thu,android,534803,474204,481066,1,2,0,0,0,0,0,0,0
1003736,5.96,0.00,0015-07-03 19:29:58,0015-07-03 23:29:58,19,23,3.42,Thu,ios,806006,129465,461655,0,2,0,0,0,0,0,0,0
1003737,5.99,0.00,0015-08-18 11:40:39,0015-08-18 14:40:39,11,14,2.71,Thu,ios,370346,878706,461655,1,2,0,0,0,0,0,0,0
1003738,7.67,0.23,0015-07-02 09:50:34,0015-07-02 13:50:34,09,13,3.73,Tue,ios,660227,878706,461655,1,1,0,0,0,0,0,0,0
1003739,7.09,0.00,0015-09-18 16:34:42,0015-09-18 20:34:42,16,20,3.79,Thu,ios,336696,664306,868085,0,3,0,0,0,0,0,0,0
1003740,3.43,0.00,0015-08-09 09:53:45,0015-08-09 11:53:45,09,11,1.12,Tue,android,928101,131897,566549,1,2,0,0,0,0,0,0,0
1003741,3.31,0.00,0015-08-22 11:48:59,0015-08-22 13:48:59,11,13,1.07,Wed,ios,820715,944515,976902,0,3,0,0,1,0,0,0,0
1003742,4.23,0.00,0015-09-14 11:42:10,0015-09-14 14:42:10,11,14,2.76,Mon,ios,914290,369001,493904,1,3,1,0,0,0,0,0,0
1003743,2.57,3.19,0015-07-25 11:11:53,0015-07-25 12:11:53,11,12,0.94,Wed,ios,689432,250527,976902,1,2,0,0,1,0,0,0,0
1003744,0.15,0.00,0015-09-16 09:36:59,0015-09-16 10:36:59,09,10,0.06,Fri,ios,763936,405157,976902,0,1,0,0,0,0,1,0,0
1003745,5.29,0.00,0015-07-09 18:25:28,0015-07-09 21:25:28,18,21,2.59,Mon,ios,849471,369001,493904,0,3,1,0,0,0,0,0,0
1003746,23.68,0.00,0015-10-05 16:04:03,0015-10-05 03:04:03,16,03,34.28,Fri,android,719009,369001,493904,0,3,0,0,0,0,1,0,0
1003747,7.16,0.00,0015-02-10 17:17:04,0015-02-10 20:17:04,17,20,2.40,Wed,ios,492557,228137,503205,0,1,0,0,1,0,0,0,0
1003748,3.48,0.00,0015-07-28 17:11:01,0015-07-28 19:11:01,17,19,1.73,Mon,android,834557,260408,481066,1,3,1,0,0,0,0,0,0
1003749,23.68,0.00,0015-03-23 16:25:44,0015-03-23 20:25:44,16,20,3.52,Wed,android,867382,874950,814002,1,3,0,0,1,0,0,0,0
1003750,5.06,0.00,0015-05-15 11:57:59,0015-05-15 14:57:59,11,14,2.76,Sat,ios,671778,878706,461655,1,3,0,0,0,0,0,1,0
1003751,7.35,0.00,0015-06-10 11:09:26,0015-06-10 15:09:26,11,15,3.25,Mon,ios,476440,369001,493904,1,3,1,0,0,0,0,0,0
1003752,5.57,0.00,0015-06-22 14:47:28,0015-06-22 17:47:28,14,17,2.95,Thu,android,244227,951880,144857,1,3,0,0,0,0,0,0,0
1003753,7.37,0.00,0015-07-20 17:42:35,0015-07-20 01:42:35,17,01,7.32,Wed,android,317894,489543,868085,1,1,0,0,1,0,0,0,0
1003754,7.01,0.00,0015-07-21 11:04:17,0015-07-21 14:04:17,11,14,2.23,Tue,ios,306399,219054,814002,1,3,0,0,0,0,0,0,0
1003755,7.41,6.21,0015-04-03 08:33:34,0015-04-03 11:33:34,08,11,2.65,Thu,ios,157428,863084,751082,0,1,0,0,0,0,0,0,0
1003756,7.54,0.63,0015-07-22 12:45:50,0015-07-22 15:45:50,12,15,2.23,Thu,ios,593528,568071,144857,1,1,0,0,0,0,0,0,0
1003757,5.17,0.00,0015-05-09 12:49:26,0015-05-09 15:49:26,12,15,2.36,Wed,android,239082,474204,481066,1,3,0,0,1,0,0,0,0
1003758,6.70,0.00,0015-08-21 13:39:32,0015-08-21 17:39:32,13,17,3.22,Mon,ios,547961,803398,144857,1,2,1,0,0,0,0,0,0
1003759,0.26,0.00,0015-08-02 12:50:50,0015-08-02 14:50:50,12,14,1.34,Tue,ios,138791,228137,503205,1,3,0,0,0,0,0,0,0
1003760,1.32,2.72,0015-08-06 17:24:19,0015-08-06 19:24:19,17,19,1.10,Mon,ios,871293,474204,481066,0,2,1,0,0,0,0,0,0
1003761,3.15,0.00,0015-08-07 19:58:20,0015-08-07 21:58:20,19,21,1.42,Thu,ios,585621,955429,493904,0,2,0,0,0,0,0,0,0
1003762,2.16,0.00,0015-08-03 09:47:17,0015-08-03 13:47:17,09,13,3.10,Tue,ios,430348,878706,461655,0,1,0,0,0,0,0,0,0
1003763,4.59,0.00,0015-07-21 11:13:09,0015-07-21 14:13:09,11,14,2.98,Wed,android,169510,861532,454147,1,2,0,0,1,0,0,0,0
1003764,4.94,0.00,0015-05-09 17:39:33,0015-05-09 20:39:33,17,20,2.12,Mon,ios,890505,371335,461655,1,3,1,0,0,0,0,0,0
1003765,5.38,0.33,0015-10-09 12:48:21,0015-10-09 15:48:21,12,15,2.61,Tue,android,511433,474204,481066,0,1,0,0,0,0,0,0,0
1003766,8.81,0.00,0015-06-01 15:38:03,0015-06-01 18:38:03,15,18,2.49,Fri,android,956033,280221,976902,1,1,0,0,0,0,1,0,0
1003767,10.05,0.00,0015-07-17 20:57:34,0015-07-17 01:57:34,20,01,4.31,Mon,ios,354296,878706,461655,1,3,1,0,0,0,0,0,0
1003768,6.27,0.00,0015-08-02 16:37:11,0015-08-02 19:37:11,16,19,2.70,Thu,ios,183866,801274,976902,1,3,0,0,0,0,0,0,0
1003769,2.56,0.00,0015-09-05 16:41:43,0015-09-05 19:41:43,16,19,2.83,Tue,android,849815,944515,976902,1,1,0,0,0,0,0,0,0
1003770,5.53,0.00,0015-12-18 01:55:57,0015-12-18 04:55:57,01,04,2.68,Wed,android,860608,369001,493904,1,3,0,0,1,0,0,0,0
1003771,21.29,0.00,0015-06-10 13:15:10,0015-06-10 16:15:10,13,16,2.61,Fri,android,181398,878706,461655,0,2,0,0,0,0,1,0,0
1003772,10.80,0.00,0015-10-18 20:59:42,0015-10-18 00:59:42,20,00,3.74,Mon,ios,157802,711566,928191,0,3,1,0,0,0,0,0,0
1003773,23.68,0.00,0015-07-24 12:17:48,0015-07-24 15:17:48,12,15,2.39,Fri,android,242806,878706,461655,0,3,0,0,0,0,1,0,0
1003774,7.74,0.00,0015-05-17 12:32:39,0015-05-17 15:32:39,12,15,2.87,Mon,android,216463,638536,868085,1,3,1,0,0,0,0,0,0
1003775,10.04,0.00,0015-06-02 12:29:31,0015-06-02 16:29:31,12,16,3.83,Thu,ios,982726,758780,399399,1,3,0,0,0,0,0,0,0
1003776,6.16,0.00,0015-09-16 17:20:41,0015-09-16 21:20:41,17,21,3.11,Mon,ios,535385,987396,978130,0,2,1,0,0,0,0,0,0
1003777,5.36,0.00,0015-05-06 10:24:51,0015-05-06 13:24:51,10,13,2.27,Mon,ios,548186,653450,503205,1,3,1,0,0,0,0,0,0
1003778,8.80,0.00,0015-05-19 08:00:12,0015-05-19 12:00:12,08,12,3.91,Wed,ios,296550,474204,481066,0,3,0,0,1,0,0,0,0
1003779,2.57,0.00,0015-03-20 16:09:24,0015-03-20 19:09:24,16,19,2.30,Fri,android,995592,569889,461655,1,2,0,0,0,0,1,0,0
1003780,5.92,0.18,0015-03-24 19:57:49,0015-03-24 23:57:49,19,23,3.44,Mon,ios,750639,643012,517854,1,2,1,0,0,0,0,0,0
1003781,5.11,0.00,0015-08-21 12:52:17,0015-08-21 15:52:17,12,15,2.03,Thu,ios,926495,474204,481066,1,2,0,0,0,0,0,0,0
1003782,23.68,0.00,0015-04-17 18:30:00,0015-04-17 22:30:00,18,22,3.35,Tue,ios,476380,955429,493904,1,1,0,0,0,0,0,0,0
1003783,1.83,0.00,0015-03-12 15:24:49,0015-03-12 16:24:49,15,16,0.80,Thu,ios,976395,369001,493904,0,3,0,0,0,0,0,0,0
1003784,5.50,0.00,0015-06-26 11:29:52,0015-06-26 14:29:52,11,14,2.42,Mon,ios,146117,431796,461655,0,3,1,0,0,0,0,0,0
1003785,5.31,0.00,0015-03-24 14:32:23,0015-03-24 17:32:23,14,17,2.71,Fri,ios,120863,280415,399399,1,3,0,0,0,0,1,0,0
1003786,21.02,0.00,0015-03-11 18:00:25,0015-03-11 22:00:25,18,22,3.79,Sat,ios,824362,131897,566549,0,3,0,0,0,0,0,1,0
1003787,5.96,0.00,0015-09-14 10:38:52,0015-09-14 13:38:52,10,13,2.15,Wed,ios,497302,250527,976902,1,3,0,0,1,0,0,0,0
1003788,5.86,0.00,0015-09-20 11:54:07,0015-09-20 14:54:07,11,14,2.21,Thu,android,977543,191826,481066,0,1,0,0,0,0,0,0,0
1003789,0.82,0.00,0015-09-17 11:17:31,0015-09-17 15:17:31,11,15,3.49,Wed,ios,254423,955429,493904,1,1,0,0,1,0,0,0,0
1003790,4.81,0.00,0015-08-16 11:27:49,0015-08-16 15:27:49,11,15,3.62,Thu,ios,445508,955429,493904,1,3,0,0,0,0,0,0,0
1003791,1.53,0.00,0015-04-18 12:26:52,0015-04-18 15:26:52,12,15,2.64,Wed,android,993859,792421,202527,0,2,0,0,1,0,0,0,0
1003792,7.68,0.00,0015-07-20 11:48:15,0015-07-20 15:48:15,11,15,3.17,Fri,android,158817,568071,144857,1,3,0,0,0,0,1,0,0
1003793,23.68,0.00,0015-08-08 18:05:20,0015-08-08 20:05:20,18,20,25.01,Mon,ios,488536,932939,868085,1,3,1,0,0,0,0,0,0
1003794,5.45,0.00,0015-06-17 11:59:48,0015-06-17 14:59:48,11,14,2.04,Wed,android,394515,369001,493904,1,2,0,0,1,0,0,0,0
1003795,2.55,0.00,0015-09-07 10:40:34,0015-09-07 12:40:34,10,12,1.20,Wed,ios,423697,250527,976902,1,3,0,0,1,0,0,0,0
1003796,7.87,0.76,0015-09-15 20:02:04,0015-09-15 23:02:04,20,23,2.73,Wed,android,170020,944575,928191,1,2,0,0,1,0,0,0,0
1003797,2.36,0.00,0015-07-27 17:36:31,0015-07-27 19:36:31,17,19,1.15,Wed,ios,273044,280221,976902,0,1,0,0,1,0,0,0,0
1003798,0.01,0.00,0015-06-20 18:38:45,0015-06-20 22:38:45,18,22,3.14,Fri,android,507065,569886,868085,1,2,0,0,0,0,1,0,0
1003799,6.65,0.00,0015-07-27 10:47:55,0015-07-27 13:47:55,10,13,2.97,Mon,android,627079,369001,493904,1,3,1,0,0,0,0,0,0
1003800,4.92,0.66,0015-08-11 15:14:12,0015-08-11 19:14:12,15,19,3.37,Wed,ios,527884,474204,481066,0,2,0,0,1,0,0,0,0
1003801,4.17,0.00,0015-08-21 13:25:34,0015-08-21 16:25:34,13,16,2.63,Tue,android,393356,801274,976902,0,3,0,0,0,0,0,0,0
1003802,4.65,0.00,0015-03-25 17:36:42,0015-03-25 19:36:42,17,19,1.66,Tue,android,466680,369001,493904,1,2,0,0,0,0,0,0,0
1003803,8.50,0.00,0015-08-21 12:15:16,0015-08-21 16:15:16,12,16,3.54,Thu,ios,343803,569886,868085,1,3,0,0,0,0,0,0,0
1003804,5.02,0.00,0015-08-27 18:48:57,0015-08-27 20:48:57,18,20,1.88,Fri,ios,630657,500856,976902,0,1,0,0,0,0,1,0,0
1003805,2.50,0.00,0015-07-07 16:08:32,0015-07-07 18:08:32,16,18,1.11,Wed,ios,797795,782629,517854,1,3,0,0,1,0,0,0,0
1003806,5.57,0.00,0015-06-16 19:55:14,0015-06-16 22:55:14,19,22,2.64,Tue,ios,743136,878706,461655,1,3,0,0,0,0,0,0,0
1003807,5.84,0.00,0015-07-25 09:00:56,0015-07-25 13:00:56,09,13,3.81,Wed,ios,389707,738900,976902,0,2,0,0,1,0,0,0,0
1003808,10.69,0.00,0015-06-27 10:57:15,0015-06-27 14:57:15,10,14,3.84,Thu,android,861855,568071,144857,0,4,0,0,0,0,0,0,0
1003809,5.19,0.00,0015-07-10 10:15:41,0015-07-10 13:15:41,10,13,2.67,Thu,ios,425321,489543,868085,1,1,0,0,0,0,0,0,0
1003810,3.76,0.00,0015-04-24 16:53:12,0015-04-24 18:53:12,16,18,1.98,Fri,ios,760113,944515,976902,0,1,0,0,0,0,1,0,0
1003811,9.10,0.00,0015-07-20 16:11:44,0015-07-20 20:11:44,16,20,3.31,Tue,ios,237681,228137,503205,0,3,0,0,0,0,0,0,0
1003812,7.64,0.00,0015-07-26 14:49:37,0015-07-26 17:49:37,14,17,2.49,Wed,ios,503738,129465,461655,0,2,0,0,1,0,0,0,0
1003813,8.46,0.00,0015-08-15 16:55:28,0015-08-15 20:55:28,16,20,3.32,Fri,ios,578099,951880,144857,0,3,0,0,0,0,1,0,0
1003814,5.73,0.56,0015-09-20 12:28:28,0015-09-20 16:28:28,12,16,3.29,Thu,ios,944860,955429,493904,0,2,0,0,0,0,0,0,0
1003815,5.15,0.00,0015-09-14 16:33:08,0015-09-14 18:33:08,16,18,1.91,Tue,android,392600,782629,517854,1,4,0,0,0,0,0,0,0
1003816,4.54,0.00,0015-04-16 11:35:32,0015-04-16 14:35:32,11,14,2.55,Wed,android,485961,758780,399399,1,1,0,0,1,0,0,0,0
1003817,2.45,0.00,0015-09-15 11:56:13,0015-09-15 13:56:13,11,13,1.55,Fri,android,712145,594591,461655,1,2,0,0,0,0,1,0,0
1003818,10.55,0.00,0015-07-23 11:49:43,0015-07-23 16:49:43,11,16,4.53,Thu,android,517701,549414,461655,0,2,0,0,0,0,0,0,0
1003819,7.17,0.00,0015-07-22 13:02:28,0015-07-22 17:02:28,13,17,3.10,Wed,ios,537709,237105,948590,1,2,0,0,1,0,0,0,0
1003820,7.20,0.00,0015-08-25 11:19:18,0015-08-25 15:19:18,11,15,3.17,Thu,ios,399125,366832,978130,1,2,0,0,0,0,0,0,0
1003821,5.02,0.00,0015-04-06 17:18:39,0015-04-06 20:18:39,17,20,2.89,Wed,android,925814,955429,493904,0,3,0,0,1,0,0,0,0
1003822,10.19,0.61,0015-10-05 12:40:44,0015-10-05 16:40:44,12,16,3.65,Mon,android,797018,237105,948590,1,3,1,0,0,0,0,0,0
1003823,2.02,0.00,0015-08-28 10:54:25,0015-08-28 13:54:25,10,13,2.61,Tue,ios,216601,489543,868085,1,3,0,0,0,0,0,0,0
1003824,2.49,0.00,0015-08-23 15:56:02,0015-08-23 18:56:02,15,18,2.75,Thu,ios,257128,191826,481066,1,1,0,0,0,0,0,0,0
1003825,7.98,0.00,0015-10-11 12:02:12,0015-10-11 17:02:12,12,17,4.27,Wed,ios,605911,638536,868085,0,3,0,0,1,0,0,0,0
1003826,23.68,7.50,0015-04-12 19:19:20,0015-04-12 21:19:20,19,21,1.18,Wed,ios,535190,207262,928191,0,2,0,0,1,0,0,0,0
1003827,6.27,0.00,0015-09-13 16:12:01,0015-09-13 20:12:01,16,20,3.36,Thu,ios,120002,944515,976902,1,3,0,0,0,0,0,0,0
1003828,1.13,0.00,0015-06-11 18:54:41,0015-06-11 19:54:41,18,19,0.04,Mon,ios,946270,371335,461655,1,3,1,0,0,0,0,0,0
1003829,9.25,0.00,0015-07-16 17:31:32,0015-07-16 21:31:32,17,21,3.17,Fri,android,997891,425476,928191,1,3,0,0,0,0,1,0,0
1003830,9.73,0.00,0015-06-11 16:13:22,0015-06-11 21:13:22,16,21,4.25,Mon,android,973956,664306,868085,1,2,1,0,0,0,0,0,0
1003831,6.12,0.00,0015-09-20 15:45:16,0015-09-20 19:45:16,15,19,3.21,Tue,ios,151553,474204,481066,1,3,0,0,0,0,0,0,0
1003832,4.48,0.00,0015-08-25 12:17:48,0015-08-25 15:17:48,12,15,2.08,Thu,ios,703832,803398,144857,0,4,0,0,0,0,0,0,0
1003833,5.33,0.89,0015-06-13 10:54:13,0015-06-13 13:54:13,10,13,2.09,Thu,ios,710829,594591,461655,0,3,0,0,0,0,0,0,0
1003834,9.36,0.00,0015-08-04 17:07:44,0015-08-04 21:07:44,17,21,3.93,Tue,ios,906670,517464,144857,0,3,0,0,0,0,0,0,0
1003835,2.10,0.35,0015-01-08 11:48:34,0015-01-08 13:48:34,11,13,1.40,Thu,android,698233,664306,868085,1,3,0,0,0,0,0,0,0
1003836,2.41,0.00,0015-04-16 12:39:51,0015-04-16 14:39:51,12,14,1.17,Fri,ios,837315,474204,481066,1,3,0,0,0,0,1,0,0
1003837,6.95,0.00,0015-08-12 10:15:22,0015-08-12 13:15:22,10,13,2.63,Tue,ios,471247,474204,481066,0,3,0,0,0,0,0,0,0
1003838,3.47,0.00,0015-09-23 21:01:36,0015-09-23 00:01:36,21,00,2.14,Thu,ios,273845,445920,125372,1,3,0,0,0,0,0,0,0
1003839,5.75,0.00,0015-05-10 10:24:35,0015-05-10 12:24:35,10,12,1.71,Thu,ios,648599,237105,948590,1,3,0,0,0,0,0,0,0
1003840,4.08,0.23,0015-08-22 22:40:41,0015-08-22 01:40:41,22,01,2.65,Thu,ios,997662,711566,928191,1,3,0,0,0,0,0,0,0
1003841,2.61,0.00,0015-09-24 12:05:10,0015-09-24 15:05:10,12,15,2.39,Fri,android,952864,489543,868085,1,3,0,0,0,0,1,0,0
1003842,3.92,0.00,0015-08-23 13:05:28,0015-08-23 16:05:28,13,16,2.61,Fri,android,867691,366832,978130,1,3,0,0,0,0,1,0,0
1003843,6.43,0.00,0015-05-08 11:40:08,0015-05-08 14:40:08,11,14,2.18,Thu,ios,704773,250527,976902,0,3,0,0,0,0,0,0,0
1003844,6.71,0.00,0015-09-20 16:28:30,0015-09-20 19:28:30,16,19,2.33,Wed,ios,801292,569889,461655,1,2,0,0,1,0,0,0,0
1003845,6.37,0.00,0015-07-04 16:45:27,0015-07-04 21:45:27,16,21,4.49,Mon,ios,371631,366832,978130,0,1,1,0,0,0,0,0,0
1003846,1.95,0.00,0015-09-19 13:08:27,0015-09-19 15:08:27,13,15,1.43,Wed,ios,438398,864630,648339,0,3,0,0,1,0,0,0,0
1003847,0.73,0.00,0015-08-02 14:32:11,0015-08-02 15:32:11,14,15,0.35,Fri,android,279355,569886,868085,0,1,0,0,0,0,1,0,0
1003848,8.56,0.00,0015-04-21 10:45:51,0015-04-21 14:45:51,10,14,3.08,Thu,ios,321857,878706,461655,1,4,0,0,0,0,0,0,0
1003849,0.72,0.00,0015-09-19 15:00:10,0015-09-19 18:00:10,15,18,2.32,Tue,ios,936726,955429,493904,1,2,0,0,0,0,0,0,0
1003850,5.99,0.00,0015-07-17 15:57:33,0015-07-17 18:57:33,15,18,2.12,Wed,ios,552156,878706,461655,0,3,0,0,1,0,0,0,0
1003851,1.20,0.00,0015-09-28 14:41:29,0015-09-28 17:41:29,14,17,2.74,Wed,ios,464022,474204,481066,1,3,0,0,1,0,0,0,0
1003852,6.81,0.00,0015-06-17 08:57:35,0015-06-17 12:57:35,08,12,3.70,Wed,ios,475541,369001,493904,1,3,0,0,1,0,0,0,0
1003853,8.12,0.64,0015-08-02 18:01:36,0015-08-02 22:01:36,18,22,3.05,Tue,android,215322,474204,481066,1,2,0,0,0,0,0,0,0
1003854,2.49,0.00,0015-03-17 17:46:31,0015-03-17 20:46:31,17,20,2.12,Thu,ios,210807,568071,144857,1,3,0,0,0,0,0,0,0
1003855,23.68,4.25,0015-07-09 16:48:14,0015-07-09 20:48:14,16,20,3.39,Thu,ios,178022,568071,144857,1,2,0,0,0,0,0,0,0
1003856,10.42,0.00,0015-11-24 17:52:36,0015-11-24 21:52:36,17,21,3.36,Sat,ios,942214,237105,948590,1,1,0,0,0,0,0,1,0
1003857,23.68,0.00,0015-06-02 16:02:29,0015-06-02 08:02:29,16,08,39.93,Thu,ios,484307,517464,144857,1,3,0,0,0,0,0,0,0
1003858,2.98,0.70,0015-05-21 10:59:30,0015-05-21 12:59:30,10,12,1.83,Fri,android,669684,944515,976902,0,1,0,0,0,0,1,0,0
1003859,4.15,0.00,0015-05-21 20:17:42,0015-05-21 23:17:42,20,23,2.03,Fri,android,221515,944515,976902,1,1,0,0,0,0,1,0,0
1003860,3.88,0.00,0015-07-20 17:16:38,0015-07-20 21:16:38,17,21,3.42,Mon,ios,223304,207262,928191,1,2,1,0,0,0,0,0,0
1003861,4.06,0.00,0015-08-09 14:14:05,0015-08-09 17:14:05,14,17,2.02,Wed,ios,694355,517464,144857,1,2,0,0,1,0,0,0,0
1003862,3.60,0.00,0014-09-18 12:10:11,0014-09-18 15:10:11,12,15,2.20,Mon,ios,963013,878706,461655,0,1,1,0,0,0,0,0,0
1003863,7.09,0.00,0015-07-21 13:37:31,0015-07-21 16:37:31,13,16,2.81,Tue,android,398842,366832,978130,0,3,0,0,0,0,0,0,0
1003864,4.98,0.33,0015-08-07 18:17:23,0015-08-07 22:17:23,18,22,3.11,Fri,ios,649991,250527,976902,1,3,0,0,0,0,1,0,0
1003865,2.76,0.00,0014-03-13 15:39:34,0014-03-13 17:39:34,15,17,1.26,Mon,ios,516879,481613,648339,1,3,1,0,0,0,0,0,0
1003866,8.94,0.00,0015-05-25 11:58:53,0015-05-25 15:58:53,11,15,3.39,Mon,android,128394,875343,747048,0,2,1,0,0,0,0,0,0
1003867,3.27,0.00,0015-02-04 12:03:36,0015-02-04 14:03:36,12,14,1.35,Fri,android,270096,594591,461655,0,3,0,0,0,0,1,0,0
1003868,8.91,0.00,0015-07-19 13:17:22,0015-07-19 17:17:22,13,17,3.37,Tue,android,866310,280221,976902,1,1,0,0,0,0,0,0,0
1003869,11.15,0.00,0015-06-09 19:58:29,0015-06-09 06:58:29,19,06,10.14,Thu,ios,230244,489543,868085,1,3,0,0,0,0,0,0,0
1003870,1.57,0.00,0015-09-23 18:40:42,0015-09-23 21:40:42,18,21,2.09,Thu,android,757970,758780,399399,0,3,0,0,0,0,0,0,0
1003871,9.47,0.00,0015-08-06 19:20:21,0015-08-06 00:20:21,19,00,4.26,Tue,ios,273449,131897,566549,0,2,0,0,0,0,0,0,0
1003872,6.78,0.00,0015-04-01 10:28:32,0015-04-01 14:28:32,10,14,3.92,Fri,ios,120377,569889,461655,1,2,0,0,0,0,1,0,0
1003873,2.36,0.00,0015-09-15 12:56:26,0015-09-15 15:56:26,12,15,2.32,Mon,android,561836,664306,868085,1,3,1,0,0,0,0,0,0
1003874,23.68,0.00,0015-06-19 09:54:57,0015-06-19 13:54:57,09,13,3.14,Sat,ios,716007,562656,481066,0,3,0,0,0,0,0,1,0
1003875,6.53,0.00,0015-09-14 17:10:41,0015-09-14 21:10:41,17,21,3.53,Wed,ios,744895,228137,503205,1,1,0,0,1,0,0,0,0
1003876,2.43,0.00,0015-09-26 15:58:43,0015-09-26 16:58:43,15,16,0.78,Thu,ios,369232,664306,868085,0,3,0,0,0,0,0,0,0
1003877,6.45,0.00,0015-10-25 17:20:30,0015-10-25 21:20:30,17,21,3.07,Tue,ios,237323,569889,461655,1,3,0,0,0,0,0,0,0
1003878,8.04,0.00,0015-09-08 11:20:02,0015-09-08 15:20:02,11,15,3.32,Thu,android,253372,474204,481066,1,3,0,0,0,0,0,0,0
1003879,7.69,0.00,0015-07-20 17:41:14,0015-07-20 20:41:14,17,20,2.43,Thu,ios,536896,355208,976902,1,3,0,0,0,0,0,0,0
1003880,6.76,5.95,0015-09-14 17:06:12,0015-09-14 20:06:12,17,20,2.37,Fri,ios,982555,672450,202527,1,3,0,0,0,0,1,0,0
1003881,7.88,0.00,0015-08-02 16:03:10,0015-08-02 19:03:10,16,19,2.35,Wed,android,593927,818217,700367,0,2,0,0,1,0,0,0,0
1003882,2.29,0.00,0015-07-23 17:50:23,0015-07-23 20:50:23,17,20,2.03,Tue,ios,991429,951880,144857,1,3,0,0,0,0,0,0,0
1003883,5.85,6.38,0015-09-07 13:43:06,0015-09-07 17:43:06,13,17,3.64,Mon,android,461362,250527,976902,1,3,1,0,0,0,0,0,0
1003884,1.76,0.00,0015-09-17 12:29:48,0015-09-17 13:29:48,12,13,0.94,Thu,android,268802,369001,493904,1,1,0,0,0,0,0,0,0
1003885,23.68,0.00,0015-08-01 09:06:32,0015-08-01 11:06:32,09,11,1.68,Thu,ios,613129,863084,751082,1,3,0,0,0,0,0,0,0
1003886,4.06,0.00,0015-08-25 19:23:06,0015-08-25 21:23:06,19,21,1.83,Mon,ios,783060,955429,493904,1,3,1,0,0,0,0,0,0
1003887,9.76,1.95,0015-03-23 11:45:21,0015-03-23 15:45:21,11,15,3.19,Fri,ios,460524,445920,125372,1,3,0,0,0,0,1,0,0
1003888,23.68,0.00,0015-04-02 17:14:19,0015-04-02 00:14:19,17,00,30.10,Fri,android,457339,738900,976902,1,1,0,0,0,0,1,0,0
1003889,2.56,0.00,0015-09-01 11:03:59,0015-09-01 13:03:59,11,13,1.52,Sat,android,503761,711566,928191,1,3,0,0,0,0,0,1,0
1003890,2.74,0.00,0015-08-23 17:22:58,0015-08-23 19:22:58,17,19,1.16,Sat,ios,172048,474204,481066,1,3,0,0,0,0,0,1,0
1003891,10.16,0.00,0015-08-27 17:50:39,0015-08-27 22:50:39,17,22,4.41,Mon,ios,231788,638536,868085,1,2,1,0,0,0,0,0,0
1003892,11.57,0.00,0015-08-16 17:58:48,0015-08-16 21:58:48,17,21,3.84,Mon,android,132383,369001,493904,0,1,1,0,0,0,0,0,0
1003893,4.13,0.00,0015-07-21 12:59:02,0015-07-21 15:59:02,12,15,2.31,Thu,ios,193266,920264,461655,1,2,0,0,0,0,0,0,0
1003894,10.18,0.00,0015-08-06 16:08:29,0015-08-06 20:08:29,16,20,3.63,Fri,ios,274613,955429,493904,1,2,0,0,0,0,1,0,0
1003895,23.68,0.00,0015-06-01 14:31:49,0015-06-01 19:31:49,14,19,52.56,Wed,ios,429731,638536,868085,1,2,0,0,1,0,0,0,0
1003896,1.80,0.00,0015-09-04 14:16:27,0015-09-04 17:16:27,14,17,2.08,Fri,ios,575610,207262,928191,1,3,0,0,0,0,1,0,0
1003897,7.26,0.00,0015-10-13 19:02:46,0015-10-13 22:02:46,19,22,2.84,Thu,ios,271289,474204,481066,1,3,0,0,0,0,0,0,0
1003898,10.63,0.00,0015-08-09 17:29:50,0015-08-09 21:29:50,17,21,3.73,Thu,ios,749360,569889,461655,0,3,0,0,0,0,0,0,0
1003899,3.04,0.00,0015-06-06 16:07:40,0015-06-06 19:07:40,16,19,2.46,Thu,android,602948,474204,481066,1,2,0,0,0,0,0,0,0
1003900,9.25,0.00,0015-08-05 18:28:25,0015-08-05 22:28:25,18,22,3.67,Wed,ios,438239,955429,493904,1,2,0,0,1,0,0,0,0
1003901,2.08,0.00,0015-09-24 18:36:49,0015-09-24 20:36:49,18,20,1.40,Thu,ios,562841,643012,517854,0,2,0,0,0,0,0,0,0
1003902,9.32,0.00,0015-03-18 16:01:15,0015-03-18 20:01:15,16,20,3.90,Thu,ios,602139,371335,461655,1,3,0,0,0,0,0,0,0
1003903,17.34,0.00,0015-05-25 15:42:50,0015-05-25 19:42:50,15,19,3.22,Mon,android,187928,191826,481066,1,4,1,0,0,0,0,0,0
1003904,5.63,0.00,0015-09-08 08:39:32,0015-09-08 11:39:32,08,11,2.29,Thu,android,462512,369001,493904,1,3,0,0,0,0,0,0,0
1003905,2.18,0.41,0015-07-13 13:49:40,0015-07-13 16:49:40,13,16,2.56,Tue,ios,850242,955429,493904,1,3,0,0,0,0,0,0,0
1003906,7.50,0.00,0015-07-09 18:55:23,0015-07-09 21:55:23,18,21,2.57,Wed,ios,574367,582873,461655,1,2,0,0,1,0,0,0,0
1003907,3.90,0.00,0015-03-08 17:34:16,0015-03-08 20:34:16,17,20,2.34,Thu,android,747044,568071,144857,0,3,0,0,0,0,0,0,0
1003908,23.68,0.00,0015-08-07 14:05:08,0015-08-07 17:05:08,14,17,26.79,Mon,android,847102,875343,747048,1,3,1,0,0,0,0,0,0
1003909,11.84,0.00,0015-08-23 11:02:10,0015-08-23 15:02:10,11,15,3.45,Sun,ios,720885,728918,928191,1,1,0,0,0,0,0,0,1
1003910,2.26,0.00,0015-09-07 17:44:35,0015-09-07 19:44:35,17,19,1.70,Mon,ios,798596,369001,493904,1,1,1,0,0,0,0,0,0
1003911,4.61,0.00,0015-08-28 12:18:37,0015-08-28 16:18:37,12,16,3.27,Mon,ios,247975,801274,976902,1,2,1,0,0,0,0,0,0
1003912,23.68,0.00,0015-09-08 11:16:43,0015-09-08 15:16:43,11,15,51.06,Wed,ios,598671,228137,503205,0,3,0,0,1,0,0,0,0
1003913,1.62,0.00,0015-06-09 16:32:11,0015-06-09 18:32:11,16,18,1.86,Mon,ios,831758,207262,928191,1,1,1,0,0,0,0,0,0
1003914,13.65,0.00,0015-09-06 20:06:25,0015-09-06 00:06:25,20,00,3.75,Tue,ios,440129,995505,868085,0,4,0,0,0,0,0,0,0
1003915,4.21,0.00,0015-01-10 18:51:23,0015-01-10 19:51:23,18,19,0.23,Wed,ios,687769,369001,493904,1,3,0,0,1,0,0,0,0
1003916,23.68,0.00,0015-08-26 15:46:52,0015-08-26 18:46:52,15,18,2.90,Thu,ios,654090,863084,751082,1,3,0,0,0,0,0,0,0
1003917,19.38,0.00,0015-08-24 17:11:33,0015-08-24 20:11:33,17,20,2.40,Tue,android,545904,955429,493904,1,3,0,0,0,0,0,0,0
1003918,0.73,0.00,0015-09-08 17:41:28,0015-09-08 18:41:28,17,18,0.30,Wed,android,790792,474204,481066,0,3,0,0,1,0,0,0,0
1003919,8.00,0.00,0015-06-26 15:50:00,0015-06-26 20:50:00,15,20,4.02,Thu,android,688196,871619,125372,1,3,0,0,0,0,0,0,0
1003920,0.74,0.00,0015-09-12 15:49:38,0015-09-12 16:49:38,15,16,0.41,Tue,ios,648104,250527,976902,1,2,0,0,0,0,0,0,0
1003921,7.84,0.00,0015-04-09 19:00:43,0015-04-09 22:00:43,19,22,2.84,Tue,ios,988251,758780,399399,0,2,0,0,0,0,0,0,0
1003922,6.52,0.00,0015-09-05 17:37:07,0015-09-05 22:37:07,17,22,4.45,Wed,ios,648928,355208,976902,1,3,0,0,1,0,0,0,0
1003923,23.68,0.00,0015-08-08 16:00:49,0015-08-08 20:00:49,16,20,3.17,Tue,ios,207452,738900,976902,0,3,0,0,0,0,0,0,0
1003924,10.20,0.00,0015-09-17 19:19:08,0015-09-17 22:19:08,19,22,2.72,Thu,ios,452453,366832,978130,1,3,0,0,0,0,0,0,0
1003925,5.65,0.00,0015-09-15 17:35:21,0015-09-15 21:35:21,17,21,3.81,Fri,ios,840194,228137,503205,1,3,0,0,0,0,1,0,0
1003926,4.72,0.00,0015-09-05 17:19:04,0015-09-05 22:19:04,17,22,4.13,Mon,android,769095,414088,566549,1,3,1,0,0,0,0,0,0
1003927,6.01,0.67,0015-05-28 08:05:01,0015-05-28 10:05:01,08,10,1.74,Thu,ios,910697,569889,461655,1,2,0,0,0,0,0,0,0
1003928,7.68,0.00,0015-04-03 09:41:29,0015-04-03 13:41:29,09,13,3.76,Tue,android,557381,944515,976902,1,3,0,0,0,0,0,0,0
1003929,4.79,0.00,0015-09-17 11:03:11,0015-09-17 15:03:11,11,15,3.52,Thu,ios,601048,474204,481066,0,1,0,0,0,0,0,0,0
1003930,7.36,0.00,0015-02-15 15:33:41,0015-02-15 19:33:41,15,19,3.67,Fri,ios,287132,250527,976902,0,3,0,0,0,0,1,0,0
1003931,9.56,0.00,0015-03-04 15:40:20,0015-03-04 19:40:20,15,19,3.80,Thu,ios,101574,355208,976902,1,1,0,0,0,0,0,0,0
1003932,5.09,0.00,0015-08-25 17:15:44,0015-08-25 19:15:44,17,19,1.43,Thu,ios,825918,489543,868085,1,3,0,0,0,0,0,0,0
1003933,2.54,0.00,0015-06-19 12:28:23,0015-06-19 16:28:23,12,16,3.97,Mon,ios,638545,369001,493904,0,3,1,0,0,0,0,0,0
1003934,7.94,0.00,0015-08-05 09:35:19,0015-08-05 12:35:19,09,12,2.21,Wed,ios,496923,728918,928191,1,3,0,0,1,0,0,0,0
1003935,11.51,0.00,0015-09-22 11:56:43,0015-09-22 16:56:43,11,16,4.00,Mon,android,463032,250527,976902,1,3,1,0,0,0,0,0,0
1003936,0.77,0.00,0015-08-27 16:48:27,0015-08-27 17:48:27,16,17,0.35,Fri,android,816178,129465,461655,1,3,0,0,0,0,1,0,0
1003937,4.53,0.00,0015-05-21 08:30:46,0015-05-21 12:30:46,08,12,3.69,Thu,android,254606,944515,976902,1,3,0,0,0,0,0,0,0
1003938,6.45,0.00,0015-04-20 10:01:13,0015-04-20 14:01:13,10,14,3.70,Mon,android,256739,914305,648339,1,3,1,0,0,0,0,0,0
1003939,8.37,0.00,0015-05-25 11:56:25,0015-05-25 15:56:25,11,15,3.89,Fri,ios,669668,874950,814002,1,3,0,0,0,0,1,0,0
1003940,12.10,0.00,0015-07-06 20:13:43,0015-07-06 07:13:43,20,07,10.25,Thu,ios,514387,728918,928191,1,1,0,0,0,0,0,0,0
1003941,7.06,0.51,0015-07-25 16:32:25,0015-07-25 18:32:25,16,18,1.94,Thu,android,850445,191826,481066,0,2,0,0,0,0,0,0,0
1003942,3.44,0.00,0015-04-27 16:19:16,0015-04-27 19:19:16,16,19,2.67,Mon,android,740083,878706,461655,0,3,1,0,0,0,0,0,0
1003943,7.82,0.00,0015-10-06 17:58:11,0015-10-06 21:58:11,17,21,3.27,Thu,android,944972,228137,503205,1,3,0,0,0,0,0,0,0
1003944,9.60,7.50,0015-05-28 17:14:09,0015-05-28 21:14:09,17,21,3.50,Tue,ios,677488,369001,493904,1,2,0,0,0,0,0,0,0
1003945,23.68,0.00,0015-07-22 12:24:30,0015-07-22 16:24:30,12,16,3.59,Thu,ios,862517,431796,461655,0,1,0,0,0,0,0,0,0
1003946,23.68,1.44,0015-07-08 11:32:13,0015-07-08 14:32:13,11,14,2.81,Thu,ios,405158,200695,202527,0,2,0,0,0,0,0,0,0
1003947,3.23,0.00,0015-07-15 16:24:48,0015-07-15 18:24:48,16,18,1.35,Tue,ios,809395,280221,976902,0,3,0,0,0,0,0,0,0
1003948,3.17,0.00,0015-08-19 14:51:39,0015-08-19 17:51:39,14,17,2.42,Fri,ios,571725,207262,928191,0,3,0,0,0,0,1,0,0
1003949,3.58,0.00,0015-07-24 13:44:53,0015-07-24 18:44:53,13,18,4.53,Mon,ios,581950,207262,928191,0,3,1,0,0,0,0,0,0
1003950,5.90,0.00,0015-06-23 12:19:55,0015-06-23 15:19:55,12,15,2.27,Fri,ios,843711,875343,747048,1,3,0,0,0,0,1,0,0
1003951,4.43,0.00,0015-07-27 13:47:45,0015-07-27 16:47:45,13,16,2.85,Tue,ios,242133,256233,928191,1,2,0,0,0,0,0,0,0
1003952,8.40,3.94,0015-01-08 14:19:07,0015-01-08 19:19:07,14,19,4.06,Thu,ios,948241,425476,928191,1,3,0,0,0,0,0,0,0
1003953,3.50,0.00,0015-03-28 13:59:00,0015-03-28 15:59:00,13,15,1.90,Thu,ios,214643,878706,461655,1,2,0,0,0,0,0,0,0
1003954,8.56,1.03,0015-06-09 17:35:57,0015-06-09 20:35:57,17,20,2.85,Thu,ios,692604,414088,566549,0,2,0,0,0,0,0,0,0
1003955,1.47,0.00,0015-05-05 16:55:53,0015-05-05 19:55:53,16,19,2.76,Fri,ios,795012,228137,503205,1,2,0,0,0,0,1,0,0
1003956,4.33,0.00,0015-05-14 16:11:01,0015-05-14 19:11:01,16,19,2.21,Fri,ios,333391,955429,493904,1,3,0,0,0,0,1,0,0
1003957,1.58,0.00,0015-08-18 17:25:30,0015-08-18 18:25:30,17,18,0.64,Mon,ios,959066,549414,461655,1,1,1,0,0,0,0,0,0
1003958,2.89,0.00,0015-08-02 12:06:21,0015-08-02 15:06:21,12,15,2.16,Mon,android,115448,207262,928191,0,3,1,0,0,0,0,0,0
1003959,0.88,0.00,0015-09-17 10:19:11,0015-09-17 14:19:11,10,14,3.90,Sat,ios,288425,943765,461655,1,1,0,0,0,0,0,1,0
1003960,23.68,1.25,0015-06-06 12:31:49,0015-06-06 03:31:49,12,03,14.42,Mon,android,401135,474204,481066,1,3,1,0,0,0,0,0,0
1003961,5.68,0.00,0015-09-15 11:28:48,0015-09-15 14:28:48,11,14,2.45,Wed,ios,834431,474204,481066,1,2,0,0,1,0,0,0,0
1003962,6.92,0.00,0015-05-24 19:21:40,0015-05-24 00:21:40,19,00,4.13,Tue,android,372172,987396,978130,0,3,0,0,0,0,0,0,0
1003963,23.68,0.00,0015-07-04 13:27:44,0015-07-04 16:27:44,13,16,2.25,Fri,ios,603617,875343,747048,0,2,0,0,0,0,1,0,0
1003964,23.68,0.00,0015-02-01 17:58:58,0015-02-01 14:58:58,17,14,44.59,Wed,android,593762,369001,493904,1,1,0,0,1,0,0,0,0
1003965,4.86,0.00,0015-04-06 17:46:26,0015-04-06 19:46:26,17,19,1.97,Mon,ios,292332,129465,461655,1,3,1,0,0,0,0,0,0
1003966,8.34,0.00,0015-07-22 11:09:10,0015-07-22 14:09:10,11,14,2.74,Tue,ios,861760,878706,461655,0,2,0,0,0,0,0,0,0
1003967,6.47,0.00,0015-09-16 13:45:38,0015-09-16 17:45:38,13,17,3.84,Thu,ios,955227,803398,144857,1,3,0,0,0,0,0,0,0
1003968,4.17,0.00,0015-07-19 12:49:36,0015-07-19 16:49:36,12,16,3.54,Wed,ios,738873,474204,481066,0,3,0,0,1,0,0,0,0
1003969,9.66,7.50,0015-05-05 17:20:46,0015-05-05 21:20:46,17,21,3.11,Mon,ios,691106,489543,868085,1,2,1,0,0,0,0,0,0
1003970,5.76,3.14,0015-07-06 19:57:25,0015-07-06 22:57:25,19,22,2.02,Tue,android,281386,219054,814002,0,3,0,0,0,0,0,0,0
1003971,3.71,0.00,0015-05-04 17:38:12,0015-05-04 19:38:12,17,19,1.91,Wed,ios,610945,632920,461655,0,3,0,0,1,0,0,0,0
1003972,7.16,0.00,0015-05-24 11:57:06,0015-05-24 15:57:06,11,15,3.95,Mon,android,689837,878706,461655,0,3,1,0,0,0,0,0,0
1003973,4.92,0.83,0015-07-16 10:58:39,0015-07-16 13:58:39,10,13,2.54,Fri,ios,614005,369001,493904,1,1,0,0,0,0,1,0,0
1003974,3.88,0.45,0015-03-16 18:22:05,0015-03-16 21:22:05,18,21,2.01,Thu,ios,784726,280221,976902,1,3,0,0,0,0,0,0,0
1003975,3.11,0.00,0015-07-04 17:35:18,0015-07-04 21:35:18,17,21,3.76,Thu,ios,885710,922416,648339,1,1,0,0,0,0,0,0,0
1003976,4.29,0.00,0015-07-02 15:23:59,0015-07-02 18:23:59,15,18,2.55,Wed,ios,827721,612116,461655,1,1,0,0,1,0,0,0,0
1003977,23.68,0.00,0015-04-06 12:35:28,0015-04-06 16:35:28,12,16,3.42,Mon,android,595553,632920,461655,0,1,1,0,0,0,0,0,0
1003978,3.95,0.00,0015-06-20 11:15:57,0015-06-20 15:15:57,11,15,3.45,Thu,ios,382148,711566,928191,0,3,0,0,0,0,0,0,0
1003979,0.52,0.00,0015-08-01 12:15:43,0015-08-01 13:15:43,12,13,0.23,Thu,android,561696,569889,461655,1,3,0,0,0,0,0,0,0
1003980,7.74,0.00,0015-07-01 11:28:20,0015-07-01 16:28:20,11,16,4.04,Thu,ios,751711,955429,493904,0,2,0,0,0,0,0,0,0
1003981,4.67,0.21,0015-08-15 19:13:29,0015-08-15 23:13:29,19,23,3.46,Tue,ios,172266,280221,976902,1,3,0,0,0,0,0,0,0
1003982,10.04,0.00,0015-06-06 16:38:05,0015-06-06 21:38:05,16,21,4.21,Thu,android,394415,236379,928191,1,2,0,0,0,0,0,0,0
1003983,4.48,0.00,0015-08-18 17:14:53,0015-08-18 20:14:53,17,20,2.36,Tue,android,167151,801274,976902,1,1,0,0,0,0,0,0,0
1003984,10.99,0.00,0015-06-13 13:12:26,0015-06-13 17:12:26,13,17,3.16,Fri,ios,597626,878706,461655,1,1,0,0,0,0,1,0,0
1003985,2.88,0.00,0015-09-04 16:31:23,0015-09-04 20:31:23,16,20,3.12,Mon,ios,667403,369001,493904,0,1,1,0,0,0,0,0,0
1003986,5.82,0.00,0015-07-09 10:28:43,0015-07-09 14:28:43,10,14,3.08,Wed,ios,738252,369001,493904,0,3,0,0,1,0,0,0,0
1003987,23.68,7.50,0015-06-16 11:37:38,0015-06-16 15:37:38,11,15,3.30,Wed,ios,754195,728918,928191,1,2,0,0,1,0,0,0,0
1003988,8.48,0.00,0015-08-18 18:28:18,0015-08-18 22:28:18,18,22,3.23,Tue,android,633579,638536,868085,0,3,0,0,0,0,0,0,0
1003989,1.80,0.00,0015-07-15 18:01:25,0015-07-15 19:01:25,18,19,0.65,Wed,ios,300081,414088,566549,1,3,0,0,1,0,0,0,0
1003990,10.26,0.00,0015-09-08 19:59:10,0015-09-08 23:59:10,19,23,3.90,Thu,ios,546470,369001,493904,1,2,0,0,0,0,0,0,0
1003991,7.74,0.00,0015-03-27 16:24:10,0015-03-27 19:24:10,16,19,2.52,Fri,ios,231894,414088,566549,1,2,0,0,0,0,1,0,0
1003992,3.55,0.00,0015-05-13 12:15:52,0015-05-13 14:15:52,12,14,1.34,Mon,ios,819563,943765,461655,1,3,1,0,0,0,0,0,0
1003993,5.65,0.00,0015-09-11 11:21:44,0015-09-11 15:21:44,11,15,3.79,Wed,ios,376216,228137,503205,1,2,0,0,1,0,0,0,0
1003994,10.20,0.00,0015-06-19 12:43:10,0015-06-19 15:43:10,12,15,2.81,Thu,ios,550506,500856,976902,1,2,0,0,0,0,0,0,0
1003995,0.45,0.00,0015-07-03 16:02:36,0015-07-03 17:02:36,16,17,0.35,Wed,android,275955,369001,493904,0,3,0,0,1,0,0,0,0
1003996,4.10,0.00,0015-09-23 08:32:52,0015-09-23 11:32:52,08,11,2.56,Fri,ios,250622,653450,503205,0,3,0,0,0,0,1,0,0
1003997,6.28,0.00,0015-09-24 10:38:48,0015-09-24 13:38:48,10,13,2.27,Thu,ios,701774,474204,481066,1,2,0,0,0,0,0,0,0
1003998,23.68,0.00,0015-06-06 20:30:04,0015-06-06 10:30:04,20,10,13.68,Mon,ios,242918,474204,481066,0,3,1,0,0,0,0,0,0
1003999,7.04,0.00,0015-05-02 17:48:48,0015-05-02 20:48:48,17,20,2.74,Thu,ios,515491,280415,399399,1,3,0,0,0,0,0,0,0
1004000,4.73,0.00,0015-10-04 11:31:47,0015-10-04 14:31:47,11,14,2.34,Wed,ios,314891,369001,493904,1,3,0,0,1,0,0,0,0
1004001,6.44,0.00,0015-09-13 15:11:06,0015-09-13 19:11:06,15,19,3.84,Mon,ios,465361,260781,202527,1,3,1,0,0,0,0,0,0
1004002,4.30,0.63,0015-06-13 12:33:43,0015-06-13 16:33:43,12,16,3.04,Tue,ios,779245,944575,928191,1,3,0,0,0,0,0,0,0
1004003,23.68,0.00,0015-03-20 11:53:49,0015-03-20 04:53:49,11,04,40.27,Fri,ios,171329,568071,144857,1,1,0,0,0,0,1,0,0
1004004,3.65,0.00,0015-08-22 10:37:45,0015-08-22 14:37:45,10,14,3.07,Thu,ios,107917,653450,503205,1,3,0,0,0,0,0,0,0
1004005,23.68,0.00,0015-06-11 13:50:39,0015-06-11 17:50:39,13,17,3.92,Fri,ios,254994,653450,503205,0,3,0,0,0,0,1,0,0
1004006,0.08,0.00,0015-04-18 11:42:30,0015-04-18 12:42:30,11,12,0.04,Tue,ios,237804,219054,814002,1,1,0,0,0,0,0,0,0
1004007,5.66,0.00,0015-04-14 09:34:31,0015-04-14 13:34:31,09,13,3.13,Mon,ios,428955,280221,976902,1,4,1,0,0,0,0,0,0
1004008,2.12,0.00,0015-09-17 18:24:52,0015-09-17 20:24:52,18,20,1.59,Wed,ios,945568,944515,976902,1,3,0,0,1,0,0,0,0
1004009,8.24,0.00,0015-06-20 13:46:09,0015-06-20 17:46:09,13,17,3.16,Tue,ios,109657,653450,503205,0,3,0,0,0,0,0,0,0
1004010,23.68,0.00,0015-07-11 16:48:33,0015-07-11 10:48:33,16,10,17.96,Wed,android,799312,875343,747048,0,1,0,0,1,0,0,0,0
1004011,1.51,0.00,0015-04-02 16:19:29,0015-04-02 19:19:29,16,19,2.76,Mon,ios,236061,129465,461655,1,3,1,0,0,0,0,0,0
1004012,5.19,0.00,0015-05-15 14:53:46,0015-05-15 17:53:46,14,17,2.30,Wed,ios,233690,445920,125372,1,3,0,0,1,0,0,0,0
1004013,4.07,4.74,0015-09-08 11:57:47,0015-09-08 15:57:47,11,15,3.33,Fri,android,544636,730023,878393,1,3,0,0,0,0,1,0,0
1004014,7.02,0.00,0015-09-20 09:20:47,0015-09-20 12:20:47,09,12,2.27,Mon,ios,210227,369001,493904,0,2,1,0,0,0,0,0,0
1004015,1.62,0.00,0015-04-09 11:13:13,0015-04-09 12:13:13,11,12,0.58,Mon,android,353136,801274,976902,0,1,1,0,0,0,0,0,0
1004016,23.68,0.00,0015-08-24 08:33:59,0015-08-24 11:33:59,08,11,2.76,Tue,ios,803240,371335,461655,1,3,0,0,0,0,0,0,0
1004017,4.84,0.00,0015-05-12 12:29:21,0015-05-12 15:29:21,12,15,2.45,Tue,android,618269,260781,202527,1,2,0,0,0,0,0,0,0
1004018,6.32,0.00,0015-08-23 12:26:52,0015-08-23 15:26:52,12,15,2.65,Tue,android,504098,572249,144857,1,3,0,0,0,0,0,0,0
1004019,6.92,0.00,0015-06-09 17:38:35,0015-06-09 20:38:35,17,20,2.68,Mon,android,433570,612116,461655,1,3,1,0,0,0,0,0,0
1004020,7.56,0.00,0015-08-10 11:37:15,0015-08-10 14:37:15,11,14,2.86,Fri,android,614199,228137,503205,1,3,0,0,0,0,1,0,0
1004021,2.05,0.00,0015-05-16 16:29:41,0015-05-16 19:29:41,16,19,2.63,Wed,ios,634017,944515,976902,1,3,0,0,1,0,0,0,0
1004022,12.63,0.00,0015-07-21 18:50:24,0015-07-21 22:50:24,18,22,3.91,Mon,android,697671,874950,814002,1,1,1,0,0,0,0,0,0
1004023,2.19,0.00,0015-08-11 17:33:59,0015-08-11 19:33:59,17,19,1.34,Thu,ios,233047,738900,976902,0,2,0,0,0,0,0,0,0
1004024,0.87,0.00,0015-08-04 13:39:01,0015-08-04 16:39:01,13,16,2.70,Fri,android,470203,514669,566549,1,1,0,0,0,0,1,0,0
1004025,8.17,0.00,0015-07-18 15:07:35,0015-07-18 18:07:35,15,18,2.87,Tue,ios,653392,474204,481066,0,3,0,0,0,0,0,0,0
1004026,0.13,0.00,0015-03-19 17:29:57,0015-03-19 18:29:57,17,18,0.14,Tue,ios,895164,955429,493904,1,3,0,0,0,0,0,0,0
1004027,6.95,0.00,0015-06-21 09:56:04,0015-06-21 13:56:04,09,13,3.64,Thu,ios,358757,405157,976902,1,3,0,0,0,0,0,0,0
1004028,6.43,0.00,0015-07-25 10:04:38,0015-07-25 14:04:38,10,14,3.78,Tue,ios,359294,369001,493904,1,3,0,0,0,0,0,0,0
1004029,8.65,0.00,0015-03-08 13:08:21,0015-03-08 18:08:21,13,18,4.72,Thu,android,946107,955429,493904,0,2,0,0,0,0,0,0,0
1004030,23.68,0.00,0015-07-02 17:20:26,0015-07-02 21:20:26,17,21,3.43,Mon,ios,182436,369001,493904,0,3,1,0,0,0,0,0,0
1004031,2.66,0.00,0015-06-27 11:04:50,0015-06-27 13:04:50,11,13,1.03,Thu,ios,693866,944575,928191,1,2,0,0,0,0,0,0,0
1004032,3.49,0.00,0015-09-10 16:59:18,0015-09-10 19:59:18,16,19,2.44,Fri,android,564768,369001,493904,1,3,0,0,0,0,1,0,0
1004033,1.13,0.00,0015-08-08 17:22:41,0015-08-08 21:22:41,17,21,3.88,Mon,ios,366498,366832,978130,0,1,1,0,0,0,0,0,0
1004034,4.20,0.00,0015-08-05 12:40:37,0015-08-05 15:40:37,12,15,2.19,Fri,android,345265,250527,976902,0,3,0,0,0,0,1,0,0
1004035,10.56,0.00,0015-08-25 17:01:52,0015-08-25 21:01:52,17,21,3.81,Wed,ios,390474,207262,928191,1,1,0,0,1,0,0,0,0
1004036,3.40,0.00,0015-05-13 16:43:00,0015-05-13 18:43:00,16,18,1.51,Wed,ios,285429,863084,751082,1,3,0,0,1,0,0,0,0
1004037,11.87,0.00,0015-08-09 11:22:56,0015-08-09 16:22:56,11,16,4.49,Wed,ios,168512,902592,566549,0,2,0,0,1,0,0,0,0
1004038,6.68,0.00,0015-09-07 08:46:17,0015-09-07 11:46:17,08,11,2.27,Tue,android,447795,874950,814002,1,3,0,0,0,0,0,0,0
1004039,3.21,0.00,0015-06-15 17:15:21,0015-06-15 19:15:21,17,19,2.00,Thu,android,645470,944515,976902,0,3,0,0,0,0,0,0,0
1004040,12.09,0.00,0015-09-07 18:10:10,0015-09-07 23:10:10,18,23,4.06,Fri,android,290786,369001,493904,1,1,0,0,0,0,1,0,0
1004041,3.12,4.48,0015-08-08 08:33:16,0015-08-08 11:33:16,08,11,2.79,Fri,android,846840,672450,202527,1,1,0,0,0,0,1,0,0
1004042,23.68,0.00,0015-05-21 17:42:10,0015-05-21 03:42:10,17,03,33.86,Wed,android,394889,738900,976902,1,3,0,0,1,0,0,0,0
1004043,5.47,0.00,0015-03-16 17:40:13,0015-03-16 20:40:13,17,20,2.96,Mon,android,231358,131897,566549,1,2,1,0,0,0,0,0,0
1004044,4.58,0.00,0015-07-14 12:36:17,0015-07-14 16:36:17,12,16,3.22,Thu,ios,746271,803398,144857,1,1,0,0,0,0,0,0,0
1004045,10.60,0.00,0015-07-04 17:53:14,0015-07-04 21:53:14,17,21,3.42,Thu,android,725447,944515,976902,1,2,0,0,0,0,0,0,0
1004046,2.99,0.00,0015-07-05 12:34:13,0015-07-05 14:34:13,12,14,1.21,Fri,ios,340731,371335,461655,1,3,0,0,0,0,1,0,0
1004047,6.50,0.00,0015-09-04 15:21:16,0015-09-04 19:21:16,15,19,3.49,Wed,ios,473543,638536,868085,0,3,0,0,1,0,0,0,0
1004048,1.57,0.00,0015-08-22 16:16:56,0015-08-22 17:16:56,16,17,0.52,Wed,android,290315,569886,868085,0,3,0,0,1,0,0,0,0
1004049,7.73,0.00,0015-08-20 16:57:01,0015-08-20 19:57:01,16,19,2.70,Fri,android,533302,878706,461655,1,1,0,0,0,0,1,0,0
1004050,5.20,0.00,0015-05-28 12:21:06,0015-05-28 15:21:06,12,15,2.37,Fri,ios,962396,955429,493904,0,3,0,0,0,0,1,0,0
1004051,6.51,0.00,0015-03-24 13:52:23,0015-03-24 17:52:23,13,17,3.31,Fri,ios,911288,414088,566549,0,3,0,0,0,0,1,0,0
1004052,5.20,0.00,0015-06-13 15:37:46,0015-06-13 19:37:46,15,19,3.52,Wed,ios,946660,955429,493904,1,2,0,0,1,0,0,0,0
1004053,1.11,0.04,0015-09-21 17:41:42,0015-09-21 19:41:42,17,19,1.70,Thu,ios,639683,562656,481066,1,2,0,0,0,0,0,0,0
1004054,5.79,0.00,0015-09-17 17:27:53,0015-09-17 20:27:53,17,20,2.88,Thu,ios,523545,280221,976902,0,1,0,0,0,0,0,0,0
1004055,11.48,0.00,0015-04-25 10:38:31,0015-04-25 15:38:31,10,15,4.52,Wed,ios,459487,129465,461655,1,2,0,0,1,0,0,0,0
1004056,0.87,0.00,0015-08-12 17:48:17,0015-08-12 19:48:17,17,19,1.09,Fri,ios,832187,801274,976902,0,2,0,0,0,0,1,0,0
1004057,4.35,0.00,0015-08-16 10:18:10,0015-08-16 13:18:10,10,13,2.52,Thu,ios,275976,369001,493904,0,3,0,0,0,0,0,0,0
1004058,10.35,0.00,0015-06-19 17:41:49,0015-06-19 22:41:49,17,22,4.16,Fri,android,816691,517464,144857,1,3,0,0,0,0,1,0,0
1004059,4.23,0.00,0015-08-10 09:41:55,0015-08-10 13:41:55,09,13,3.05,Mon,ios,258016,474204,481066,1,1,1,0,0,0,0,0,0
1004060,5.11,0.00,0015-08-21 16:29:57,0015-08-21 18:29:57,16,18,1.83,Wed,ios,680499,369001,493904,1,3,0,0,1,0,0,0,0
1004061,7.62,0.00,0015-03-24 17:37:22,0015-03-24 21:37:22,17,21,3.80,Fri,android,975033,250527,976902,1,3,0,0,0,0,1,0,0
1004062,4.87,0.44,0015-08-19 17:54:32,0015-08-19 20:54:32,17,20,2.22,Tue,ios,539012,369001,493904,1,2,0,0,0,0,0,0,0
1004063,4.76,0.00,0015-07-06 10:05:09,0015-07-06 13:05:09,10,13,2.08,Thu,ios,144405,932939,868085,0,2,0,0,0,0,0,0,0
1004064,2.79,0.00,0015-04-23 12:50:13,0015-04-23 15:50:13,12,15,2.49,Tue,ios,160584,425476,928191,0,3,0,0,0,0,0,0,0
1004065,11.69,0.00,0015-09-17 17:17:31,0015-09-17 21:17:31,17,21,3.50,Fri,ios,551550,517464,144857,1,3,0,0,0,0,1,0,0
1004066,9.65,0.00,0015-06-26 13:50:32,0015-06-26 17:50:32,13,17,3.96,Tue,android,455011,219054,814002,1,3,0,0,0,0,0,0,0
1004067,3.75,0.00,0015-07-11 13:14:46,0015-07-11 15:14:46,13,15,1.56,Thu,ios,772594,405157,976902,1,3,0,0,0,0,0,0,0
1004068,12.73,0.00,0015-08-24 10:01:15,0015-08-24 14:01:15,10,14,3.67,Tue,ios,559674,474204,481066,0,3,0,0,0,0,0,0,0
1004069,3.70,0.00,0015-06-24 19:12:55,0015-06-24 22:12:55,19,22,2.52,Mon,android,176313,228137,503205,1,3,1,0,0,0,0,0,0
1004070,1.81,0.00,0015-09-13 11:50:07,0015-09-13 15:50:07,11,15,3.36,Wed,android,508768,207262,928191,1,3,0,0,1,0,0,0,0
1004071,4.71,0.00,0015-09-18 19:42:48,0015-09-18 21:42:48,19,21,1.41,Wed,ios,160940,474204,481066,0,3,0,0,1,0,0,0,0
1004072,11.90,0.00,0015-05-24 13:36:35,0015-05-24 17:36:35,13,17,3.77,Mon,ios,325348,875343,747048,1,2,1,0,0,0,0,0,0
1004073,9.81,0.00,0015-09-25 11:28:53,0015-09-25 15:28:53,11,15,3.40,Tue,ios,463887,355208,976902,0,2,0,0,0,0,0,0,0
1004074,3.32,0.00,0015-08-05 16:39:09,0015-08-05 21:39:09,16,21,4.02,Tue,android,380103,250527,976902,0,1,0,0,0,0,0,0,0
1004075,2.81,6.43,0015-09-16 16:45:18,0015-09-16 20:45:18,16,20,3.11,Thu,ios,531473,414088,566549,1,3,0,0,0,0,0,0,0
1004076,2.67,0.00,0015-08-14 10:35:14,0015-08-14 12:35:14,10,12,1.20,Thu,ios,307308,228137,503205,0,3,0,0,0,0,0,0,0
1004077,2.71,0.00,0015-09-07 17:44:25,0015-09-07 19:44:25,17,19,1.02,Mon,ios,482523,728918,928191,0,2,1,0,0,0,0,0,0
1004078,2.02,0.29,0015-09-17 14:07:41,0015-09-17 16:07:41,14,16,1.06,Fri,ios,931696,474204,481066,1,1,0,0,0,0,1,0,0
1004079,7.50,0.00,0015-05-17 13:37:45,0015-05-17 18:37:45,13,18,4.19,Tue,ios,143940,955429,493904,1,2,0,0,0,0,0,0,0
1004080,0.17,0.00,0015-11-23 17:04:58,0015-11-23 18:04:58,17,18,0.13,Mon,ios,805373,932939,868085,0,1,1,0,0,0,0,0,0
1004081,6.95,0.00,0015-12-02 11:05:39,0015-12-02 16:05:39,11,16,4.03,Fri,ios,382504,280221,976902,1,3,0,0,0,0,1,0,0
1004082,4.94,0.00,0015-07-10 15:05:51,0015-07-10 18:05:51,15,18,2.80,Wed,ios,236933,369001,493904,1,3,0,0,1,0,0,0,0
1004083,2.12,0.00,0015-04-03 12:38:55,0015-04-03 14:38:55,12,14,1.26,Thu,ios,283457,507660,202527,0,2,0,0,0,0,0,0,0
1004084,4.11,0.00,0015-06-28 16:09:54,0015-06-28 19:09:54,16,19,2.29,Wed,ios,494835,955429,493904,0,3,0,0,1,0,0,0,0
1004085,10.36,0.00,0015-08-18 09:29:50,0015-08-18 13:29:50,09,13,3.66,Fri,ios,591812,405157,976902,0,3,0,0,0,0,1,0,0
1004086,0.44,0.00,0015-07-05 19:46:55,0015-07-05 20:46:55,19,20,0.33,Thu,ios,160865,514669,566549,0,2,0,0,0,0,0,0,0
1004087,5.61,0.00,0015-09-17 16:46:09,0015-09-17 19:46:09,16,19,2.40,Thu,android,533659,207262,928191,1,3,0,0,0,0,0,0,0
1004088,23.68,0.00,0015-06-26 18:53:32,0015-06-26 21:53:32,18,21,2.85,Mon,ios,387626,500856,976902,1,2,1,0,0,0,0,0,0
1004089,3.19,0.00,0015-09-19 16:47:21,0015-09-19 20:47:21,16,20,3.27,Tue,android,896601,878706,461655,1,2,0,0,0,0,0,0,0
1004090,2.79,0.00,0015-02-18 12:52:28,0015-02-18 15:52:28,12,15,2.36,Wed,android,409917,549414,461655,1,1,0,0,1,0,0,0,0
1004091,1.59,0.00,0015-05-06 09:43:59,0015-05-06 11:43:59,09,11,1.06,Wed,android,433088,474204,481066,1,1,0,0,1,0,0,0,0
1004092,3.31,0.00,0015-09-15 12:19:42,0015-09-15 14:19:42,12,14,1.15,Wed,ios,955944,369001,493904,1,3,0,0,1,0,0,0,0
1004093,6.04,0.00,0015-11-13 11:06:19,0015-11-13 14:06:19,11,14,2.04,Tue,ios,888914,801274,976902,0,3,0,0,0,0,0,0,0
1004094,4.35,0.00,0015-05-11 12:28:46,0015-05-11 15:28:46,12,15,2.24,Fri,android,956318,451479,648339,1,3,0,0,0,0,1,0,0
1004095,1.30,0.00,0015-03-11 18:35:49,0015-03-11 20:35:49,18,20,1.13,Mon,ios,550691,228137,503205,1,3,1,0,0,0,0,0,0
1004096,7.39,1.22,0015-09-24 09:38:51,0015-09-24 13:38:51,09,13,3.09,Tue,ios,305342,995505,868085,1,3,0,0,0,0,0,0,0
1004097,10.57,0.00,0015-09-23 17:33:24,0015-09-23 21:33:24,17,21,3.53,Tue,ios,997101,207262,928191,1,2,0,0,0,0,0,0,0
1004098,8.12,0.00,0015-08-23 11:19:48,0015-08-23 14:19:48,11,14,2.80,Tue,ios,168491,474204,481066,1,2,0,0,0,0,0,0,0
1004099,9.01,0.00,0015-09-18 12:12:43,0015-09-18 15:12:43,12,15,2.46,Tue,ios,865636,355208,976902,1,3,0,0,0,0,0,0,0
1004100,10.73,0.00,0015-08-01 11:00:28,0015-08-01 15:00:28,11,15,3.79,Thu,ios,132688,355208,976902,1,3,0,0,0,0,0,0,0
1004101,10.26,0.00,0015-05-26 18:15:19,0015-05-26 22:15:19,18,22,3.83,Mon,android,898153,664306,868085,1,3,1,0,0,0,0,0,0
1004102,13.66,0.00,0015-07-16 11:20:08,0015-07-16 15:20:08,11,15,3.78,Thu,android,367778,955429,493904,0,2,0,0,0,0,0,0,0
1004103,6.83,0.00,0015-08-19 10:12:31,0015-08-19 14:12:31,10,14,3.85,Mon,ios,294030,207262,928191,1,2,1,0,0,0,0,0,0
1004104,23.68,0.00,0015-09-19 16:31:23,0015-09-19 04:31:23,16,04,35.88,Fri,ios,463238,944575,928191,1,1,0,0,0,0,1,0,0
1004105,2.38,0.00,0015-08-14 11:19:11,0015-08-14 13:19:11,11,13,1.39,Fri,ios,857018,489543,868085,1,3,0,0,0,0,1,0,0
1004106,6.68,0.00,0015-06-19 13:59:11,0015-06-19 16:59:11,13,16,2.77,Mon,ios,804365,517464,144857,0,3,1,0,0,0,0,0,0
1004107,0.25,0.00,0015-06-26 17:23:47,0015-06-26 21:23:47,17,21,3.25,Tue,ios,342262,514669,566549,1,2,0,0,0,0,0,0,0
1004108,3.54,0.00,0015-08-19 12:35:58,0015-08-19 15:35:58,12,15,2.84,Wed,ios,616399,250527,976902,0,3,0,0,1,0,0,0,0
1004109,23.68,0.00,0015-10-20 08:01:14,0015-10-20 20:01:14,08,20,35.31,Wed,ios,173642,369001,493904,1,2,0,0,1,0,0,0,0
1004110,5.26,0.40,0015-07-18 15:50:27,0015-07-18 17:50:27,15,17,1.76,Wed,android,162233,517464,144857,1,3,0,0,1,0,0,0,0
1004111,0.75,0.09,0015-06-11 18:57:22,0015-06-11 19:57:22,18,19,0.35,Wed,ios,513293,280221,976902,1,3,0,0,1,0,0,0,0
1004112,7.60,0.00,0015-08-17 12:34:54,0015-08-17 16:34:54,12,16,3.63,Mon,ios,499344,871619,125372,1,3,1,0,0,0,0,0,0
1004113,8.76,7.50,0015-04-27 17:26:13,0015-04-27 21:26:13,17,21,3.59,Wed,ios,274930,369001,493904,1,1,0,0,1,0,0,0,0
1004114,4.92,0.39,0015-05-20 09:16:15,0015-05-20 13:16:15,09,13,3.98,Wed,android,747063,664306,868085,1,4,0,0,1,0,0,0,0
1004115,6.02,0.00,0015-09-08 16:07:01,0015-09-08 19:07:01,16,19,2.83,Wed,ios,882533,803398,144857,0,2,0,0,1,0,0,0,0
1004116,9.45,0.29,0015-05-16 16:14:31,0015-05-16 20:14:31,16,20,3.20,Tue,ios,195558,568071,144857,1,3,0,0,0,0,0,0,0
1004117,6.70,0.00,0015-08-24 17:12:52,0015-08-24 21:12:52,17,21,3.95,Mon,android,528981,369001,493904,1,3,1,0,0,0,0,0,0
1004118,6.87,0.00,0015-06-16 16:03:10,0015-06-16 20:03:10,16,20,3.93,Wed,ios,760980,951880,144857,1,3,0,0,1,0,0,0,0
1004119,23.68,0.00,0015-04-15 12:42:07,0015-04-15 14:42:07,12,14,49.72,Mon,android,776909,474204,481066,0,2,1,0,0,0,0,0,0
1004120,8.36,0.00,0015-08-18 12:40:23,0015-08-18 16:40:23,12,16,3.40,Mon,android,904803,445920,125372,0,1,1,0,0,0,0,0,0
1004121,7.70,0.19,0015-08-28 12:56:37,0015-08-28 16:56:37,12,16,3.25,Wed,ios,972111,955429,493904,0,3,0,0,1,0,0,0,0
1004122,3.11,0.00,0015-06-08 12:31:07,0015-06-08 14:31:07,12,14,1.84,Wed,ios,444606,932939,868085,1,3,0,0,1,0,0,0,0
1004123,1.42,0.00,0015-06-13 18:13:09,0015-06-13 21:13:09,18,21,2.09,Mon,ios,600234,500856,976902,1,3,1,0,0,0,0,0,0
1004124,0.43,0.00,0015-05-05 11:06:25,0015-05-05 12:06:25,11,12,0.27,Wed,ios,392912,569886,868085,0,3,0,0,1,0,0,0,0
1004125,5.57,0.00,0015-09-20 11:44:56,0015-09-20 15:44:56,11,15,3.36,Thu,ios,845247,955429,493904,0,3,0,0,0,0,0,0,0
1004126,4.50,0.00,0015-07-10 16:09:45,0015-07-10 20:09:45,16,20,3.72,Wed,ios,967601,540225,648339,0,3,0,0,1,0,0,0,0
1004127,2.33,0.00,0015-07-14 10:04:37,0015-07-14 12:04:37,10,12,1.24,Tue,ios,579819,474204,481066,0,2,0,0,0,0,0,0,0
1004128,3.81,0.00,0015-10-10 17:16:31,0015-10-10 20:16:31,17,20,2.75,Mon,ios,563912,730023,878393,0,1,1,0,0,0,0,0,0
1004129,7.21,0.00,0015-09-14 10:08:29,0015-09-14 13:08:29,10,13,2.54,Wed,ios,520382,568071,144857,1,3,0,0,1,0,0,0,0
1004130,9.38,0.00,0015-07-07 19:45:13,0015-07-07 23:45:13,19,23,3.22,Tue,ios,314489,638536,868085,0,3,0,0,0,0,0,0,0
1004131,4.42,0.00,0015-07-17 10:29:35,0015-07-17 15:29:35,10,15,4.06,Wed,ios,600525,260781,202527,1,2,0,0,1,0,0,0,0
1004132,6.52,0.00,0015-08-22 12:50:51,0015-08-22 16:50:51,12,16,3.21,Wed,ios,102089,728918,928191,1,3,0,0,1,0,0,0,0
1004133,2.68,0.00,0015-08-25 17:55:37,0015-08-25 19:55:37,17,19,1.73,Wed,ios,506810,191826,481066,0,2,0,0,1,0,0,0,0
1004134,9.23,0.00,0015-09-02 15:34:28,0015-09-02 19:34:28,15,19,3.02,Mon,ios,945803,672450,202527,0,3,1,0,0,0,0,0,0
1004135,4.67,0.00,0015-07-13 11:24:14,0015-07-13 15:24:14,11,15,3.94,Thu,android,485651,425476,928191,1,3,0,0,0,0,0,0,0
1004136,1.94,0.00,0015-08-17 11:14:49,0015-08-17 14:14:49,11,14,2.81,Tue,android,237422,474204,481066,1,4,0,0,0,0,0,0,0
1004137,10.72,0.00,0015-08-16 20:54:41,0015-08-16 01:54:41,20,01,4.28,Sat,ios,282636,371335,461655,1,1,0,0,0,0,0,1,0
1004138,5.23,0.00,0015-07-18 18:41:00,0015-07-18 20:41:00,18,20,1.52,Thu,android,408473,787792,648339,0,2,0,0,0,0,0,0,0
1004139,5.66,6.21,0015-10-23 10:52:23,0015-10-23 13:52:23,10,13,2.99,Fri,ios,329001,569886,868085,1,3,0,0,0,0,1,0,0
1004140,5.25,0.00,0015-05-22 11:46:33,0015-05-22 14:46:33,11,14,2.17,Fri,android,577294,371335,461655,1,2,0,0,0,0,1,0,0
1004141,3.46,0.00,0015-08-10 19:10:28,0015-08-10 21:10:28,19,21,1.99,Wed,android,579215,369001,493904,1,2,0,0,1,0,0,0,0
1004142,6.64,0.00,0015-06-20 09:08:27,0015-06-20 12:08:27,09,12,2.18,Mon,ios,851662,801274,976902,1,3,1,0,0,0,0,0,0
1004143,1.53,0.00,0015-07-03 17:44:27,0015-07-03 20:44:27,17,20,2.57,Wed,ios,183034,575971,948590,0,3,0,0,1,0,0,0,0
1004144,0.58,0.00,0015-07-02 16:11:10,0015-07-02 17:11:10,16,17,0.23,Fri,ios,636478,944515,976902,1,3,0,0,0,0,1,0,0
1004145,23.68,0.00,0015-06-04 15:10:16,0015-06-04 18:10:16,15,18,26.67,Wed,ios,124314,474204,481066,1,2,0,0,1,0,0,0,0
1004146,5.36,0.00,0015-09-04 15:05:56,0015-09-04 17:05:56,15,17,1.89,Wed,ios,566244,207262,928191,0,3,0,0,1,0,0,0,0
1004147,1.01,0.00,0015-08-28 12:38:20,0015-08-28 13:38:20,12,13,0.43,Wed,ios,605491,489543,868085,1,2,0,0,1,0,0,0,0
1004148,3.42,0.00,0015-05-07 16:45:57,0015-05-07 18:45:57,16,18,1.32,Mon,ios,634982,250527,976902,1,2,1,0,0,0,0,0,0
1004149,1.10,0.00,0015-07-20 13:42:37,0015-07-20 17:42:37,13,17,3.76,Wed,ios,234842,414088,566549,1,4,0,0,1,0,0,0,0
1004150,3.40,0.00,0015-03-16 15:06:42,0015-03-16 17:06:42,15,17,1.35,Mon,ios,503696,405157,976902,0,1,1,0,0,0,0,0,0
1004151,4.57,0.00,0015-07-07 18:38:06,0015-07-07 20:38:06,18,20,1.59,Mon,ios,803873,569889,461655,1,3,1,0,0,0,0,0,0
1004152,5.55,0.00,0015-04-20 16:21:13,0015-04-20 20:21:13,16,20,3.49,Fri,ios,341053,366832,978130,1,1,0,0,0,0,1,0,0
1004153,1.59,0.00,0015-08-17 11:00:55,0015-08-17 12:00:55,11,12,0.50,Mon,ios,912393,955429,493904,0,2,1,0,0,0,0,0,0
1004154,0.23,0.00,0015-08-10 12:07:50,0015-08-10 13:07:50,12,13,0.14,Thu,android,830367,474204,481066,0,3,0,0,0,0,0,0,0
1004155,4.49,0.00,0015-07-23 11:12:14,0015-07-23 14:12:14,11,14,2.15,Fri,android,166693,582873,461655,0,1,0,0,0,0,1,0,0
1004156,3.25,0.00,0015-06-16 17:14:10,0015-06-16 21:14:10,17,21,3.40,Fri,android,299107,672450,202527,0,3,0,0,0,0,1,0,0
1004157,23.68,0.00,0015-05-19 15:09:16,0015-05-19 04:09:16,15,04,36.21,Tue,ios,443419,638536,868085,0,3,0,0,0,0,0,0,0
1004158,5.07,0.00,0015-03-17 18:17:07,0015-03-17 22:17:07,18,22,3.91,Wed,android,949357,875343,747048,1,1,0,0,1,0,0,0,0
1004159,9.89,0.00,0015-10-23 11:00:58,0015-10-23 15:00:58,11,15,3.90,Tue,ios,678260,944515,976902,0,3,0,0,0,0,0,0,0
1004160,1.64,0.00,0015-04-19 11:09:09,0015-04-19 13:09:09,11,13,1.07,Thu,android,143536,874950,814002,1,2,0,0,0,0,0,0,0
1004161,5.46,0.00,0015-07-10 11:12:02,0015-07-10 14:12:02,11,14,2.57,Sun,android,966402,474204,481066,1,2,0,0,0,0,0,0,1
1004162,7.48,0.00,0015-08-11 16:34:24,0015-08-11 19:34:24,16,19,2.81,Fri,ios,595815,369001,493904,1,1,0,0,0,0,1,0,0
1004163,10.62,2.16,0015-08-27 18:26:49,0015-08-27 22:26:49,18,22,3.99,Wed,android,528059,131897,566549,0,1,0,0,1,0,0,0,0
1004164,7.95,0.00,0015-09-04 11:06:02,0015-09-04 15:06:02,11,15,3.38,Mon,android,948619,582873,461655,1,3,1,0,0,0,0,0,0
1004165,5.31,0.00,0015-08-07 17:17:04,0015-08-07 19:17:04,17,19,1.41,Thu,android,170365,280221,976902,1,1,0,0,0,0,0,0,0
1004166,5.51,0.00,0015-05-06 12:16:28,0015-05-06 16:16:28,12,16,3.16,Tue,android,439252,664306,868085,1,2,0,0,0,0,0,0,0
1004167,7.35,0.00,0015-09-21 17:49:44,0015-09-21 21:49:44,17,21,3.92,Fri,android,653745,569889,461655,1,3,0,0,0,0,1,0,0
1004168,10.72,0.00,0015-08-28 17:56:19,0015-08-28 21:56:19,17,21,3.61,Thu,android,136641,987396,978130,1,2,0,0,0,0,0,0,0
1004169,0.76,0.46,0015-06-04 16:36:33,0015-06-04 20:36:33,16,20,3.02,Wed,ios,627395,569886,868085,0,3,0,0,1,0,0,0,0
1004170,8.29,0.00,0015-02-07 11:24:51,0015-02-07 16:24:51,11,16,4.13,Wed,ios,667013,653450,503205,1,3,0,0,1,0,0,0,0
1004171,3.77,0.19,0015-04-21 13:06:50,0015-04-21 16:06:50,13,16,2.04,Thu,ios,372681,445920,125372,0,3,0,0,0,0,0,0,0
1004172,1.92,0.00,0015-08-06 10:31:17,0015-08-06 12:31:17,10,12,1.82,Thu,android,441891,517464,144857,1,2,0,0,0,0,0,0,0
1004173,9.33,0.00,0015-08-05 12:43:19,0015-08-05 16:43:19,12,16,3.57,Wed,ios,103703,371335,461655,1,3,0,0,1,0,0,0,0
1004174,11.02,0.00,0015-07-16 17:14:00,0015-07-16 22:14:00,17,22,4.51,Wed,android,512885,944515,976902,1,1,0,0,1,0,0,0,0
1004175,0.45,0.00,0015-07-21 09:11:43,0015-07-21 13:11:43,09,13,3.68,Wed,android,459065,474204,481066,0,3,0,0,1,0,0,0,0
1004176,1.64,0.00,0015-10-21 11:48:19,0015-10-21 13:48:19,11,13,1.96,Mon,ios,363467,369001,493904,1,2,1,0,0,0,0,0,0
1004177,4.06,7.50,0015-07-14 17:29:28,0015-07-14 20:29:28,17,20,2.40,Mon,ios,353837,507660,202527,1,3,1,0,0,0,0,0,0
1004178,2.33,0.00,0015-03-14 16:32:53,0015-03-14 19:32:53,16,19,2.42,Sun,ios,595065,237105,948590,0,2,0,0,0,0,0,0,1
1004179,23.68,0.00,0015-03-17 10:30:56,0015-03-17 04:30:56,10,04,18.00,Mon,ios,235684,643012,517854,1,1,1,0,0,0,0,0,0
1004180,3.93,0.00,0015-07-23 12:50:24,0015-07-23 15:50:24,12,15,2.22,Wed,ios,911426,803398,144857,1,3,0,0,1,0,0,0,0
1004181,8.47,0.00,0015-07-24 17:19:45,0015-07-24 21:19:45,17,21,3.31,Wed,ios,720108,878706,461655,0,3,0,0,1,0,0,0,0
1004182,5.44,0.00,0015-05-10 11:00:59,0015-05-10 14:00:59,11,14,2.52,Tue,ios,717075,371335,461655,0,3,0,0,0,0,0,0,0
1004183,4.66,0.00,0015-07-12 09:46:44,0015-07-12 12:46:44,09,12,2.56,Tue,ios,872526,431796,461655,1,1,0,0,0,0,0,0,0
1004184,8.15,0.00,0015-10-25 13:04:09,0015-10-25 17:04:09,13,17,3.60,Wed,android,563936,371335,461655,1,3,0,0,1,0,0,0,0
1004185,4.14,0.00,0015-06-09 11:06:18,0015-06-09 13:06:18,11,13,1.62,Fri,android,368836,369001,493904,1,3,0,0,0,0,1,0,0
1004186,23.68,0.00,0015-09-15 11:57:25,0015-09-15 16:57:25,11,16,4.04,Wed,ios,981205,995505,868085,1,3,0,0,1,0,0,0,0
1004187,9.75,0.00,0015-09-13 11:24:50,0015-09-13 15:24:50,11,15,3.46,Thu,ios,909344,871619,125372,0,3,0,0,0,0,0,0,0
1004188,6.12,0.00,0015-05-03 17:11:54,0015-05-03 20:11:54,17,20,2.92,Mon,ios,871829,569889,461655,1,3,1,0,0,0,0,0,0
1004189,5.94,0.00,0015-04-20 16:55:53,0015-04-20 19:55:53,16,19,2.97,Fri,ios,629542,568071,144857,1,1,0,0,0,0,1,0,0
1004190,23.68,0.00,0015-09-06 14:54:29,0015-09-06 17:54:29,14,17,2.40,Wed,android,973734,369001,493904,0,3,0,0,1,0,0,0,0
1004191,1.48,0.00,0015-09-09 13:33:04,0015-09-09 14:33:04,13,14,0.49,Tue,android,510659,911231,202527,0,3,0,0,0,0,0,0,0
1004192,1.41,0.00,0015-09-14 14:57:20,0015-09-14 16:57:20,14,16,1.01,Thu,android,864669,425476,928191,1,3,0,0,0,0,0,0,0
1004193,3.04,0.00,0015-09-04 13:26:37,0015-09-04 16:26:37,13,16,2.48,Fri,ios,231601,568071,144857,1,3,0,0,0,0,1,0,0
1004194,5.17,0.00,0015-06-07 14:51:30,0015-06-07 17:51:30,14,17,2.93,Tue,android,336830,955429,493904,1,3,0,0,0,0,0,0,0
1004195,5.69,0.00,0015-05-18 12:51:36,0015-05-18 16:51:36,12,16,3.76,Mon,ios,956675,943765,461655,0,3,1,0,0,0,0,0,0
1004196,12.38,0.00,0015-03-03 12:47:50,0015-03-03 17:47:50,12,17,4.60,Wed,ios,146422,369001,493904,1,4,0,0,1,0,0,0,0
1004197,5.18,0.00,0015-08-21 16:32:05,0015-08-21 19:32:05,16,19,2.38,Fri,android,158806,623134,620906,1,1,0,0,0,0,1,0,0
1004198,9.00,0.54,0015-07-27 19:02:10,0015-07-27 23:02:10,19,23,3.78,Tue,ios,735401,369001,493904,1,2,0,0,0,0,0,0,0
1004199,3.08,0.00,0015-07-04 16:52:45,0015-07-04 19:52:45,16,19,2.76,Wed,ios,886448,664306,868085,1,3,0,0,1,0,0,0,0
1004200,7.72,0.00,0015-07-11 17:15:35,0015-07-11 20:15:35,17,20,2.03,Wed,ios,306276,995505,868085,1,3,0,0,1,0,0,0,0
1004201,5.78,0.00,0015-05-14 16:29:35,0015-05-14 20:29:35,16,20,3.54,Thu,ios,214223,803398,144857,0,1,0,0,0,0,0,0,0
1004202,1.71,0.00,0015-07-01 18:38:24,0015-07-01 21:38:24,18,21,2.30,Mon,ios,910542,219054,814002,0,3,1,0,0,0,0,0,0
1004203,6.58,0.00,0015-09-13 19:54:06,0015-09-13 23:54:06,19,23,3.95,Tue,android,854358,366832,978130,1,1,0,0,0,0,0,0,0
1004204,3.26,0.00,0015-07-16 10:12:00,0015-07-16 12:12:00,10,12,1.40,Fri,ios,980697,944575,928191,1,3,0,0,0,0,1,0,0
1004205,9.69,0.00,0015-05-21 18:25:20,0015-05-21 21:25:20,18,21,2.97,Thu,android,410208,594591,461655,0,3,0,0,0,0,0,0,0
1004206,7.03,0.61,0015-08-17 12:17:06,0015-08-17 16:17:06,12,16,3.80,Mon,ios,937232,517464,144857,0,1,1,0,0,0,0,0,0
1004207,23.68,0.00,0015-09-15 12:36:38,0015-09-15 10:36:38,12,10,45.03,Wed,ios,122372,728918,928191,1,3,0,0,1,0,0,0,0
1004208,7.64,0.00,0015-05-13 13:13:38,0015-05-13 18:13:38,13,18,4.05,Thu,ios,908673,995505,868085,0,3,0,0,0,0,0,0,0
1004209,6.82,0.00,0015-07-19 12:58:26,0015-07-19 15:58:26,12,15,2.27,Fri,ios,473711,369001,493904,0,1,0,0,0,0,1,0,0
1004210,10.71,0.00,0015-08-21 16:39:28,0015-08-21 20:39:28,16,20,3.63,Wed,ios,961668,944515,976902,0,1,0,0,1,0,0,0,0
1004211,7.07,0.00,0015-03-19 10:06:56,0015-03-19 13:06:56,10,13,2.50,Mon,ios,603745,355208,976902,1,3,1,0,0,0,0,0,0
1004212,5.18,7.50,0015-09-08 17:13:11,0015-09-08 21:13:11,17,21,3.75,Thu,android,282788,875343,747048,1,2,0,0,0,0,0,0,0
1004213,7.07,0.00,0015-07-02 10:02:27,0015-07-02 13:02:27,10,13,2.74,Fri,ios,542490,474204,481066,1,3,0,0,0,0,1,0,0
1004214,8.45,3.08,0015-08-03 19:10:39,0015-08-03 23:10:39,19,23,3.81,Thu,ios,182404,878706,461655,0,3,0,0,0,0,0,0,0
1004215,8.23,0.00,0015-07-02 10:00:27,0015-07-02 14:00:27,10,14,3.22,Wed,android,133090,207262,928191,1,3,0,0,1,0,0,0,0
1004216,4.01,0.00,0015-08-28 12:51:21,0015-08-28 16:51:21,12,16,3.15,Wed,ios,503561,386940,814002,0,3,0,0,1,0,0,0,0
1004217,2.76,0.00,0015-08-10 16:41:07,0015-08-10 19:41:07,16,19,2.27,Wed,ios,399085,911231,202527,0,3,0,0,1,0,0,0,0
1004218,2.09,0.00,0015-07-28 14:59:11,0015-07-28 15:59:11,14,15,0.99,Tue,ios,773205,728918,928191,0,1,0,0,0,0,0,0,0
1004219,2.94,0.29,0015-09-26 14:31:39,0015-09-26 17:31:39,14,17,2.51,Mon,android,459625,369001,493904,1,3,1,0,0,0,0,0,0
1004220,8.85,0.00,0015-07-01 15:47:47,0015-07-01 19:47:47,15,19,3.32,Sat,ios,972099,414088,566549,1,2,0,0,0,0,0,1,0
1004221,8.85,0.00,0015-08-28 19:53:02,0015-08-28 22:53:02,19,22,2.93,Mon,android,832062,228137,503205,1,3,1,0,0,0,0,0,0
1004222,3.26,0.00,0015-09-09 15:31:35,0015-09-09 17:31:35,15,17,1.93,Mon,ios,889859,371335,461655,1,2,1,0,0,0,0,0,0
1004223,3.40,0.00,0015-07-19 16:44:54,0015-07-19 19:44:54,16,19,2.29,Wed,ios,486888,874950,814002,1,3,0,0,1,0,0,0,0
1004224,23.68,3.59,0015-04-03 12:14:10,0015-04-03 07:14:10,12,07,42.95,Mon,android,715794,280415,399399,1,1,1,0,0,0,0,0,0
1004225,9.82,0.96,0015-03-13 17:21:54,0015-03-13 21:21:54,17,21,3.73,Wed,ios,828259,638536,868085,1,3,0,0,1,0,0,0,0
1004226,0.24,0.00,0015-04-07 13:59:43,0015-04-07 14:59:43,13,14,0.93,Tue,ios,978313,371335,461655,1,1,0,0,0,0,0,0,0
1004227,23.68,0.00,0015-08-25 11:02:05,0015-08-25 01:02:05,11,01,13.55,Mon,ios,902140,902592,566549,1,3,1,0,0,0,0,0,0
1004228,3.17,0.00,0015-06-06 18:17:06,0015-06-06 20:17:06,18,20,1.69,Mon,android,427412,878706,461655,1,1,1,0,0,0,0,0,0
1004229,2.62,0.00,0015-08-20 18:40:45,0015-08-20 20:40:45,18,20,1.88,Tue,ios,376465,878706,461655,1,2,0,0,0,0,0,0,0
1004230,2.15,0.00,0015-07-12 10:36:40,0015-07-12 12:36:40,10,12,1.82,Thu,ios,390922,643012,517854,0,2,0,0,0,0,0,0,0
1004231,5.54,0.00,0015-08-12 14:51:56,0015-08-12 17:51:56,14,17,2.38,Wed,android,606091,369001,493904,1,3,0,0,1,0,0,0,0
1004232,7.20,0.00,0015-08-06 10:03:33,0015-08-06 14:03:33,10,14,3.21,Wed,ios,618442,911231,202527,0,3,0,0,1,0,0,0,0
1004233,23.68,0.00,0015-05-28 12:12:09,0015-05-28 02:12:09,12,02,37.70,Wed,ios,883076,481613,648339,1,3,0,0,1,0,0,0,0
1004234,5.77,0.00,0015-09-01 12:31:46,0015-09-01 14:31:46,12,14,1.88,Wed,ios,374498,474204,481066,0,3,0,0,1,0,0,0,0
1004235,12.48,0.00,0015-09-26 17:58:04,0015-09-26 22:58:04,17,22,4.05,Thu,ios,338976,612116,461655,1,2,0,0,0,0,0,0,0
1004236,7.96,0.00,0015-07-13 13:58:44,0015-07-13 16:58:44,13,16,2.74,Tue,android,273672,250527,976902,1,3,0,0,0,0,0,0,0
1004237,12.43,0.00,0015-07-06 11:01:48,0015-07-06 15:01:48,11,15,3.67,Tue,ios,349325,738900,976902,1,1,0,0,0,0,0,0,0
1004238,8.75,0.00,0015-06-27 12:15:05,0015-06-27 16:15:05,12,16,3.33,Mon,android,183543,369001,493904,1,2,1,0,0,0,0,0,0
1004239,4.04,0.83,0015-08-17 17:28:59,0015-08-17 20:28:59,17,20,2.71,Fri,android,803154,572249,144857,1,3,0,0,0,0,1,0,0
1004240,8.44,0.00,0015-09-16 16:52:43,0015-09-16 20:52:43,16,20,3.52,Mon,ios,735773,863084,751082,0,2,1,0,0,0,0,0,0
1004241,23.68,0.00,0015-06-25 17:37:39,0015-06-25 12:37:39,17,12,42.25,Fri,ios,849775,929628,751082,1,3,0,0,0,0,1,0,0
1004242,4.86,0.84,0015-05-23 12:07:50,0015-05-23 16:07:50,12,16,3.05,Thu,android,852542,878706,461655,1,3,0,0,0,0,0,0,0
1004243,4.80,0.00,0015-06-17 09:33:38,0015-06-17 11:33:38,09,11,1.66,Fri,ios,386727,730023,878393,1,2,0,0,0,0,1,0,0
1004244,6.71,0.00,0015-06-28 17:47:38,0015-06-28 20:47:38,17,20,2.63,Wed,android,964437,549414,461655,0,2,0,0,1,0,0,0,0
1004245,2.89,0.00,0015-09-17 12:48:35,0015-09-17 14:48:35,12,14,1.44,Wed,android,649502,955429,493904,1,3,0,0,1,0,0,0,0
1004246,23.68,0.00,0015-04-04 16:50:27,0015-04-04 18:50:27,16,18,1.65,Mon,ios,398803,902592,566549,1,2,1,0,0,0,0,0,0
1004247,6.88,0.00,0015-05-26 16:55:56,0015-05-26 20:55:56,16,20,3.84,Thu,ios,119809,405157,976902,1,2,0,0,0,0,0,0,0
1004248,4.22,0.00,0015-09-13 15:18:53,0015-09-13 19:18:53,15,19,3.03,Thu,ios,941771,540225,648339,0,3,0,0,0,0,0,0,0
1004249,23.68,0.00,0015-07-28 13:18:10,0015-07-28 15:18:10,13,15,25.17,Tue,ios,328599,260408,481066,1,3,0,0,0,0,0,0,0
1004250,1.12,0.00,0015-10-16 17:58:12,0015-10-16 21:58:12,17,21,3.36,Thu,ios,687155,207262,928191,1,2,0,0,0,0,0,0,0
1004251,23.68,0.00,0015-09-24 15:52:23,0015-09-24 20:52:23,15,20,4.24,Thu,android,528313,369001,493904,0,2,0,0,0,0,0,0,0
1004252,2.82,0.00,0015-06-14 11:36:14,0015-06-14 14:36:14,11,14,2.41,Wed,ios,620912,425476,928191,0,2,0,0,1,0,0,0,0
1004253,3.12,0.00,0015-09-19 12:31:54,0015-09-19 14:31:54,12,14,1.46,Fri,android,859542,891421,144857,0,2,0,0,0,0,1,0,0
1004254,23.68,0.00,0015-06-26 16:38:54,0015-06-26 19:38:54,16,19,50.33,Wed,android,726819,878706,461655,1,3,0,0,1,0,0,0,0
1004255,23.39,0.00,0015-08-14 12:25:33,0015-08-14 23:25:33,12,23,10.00,Thu,android,710136,955429,493904,1,3,0,0,0,0,0,0,0
1004256,3.14,0.00,0015-09-22 10:53:34,0015-09-22 13:53:34,10,13,2.78,Mon,ios,272409,955429,493904,1,3,1,0,0,0,0,0,0
1004257,2.56,0.00,0015-06-15 16:56:52,0015-06-15 18:56:52,16,18,1.74,Tue,android,961370,803398,144857,1,3,0,0,0,0,0,0,0
1004258,23.68,0.00,0015-09-24 17:59:54,0015-09-24 21:59:54,17,21,3.57,Thu,android,448784,369001,493904,0,3,0,0,0,0,0,0,0
1004259,4.77,0.00,0015-10-27 10:19:02,0015-10-27 13:19:02,10,13,2.27,Tue,ios,923255,228137,503205,1,3,0,0,0,0,0,0,0
1004260,7.27,6.16,0015-09-06 11:33:20,0015-09-06 14:33:20,11,14,2.42,Thu,android,795826,371335,461655,1,1,0,0,0,0,0,0,0
1004261,6.43,0.00,0015-05-24 17:50:05,0015-05-24 20:50:05,17,20,2.80,Mon,ios,660541,474204,481066,1,4,1,0,0,0,0,0,0
1004262,0.92,0.00,0015-09-15 08:05:39,0015-09-15 09:05:39,08,09,0.29,Wed,android,540036,265601,878393,0,2,0,0,1,0,0,0,0
1004263,7.33,0.00,0015-07-02 18:37:16,0015-07-02 21:37:16,18,21,2.70,Thu,ios,861393,929628,751082,1,3,0,0,0,0,0,0,0
1004264,5.03,0.00,0015-08-11 17:32:09,0015-08-11 21:32:09,17,21,3.13,Wed,ios,330279,572249,144857,0,3,0,0,1,0,0,0,0
1004265,6.21,0.37,0015-08-22 10:25:51,0015-08-22 15:25:51,10,15,4.00,Tue,android,226744,932939,868085,0,3,0,0,0,0,0,0,0
1004266,1.68,0.00,0015-09-01 15:48:00,0015-09-01 17:48:00,15,17,1.38,Thu,android,661388,568071,144857,1,3,0,0,0,0,0,0,0
1004267,5.62,0.00,0015-04-14 12:41:15,0015-04-14 15:41:15,12,15,2.68,Thu,ios,304614,228137,503205,0,2,0,0,0,0,0,0,0
1004268,3.91,0.00,0015-06-08 12:55:20,0015-06-08 15:55:20,12,15,2.42,Fri,android,415121,129465,461655,1,1,0,0,0,0,1,0,0
1004269,0.07,0.12,0015-07-26 13:58:57,0015-07-26 17:58:57,13,17,3.64,Mon,ios,491666,987396,978130,1,2,1,0,0,0,0,0,0
1004270,1.69,4.10,0015-06-20 17:52:58,0015-06-20 20:52:58,17,20,2.27,Wed,ios,362165,207262,928191,1,3,0,0,1,0,0,0,0
1004271,12.03,1.05,0015-08-13 12:47:44,0015-08-13 17:47:44,12,17,4.12,Wed,ios,357862,863084,751082,1,3,0,0,1,0,0,0,0
1004272,5.51,0.00,0015-04-20 10:01:56,0015-04-20 13:01:56,10,13,2.26,Tue,ios,383447,955429,493904,1,2,0,0,0,0,0,0,0
1004273,2.78,0.00,0015-09-02 17:37:19,0015-09-02 20:37:19,17,20,2.04,Tue,ios,188740,250527,976902,0,1,0,0,0,0,0,0,0
1004274,5.16,0.00,0015-06-07 13:18:07,0015-06-07 17:18:07,13,17,3.30,Fri,android,430702,514669,566549,1,3,0,0,0,0,1,0,0
1004275,8.47,0.00,0015-07-09 13:36:31,0015-07-09 16:36:31,13,16,2.85,Thu,ios,270978,944575,928191,1,3,0,0,0,0,0,0,0
1004276,2.37,0.18,0015-05-20 16:36:21,0015-05-20 18:36:21,16,18,1.45,Wed,ios,233331,250527,976902,0,4,0,0,1,0,0,0,0
1004277,4.23,0.00,0015-10-13 14:46:02,0015-10-13 17:46:02,14,17,2.61,Wed,ios,882721,250527,976902,0,3,0,0,1,0,0,0,0
1004278,4.93,0.00,0015-08-08 15:49:31,0015-08-08 18:49:31,15,18,2.37,Thu,android,654886,540225,648339,1,1,0,0,0,0,0,0,0
1004279,9.85,0.00,0015-05-09 11:22:00,0015-05-09 15:22:00,11,15,3.18,Mon,android,350538,612116,461655,1,3,1,0,0,0,0,0,0
1004280,7.29,0.00,0015-09-02 16:38:35,0015-09-02 19:38:35,16,19,2.42,Mon,ios,651389,369001,493904,1,3,1,0,0,0,0,0,0
1004281,2.75,0.00,0015-03-21 12:31:43,0015-03-21 13:31:43,12,13,0.84,Wed,ios,310989,207262,928191,1,3,0,0,1,0,0,0,0
1004282,3.72,0.00,0015-08-04 11:07:01,0015-08-04 14:07:01,11,14,2.18,Wed,android,762059,355208,976902,1,1,0,0,1,0,0,0,0
1004283,7.87,0.50,0015-06-07 16:01:39,0015-06-07 19:01:39,16,19,2.60,Tue,ios,491946,728918,928191,0,1,0,0,0,0,0,0,0
1004284,4.61,3.24,0015-09-09 15:22:21,0015-09-09 19:22:21,15,19,3.21,Fri,android,922185,237105,948590,1,2,0,0,0,0,1,0,0
1004285,4.22,0.00,0015-08-04 14:43:02,0015-08-04 17:43:02,14,17,2.02,Thu,ios,135245,260781,202527,0,4,0,0,0,0,0,0,0
1004286,5.75,0.00,0015-09-17 17:06:54,0015-09-17 21:06:54,17,21,3.02,Thu,ios,504296,369001,493904,0,1,0,0,0,0,0,0,0
1004287,1.18,0.00,0015-07-03 17:27:20,0015-07-03 18:27:20,17,18,0.53,Fri,ios,926791,568071,144857,1,3,0,0,0,0,1,0,0
1004288,3.82,0.00,0015-04-10 09:12:38,0015-04-10 12:12:38,09,12,2.06,Thu,ios,640282,878706,461655,0,2,0,0,0,0,0,0,0
1004289,0.63,0.00,0015-06-12 13:46:33,0015-06-12 14:46:33,13,14,0.22,Wed,android,698797,191826,481066,1,3,0,0,1,0,0,0,0
1004290,10.01,0.00,0015-03-06 11:00:07,0015-03-06 16:00:07,11,16,4.21,Mon,ios,986211,431796,461655,1,3,1,0,0,0,0,0,0
1004291,3.22,0.00,0015-06-02 12:22:06,0015-06-02 16:22:06,12,16,3.18,Wed,ios,196139,572249,144857,1,1,0,0,1,0,0,0,0
1004292,9.99,0.00,0015-07-16 11:30:48,0015-07-16 15:30:48,11,15,3.41,Wed,ios,155950,369001,493904,0,3,0,0,1,0,0,0,0
1004293,6.74,0.00,0015-09-07 15:59:20,0015-09-07 19:59:20,15,19,3.27,Tue,ios,378829,801274,976902,1,1,0,0,0,0,0,0,0
1004294,1.86,0.00,0015-06-25 13:37:59,0015-06-25 15:37:59,13,15,1.02,Tue,android,334873,664306,868085,0,3,0,0,0,0,0,0,0
1004295,1.09,0.00,0015-09-18 12:38:04,0015-09-18 16:38:04,12,16,3.15,Fri,ios,285565,260408,481066,1,3,0,0,0,0,1,0,0
1004296,23.68,0.00,0015-09-01 12:24:25,0015-09-01 10:24:25,12,10,45.85,Thu,ios,410216,445920,125372,1,4,0,0,0,0,0,0,0
1004297,5.12,0.00,0015-08-03 11:30:47,0015-08-03 13:30:47,11,13,1.81,Tue,ios,844279,355208,976902,0,3,0,0,0,0,0,0,0
1004298,9.88,0.00,0015-09-18 17:46:36,0015-09-18 21:46:36,17,21,3.89,Tue,ios,650454,219054,814002,0,2,0,0,0,0,0,0,0
1004299,1.37,0.00,0015-08-19 17:38:41,0015-08-19 19:38:41,17,19,1.07,Thu,ios,723313,951880,144857,1,3,0,0,0,0,0,0,0
1004300,5.23,0.00,0015-08-15 04:15:55,0015-08-15 08:15:55,04,08,3.60,Wed,ios,638933,638536,868085,1,3,0,0,1,0,0,0,0
1004301,4.51,0.00,0015-05-05 12:31:03,0015-05-05 15:31:03,12,15,2.26,Wed,android,508818,871619,125372,0,1,0,0,1,0,0,0,0
1004302,4.77,0.00,0015-06-14 11:54:21,0015-06-14 15:54:21,11,15,3.01,Mon,android,273443,995505,868085,0,3,1,0,0,0,0,0,0
1004303,3.85,0.00,0015-08-19 18:22:34,0015-08-19 21:22:34,18,21,2.90,Sat,ios,134700,875343,747048,1,3,0,0,0,0,0,1,0
1004304,5.75,0.00,0015-05-04 18:04:15,0015-05-04 22:04:15,18,22,3.27,Fri,android,400071,878706,461655,1,2,0,0,0,0,1,0,0
1004305,23.68,0.00,0015-04-02 16:52:53,0015-04-02 20:52:53,16,20,3.79,Tue,ios,604267,250527,976902,1,3,0,0,0,0,0,0,0
1004306,12.15,0.00,0015-06-15 19:22:28,0015-06-15 00:22:28,19,00,4.61,Fri,ios,228400,445920,125372,0,1,0,0,0,0,1,0,0
1004307,5.47,0.00,0015-09-03 11:26:21,0015-09-03 15:26:21,11,15,3.39,Fri,ios,974878,366832,978130,1,3,0,0,0,0,1,0,0
1004308,11.27,0.00,0015-07-26 19:22:21,0015-07-26 23:22:21,19,23,3.21,Fri,android,180258,875343,747048,0,3,0,0,0,0,1,0,0
1004309,23.68,0.00,0015-09-16 10:58:53,0015-09-16 12:58:53,10,12,1.71,Fri,android,937983,349635,503205,1,2,0,0,0,0,1,0,0
1004310,11.27,0.00,0015-04-03 17:24:18,0015-04-03 21:24:18,17,21,3.69,Wed,ios,110990,569889,461655,1,3,0,0,1,0,0,0,0
1004311,2.88,0.00,0015-05-22 17:42:38,0015-05-22 20:42:38,17,20,2.20,Wed,ios,212209,445920,125372,0,3,0,0,1,0,0,0,0
1004312,5.43,0.00,0015-09-26 15:37:27,0015-09-26 18:37:27,15,18,2.36,Thu,android,987513,875343,747048,0,3,0,0,0,0,0,0,0
1004313,5.08,0.00,0015-07-09 13:44:37,0015-07-09 18:44:37,13,18,4.40,Fri,android,151510,672450,202527,0,3,0,0,0,0,1,0,0
1004314,7.82,0.00,0015-07-18 17:21:07,0015-07-18 21:21:07,17,21,3.49,Fri,ios,253043,861532,454147,0,1,0,0,0,0,1,0,0
1004315,5.87,0.00,0015-08-28 09:21:58,0015-08-28 12:21:58,09,12,2.25,Wed,ios,684643,371335,461655,1,2,0,0,1,0,0,0,0
1004316,8.26,0.00,0015-08-26 12:49:54,0015-08-26 15:49:54,12,15,2.78,Tue,android,435945,236840,620906,1,4,0,0,0,0,0,0,0
1004317,6.29,0.00,0015-09-15 13:42:06,0015-09-15 17:42:06,13,17,3.38,Wed,android,310556,955429,493904,0,1,0,0,1,0,0,0,0
1004318,6.01,0.00,0015-05-21 11:49:42,0015-05-21 14:49:42,11,14,2.50,Wed,ios,741461,758780,399399,0,2,0,0,1,0,0,0,0
1004319,4.36,0.00,0015-03-12 20:04:40,0015-03-12 22:04:40,20,22,1.62,Fri,ios,566746,955429,493904,0,3,0,0,0,0,1,0,0
1004320,6.58,0.00,0015-08-04 11:57:18,0015-08-04 15:57:18,11,15,3.49,Fri,android,292906,653450,503205,0,1,0,0,0,0,1,0,0
1004321,23.68,0.00,0015-09-25 10:36:50,0015-09-25 14:36:50,10,14,51.95,Fri,android,676468,582873,461655,0,2,0,0,0,0,1,0,0
1004322,4.66,0.00,0015-08-26 17:02:27,0015-08-26 20:02:27,17,20,2.53,Wed,ios,621945,369001,493904,1,1,0,0,1,0,0,0,0
1004323,11.80,4.33,0015-07-09 13:23:50,0015-07-09 17:23:50,13,17,3.81,Tue,ios,960333,369001,493904,1,3,0,0,0,0,0,0,0
1004324,3.29,0.00,0015-04-09 18:37:44,0015-04-09 21:37:44,18,21,2.59,Wed,ios,712723,355208,976902,0,3,0,0,1,0,0,0,0
1004325,2.20,0.00,0015-09-20 13:33:49,0015-09-20 18:33:49,13,18,4.49,Fri,ios,656424,369001,493904,0,2,0,0,0,0,1,0,0
1004326,0.13,0.00,0015-05-28 13:50:31,0015-05-28 14:50:31,13,14,0.06,Fri,ios,276367,632920,461655,0,3,0,0,0,0,1,0,0
1004327,4.77,0.00,0015-05-02 11:59:08,0015-05-02 15:59:08,11,15,3.16,Wed,android,784856,955429,493904,0,3,0,0,1,0,0,0,0
1004328,4.41,0.00,0015-03-27 16:49:42,0015-03-27 20:49:42,16,20,3.50,Mon,ios,639048,955429,493904,0,2,1,0,0,0,0,0,0
1004329,10.69,0.00,0015-03-15 11:06:19,0015-03-15 15:06:19,11,15,3.80,Mon,ios,422106,200695,202527,1,2,1,0,0,0,0,0,0
1004330,8.93,0.00,0015-09-12 13:43:56,0015-09-12 17:43:56,13,17,3.10,Thu,ios,617186,875343,747048,1,2,0,0,0,0,0,0,0
1004331,2.41,0.00,0015-08-09 16:34:56,0015-08-09 18:34:56,16,18,1.68,Fri,ios,450953,861532,454147,1,3,0,0,0,0,1,0,0
1004332,6.17,0.00,0015-09-27 16:47:44,0015-09-27 20:47:44,16,20,3.66,Fri,ios,412932,414088,566549,0,1,0,0,0,0,1,0,0
1004333,2.27,0.00,0015-07-09 18:22:01,0015-07-09 20:22:01,18,20,1.15,Mon,android,991200,594591,461655,0,3,1,0,0,0,0,0,0
1004334,3.09,0.00,0015-04-13 09:11:47,0015-04-13 11:11:47,09,11,1.33,Mon,ios,869451,612116,461655,1,3,1,0,0,0,0,0,0
1004335,1.75,0.00,0015-06-02 08:24:12,0015-06-02 10:24:12,08,10,1.01,Wed,ios,290852,474204,481066,1,3,0,0,1,0,0,0,0
1004336,5.68,4.15,0014-10-14 12:54:33,0014-10-14 16:54:33,12,16,3.40,Thu,ios,904242,514669,566549,1,3,0,0,0,0,0,0,0
1004337,6.48,0.00,0015-07-22 17:13:04,0015-07-22 20:13:04,17,20,2.88,Sun,ios,249022,369001,493904,1,3,0,0,0,0,0,0,1
1004338,8.45,0.00,0015-09-19 13:39:04,0015-09-19 17:39:04,13,17,3.30,Fri,ios,251613,572249,144857,0,3,0,0,0,0,1,0,0
1004339,9.57,0.00,0015-02-28 17:14:27,0015-02-28 21:14:27,17,21,3.29,Tue,ios,642759,369001,493904,0,3,0,0,0,0,0,0,0
1004340,3.34,0.00,0015-06-08 17:46:16,0015-06-08 19:46:16,17,19,1.60,Mon,ios,234428,568071,144857,0,4,1,0,0,0,0,0,0
1004341,0.31,0.00,0015-07-24 10:56:18,0015-07-24 11:56:18,10,11,0.80,Wed,ios,270957,562656,481066,1,3,0,0,1,0,0,0,0
1004342,5.02,0.00,0015-08-23 18:44:23,0015-08-23 21:44:23,18,21,2.62,Wed,ios,981531,369001,493904,1,3,0,0,1,0,0,0,0
1004343,8.03,0.00,0015-03-16 12:22:40,0015-03-16 16:22:40,12,16,3.04,Thu,ios,473281,944515,976902,1,3,0,0,0,0,0,0,0
1004344,5.21,0.00,0015-07-26 18:16:36,0015-07-26 22:16:36,18,22,3.44,Wed,android,922684,280415,399399,0,2,0,0,1,0,0,0,0
1004345,23.68,0.00,0015-02-06 17:07:27,0015-02-06 18:07:27,17,18,48.86,Wed,ios,400836,944575,928191,0,3,0,0,1,0,0,0,0
1004346,5.60,0.00,0015-06-19 08:32:12,0015-06-19 11:32:12,08,11,2.32,Tue,android,687777,569886,868085,1,2,0,0,0,0,0,0,0
1004347,4.47,0.00,0015-09-20 09:42:05,0015-09-20 12:42:05,09,12,2.92,Wed,android,138132,366832,978130,1,2,0,0,1,0,0,0,0
1004348,1.83,0.00,0015-05-02 08:31:22,0015-05-02 09:31:22,08,09,0.58,Sat,ios,385617,711566,928191,0,1,0,0,0,0,0,1,0
1004349,5.31,0.28,0015-05-05 11:46:44,0015-05-05 15:46:44,11,15,3.12,Wed,ios,714155,568071,144857,1,4,0,0,1,0,0,0,0
1004350,7.94,0.00,0015-10-23 17:53:06,0015-10-23 20:53:06,17,20,2.44,Mon,ios,913009,612116,461655,1,3,1,0,0,0,0,0,0
1004351,6.92,0.00,0015-08-11 12:20:58,0015-08-11 16:20:58,12,16,3.72,Wed,ios,100302,474204,481066,1,3,0,0,1,0,0,0,0
1004352,1.71,0.31,0015-08-18 12:12:25,0015-08-18 14:12:25,12,14,1.02,Fri,ios,174025,638536,868085,0,3,0,0,0,0,1,0,0
1004353,11.85,1.09,0015-06-28 14:04:06,0015-06-28 18:04:06,14,18,3.94,Wed,ios,617601,955429,493904,1,3,0,0,1,0,0,0,0
1004354,7.20,0.00,0015-04-09 17:22:02,0015-04-09 21:22:02,17,21,3.94,Tue,ios,308490,943765,461655,0,3,0,0,0,0,0,0,0
1004355,2.72,0.00,0015-05-24 17:57:54,0015-05-24 19:57:54,17,19,1.87,Tue,ios,734019,951880,144857,1,3,0,0,0,0,0,0,0
1004356,6.64,0.00,0015-08-11 11:14:37,0015-08-11 14:14:37,11,14,2.21,Wed,ios,539448,369001,493904,0,1,0,0,1,0,0,0,0
1004357,4.32,0.00,0015-01-20 14:35:18,0015-01-20 17:35:18,14,17,2.15,Thu,android,410619,871619,125372,1,3,0,0,0,0,0,0,0
1004358,6.85,0.00,0015-09-23 11:15:27,0015-09-23 16:15:27,11,16,4.16,Mon,ios,570138,569886,868085,0,2,1,0,0,0,0,0,0
1004359,6.38,7.50,0015-07-17 12:47:15,0015-07-17 15:47:15,12,15,2.83,Wed,ios,812819,369001,493904,1,3,0,0,1,0,0,0,0
1004360,7.99,0.00,0015-08-26 07:13:02,0015-08-26 11:13:02,07,11,3.40,Fri,android,654530,878706,461655,1,2,0,0,0,0,1,0,0
1004361,4.75,0.00,0015-05-04 12:58:59,0015-05-04 15:58:59,12,15,2.01,Sat,android,671286,489543,868085,1,3,0,0,0,0,0,1,0
1004362,7.06,0.00,0015-07-03 10:18:12,0015-07-03 14:18:12,10,14,3.88,Wed,ios,372179,730023,878393,1,3,0,0,1,0,0,0,0
1004363,7.91,0.00,0015-05-26 17:34:56,0015-05-26 20:34:56,17,20,2.84,Fri,ios,114406,355208,976902,1,2,0,0,0,0,1,0,0
1004364,4.35,0.00,0015-08-01 13:24:17,0015-08-01 16:24:17,13,16,2.93,Tue,ios,717494,191826,481066,0,2,0,0,0,0,0,0,0
1004365,5.51,0.00,0015-09-11 11:49:02,0015-09-11 14:49:02,11,14,2.56,Wed,ios,969055,801274,976902,0,3,0,0,1,0,0,0,0
1004366,5.24,0.00,0015-07-14 10:12:34,0015-07-14 14:12:34,10,14,3.40,Mon,android,881226,250527,976902,1,1,1,0,0,0,0,0,0
1004367,0.70,0.00,0015-06-14 17:45:43,0015-06-14 21:45:43,17,21,3.42,Thu,android,531372,738900,976902,1,1,0,0,0,0,0,0,0
1004368,4.92,0.00,0015-06-20 15:56:19,0015-06-20 20:56:19,15,20,4.35,Mon,ios,398442,728918,928191,1,3,1,0,0,0,0,0,0
1004369,2.75,0.00,0015-04-24 14:22:38,0015-04-24 16:22:38,14,16,1.12,Sat,ios,518658,474204,481066,1,2,0,0,0,0,0,1,0
1004370,6.23,0.00,0015-07-17 10:18:55,0015-07-17 13:18:55,10,13,2.31,Thu,android,285434,995505,868085,0,3,0,0,0,0,0,0,0
1004371,4.72,0.00,0015-08-05 13:22:32,0015-08-05 17:22:32,13,17,3.91,Tue,android,563649,878706,461655,0,2,0,0,0,0,0,0,0
1004372,23.68,0.00,0015-07-20 12:59:05,0015-07-20 20:59:05,12,20,31.30,Thu,ios,766885,987396,978130,0,3,0,0,0,0,0,0,0
1004373,23.68,0.00,0015-09-10 16:51:28,0015-09-10 21:51:28,16,21,4.39,Sat,ios,628175,371335,461655,1,3,0,0,0,0,0,1,0
1004374,9.00,0.00,0015-02-07 16:55:29,0015-02-07 20:55:29,16,20,3.60,Thu,android,868316,569889,461655,0,3,0,0,0,0,0,0,0
1004375,5.83,0.00,0015-09-17 20:07:49,0015-09-17 23:07:49,20,23,2.09,Tue,ios,447130,134427,620906,1,2,0,0,0,0,0,0,0
1004376,4.01,0.00,0015-11-06 12:44:16,0015-11-06 15:44:16,12,15,2.48,Mon,ios,902572,638536,868085,1,3,1,0,0,0,0,0,0
1004377,6.61,0.00,0015-09-26 15:33:20,0015-09-26 19:33:20,15,19,3.64,Tue,ios,134898,405157,976902,1,3,0,0,0,0,0,0,0
1004378,4.70,0.00,0015-09-11 14:58:20,0015-09-11 18:58:20,14,18,3.86,Thu,android,574141,803398,144857,0,3,0,0,0,0,0,0,0
1004379,9.07,0.00,0015-09-17 11:42:44,0015-09-17 15:42:44,11,15,4.00,Mon,android,347151,664306,868085,1,1,1,0,0,0,0,0,0
1004380,6.31,0.00,0015-07-01 11:40:04,0015-07-01 14:40:04,11,14,2.65,Mon,ios,600167,587514,648339,0,1,1,0,0,0,0,0,0
1004381,4.54,0.00,0015-08-13 17:54:26,0015-08-13 19:54:26,17,19,1.49,Wed,ios,684585,131897,566549,0,3,0,0,1,0,0,0,0
1004382,21.96,0.00,0015-06-01 11:13:26,0015-06-01 14:13:26,11,14,2.52,Wed,ios,636199,369001,493904,1,3,0,0,1,0,0,0,0
1004383,18.02,0.00,0015-07-01 11:21:14,0015-07-01 10:21:14,11,10,22.10,Tue,ios,631457,414088,566549,1,3,0,0,0,0,0,0,0
1004384,3.57,0.00,0015-08-14 13:03:00,0015-08-14 16:03:00,13,16,2.11,Fri,ios,280964,875343,747048,0,2,0,0,0,0,1,0,0
1004385,8.59,0.00,0015-09-19 13:37:17,0015-09-19 17:37:17,13,17,3.31,Fri,android,733155,891421,144857,1,1,0,0,0,0,1,0,0
1004386,23.68,0.00,0015-09-23 09:30:42,0015-09-23 11:30:42,09,11,49.73,Fri,android,201674,250527,976902,1,3,0,0,0,0,1,0,0
1004387,3.10,0.00,0015-08-21 18:01:50,0015-08-21 20:01:50,18,20,1.56,Mon,ios,166942,369001,493904,1,3,1,0,0,0,0,0,0
1004388,3.88,0.00,0015-09-20 18:22:12,0015-09-20 20:22:12,18,20,1.40,Mon,android,469482,951880,144857,0,2,1,0,0,0,0,0,0
1004389,8.56,0.00,0015-09-26 11:49:03,0015-09-26 15:49:03,11,15,3.83,Tue,ios,877787,191826,481066,0,2,0,0,0,0,0,0,0
1004390,2.31,0.00,0015-09-01 17:42:55,0015-09-01 20:42:55,17,20,2.99,Fri,ios,162823,200695,202527,0,2,0,0,0,0,1,0,0
1004391,0.95,0.00,0015-06-18 11:46:17,0015-06-18 12:46:17,11,12,0.36,Wed,android,121265,250527,976902,1,3,0,0,1,0,0,0,0
1004392,7.28,0.00,0015-10-11 17:14:06,0015-10-11 20:14:06,17,20,2.69,Mon,ios,263896,664306,868085,1,2,1,0,0,0,0,0,0
1004393,4.15,0.00,0015-04-10 11:56:35,0015-04-10 15:56:35,11,15,3.80,Thu,ios,487886,474204,481066,1,2,0,0,0,0,0,0,0
1004394,7.79,0.00,0015-09-07 11:54:46,0015-09-07 15:54:46,11,15,3.25,Wed,ios,529146,371335,461655,0,2,0,0,1,0,0,0,0
1004395,1.97,0.00,0015-06-28 13:17:28,0015-06-28 14:17:28,13,14,0.83,Sun,android,718395,987396,978130,1,4,0,0,0,0,0,0,1
1004396,23.68,0.00,0015-05-09 15:55:16,0015-05-09 19:55:16,15,19,3.78,Fri,ios,783855,405157,976902,0,3,0,0,0,0,1,0,0
1004397,2.68,0.00,0015-07-20 11:41:46,0015-07-20 12:41:46,11,12,0.93,Wed,android,220081,902592,566549,0,1,0,0,1,0,0,0,0
1004398,9.90,0.00,0015-08-02 18:41:43,0015-08-02 23:41:43,18,23,4.40,Thu,android,528435,369001,493904,0,3,0,0,0,0,0,0,0
1004399,7.61,0.00,0015-03-18 18:45:38,0015-03-18 21:45:38,18,21,2.92,Sun,ios,398724,369001,493904,1,3,0,0,0,0,0,0,1
1004400,11.15,0.00,0015-08-09 17:20:54,0015-08-09 21:20:54,17,21,3.98,Fri,android,967589,371335,461655,0,3,0,0,0,0,1,0,0
1004401,5.88,0.00,0015-08-03 19:00:36,0015-08-03 22:00:36,19,22,2.20,Tue,android,770818,664306,868085,0,2,0,0,0,0,0,0,0
1004402,11.77,0.00,0015-06-06 17:43:56,0015-06-06 21:43:56,17,21,3.95,Tue,web,594380,414088,566549,0,3,0,0,0,0,0,0,0
1004403,3.36,0.32,0015-09-15 13:10:10,0015-09-15 15:10:10,13,15,1.83,Wed,ios,981382,575971,948590,0,3,0,0,1,0,0,0,0
1004404,3.47,0.00,0015-06-02 10:46:59,0015-06-02 13:46:59,10,13,2.79,Fri,ios,808067,514669,566549,0,3,0,0,0,0,1,0,0
1004405,10.72,0.00,0015-05-03 13:06:00,0015-05-03 17:06:00,13,17,3.69,Thu,ios,433869,569889,461655,0,1,0,0,0,0,0,0,0
1004406,1.69,0.00,0015-05-23 12:22:42,0015-05-23 13:22:42,12,13,0.99,Thu,ios,552545,569886,868085,0,1,0,0,0,0,0,0,0
1004407,23.68,0.00,0015-05-27 15:59:59,0015-05-27 18:59:59,15,18,2.87,Fri,ios,884813,474204,481066,0,2,0,0,0,0,1,0,0
1004408,13.24,0.00,0015-09-22 09:49:36,0015-09-22 14:49:36,09,14,4.29,Fri,ios,147267,129465,461655,1,1,0,0,0,0,1,0,0
1004409,4.12,0.00,0015-08-23 12:26:30,0015-08-23 16:26:30,12,16,3.44,Wed,android,958472,371335,461655,0,3,0,0,1,0,0,0,0
1004410,5.74,0.00,0015-05-25 11:50:31,0015-05-25 15:50:31,11,15,3.85,Thu,ios,993784,693651,503205,0,3,0,0,0,0,0,0,0
1004411,8.00,0.00,0015-09-22 15:57:24,0015-09-22 18:57:24,15,18,2.87,Mon,android,161584,955429,493904,0,4,1,0,0,0,0,0,0
1004412,0.15,0.00,0015-07-10 16:25:52,0015-07-10 17:25:52,16,17,0.06,Wed,ios,447930,818217,700367,0,3,0,0,1,0,0,0,0
1004413,9.56,0.00,0015-08-03 20:39:04,0015-08-03 00:39:04,20,00,3.31,Mon,ios,199563,260408,481066,1,3,1,0,0,0,0,0,0
1004414,10.82,0.00,0015-05-12 14:26:16,0015-05-12 18:26:16,14,18,3.96,Wed,ios,424249,878706,461655,0,1,0,0,1,0,0,0,0
1004415,9.22,0.00,0015-08-07 10:05:27,0015-08-07 14:05:27,10,14,3.47,Thu,ios,157640,250527,976902,1,3,0,0,0,0,0,0,0
1004416,1.79,0.17,0015-07-15 19:17:51,0015-07-15 21:17:51,19,21,1.48,Wed,ios,806983,371335,461655,0,3,0,0,1,0,0,0,0
1004417,8.78,0.00,0015-09-01 12:48:08,0015-09-01 16:48:08,12,16,3.47,Tue,ios,112239,569886,868085,1,3,0,0,0,0,0,0,0
1004418,8.99,0.00,0015-05-01 12:48:35,0015-05-01 17:48:35,12,17,4.51,Tue,android,510544,131897,566549,0,3,0,0,0,0,0,0,0
1004419,2.13,0.00,0015-08-26 13:27:03,0015-08-26 15:27:03,13,15,1.21,Wed,ios,384199,569889,461655,1,3,0,0,1,0,0,0,0
1004420,23.68,0.00,0015-08-16 12:50:54,0015-08-16 16:50:54,12,16,3.06,Thu,android,248648,237105,948590,1,1,0,0,0,0,0,0,0
1004421,10.37,0.00,0015-07-14 16:32:15,0015-07-14 20:32:15,16,20,3.92,Fri,android,558257,369001,493904,1,3,0,0,0,0,1,0,0
1004422,2.37,0.00,0015-06-08 10:08:42,0015-06-08 13:08:42,10,13,2.35,Thu,ios,339199,878706,461655,1,1,0,0,0,0,0,0,0
1004423,9.76,0.00,0015-08-05 18:23:41,0015-08-05 23:23:41,18,23,4.28,Tue,android,808662,549414,461655,1,2,0,0,0,0,0,0,0
1004424,0.19,0.02,0015-09-23 14:24:10,0015-09-23 19:24:10,14,19,4.26,Wed,android,819771,369001,493904,0,3,0,0,1,0,0,0,0
1004425,4.27,0.00,0015-08-26 17:24:05,0015-08-26 20:24:05,17,20,2.89,Thu,ios,548640,219054,814002,0,3,0,0,0,0,0,0,0
1004426,9.07,7.11,0015-06-03 10:35:30,0015-06-03 13:35:30,10,13,2.98,Thu,android,178437,514669,566549,1,3,0,0,0,0,0,0,0
1004427,23.68,4.14,0015-05-13 17:56:06,0015-05-13 12:56:06,17,12,18.93,Tue,android,267700,369001,493904,1,2,0,0,0,0,0,0,0
1004428,0.63,0.00,0015-08-26 11:13:34,0015-08-26 14:13:34,11,14,2.69,Tue,android,938013,228137,503205,1,3,0,0,0,0,0,0,0
1004429,23.68,4.79,0015-09-08 19:29:47,0015-09-08 20:29:47,19,20,24.20,Fri,ios,122686,280415,399399,1,2,0,0,0,0,1,0,0
1004430,23.68,0.00,0015-06-25 10:21:38,0015-06-25 08:21:38,10,08,45.55,Mon,ios,302716,801274,976902,0,2,1,0,0,0,0,0,0
1004431,6.47,0.00,0015-09-09 18:46:20,0015-09-09 21:46:20,18,21,2.44,Mon,ios,840766,250527,976902,1,1,1,0,0,0,0,0,0
1004432,3.91,0.00,0015-07-09 18:05:57,0015-07-09 21:05:57,18,21,2.08,Tue,ios,998381,944515,976902,1,2,0,0,0,0,0,0,0
1004433,12.64,0.00,0015-05-14 08:06:51,0015-05-14 13:06:51,08,13,4.05,Wed,android,246464,568071,144857,0,3,0,0,1,0,0,0,0
1004434,9.09,1.83,0015-09-20 16:03:32,0015-09-20 18:03:32,16,18,1.84,Thu,ios,259210,738900,976902,1,2,0,0,0,0,0,0,0
1004435,7.45,0.00,0015-04-18 19:13:42,0015-04-18 23:13:42,19,23,3.49,Tue,android,784280,228137,503205,0,3,0,0,0,0,0,0,0
1004436,9.16,0.00,0015-09-20 16:35:51,0015-09-20 19:35:51,16,19,2.60,Wed,ios,689183,643012,517854,1,3,0,0,1,0,0,0,0
1004437,3.44,2.49,0015-08-04 10:17:15,0015-08-04 12:17:15,10,12,1.98,Thu,ios,360199,728918,928191,0,1,0,0,0,0,0,0,0
1004438,13.43,0.00,0015-08-17 20:49:28,0015-08-17 23:49:28,20,23,2.77,Wed,ios,696500,366832,978130,1,4,0,0,1,0,0,0,0
1004439,8.08,0.00,0015-07-21 18:22:59,0015-07-21 22:22:59,18,22,3.03,Wed,ios,860814,489543,868085,0,3,0,0,1,0,0,0,0
1004440,5.11,3.16,0015-08-19 18:02:51,0015-08-19 21:02:51,18,21,2.77,Thu,ios,681355,943765,461655,1,2,0,0,0,0,0,0,0
1004441,3.78,0.00,0015-06-25 15:54:52,0015-06-25 17:54:52,15,17,1.99,Tue,ios,510668,474204,481066,1,1,0,0,0,0,0,0,0
1004442,3.46,0.00,0015-07-09 19:03:49,0015-07-09 22:03:49,19,22,2.11,Fri,ios,541850,349635,503205,1,3,0,0,0,0,1,0,0
1004443,5.54,0.00,0015-09-14 11:12:13,0015-09-14 14:12:13,11,14,2.16,Mon,ios,972713,369001,493904,0,3,1,0,0,0,0,0,0
1004444,6.26,0.21,0015-09-22 11:27:24,0015-09-22 14:27:24,11,14,2.47,Wed,ios,593453,594591,461655,1,2,0,0,1,0,0,0,0
1004445,4.95,7.50,0015-07-06 17:10:42,0015-07-06 20:10:42,17,20,2.01,Fri,ios,450999,987396,978130,0,3,0,0,0,0,1,0,0
1004446,5.56,0.00,0015-09-12 17:01:38,0015-09-12 21:01:38,17,21,3.31,Tue,ios,401702,878706,461655,1,3,0,0,0,0,0,0,0
1004447,6.40,0.00,0015-08-04 09:31:18,0015-08-04 12:31:18,09,12,2.34,Thu,ios,934550,474204,481066,1,2,0,0,0,0,0,0,0
1004448,2.10,0.00,0015-02-22 13:30:14,0015-02-22 17:30:14,13,17,3.24,Thu,ios,587750,562656,481066,1,2,0,0,0,0,0,0,0
1004449,2.38,0.00,0015-09-01 11:36:45,0015-09-01 15:36:45,11,15,3.34,Fri,ios,961677,474204,481066,1,1,0,0,0,0,1,0,0
1004450,23.68,0.00,0015-10-08 17:47:05,0015-10-08 06:47:05,17,06,36.73,Wed,ios,542887,562656,481066,0,2,0,0,1,0,0,0,0
1004451,2.95,0.00,0015-10-01 17:48:09,0015-10-01 20:48:09,17,20,2.52,Tue,android,259562,549414,461655,1,1,0,0,0,0,0,0,0
1004452,11.43,0.00,0015-05-26 13:33:54,0015-05-26 17:33:54,13,17,3.41,Mon,ios,133542,414088,566549,1,3,1,0,0,0,0,0,0
1004453,5.82,0.00,0015-02-14 10:25:55,0015-02-14 13:25:55,10,13,2.84,Wed,ios,672229,369001,493904,1,2,0,0,1,0,0,0,0
1004454,9.80,0.00,0015-09-18 11:58:04,0015-09-18 15:58:04,11,15,3.79,Fri,android,884562,664306,868085,0,1,0,0,0,0,1,0,0
1004455,7.35,0.00,0015-09-24 13:34:35,0015-09-24 17:34:35,13,17,3.60,Thu,android,344333,425476,928191,1,3,0,0,0,0,0,0,0
1004456,23.68,0.00,0015-07-21 14:34:48,0015-07-21 16:34:48,14,16,1.94,Thu,android,216437,638536,868085,1,3,0,0,0,0,0,0,0
1004457,4.55,0.00,0015-09-22 11:47:29,0015-09-22 15:47:29,11,15,3.09,Thu,ios,177704,237105,948590,1,3,0,0,0,0,0,0,0
1004458,6.24,0.00,0015-07-04 10:21:22,0015-07-04 13:21:22,10,13,2.19,Wed,android,573727,228137,503205,1,2,0,0,1,0,0,0,0
1004459,23.68,0.00,0015-02-23 11:21:58,0015-02-23 03:21:58,11,03,15.55,Thu,android,485750,878706,461655,1,3,0,0,0,0,0,0,0
1004460,4.16,0.00,0015-10-17 10:29:28,0015-10-17 13:29:28,10,13,2.34,Mon,ios,396476,250527,976902,1,1,1,0,0,0,0,0,0
1004461,5.08,0.00,0015-10-16 15:37:44,0015-10-16 18:37:44,15,18,2.87,Mon,android,538030,129465,461655,0,3,1,0,0,0,0,0,0
1004462,6.16,0.55,0015-08-19 17:47:11,0015-08-19 20:47:11,17,20,2.79,Mon,ios,617902,944575,928191,1,2,1,0,0,0,0,0,0
1004463,0.42,0.00,0015-08-18 16:38:40,0015-08-18 18:38:40,16,18,1.85,Thu,ios,833533,489543,868085,1,3,0,0,0,0,0,0,0
1004464,4.05,0.00,0015-02-05 11:17:00,0015-02-05 14:17:00,11,14,2.83,Tue,ios,496876,474204,481066,1,1,0,0,0,0,0,0,0
1004465,10.29,0.00,0015-06-23 12:56:12,0015-06-23 16:56:12,12,16,3.48,Wed,ios,419953,803398,144857,0,3,0,0,1,0,0,0,0
1004466,11.28,0.00,0015-07-17 16:55:35,0015-07-17 20:55:35,16,20,3.86,Fri,ios,400774,653450,503205,1,3,0,0,0,0,1,0,0
1004467,9.91,0.00,0015-07-10 10:51:14,0015-07-10 14:51:14,10,14,3.28,Tue,android,301874,955429,493904,0,2,0,0,0,0,0,0,0
1004468,2.99,0.00,0015-03-15 18:55:58,0015-03-15 20:55:58,18,20,1.82,Thu,ios,874091,250527,976902,0,3,0,0,0,0,0,0,0
1004469,4.23,0.00,0015-09-22 11:56:21,0015-09-22 14:56:21,11,14,2.07,Fri,android,243803,191826,481066,1,3,0,0,0,0,1,0,0
1004470,0.33,0.00,0015-09-02 16:21:24,0015-09-02 17:21:24,16,17,0.10,Mon,ios,823265,369001,493904,1,3,1,0,0,0,0,0,0
1004471,0.41,0.00,0015-08-01 14:03:24,0015-08-01 17:03:24,14,17,2.92,Thu,android,342010,946482,399399,1,2,0,0,0,0,0,0,0
1004472,23.68,0.00,0015-06-07 16:11:49,0015-06-07 22:11:49,16,22,53.75,Mon,ios,940178,280221,976902,0,2,1,0,0,0,0,0,0
1004473,2.85,0.00,0015-09-21 11:24:53,0015-09-21 13:24:53,11,13,1.33,Wed,ios,297548,369001,493904,1,3,0,0,1,0,0,0,0
1004474,23.68,0.00,0015-09-12 20:53:06,0015-09-12 20:53:06,20,20,23.16,Tue,android,273084,474204,481066,0,2,0,0,0,0,0,0,0
1004475,23.68,0.00,0015-03-07 11:56:47,0015-03-07 13:56:47,11,13,1.70,Thu,android,851543,653450,503205,1,2,0,0,0,0,0,0,0
1004476,3.16,0.00,0015-09-06 11:31:14,0015-09-06 14:31:14,11,14,2.33,Mon,android,511632,191826,481066,0,2,1,0,0,0,0,0,0
1004477,1.61,0.00,0015-09-11 17:14:43,0015-09-11 19:14:43,17,19,1.59,Tue,ios,928844,738900,976902,1,1,0,0,0,0,0,0,0
1004478,9.49,0.00,0015-09-21 17:55:15,0015-09-21 21:55:15,17,21,3.21,Mon,ios,755190,944515,976902,0,2,1,0,0,0,0,0,0
1004479,7.72,0.00,0015-08-14 10:15:01,0015-08-14 14:15:01,10,14,3.29,Fri,ios,389782,549414,461655,0,3,0,0,0,0,1,0,0
1004480,8.43,0.00,0015-04-02 13:05:42,0015-04-02 16:05:42,13,16,2.26,Wed,ios,953146,944515,976902,1,1,0,0,1,0,0,0,0
1004481,0.17,0.00,0015-02-05 12:41:40,0015-02-05 13:41:40,12,13,0.49,Tue,ios,903934,562656,481066,1,3,0,0,0,0,0,0,0
1004482,4.11,0.00,0015-08-05 15:23:40,0015-08-05 19:23:40,15,19,3.49,Thu,ios,865963,987396,978130,1,3,0,0,0,0,0,0,0
1004483,7.81,0.64,0015-09-03 19:57:09,0015-09-03 22:57:09,19,22,2.71,Thu,android,465067,369001,493904,0,3,0,0,0,0,0,0,0
1004484,6.43,0.00,0015-06-06 16:19:49,0015-06-06 20:19:49,16,20,3.19,Fri,ios,674717,369001,493904,1,4,0,0,0,0,1,0,0
1004485,10.20,0.00,0015-09-27 15:03:45,0015-09-27 19:03:45,15,19,3.31,Mon,android,381127,562656,481066,1,3,1,0,0,0,0,0,0
1004486,1.79,0.00,0015-04-17 17:42:16,0015-04-17 20:42:16,17,20,2.33,Fri,ios,936033,932939,868085,1,3,0,0,0,0,1,0,0
1004487,7.88,0.00,0015-08-11 08:53:41,0015-08-11 12:53:41,08,12,3.55,Fri,ios,137322,250527,976902,1,3,0,0,0,0,1,0,0
1004488,4.12,0.00,0015-06-27 16:30:09,0015-06-27 20:30:09,16,20,3.05,Thu,android,476793,643012,517854,1,3,0,0,0,0,0,0,0
1004489,7.04,0.00,0015-09-14 16:38:29,0015-09-14 19:38:29,16,19,2.82,Fri,android,152376,514669,566549,1,1,0,0,0,0,1,0,0
1004490,23.68,0.00,0015-03-20 11:33:00,0015-03-20 01:33:00,11,01,37.19,Thu,ios,746034,664306,868085,0,3,0,0,0,0,0,0,0
1004491,1.14,0.09,0015-09-25 16:38:49,0015-09-25 19:38:49,16,19,2.40,Tue,ios,838805,874950,814002,0,2,0,0,0,0,0,0,0
1004492,3.82,0.00,0015-09-19 16:23:17,0015-09-19 19:23:17,16,19,2.34,Fri,android,202654,280221,976902,0,3,0,0,0,0,1,0,0
1004493,5.85,0.00,0015-08-10 18:57:17,0015-08-10 23:57:17,18,23,4.17,Mon,android,625269,738900,976902,0,3,1,0,0,0,0,0,0
1004494,3.89,0.00,0015-06-20 19:52:58,0015-06-20 22:52:58,19,22,2.57,Sat,ios,124371,944515,976902,1,2,0,0,0,0,0,1,0
1004495,1.94,0.00,0015-06-13 16:45:18,0015-06-13 17:45:18,16,17,0.99,Thu,ios,114045,569886,868085,0,1,0,0,0,0,0,0,0
1004496,4.72,0.00,0015-08-04 11:10:06,0015-08-04 13:10:06,11,13,1.45,Sat,ios,210406,987396,978130,0,3,0,0,0,0,0,1,0
1004497,7.88,0.00,0015-09-12 18:24:14,0015-09-12 23:24:14,18,23,4.03,Fri,android,952000,129465,461655,1,2,0,0,0,0,1,0,0
1004498,8.35,0.00,0015-09-27 12:18:00,0015-09-27 15:18:00,12,15,2.70,Wed,ios,399593,207262,928191,0,3,0,0,1,0,0,0,0
1004499,12.12,0.00,0015-07-07 13:21:39,0015-07-07 23:21:39,13,23,9.66,Wed,ios,255884,131897,566549,1,3,0,0,1,0,0,0,0
1004500,13.66,0.00,0015-07-04 16:51:52,0015-07-04 21:51:52,16,21,4.02,Fri,ios,521523,549414,461655,1,1,0,0,0,0,1,0,0
1004501,2.26,0.00,0015-05-04 13:28:07,0015-05-04 15:28:07,13,15,1.16,Fri,ios,292597,371335,461655,1,3,0,0,0,0,1,0,0
1004502,9.03,0.00,0015-07-07 12:27:38,0015-07-07 17:27:38,12,17,4.26,Thu,ios,620760,955429,493904,0,3,0,0,0,0,0,0,0
1004503,5.73,0.00,0015-07-07 13:14:44,0015-07-07 16:14:44,13,16,2.11,Wed,android,545645,638536,868085,1,3,0,0,1,0,0,0,0
1004504,5.26,0.00,0015-03-11 17:02:13,0015-03-11 20:02:13,17,20,2.36,Thu,ios,795438,219054,814002,0,2,0,0,0,0,0,0,0
1004505,3.70,0.00,0015-08-21 16:03:40,0015-08-21 20:03:40,16,20,3.33,Mon,ios,494682,875343,747048,1,1,1,0,0,0,0,0,0
1004506,5.68,0.00,0015-09-10 18:27:51,0015-09-10 22:27:51,18,22,3.84,Fri,ios,236604,568071,144857,1,1,0,0,0,0,1,0,0
1004507,5.17,0.00,0015-05-21 18:09:05,0015-05-21 21:09:05,18,21,2.69,Fri,android,736899,219054,814002,1,3,0,0,0,0,1,0,0
1004508,3.70,0.00,0015-09-06 13:31:43,0015-09-06 16:31:43,13,16,2.80,Mon,android,178831,987396,978130,0,3,1,0,0,0,0,0,0
1004509,0.99,0.00,0015-07-16 17:40:07,0015-07-16 20:40:07,17,20,2.59,Fri,ios,233358,623134,620906,0,2,0,0,0,0,1,0,0
1004510,4.65,0.00,0015-09-11 17:46:28,0015-09-11 19:46:28,17,19,1.80,Wed,android,292799,219054,814002,1,3,0,0,1,0,0,0,0
1004511,7.91,0.58,0015-07-11 15:58:41,0015-07-11 18:58:41,15,18,2.75,Wed,ios,113160,445920,125372,1,3,0,0,1,0,0,0,0
1004512,3.04,0.52,0015-04-16 12:00:21,0015-04-16 14:00:21,12,14,1.92,Wed,ios,308930,207262,928191,1,2,0,0,1,0,0,0,0
1004513,6.65,0.00,0015-07-20 11:35:38,0015-07-20 14:35:38,11,14,2.45,Wed,android,971760,955429,493904,0,1,0,0,1,0,0,0,0
1004514,3.20,0.00,0015-06-21 14:48:01,0015-06-21 19:48:01,14,19,4.43,Fri,android,525478,200695,202527,0,3,0,0,0,0,1,0,0
1004515,5.53,0.00,0015-04-11 12:18:33,0015-04-11 15:18:33,12,15,2.41,Sat,ios,113502,549414,461655,1,1,0,0,0,0,0,1,0
1004516,23.68,0.00,0015-02-28 08:41:30,0015-02-28 13:41:30,08,13,4.05,Fri,ios,842826,514669,566549,0,3,0,0,0,0,1,0,0
1004517,1.48,0.00,0015-09-08 17:32:29,0015-09-08 18:32:29,17,18,0.98,Thu,ios,454760,366832,978130,0,2,0,0,0,0,0,0,0
1004518,9.59,0.00,0015-09-18 12:57:47,0015-09-18 16:57:47,12,16,3.99,Thu,ios,165204,871619,125372,0,3,0,0,0,0,0,0,0
1004519,7.37,0.00,0015-08-09 10:44:22,0015-08-09 14:44:22,10,14,3.69,Thu,ios,545225,664306,868085,1,2,0,0,0,0,0,0,0
1004520,6.14,0.00,0015-06-14 18:12:53,0015-06-14 21:12:53,18,21,2.64,Wed,android,308310,366832,978130,0,3,0,0,1,0,0,0,0
1004521,1.29,0.00,0015-06-19 11:48:40,0015-06-19 14:48:40,11,14,2.37,Fri,ios,135528,425476,928191,0,3,0,0,0,0,1,0,0
1004522,6.65,0.00,0015-05-20 12:11:12,0015-05-20 16:11:12,12,16,3.48,Wed,android,568534,758780,399399,1,3,0,0,1,0,0,0,0
1004523,2.47,0.00,0015-02-20 13:08:52,0015-02-20 15:08:52,13,15,1.00,Mon,ios,903753,955429,493904,1,2,1,0,0,0,0,0,0
1004524,6.52,0.00,0015-07-12 20:25:19,0015-07-12 00:25:19,20,00,3.71,Thu,ios,517647,874950,814002,0,3,0,0,0,0,0,0,0
1004525,5.84,0.00,0015-07-19 19:24:02,0015-07-19 22:24:02,19,22,2.95,Thu,android,714576,871619,125372,0,1,0,0,0,0,0,0,0
1004526,4.23,0.00,0015-09-14 18:44:43,0015-09-14 20:44:43,18,20,1.41,Wed,ios,119805,728918,928191,1,3,0,0,1,0,0,0,0
1004527,2.79,0.00,0015-02-08 10:43:10,0015-02-08 13:43:10,10,13,2.01,Mon,ios,396883,569886,868085,1,3,1,0,0,0,0,0,0
1004528,1.26,0.00,0015-03-02 15:12:21,0015-03-02 16:12:21,15,16,0.47,Sun,android,739830,371335,461655,1,3,0,0,0,0,0,0,1
1004529,23.68,0.00,0015-01-18 18:21:52,0015-01-18 22:21:52,18,22,27.62,Fri,ios,713125,575971,948590,1,2,0,0,0,0,1,0,0
1004530,4.48,0.91,0015-09-16 16:35:22,0015-09-16 19:35:22,16,19,2.89,Mon,ios,605909,987396,978130,1,1,1,0,0,0,0,0,0
1004531,0.40,0.83,0015-07-01 09:47:31,0015-07-01 11:47:31,09,11,1.99,Thu,ios,381808,250527,976902,1,3,0,0,0,0,0,0,0
1004532,6.92,0.00,0015-02-22 11:28:01,0015-02-22 14:28:01,11,14,2.23,Thu,ios,485060,878706,461655,0,4,0,0,0,0,0,0,0
1004533,2.40,0.00,0015-07-19 10:17:14,0015-07-19 14:17:14,10,14,3.92,Fri,ios,780145,366832,978130,0,2,0,0,0,0,1,0,0
1004534,1.77,0.00,0015-08-17 18:48:53,0015-08-17 21:48:53,18,21,2.61,Thu,ios,330784,638536,868085,0,2,0,0,0,0,0,0,0
1004535,23.68,0.00,0015-08-25 17:24:28,0015-08-25 21:24:28,17,21,3.59,Wed,ios,290187,632920,461655,1,2,0,0,1,0,0,0,0
1004536,8.29,0.00,0015-05-11 17:18:47,0015-05-11 21:18:47,17,21,3.81,Thu,ios,887559,250527,976902,1,3,0,0,0,0,0,0,0
1004537,4.09,0.00,0015-08-07 16:59:57,0015-08-07 19:59:57,16,19,2.57,Thu,ios,619472,191826,481066,1,2,0,0,0,0,0,0,0
1004538,2.27,0.00,0015-09-22 13:51:35,0015-09-22 14:51:35,13,14,0.93,Wed,android,279852,207262,928191,1,3,0,0,1,0,0,0,0
1004539,3.20,0.00,0015-06-18 14:28:16,0015-06-18 17:28:16,14,17,2.35,Tue,ios,463401,369001,493904,1,2,0,0,0,0,0,0,0
1004540,3.48,0.00,0015-09-09 15:51:24,0015-09-09 16:51:24,15,16,0.97,Fri,ios,208755,803398,144857,0,3,0,0,0,0,1,0,0
1004541,2.53,0.00,0015-08-25 19:42:45,0015-08-25 21:42:45,19,21,1.44,Mon,ios,390015,728918,928191,1,3,1,0,0,0,0,0,0
1004542,6.74,0.00,0015-03-25 12:47:43,0015-03-25 16:47:43,12,16,3.21,Mon,android,502178,228137,503205,1,3,1,0,0,0,0,0,0
1004543,3.56,0.00,0015-05-05 09:55:06,0015-05-05 11:55:06,09,11,1.39,Fri,android,388067,219054,814002,1,3,0,0,0,0,1,0,0
1004544,5.29,0.00,0015-07-23 18:45:06,0015-07-23 21:45:06,18,21,2.94,Thu,ios,877987,955429,493904,1,3,0,0,0,0,0,0,0
1004545,2.43,0.00,0015-09-21 14:03:32,0015-09-21 16:03:32,14,16,1.60,Tue,ios,306916,728918,928191,1,1,0,0,0,0,0,0,0
1004546,5.15,0.00,0015-02-05 21:59:31,0015-02-05 01:59:31,21,01,3.67,Thu,ios,666611,445920,125372,0,1,0,0,0,0,0,0,0
1004547,23.68,2.45,0015-04-24 15:39:53,0015-04-24 19:39:53,15,19,3.54,Thu,android,563204,878706,461655,1,1,0,0,0,0,0,0,0
1004548,5.86,0.00,0015-07-07 12:33:03,0015-07-07 16:33:03,12,16,3.08,Mon,ios,918807,489543,868085,1,3,1,0,0,0,0,0,0
1004549,13.40,0.00,0015-08-22 14:45:17,0015-08-22 18:45:17,14,18,3.63,Fri,android,960931,474204,481066,1,2,0,0,0,0,1,0,0
1004550,4.99,0.00,0015-09-24 14:34:47,0015-09-24 18:34:47,14,18,3.00,Fri,ios,910670,944515,976902,1,1,0,0,0,0,1,0,0
1004551,3.89,0.00,0015-09-10 17:39:48,0015-09-10 20:39:48,17,20,2.44,Wed,ios,455496,987396,978130,1,3,0,0,1,0,0,0,0
1004552,23.68,0.00,0015-09-03 14:19:21,0015-09-03 21:19:21,14,21,54.43,Wed,android,934493,944515,976902,1,3,0,0,1,0,0,0,0
1004553,8.34,0.00,0015-07-13 11:42:19,0015-07-13 15:42:19,11,15,3.85,Mon,android,163065,250527,976902,0,4,1,0,0,0,0,0,0
1004554,10.57,0.00,0015-07-12 13:39:37,0015-07-12 15:39:37,13,15,1.38,Tue,ios,369693,874950,814002,0,3,0,0,0,0,0,0,0
1004555,2.91,0.00,0015-09-03 19:51:10,0015-09-03 20:51:10,19,20,0.21,Thu,ios,702799,366832,978130,1,3,0,0,0,0,0,0,0
1004556,11.14,0.00,0015-06-03 12:40:42,0015-06-03 16:40:42,12,16,3.67,Tue,android,938852,250527,976902,1,3,0,0,0,0,0,0,0
1004557,7.24,0.00,0015-05-14 09:59:22,0015-05-14 12:59:22,09,12,2.16,Thu,ios,298855,728918,928191,1,3,0,0,0,0,0,0,0
1004558,6.87,0.00,0015-03-12 14:45:56,0015-03-12 17:45:56,14,17,2.45,Tue,ios,235410,672450,202527,0,1,0,0,0,0,0,0,0
1004559,2.77,0.00,0015-07-03 11:06:30,0015-07-03 15:06:30,11,15,3.24,Thu,ios,830373,875343,747048,0,1,0,0,0,0,0,0,0
1004560,5.87,0.00,0015-08-27 13:34:05,0015-08-27 16:34:05,13,16,2.81,Thu,ios,718226,445920,125372,0,3,0,0,0,0,0,0,0
1004561,2.19,0.00,0015-09-15 15:33:17,0015-09-15 16:33:17,15,16,0.88,Fri,ios,969288,369001,493904,0,1,0,0,0,0,1,0,0
1004562,2.32,0.00,0015-01-16 08:45:50,0015-01-16 10:45:50,08,10,1.01,Thu,ios,455683,207262,928191,0,3,0,0,0,0,0,0,0
1004563,23.68,1.91,0015-03-18 18:59:26,0015-03-18 20:59:26,18,20,49.32,Tue,ios,928671,801274,976902,0,3,0,0,0,0,0,0,0
1004564,8.14,0.00,0015-05-07 19:28:41,0015-05-07 22:28:41,19,22,2.60,Thu,ios,197331,250527,976902,0,3,0,0,0,0,0,0,0
1004565,23.68,0.00,0015-02-23 12:44:58,0015-02-23 01:44:58,12,01,36.85,Wed,ios,240536,955429,493904,1,3,0,0,1,0,0,0,0
1004566,7.48,0.00,0015-12-09 17:45:32,0015-12-09 21:45:32,17,21,3.78,Tue,ios,626658,569886,868085,1,1,0,0,0,0,0,0,0
1004567,2.04,0.00,0015-05-18 16:21:12,0015-05-18 19:21:12,16,19,2.45,Fri,ios,622055,955429,493904,0,3,0,0,0,0,1,0,0
1004568,5.86,0.86,0015-07-17 17:57:09,0015-07-17 20:57:09,17,20,2.27,Thu,ios,695656,474204,481066,1,3,0,0,0,0,0,0,0
1004569,8.28,0.00,0015-05-21 13:48:14,0015-05-21 17:48:14,13,17,3.16,Fri,android,655593,369001,493904,1,3,0,0,0,0,1,0,0
1004570,5.01,0.00,0015-06-11 09:44:19,0015-06-11 12:44:19,09,12,2.77,Wed,ios,974592,260408,481066,0,3,0,0,1,0,0,0,0
1004571,7.60,0.00,0015-03-10 16:37:39,0015-03-10 21:37:39,16,21,4.60,Mon,ios,677763,632920,461655,1,3,1,0,0,0,0,0,0
1004572,0.06,0.01,0015-07-13 11:58:00,0015-07-13 12:58:00,11,12,0.02,Fri,android,620342,569886,868085,0,3,0,0,0,0,1,0,0
1004573,5.43,0.00,0015-05-28 18:58:44,0015-05-28 22:58:44,18,22,3.03,Wed,android,858778,878706,461655,0,1,0,0,1,0,0,0,0
1004574,12.46,0.00,0015-05-03 12:18:41,0015-05-03 17:18:41,12,17,4.02,Tue,android,201080,863084,751082,0,3,0,0,0,0,0,0,0
1004575,1.94,0.20,0015-08-10 11:47:59,0015-08-10 12:47:59,11,12,0.82,Sat,ios,840608,228137,503205,0,1,0,0,0,0,0,1,0
1004576,5.59,0.00,0015-07-28 10:31:17,0015-07-28 13:31:17,10,13,2.97,Tue,ios,614087,219054,814002,1,3,0,0,0,0,0,0,0
1004577,3.63,0.29,0014-07-19 16:40:38,0014-07-19 20:40:38,16,20,3.24,Tue,android,126897,902592,566549,1,3,0,0,0,0,0,0,0
1004578,0.60,0.00,0015-10-19 10:17:38,0015-10-19 11:17:38,10,11,0.22,Mon,android,583709,738900,976902,0,1,1,0,0,0,0,0,0
1004579,3.03,0.47,0015-03-25 09:38:06,0015-03-25 12:38:06,09,12,2.77,Mon,android,583630,474204,481066,1,1,1,0,0,0,0,0,0
1004580,3.66,0.00,0015-01-16 13:36:28,0015-01-16 16:36:28,13,16,2.45,Thu,ios,438029,664306,868085,0,1,0,0,0,0,0,0,0
1004581,3.34,0.00,0015-07-21 11:37:33,0015-07-21 13:37:33,11,13,1.52,Thu,ios,721924,366832,978130,1,3,0,0,0,0,0,0,0
1004582,9.11,0.92,0015-09-26 12:08:49,0015-09-26 15:08:49,12,15,2.96,Mon,ios,668217,943765,461655,1,2,1,0,0,0,0,0,0
1004583,12.71,0.00,0015-08-15 09:21:44,0015-08-15 14:21:44,09,14,4.33,Mon,ios,681157,932939,868085,1,3,1,0,0,0,0,0,0
1004584,0.51,0.00,0014-05-20 16:13:59,0014-05-20 18:13:59,16,18,1.71,Thu,android,280338,728918,928191,0,3,0,0,0,0,0,0,0
1004585,5.48,0.00,0015-07-23 16:05:46,0015-07-23 20:05:46,16,20,3.93,Fri,ios,311022,260408,481066,0,2,0,0,0,0,1,0,0
1004586,5.09,0.00,0015-01-28 17:41:47,0015-01-28 19:41:47,17,19,1.67,Fri,android,269012,207262,928191,1,2,0,0,0,0,1,0,0
1004587,7.54,0.00,0015-08-15 16:29:11,0015-08-15 20:29:11,16,20,3.05,Fri,ios,535574,955429,493904,1,3,0,0,0,0,1,0,0
1004588,0.65,0.00,0015-02-11 10:08:27,0015-02-11 11:08:27,10,11,0.79,Tue,ios,356305,792421,202527,0,1,0,0,0,0,0,0,0
1004589,9.26,0.00,0015-07-22 18:03:59,0015-07-22 22:03:59,18,22,3.80,Fri,android,894622,355208,976902,0,2,0,0,0,0,1,0,0
1004590,6.53,0.00,0015-06-02 17:04:02,0015-06-02 20:04:02,17,20,2.66,Mon,ios,153717,369001,493904,1,3,1,0,0,0,0,0,0
1004591,1.32,0.00,0015-04-04 16:20:32,0015-04-04 17:20:32,16,17,0.46,Mon,android,993622,951880,144857,0,1,1,0,0,0,0,0,0
1004592,7.08,0.00,0015-08-06 11:46:54,0015-08-06 14:46:54,11,14,2.40,Wed,android,447605,569886,868085,1,2,0,0,1,0,0,0,0
1004593,0.24,0.00,0015-07-02 11:37:31,0015-07-02 14:37:31,11,14,2.11,Fri,android,212690,237105,948590,0,3,0,0,0,0,1,0,0
1004594,4.28,0.00,0015-06-23 11:34:32,0015-06-23 15:34:32,11,15,3.69,Tue,ios,682527,369001,493904,1,4,0,0,0,0,0,0,0
1004595,8.29,1.68,0015-07-03 18:52:10,0015-07-03 21:52:10,18,21,2.72,Mon,android,747671,944575,928191,0,2,1,0,0,0,0,0,0
1004596,0.51,0.00,0015-09-22 18:46:19,0015-09-22 21:46:19,18,21,2.75,Wed,ios,677403,572249,144857,1,1,0,0,1,0,0,0,0
1004597,23.68,0.00,0015-05-09 18:53:02,0015-05-09 11:53:02,18,11,40.61,Thu,ios,205231,207262,928191,1,4,0,0,0,0,0,0,0
1004598,23.68,0.00,0015-07-27 09:28:23,0015-07-27 12:28:23,09,12,2.74,Wed,android,992235,871619,125372,0,3,0,0,1,0,0,0,0
1004599,9.33,0.00,0015-09-02 17:15:01,0015-09-02 20:15:01,17,20,2.74,Wed,android,624926,371335,461655,1,3,0,0,1,0,0,0,0
1004600,7.36,7.50,0015-09-15 08:59:55,0015-09-15 12:59:55,08,12,3.25,Thu,ios,433046,369001,493904,1,2,0,0,0,0,0,0,0
1004601,3.92,0.00,0015-06-17 12:06:16,0015-06-17 15:06:16,12,15,2.28,Thu,android,519311,728918,928191,1,2,0,0,0,0,0,0,0
1004602,5.28,0.00,0015-05-23 10:33:06,0015-05-23 14:33:06,10,14,3.44,Fri,android,745611,250527,976902,0,2,0,0,0,0,1,0,0
1004603,6.40,0.00,0015-06-24 11:54:54,0015-06-24 15:54:54,11,15,3.15,Mon,ios,747443,369001,493904,0,3,1,0,0,0,0,0,0
1004604,2.12,3.51,0015-07-02 12:05:13,0015-07-02 14:05:13,12,14,1.35,Mon,ios,939718,902592,566549,0,3,1,0,0,0,0,0,0
1004605,5.22,0.00,0015-08-21 16:54:37,0015-08-21 18:54:37,16,18,1.74,Fri,android,247611,995505,868085,0,1,0,0,0,0,1,0,0
1004606,11.12,0.00,0015-03-01 15:54:26,0015-03-01 20:54:26,15,20,4.55,Fri,ios,799036,878706,461655,1,2,0,0,0,0,1,0,0
1004607,11.75,0.00,0014-09-01 13:59:51,0014-09-01 18:59:51,13,18,4.06,Wed,ios,886990,632920,461655,0,3,0,0,1,0,0,0,0
1004608,0.52,0.44,0015-08-01 12:16:56,0015-08-01 14:16:56,12,14,1.42,Wed,ios,619902,129465,461655,1,1,0,0,1,0,0,0,0
1004609,6.83,0.00,0015-09-08 12:02:36,0015-09-08 16:02:36,12,16,3.88,Tue,ios,719635,445920,125372,1,3,0,0,0,0,0,0,0
1004610,6.92,0.00,0015-09-01 11:16:33,0015-09-01 14:16:33,11,14,2.47,Tue,android,890983,878706,461655,0,3,0,0,0,0,0,0,0
1004611,4.16,0.00,0015-06-13 17:22:03,0015-06-13 20:22:03,17,20,2.02,Wed,ios,369118,871619,125372,1,3,0,0,1,0,0,0,0
1004612,1.49,0.00,0015-07-02 10:05:09,0015-07-02 11:05:09,10,11,0.56,Wed,android,997750,944515,976902,1,3,0,0,1,0,0,0,0
1004613,6.50,0.00,0015-09-19 16:23:45,0015-09-19 20:23:45,16,20,3.75,Fri,ios,923390,569886,868085,0,1,0,0,0,0,1,0,0
1004614,6.78,0.00,0015-02-15 17:15:27,0015-02-15 20:15:27,17,20,2.39,Tue,ios,830126,514669,566549,1,3,0,0,0,0,0,0,0
1004615,23.68,0.00,0015-05-01 10:56:59,0015-05-01 14:56:59,10,14,51.85,Mon,ios,986834,369001,493904,1,3,1,0,0,0,0,0,0
1004616,23.68,0.00,0015-03-14 16:27:46,0015-03-14 18:27:46,16,18,1.39,Mon,ios,935853,369001,493904,0,2,1,0,0,0,0,0,0
1004617,6.07,0.00,0015-09-21 12:44:28,0015-09-21 14:44:28,12,14,1.09,Mon,android,701554,366832,978130,1,4,1,0,0,0,0,0,0
1004618,1.63,0.00,0015-08-27 11:57:26,0015-08-27 14:57:26,11,14,2.17,Tue,android,317187,200695,202527,1,3,0,0,0,0,0,0,0
1004619,10.85,0.00,0015-07-11 20:37:38,0015-07-11 11:37:38,20,11,14.76,Tue,android,863116,944515,976902,0,3,0,0,0,0,0,0,0
1004620,5.64,0.00,0015-08-17 17:04:34,0015-08-17 20:04:34,17,20,2.61,Wed,android,869640,349635,503205,0,3,0,0,1,0,0,0,0
1004621,4.27,0.00,0015-06-05 10:25:51,0015-06-05 14:25:51,10,14,3.09,Wed,ios,566677,474204,481066,1,2,0,0,1,0,0,0,0
1004622,1.99,0.00,0015-09-16 17:30:41,0015-09-16 21:30:41,17,21,3.34,Mon,android,238027,355208,976902,1,1,1,0,0,0,0,0,0
1004623,6.43,0.00,0015-09-04 17:34:08,0015-09-04 21:34:08,17,21,3.62,Wed,ios,372517,951880,144857,1,3,0,0,1,0,0,0,0
1004624,5.47,0.00,0015-09-18 12:16:02,0015-09-18 15:16:02,12,15,2.23,Mon,ios,564024,932939,868085,1,3,1,0,0,0,0,0,0
1004625,1.46,0.00,0015-05-03 12:10:52,0015-05-03 14:10:52,12,14,1.10,Mon,ios,415439,366832,978130,1,2,1,0,0,0,0,0,0
1004626,7.29,0.00,0015-09-05 17:07:43,0015-09-05 20:07:43,17,20,2.12,Wed,ios,496887,369001,493904,1,2,0,0,1,0,0,0,0
1004627,3.43,0.00,0015-08-26 09:51:32,0015-08-26 11:51:32,09,11,1.71,Wed,android,188338,995505,868085,0,3,0,0,1,0,0,0,0
1004628,5.53,0.00,0015-05-23 17:14:12,0015-05-23 20:14:12,17,20,2.56,Thu,android,618603,405157,976902,1,2,0,0,0,0,0,0,0
1004629,4.97,7.50,0015-07-10 11:21:28,0015-07-10 13:21:28,11,13,1.41,Fri,ios,666295,875343,747048,1,1,0,0,0,0,1,0,0
1004630,6.07,0.00,0015-07-24 11:11:57,0015-07-24 14:11:57,11,14,2.94,Tue,android,983127,922416,648339,0,2,0,0,0,0,0,0,0
1004631,3.77,0.31,0015-05-13 11:13:53,0015-05-13 13:13:53,11,13,1.79,Wed,ios,437861,568071,144857,0,3,0,0,1,0,0,0,0
1004632,23.68,0.00,0015-06-06 19:03:02,0015-06-06 22:03:02,19,22,2.65,Thu,ios,687895,280221,976902,1,3,0,0,0,0,0,0,0
1004633,23.68,3.08,0015-08-13 16:44:30,0015-08-13 15:44:30,16,15,22.49,Tue,ios,835320,653450,503205,0,4,0,0,0,0,0,0,0
1004634,8.59,0.00,0015-03-04 11:37:48,0015-03-04 15:37:48,11,15,3.24,Thu,android,908058,643012,517854,1,2,0,0,0,0,0,0,0
1004635,6.62,0.00,0015-07-13 16:28:02,0015-07-13 20:28:02,16,20,3.40,Mon,ios,350122,414088,566549,1,3,1,0,0,0,0,0,0
1004636,1.88,0.00,0015-08-22 17:28:10,0015-08-22 19:28:10,17,19,1.02,Tue,android,148254,369001,493904,1,3,0,0,0,0,0,0,0
1004637,2.51,0.00,0015-08-20 20:01:48,0015-08-20 22:01:48,20,22,1.40,Wed,android,576360,562656,481066,1,3,0,0,1,0,0,0,0
1004638,3.39,0.00,0015-08-04 13:18:05,0015-08-04 15:18:05,13,15,1.65,Tue,android,302966,425476,928191,0,3,0,0,0,0,0,0,0
1004639,9.95,0.00,0015-08-27 14:37:10,0015-08-27 18:37:10,14,18,3.08,Fri,ios,787770,474204,481066,1,1,0,0,0,0,1,0,0
1004640,6.68,0.00,0015-09-16 09:16:14,0015-09-16 13:16:14,09,13,3.57,Fri,ios,334551,878706,461655,0,3,0,0,0,0,1,0,0
1004641,5.06,0.00,0015-09-13 11:30:08,0015-09-13 15:30:08,11,15,3.08,Wed,ios,544390,955429,493904,1,3,0,0,1,0,0,0,0
1004642,3.16,0.00,0015-07-10 11:47:15,0015-07-10 13:47:15,11,13,1.70,Fri,ios,257233,874950,814002,0,3,0,0,0,0,1,0,0
1004643,3.77,3.14,0015-04-12 18:33:13,0015-04-12 21:33:13,18,21,2.30,Wed,android,940729,355208,976902,0,2,0,0,1,0,0,0,0
1004644,4.31,0.00,0015-09-19 16:45:59,0015-09-19 18:45:59,16,18,1.60,Tue,android,728683,474204,481066,1,1,0,0,0,0,0,0,0
1004645,0.87,0.00,0015-09-17 11:44:32,0015-09-17 14:44:32,11,14,2.05,Wed,ios,137838,507660,202527,0,2,0,0,1,0,0,0,0
1004646,6.30,0.00,0015-08-15 12:34:23,0015-08-15 16:34:23,12,16,3.82,Mon,android,386647,803398,144857,0,3,1,0,0,0,0,0,0
1004647,3.72,0.00,0015-11-08 13:31:09,0015-11-08 16:31:09,13,16,2.62,Tue,android,312658,594591,461655,1,3,0,0,0,0,0,0,0
1004648,4.98,0.00,0015-10-27 16:55:14,0015-10-27 19:55:14,16,19,2.79,Wed,ios,508304,864630,648339,1,3,0,0,1,0,0,0,0
1004649,6.28,0.00,0015-09-13 12:44:47,0015-09-13 16:44:47,12,16,3.15,Tue,ios,602081,664306,868085,1,3,0,0,0,0,0,0,0
1004650,3.91,0.00,0015-04-26 18:57:14,0015-04-26 21:57:14,18,21,2.07,Thu,ios,315811,987396,978130,1,3,0,0,0,0,0,0,0
1004651,3.56,0.00,0015-04-08 16:46:16,0015-04-08 18:46:16,16,18,1.15,Fri,ios,765879,474204,481066,0,1,0,0,0,0,1,0,0
1004652,9.48,0.00,0015-04-27 11:34:11,0015-04-27 15:34:11,11,15,3.89,Tue,android,760040,594591,461655,0,3,0,0,0,0,0,0,0
1004653,0.67,0.00,0015-08-01 12:48:30,0015-08-01 13:48:30,12,13,0.28,Sat,android,339442,349635,503205,0,3,0,0,0,0,0,1,0
1004654,4.03,0.00,0015-07-18 19:06:36,0015-07-18 21:06:36,19,21,1.77,Thu,ios,234960,369001,493904,0,1,0,0,0,0,0,0,0
1004655,3.78,0.00,0015-08-11 17:00:52,0015-08-11 21:00:52,17,21,3.01,Fri,android,403962,405157,976902,0,3,0,0,0,0,1,0,0
1004656,10.36,0.00,0015-05-23 10:59:05,0015-05-23 14:59:05,10,14,3.87,Thu,ios,311352,131897,566549,1,2,0,0,0,0,0,0,0
1004657,6.08,0.00,0015-09-03 19:52:06,0015-09-03 23:52:06,19,23,3.28,Thu,ios,197665,474204,481066,0,3,0,0,0,0,0,0,0
1004658,3.93,0.00,0015-09-14 17:51:21,0015-09-14 21:51:21,17,21,3.11,Wed,ios,688727,943765,461655,1,2,0,0,1,0,0,0,0
1004659,0.94,0.00,0015-03-01 11:12:11,0015-03-01 13:12:11,11,13,1.71,Thu,ios,792162,995505,868085,1,3,0,0,0,0,0,0,0
1004660,1.18,0.00,0015-05-08 15:07:56,0015-05-08 20:07:56,15,20,4.01,Fri,ios,332421,280221,976902,1,2,0,0,0,0,1,0,0
1004661,11.58,0.00,0015-08-09 18:10:32,0015-08-09 22:10:32,18,22,3.99,Tue,ios,121874,219054,814002,0,2,0,0,0,0,0,0,0
1004662,4.65,0.00,0015-07-20 17:40:13,0015-07-20 21:40:13,17,21,3.43,Thu,ios,479472,738900,976902,0,3,0,0,0,0,0,0,0
1004663,4.75,0.00,0015-07-16 17:51:32,0015-07-16 20:51:32,17,20,2.29,Tue,ios,709869,738900,976902,1,2,0,0,0,0,0,0,0
1004664,23.68,0.00,0015-07-14 17:42:52,0015-07-14 20:42:52,17,20,2.10,Mon,ios,862617,207262,928191,0,3,1,0,0,0,0,0,0
1004665,4.97,0.00,0015-08-13 18:20:47,0015-08-13 22:20:47,18,22,3.74,Mon,ios,774945,902592,566549,0,2,1,0,0,0,0,0,0
1004666,23.68,0.00,0015-09-27 11:08:49,0015-09-27 14:08:49,11,14,2.70,Tue,ios,372089,871619,125372,1,2,0,0,0,0,0,0,0
1004667,5.98,0.00,0015-09-10 19:47:37,0015-09-10 23:47:37,19,23,3.98,Tue,ios,849558,369001,493904,1,3,0,0,0,0,0,0,0
1004668,2.60,0.00,0015-09-01 11:59:31,0015-09-01 13:59:31,11,13,1.96,Mon,ios,656416,902592,566549,1,4,1,0,0,0,0,0,0
1004669,6.99,0.00,0015-04-07 10:50:32,0015-04-07 14:50:32,10,14,3.14,Wed,ios,232654,643012,517854,1,4,0,0,1,0,0,0,0
1004670,23.68,0.00,0015-09-28 20:54:58,0015-09-28 18:54:58,20,18,45.43,Thu,android,338754,632920,461655,0,2,0,0,0,0,0,0,0
1004671,6.30,0.00,0015-04-04 10:16:40,0015-04-04 13:16:40,10,13,2.20,Mon,android,453863,987396,978130,0,3,1,0,0,0,0,0,0
1004672,23.68,0.00,0015-02-21 10:09:22,0015-02-21 01:09:22,10,01,38.53,Fri,android,747161,369001,493904,1,3,0,0,0,0,1,0,0
1004673,3.14,0.00,0015-08-01 19:15:45,0015-08-01 21:15:45,19,21,1.32,Fri,ios,257295,489543,868085,0,2,0,0,0,0,1,0,0
1004674,3.46,0.00,0015-09-18 11:22:07,0015-09-18 15:22:07,11,15,3.19,Wed,ios,547769,884707,648339,1,2,0,0,1,0,0,0,0
1004675,8.53,0.00,0015-09-21 12:35:20,0015-09-21 16:35:20,12,16,3.67,Wed,android,554044,219054,814002,1,3,0,0,1,0,0,0,0
1004676,11.78,0.00,0015-08-06 14:30:53,0015-08-06 19:30:53,14,19,4.51,Thu,ios,292179,250527,976902,1,2,0,0,0,0,0,0,0
1004677,4.04,0.00,0015-06-26 11:28:42,0015-06-26 14:28:42,11,14,2.98,Wed,android,479634,568071,144857,0,3,0,0,1,0,0,0,0
1004678,4.52,0.00,0015-10-08 13:31:08,0015-10-08 17:31:08,13,17,3.32,Mon,ios,428279,728918,928191,1,3,1,0,0,0,0,0,0
1004679,5.23,0.00,0015-08-27 17:30:08,0015-08-27 20:30:08,17,20,2.48,Thu,android,252067,369001,493904,0,1,0,0,0,0,0,0,0
1004680,0.73,0.00,0015-03-26 09:31:29,0015-03-26 12:31:29,09,12,3.00,Tue,android,304571,871619,125372,1,1,0,0,0,0,0,0,0
1004681,8.59,0.00,0015-06-12 15:21:00,0015-06-12 20:21:00,15,20,4.38,Fri,android,174273,474204,481066,0,3,0,0,0,0,1,0,0
1004682,6.56,0.00,0015-06-15 12:57:46,0015-06-15 15:57:46,12,15,2.49,Wed,ios,797551,425476,928191,0,1,0,0,1,0,0,0,0
1004683,6.29,0.00,0015-07-05 12:25:20,0015-07-05 16:25:20,12,16,3.96,Thu,android,781837,369001,493904,1,3,0,0,0,0,0,0,0
1004684,2.12,0.00,0015-06-26 13:48:33,0015-06-26 16:48:33,13,16,2.79,Wed,ios,158727,207262,928191,1,1,0,0,1,0,0,0,0
1004685,4.50,0.00,0015-09-22 12:13:32,0015-09-22 16:13:32,12,16,3.93,Thu,android,303000,250527,976902,0,2,0,0,0,0,0,0,0
1004686,2.14,0.00,0015-07-07 11:31:26,0015-07-07 12:31:26,11,12,0.87,Thu,ios,514822,366832,978130,1,3,0,0,0,0,0,0,0
1004687,6.35,0.00,0015-05-15 15:27:01,0015-05-15 18:27:01,15,18,2.67,Fri,ios,451522,219054,814002,1,3,0,0,0,0,1,0,0
1004688,7.47,0.00,0015-03-07 15:17:17,0015-03-07 19:17:17,15,19,3.14,Wed,ios,928726,664306,868085,1,3,0,0,1,0,0,0,0
1004689,8.53,0.00,0015-08-05 16:20:21,0015-08-05 21:20:21,16,21,4.27,Thu,ios,461550,405157,976902,0,3,0,0,0,0,0,0,0
1004690,3.20,0.00,0015-03-14 15:24:01,0015-03-14 18:24:01,15,18,2.07,Mon,ios,181955,514669,566549,0,3,1,0,0,0,0,0,0
1004691,6.42,0.00,0015-04-08 17:24:12,0015-04-08 20:24:12,17,20,2.26,Fri,android,876670,874950,814002,0,3,0,0,0,0,1,0,0
1004692,23.68,0.00,0015-06-13 13:19:37,0015-06-13 18:19:37,13,18,28.52,Wed,android,678369,474204,481066,1,3,0,0,1,0,0,0,0
1004693,8.26,0.00,0015-08-21 13:48:01,0015-08-21 17:48:01,13,17,3.19,Sat,ios,740197,219054,814002,0,2,0,0,0,0,0,1,0
1004694,2.06,0.00,0015-02-04 14:08:22,0015-02-04 17:08:22,14,17,2.65,Tue,ios,255073,280221,976902,1,3,0,0,0,0,0,0,0
1004695,4.54,0.00,0015-09-02 12:26:31,0015-09-02 15:26:31,12,15,2.41,Fri,ios,790610,920264,461655,1,2,0,0,0,0,1,0,0
1004696,7.41,0.00,0015-08-25 15:48:44,0015-08-25 18:48:44,15,18,2.60,Mon,ios,130109,951880,144857,1,3,1,0,0,0,0,0,0
1004697,2.97,0.00,0015-03-11 12:26:37,0015-03-11 15:26:37,12,15,2.40,Wed,ios,860073,594591,461655,0,3,0,0,1,0,0,0,0
1004698,3.61,0.29,0015-09-09 17:11:58,0015-09-09 19:11:58,17,19,1.66,Tue,android,228265,801274,976902,1,3,0,0,0,0,0,0,0
1004699,4.03,0.72,0015-03-01 17:41:17,0015-03-01 20:41:17,17,20,2.18,Mon,ios,780515,758780,399399,1,2,1,0,0,0,0,0,0
1004700,1.51,0.00,0015-09-04 10:17:07,0015-09-04 12:17:07,10,12,1.36,Thu,android,864760,693651,503205,1,3,0,0,0,0,0,0,0
1004701,7.42,0.00,0015-12-24 16:59:10,0015-12-24 19:59:10,16,19,2.48,Tue,android,713558,228137,503205,1,2,0,0,0,0,0,0,0
1004702,15.23,0.00,0015-07-11 11:57:59,0015-07-11 13:57:59,11,13,1.50,Tue,ios,745237,207262,928191,1,3,0,0,0,0,0,0,0
1004703,23.68,4.28,0015-06-03 11:23:55,0015-06-03 01:23:55,11,01,37.79,Mon,ios,754164,944575,928191,0,3,1,0,0,0,0,0,0
1004704,14.07,0.00,0015-09-08 18:05:50,0015-09-08 22:05:50,18,22,3.93,Thu,ios,458681,944515,976902,0,3,0,0,0,0,0,0,0
1004705,1.29,0.00,0015-09-12 13:53:41,0015-09-12 15:53:41,13,15,1.08,Wed,ios,647202,955429,493904,0,3,0,0,1,0,0,0,0
1004706,7.88,0.00,0015-04-03 15:16:33,0015-04-03 18:16:33,15,18,2.68,Wed,android,154693,863084,751082,0,2,0,0,1,0,0,0,0
1004707,7.51,0.00,0015-08-14 18:40:53,0015-08-14 22:40:53,18,22,3.10,Tue,ios,183493,474204,481066,1,3,0,0,0,0,0,0,0
1004708,9.11,7.50,0015-07-18 17:50:02,0015-07-18 22:50:02,17,22,4.47,Tue,android,756305,653450,503205,0,1,0,0,0,0,0,0,0
1004709,23.68,2.03,0015-07-27 13:35:39,0015-07-27 09:35:39,13,09,43.10,Thu,android,488402,207262,928191,1,3,0,0,0,0,0,0,0
1004710,0.95,0.00,0015-09-22 10:56:31,0015-09-22 12:56:31,10,12,1.14,Sat,ios,996989,944515,976902,1,2,0,0,0,0,0,1,0
1004711,1.10,0.00,0015-09-21 16:41:27,0015-09-21 18:41:27,16,18,1.26,Wed,ios,280536,672450,202527,0,2,0,0,1,0,0,0,0
1004712,10.19,0.00,0015-06-02 18:59:01,0015-06-02 22:59:01,18,22,3.99,Tue,android,936007,431796,461655,0,3,0,0,0,0,0,0,0
1004713,5.93,0.00,0015-07-25 17:07:07,0015-07-25 20:07:07,17,20,2.91,Thu,android,162784,369001,493904,0,2,0,0,0,0,0,0,0
1004714,9.46,1.39,0015-05-13 16:20:22,0015-05-13 20:20:22,16,20,3.30,Mon,ios,144909,207262,928191,1,3,1,0,0,0,0,0,0
1004715,23.68,0.00,0015-05-15 12:24:31,0015-05-15 20:24:31,12,20,31.70,Tue,ios,780182,562656,481066,1,2,0,0,0,0,0,0,0
1004716,6.23,0.00,0015-05-01 17:25:12,0015-05-01 20:25:12,17,20,2.40,Mon,ios,148768,562656,481066,1,3,1,0,0,0,0,0,0
1004717,8.17,0.34,0015-08-17 17:11:46,0015-08-17 21:11:46,17,21,3.77,Thu,ios,442161,369001,493904,0,3,0,0,0,0,0,0,0
1004718,2.30,0.00,0015-07-19 09:05:10,0015-07-19 10:05:10,09,10,0.89,Tue,ios,737320,653450,503205,1,3,0,0,0,0,0,0,0
1004719,4.15,0.63,0015-07-08 12:20:46,0015-07-08 15:20:46,12,15,2.21,Mon,ios,857580,236379,928191,0,1,1,0,0,0,0,0,0
1004720,23.68,7.50,0015-09-25 11:55:43,0015-09-25 16:55:43,11,16,28.29,Tue,ios,969099,207262,928191,0,2,0,0,0,0,0,0,0
1004721,7.89,0.00,0015-08-18 18:14:13,0015-08-18 22:14:13,18,22,3.62,Tue,android,377105,131897,566549,0,3,0,0,0,0,0,0,0
1004722,0.87,0.00,0015-09-03 18:03:56,0015-09-03 19:03:56,18,19,0.71,Mon,ios,424866,875343,747048,0,2,1,0,0,0,0,0,0
1004723,23.68,0.00,0015-06-20 11:04:11,0015-06-20 18:04:11,11,18,54.50,Tue,ios,959141,207262,928191,1,2,0,0,0,0,0,0,0
1004724,5.70,0.64,0015-07-24 16:56:21,0015-07-24 19:56:21,16,19,2.96,Wed,ios,566214,943765,461655,0,2,0,0,1,0,0,0,0
1004725,10.04,0.00,0015-06-07 17:53:51,0015-06-07 21:53:51,17,21,3.47,Wed,ios,646778,474204,481066,0,3,0,0,1,0,0,0,0
1004726,3.83,7.50,0015-08-24 18:37:18,0015-08-24 20:37:18,18,20,1.93,Mon,ios,804464,474204,481066,1,3,1,0,0,0,0,0,0
1004727,1.67,0.00,0015-06-02 16:03:56,0015-06-02 20:03:56,16,20,3.01,Wed,ios,202341,803398,144857,1,2,0,0,1,0,0,0,0
1004728,6.01,0.00,0015-05-04 12:07:00,0015-05-04 16:07:00,12,16,3.07,Mon,ios,410496,369001,493904,0,2,1,0,0,0,0,0,0
1004729,8.97,0.00,0015-07-10 11:46:29,0015-07-10 15:46:29,11,15,3.23,Tue,android,508175,540225,648339,1,3,0,0,0,0,0,0,0
1004730,6.23,0.00,0015-01-25 10:47:57,0015-01-25 13:47:57,10,13,2.77,Wed,ios,733032,129465,461655,0,3,0,0,1,0,0,0,0
1004731,3.85,0.00,0015-03-28 16:25:18,0015-03-28 18:25:18,16,18,1.82,Thu,ios,808747,219054,814002,0,3,0,0,0,0,0,0,0
1004732,5.37,0.00,0015-08-28 10:13:23,0015-08-28 13:13:23,10,13,2.25,Fri,ios,404943,878706,461655,1,3,0,0,0,0,1,0,0
1004733,3.70,0.00,0015-05-24 10:23:59,0015-05-24 13:23:59,10,13,2.51,Wed,android,252338,228137,503205,0,2,0,0,1,0,0,0,0
1004734,8.59,0.00,0015-06-10 17:24:43,0015-06-10 22:24:43,17,22,4.32,Tue,ios,962281,250527,976902,1,2,0,0,0,0,0,0,0
1004735,6.59,0.00,0015-07-04 15:50:59,0015-07-04 18:50:59,15,18,2.78,Thu,ios,832800,875343,747048,0,3,0,0,0,0,0,0,0
1004736,6.94,0.00,0015-08-06 16:31:20,0015-08-06 20:31:20,16,20,3.40,Fri,android,967025,445920,125372,1,3,0,0,0,0,1,0,0
1004737,5.57,0.00,0015-03-08 12:49:10,0015-03-08 16:49:10,12,16,3.85,Tue,ios,872110,369001,493904,0,1,0,0,0,0,0,0,0
1004738,0.41,0.00,0015-07-26 17:06:50,0015-07-26 19:06:50,17,19,1.14,Mon,ios,728726,369001,493904,0,2,1,0,0,0,0,0,0
1004739,2.17,0.00,0015-04-14 19:50:38,0015-04-14 22:50:38,19,22,2.64,Fri,ios,554621,369001,493904,0,3,0,0,0,0,1,0,0
1004740,23.68,7.50,0015-08-02 13:28:13,0015-08-02 18:28:13,13,18,4.41,Tue,android,247417,369001,493904,1,2,0,0,0,0,0,0,0
1004741,3.28,0.00,0015-09-01 18:38:53,0015-09-01 21:38:53,18,21,2.55,Wed,ios,695016,638536,868085,0,1,0,0,1,0,0,0,0
1004742,7.92,0.00,0015-06-24 13:05:52,0015-06-24 16:05:52,13,16,2.67,Fri,android,218424,207262,928191,1,1,0,0,0,0,1,0,0
1004743,2.22,0.00,0015-04-08 17:30:00,0015-04-08 19:30:00,17,19,1.36,Fri,ios,835198,569886,868085,0,3,0,0,0,0,1,0,0
1004744,3.15,0.00,0015-09-25 17:58:31,0015-09-25 20:58:31,17,20,2.97,Fri,ios,852963,237105,948590,0,3,0,0,0,0,1,0,0
1004745,8.98,0.00,0015-04-19 16:13:26,0015-04-19 19:13:26,16,19,2.81,Thu,android,240117,369001,493904,0,1,0,0,0,0,0,0,0
1004746,3.44,0.00,0015-11-05 09:33:45,0015-11-05 11:33:45,09,11,1.65,Wed,ios,687674,955429,493904,0,4,0,0,1,0,0,0,0
1004747,10.33,0.58,0015-07-26 13:10:26,0015-07-26 17:10:26,13,17,3.57,Sat,ios,129074,507660,202527,1,3,0,0,0,0,0,1,0
1004748,3.63,0.35,0015-09-22 10:39:43,0015-09-22 13:39:43,10,13,2.18,Mon,ios,904659,782629,517854,0,3,1,0,0,0,0,0,0
1004749,0.80,0.00,0015-06-10 17:33:27,0015-06-10 18:33:27,17,18,0.46,Fri,ios,520308,228137,503205,1,2,0,0,0,0,1,0,0
1004750,2.63,0.23,0015-03-16 16:09:39,0015-03-16 19:09:39,16,19,2.29,Mon,ios,789142,237105,948590,1,3,1,0,0,0,0,0,0
1004751,8.40,0.00,0015-07-21 18:21:55,0015-07-21 22:21:55,18,22,3.08,Fri,ios,815313,738900,976902,0,1,0,0,0,0,1,0,0
1004752,2.92,0.00,0015-10-24 09:53:40,0015-10-24 12:53:40,09,12,2.26,Fri,ios,387413,404112,399399,0,3,0,0,0,0,1,0,0
1004753,17.67,0.00,0015-09-23 09:33:13,0015-09-23 16:33:13,09,16,6.11,Mon,ios,988946,514669,566549,0,3,1,0,0,0,0,0,0
1004754,4.05,0.00,0015-05-03 16:02:47,0015-05-03 19:02:47,16,19,2.36,Mon,ios,650242,500856,976902,1,3,1,0,0,0,0,0,0
1004755,2.36,0.00,0015-08-18 09:31:44,0015-08-18 12:31:44,09,12,2.20,Thu,ios,117783,131897,566549,1,3,0,0,0,0,0,0,0
1004756,3.15,0.00,0015-07-08 12:55:49,0015-07-08 16:55:49,12,16,3.02,Fri,android,388852,371335,461655,0,3,0,0,0,0,1,0,0
1004757,2.69,0.25,0015-06-24 12:20:05,0015-06-24 16:20:05,12,16,3.07,Tue,android,547759,955429,493904,0,3,0,0,0,0,0,0,0
1004758,4.24,0.00,0015-09-20 18:10:26,0015-09-20 21:10:26,18,21,2.48,Mon,ios,586080,803398,144857,0,3,1,0,0,0,0,0,0
1004759,6.40,1.05,0015-03-02 16:34:39,0015-03-02 20:34:39,16,20,3.41,Sat,ios,259413,474204,481066,0,3,0,0,0,0,0,1,0
1004760,5.08,0.00,0015-09-08 17:52:43,0015-09-08 20:52:43,17,20,2.49,Mon,android,848809,369001,493904,1,1,1,0,0,0,0,0,0
1004761,6.64,0.00,0015-02-16 12:51:04,0015-02-16 15:51:04,12,15,2.92,Fri,android,666067,237105,948590,1,3,0,0,0,0,1,0,0
1004762,6.13,0.00,0015-04-23 17:14:20,0015-04-23 21:14:20,17,21,3.48,Mon,android,187925,638536,868085,0,2,1,0,0,0,0,0,0
1004763,9.07,0.00,0015-09-21 12:37:52,0015-09-21 15:37:52,12,15,2.37,Thu,android,544651,922416,648339,1,3,0,0,0,0,0,0,0
1004764,12.27,0.00,0015-09-11 14:25:26,0015-09-11 18:25:26,14,18,3.66,Thu,ios,640042,405157,976902,1,2,0,0,0,0,0,0,0
1004765,0.56,0.00,0015-03-21 16:08:01,0015-03-21 18:08:01,16,18,1.22,Mon,ios,932588,632920,461655,1,3,1,0,0,0,0,0,0
1004766,0.67,0.03,0015-10-03 16:41:17,0015-10-03 17:41:17,16,17,0.96,Tue,ios,552763,638536,868085,1,3,0,0,0,0,0,0,0
1004767,5.53,0.00,0015-09-22 09:16:59,0015-09-22 13:16:59,09,13,3.17,Fri,android,877199,863084,751082,1,1,0,0,0,0,1,0,0
1004768,8.03,0.00,0015-06-04 11:55:12,0015-06-04 14:55:12,11,14,2.77,Wed,android,374865,955429,493904,1,3,0,0,1,0,0,0,0
1004769,4.85,0.00,0015-05-20 09:20:23,0015-05-20 12:20:23,09,12,2.18,Fri,ios,906630,562656,481066,0,2,0,0,0,0,1,0,0
1004770,7.81,0.00,0015-06-14 11:22:55,0015-06-14 15:22:55,11,15,3.74,Thu,ios,397536,474204,481066,0,2,0,0,0,0,0,0,0
1004771,7.70,0.00,0015-09-23 16:59:57,0015-09-23 19:59:57,16,19,2.93,Wed,ios,744754,237105,948590,0,3,0,0,1,0,0,0,0
1004772,4.37,0.00,0015-06-14 17:05:12,0015-06-14 20:05:12,17,20,2.50,Fri,ios,758099,369001,493904,0,3,0,0,0,0,1,0,0
1004773,6.74,0.00,0015-04-20 21:26:59,0015-04-20 01:26:59,21,01,3.14,Fri,android,817494,514669,566549,1,3,0,0,0,0,1,0,0
1004774,5.05,0.00,0015-06-05 12:44:12,0015-06-05 16:44:12,12,16,3.03,Mon,ios,166008,572249,144857,0,2,1,0,0,0,0,0,0
1004775,8.07,0.00,0015-07-23 15:55:42,0015-07-23 19:55:42,15,19,3.49,Mon,ios,428064,260408,481066,0,3,1,0,0,0,0,0,0
1004776,11.39,0.00,0015-03-27 17:08:24,0015-03-27 21:08:24,17,21,3.85,Thu,android,157405,951880,144857,1,2,0,0,0,0,0,0,0
1004777,5.13,0.00,0015-05-08 17:14:00,0015-05-08 21:14:00,17,21,3.88,Wed,ios,540373,728918,928191,1,2,0,0,1,0,0,0,0
1004778,23.68,0.00,0015-09-10 12:05:03,0015-09-10 15:05:03,12,15,2.83,Fri,ios,690679,369001,493904,0,2,0,0,0,0,1,0,0
1004779,5.83,0.00,0015-05-11 20:22:07,0015-05-11 23:22:07,20,23,2.39,Fri,android,701258,955429,493904,1,3,0,0,0,0,1,0,0
1004780,6.76,0.00,0015-04-21 11:21:52,0015-04-21 14:21:52,11,14,2.79,Mon,ios,779176,932939,868085,0,1,1,0,0,0,0,0,0
1004781,4.99,0.00,0015-10-16 13:23:03,0015-10-16 16:23:03,13,16,2.62,Mon,android,822294,875343,747048,0,1,1,0,0,0,0,0,0
1004782,23.68,0.00,0015-08-22 15:58:59,0015-08-22 18:58:59,15,18,2.07,Fri,android,382087,664306,868085,0,3,0,0,0,0,1,0,0
1004783,23.68,0.00,0015-06-10 19:13:45,0015-06-10 22:13:45,19,22,2.05,Thu,android,487718,575971,948590,1,4,0,0,0,0,0,0,0
1004784,23.68,0.00,0015-07-05 11:21:26,0015-07-05 15:21:26,11,15,3.59,Fri,ios,764869,369001,493904,1,2,0,0,0,0,1,0,0
1004785,3.47,0.25,0015-06-16 10:07:23,0015-06-16 13:07:23,10,13,2.42,Thu,ios,923746,425476,928191,1,1,0,0,0,0,0,0,0
1004786,6.22,0.00,0015-04-21 17:10:52,0015-04-21 20:10:52,17,20,2.63,Wed,android,299423,801274,976902,0,3,0,0,1,0,0,0,0
1004787,5.90,0.00,0015-06-08 09:40:54,0015-06-08 13:40:54,09,13,3.01,Thu,ios,409263,219054,814002,1,3,0,0,0,0,0,0,0
1004788,4.72,0.00,0015-08-25 12:28:19,0015-08-25 15:28:19,12,15,2.32,Wed,android,243341,371335,461655,1,1,0,0,1,0,0,0,0
1004789,2.29,0.00,0015-09-07 09:07:09,0015-09-07 10:07:09,09,10,0.95,Wed,android,182661,517464,144857,1,4,0,0,1,0,0,0,0
1004790,3.69,0.00,0015-03-04 16:21:16,0015-03-04 19:21:16,16,19,2.63,Mon,ios,754005,944575,928191,1,3,1,0,0,0,0,0,0
1004791,5.96,0.00,0015-07-10 16:43:33,0015-07-10 19:43:33,16,19,2.50,Thu,ios,768550,131897,566549,1,1,0,0,0,0,0,0,0
1004792,8.14,0.00,0015-05-19 11:47:07,0015-05-19 16:47:07,11,16,4.13,Wed,ios,903404,951880,144857,0,1,0,0,1,0,0,0,0
1004793,2.17,0.00,0015-08-14 11:34:46,0015-08-14 14:34:46,11,14,2.67,Tue,ios,377072,951880,144857,0,3,0,0,0,0,0,0,0
1004794,1.46,0.23,0015-12-26 11:02:03,0015-12-26 12:02:03,11,12,0.92,Mon,ios,847294,874950,814002,0,3,1,0,0,0,0,0,0
1004795,8.91,0.00,0015-10-10 13:40:19,0015-10-10 17:40:19,13,17,3.65,Wed,android,318942,540225,648339,1,3,0,0,1,0,0,0,0
1004796,2.88,0.00,0015-06-23 12:57:12,0015-06-23 14:57:12,12,14,1.65,Fri,ios,771622,250527,976902,1,3,0,0,0,0,1,0,0
1004797,4.08,0.00,0015-07-12 11:07:18,0015-07-12 14:07:18,11,14,2.44,Fri,android,627682,369001,493904,0,3,0,0,0,0,1,0,0
1004798,10.01,0.00,0015-06-19 20:06:46,0015-06-19 01:06:46,20,01,4.08,Mon,ios,581528,228137,503205,0,3,1,0,0,0,0,0,0
1004799,9.40,0.00,0015-09-18 17:21:13,0015-09-18 21:21:13,17,21,3.41,Wed,android,333945,632920,461655,0,1,0,0,1,0,0,0,0
1004800,3.99,0.00,0015-09-03 17:57:11,0015-09-03 19:57:11,17,19,1.35,Mon,ios,779511,431796,461655,0,2,1,0,0,0,0,0,0
1004801,8.19,0.00,0015-06-15 17:13:53,0015-06-15 21:13:53,17,21,3.33,Fri,ios,360583,237105,948590,1,2,0,0,0,0,1,0,0
1004802,23.68,0.00,0015-07-17 10:06:00,0015-07-17 10:06:00,10,10,47.67,Tue,ios,793098,863084,751082,0,4,0,0,0,0,0,0,0
1004803,7.42,0.00,0015-09-02 13:17:50,0015-09-02 16:17:50,13,16,2.11,Fri,android,530523,414088,566549,1,3,0,0,0,0,1,0,0
1004804,6.24,0.00,0015-04-13 15:09:09,0015-04-13 19:09:09,15,19,3.98,Mon,ios,550262,955429,493904,1,3,1,0,0,0,0,0,0
1004805,2.93,0.00,0015-08-19 12:57:54,0015-08-19 14:57:54,12,14,1.60,Wed,ios,257574,369001,493904,1,1,0,0,1,0,0,0,0
1004806,5.42,0.00,0015-07-02 15:55:30,0015-07-02 20:55:30,15,20,4.06,Thu,ios,731267,955429,493904,0,3,0,0,0,0,0,0,0
1004807,2.32,0.00,0015-04-11 18:50:02,0015-04-11 21:50:02,18,21,2.77,Fri,android,483091,414088,566549,0,3,0,0,0,0,1,0,0
1004808,4.69,0.00,0015-05-10 10:32:20,0015-05-10 14:32:20,10,14,3.08,Fri,ios,962418,207262,928191,0,3,0,0,0,0,1,0,0
1004809,23.68,0.00,0015-06-13 11:58:30,0015-06-13 09:58:30,11,09,45.23,Fri,android,760073,955429,493904,0,3,0,0,0,0,1,0,0
1004810,3.93,0.00,0015-09-18 17:53:02,0015-09-18 19:53:02,17,19,1.97,Fri,ios,817584,260408,481066,1,2,0,0,0,0,1,0,0
1004811,17.58,0.00,0015-03-16 20:33:09,0015-03-16 09:33:09,20,09,12.07,Wed,ios,138365,405157,976902,0,3,0,0,1,0,0,0,0
1004812,4.36,0.00,0015-03-12 10:43:14,0015-03-12 13:43:14,10,13,2.53,Wed,ios,764558,425476,928191,1,3,0,0,1,0,0,0,0
1004813,7.68,0.00,0015-08-13 14:32:48,0015-08-13 18:32:48,14,18,3.46,Fri,ios,164859,280221,976902,1,2,0,0,0,0,1,0,0
1004814,8.15,0.00,0015-02-24 11:33:48,0015-02-24 15:33:48,11,15,3.95,Wed,ios,975484,349635,503205,0,2,0,0,1,0,0,0,0
1004815,1.63,0.00,0015-03-12 19:20:08,0015-03-12 00:20:08,19,00,4.24,Thu,ios,933886,369001,493904,1,2,0,0,0,0,0,0,0
1004816,19.21,1.44,0015-08-06 09:30:33,0015-08-06 12:30:33,09,12,2.74,Wed,ios,625239,474204,481066,0,2,0,0,1,0,0,0,0
1004817,6.48,0.00,0015-05-05 17:32:52,0015-05-05 20:32:52,17,20,2.40,Thu,ios,123655,228137,503205,1,2,0,0,0,0,0,0,0
1004818,11.59,0.00,0015-07-24 12:35:43,0015-07-24 16:35:43,12,16,3.24,Thu,ios,141668,369001,493904,0,1,0,0,0,0,0,0,0
1004819,0.55,0.00,0015-10-26 09:32:33,0015-10-26 10:32:33,09,10,0.22,Wed,ios,343718,207262,928191,1,1,0,0,1,0,0,0,0
1004820,5.02,0.00,0015-09-07 12:49:00,0015-09-07 15:49:00,12,15,2.67,Tue,ios,495830,517464,144857,1,3,0,0,0,0,0,0,0
1004821,3.60,0.00,0015-03-23 13:48:06,0015-03-23 15:48:06,13,15,1.78,Mon,ios,435463,638536,868085,0,3,1,0,0,0,0,0,0
1004822,0.76,0.00,0015-08-03 18:26:45,0015-08-03 20:26:45,18,20,1.61,Mon,android,898374,738900,976902,0,3,1,0,0,0,0,0,0
1004823,3.96,0.00,0015-04-27 11:57:43,0015-04-27 14:57:43,11,14,2.08,Fri,android,959942,228137,503205,0,3,0,0,0,0,1,0,0
1004824,5.70,0.00,0015-09-09 15:07:46,0015-09-09 19:07:46,15,19,3.13,Thu,android,728508,250527,976902,1,3,0,0,0,0,0,0,0
1004825,9.83,0.00,0015-06-12 16:58:30,0015-06-12 20:58:30,16,20,3.24,Tue,android,262796,129465,461655,1,1,0,0,0,0,0,0,0
1004826,4.37,0.00,0015-01-17 09:54:48,0015-01-17 12:54:48,09,12,2.07,Mon,ios,388812,878706,461655,0,2,1,0,0,0,0,0,0
1004827,7.32,0.00,0015-04-16 16:39:56,0015-04-16 19:39:56,16,19,2.91,Fri,android,818027,955429,493904,1,1,0,0,0,0,1,0,0
1004828,6.32,0.24,0015-05-06 15:43:48,0015-05-06 19:43:48,15,19,3.32,Tue,android,862219,431796,461655,1,1,0,0,0,0,0,0,0
1004829,5.20,0.00,0015-03-10 08:03:10,0015-03-10 11:03:10,08,11,2.70,Wed,ios,824485,500856,976902,0,3,0,0,1,0,0,0,0
1004830,4.36,0.00,0015-05-09 18:08:42,0015-05-09 20:08:42,18,20,1.62,Thu,android,215134,638536,868085,0,3,0,0,0,0,0,0,0
1004831,5.20,0.00,0015-04-14 11:23:41,0015-04-14 14:23:41,11,14,2.63,Tue,ios,226553,369001,493904,1,3,0,0,0,0,0,0,0
1004832,2.87,0.00,0015-03-03 11:58:01,0015-03-03 14:58:01,11,14,2.48,Mon,ios,508659,922416,648339,0,2,1,0,0,0,0,0,0
1004833,1.13,0.00,0015-09-19 09:16:48,0015-09-19 10:16:48,09,10,0.96,Wed,ios,422186,987396,978130,0,1,0,0,1,0,0,0,0
1004834,7.88,0.00,0014-09-24 10:32:42,0014-09-24 13:32:42,10,13,2.73,Wed,ios,889462,955429,493904,0,3,0,0,1,0,0,0,0
1004835,5.59,0.00,0015-07-20 17:35:36,0015-07-20 21:35:36,17,21,3.78,Wed,android,162924,951880,144857,1,3,0,0,1,0,0,0,0
1004836,6.83,0.00,0015-06-06 10:07:23,0015-06-06 13:07:23,10,13,2.48,Mon,android,101524,875343,747048,0,2,1,0,0,0,0,0,0
1004837,1.05,0.00,0015-04-03 10:55:35,0015-04-03 13:55:35,10,13,2.88,Fri,ios,290162,369001,493904,0,2,0,0,0,0,1,0,0
1004838,3.00,0.00,0015-04-23 15:40:00,0015-04-23 18:40:00,15,18,2.61,Tue,android,594532,653450,503205,1,1,0,0,0,0,0,0,0
1004839,4.01,0.00,0015-08-07 13:18:36,0015-08-07 17:18:36,13,17,3.66,Fri,ios,418695,386940,814002,1,2,0,0,0,0,1,0,0
1004840,5.81,0.00,0015-07-15 14:19:56,0015-07-15 17:19:56,14,17,2.78,Wed,android,494585,250527,976902,1,2,0,0,1,0,0,0,0
1004841,7.12,0.00,0015-08-08 15:06:51,0015-08-08 18:06:51,15,18,2.91,Tue,ios,746486,405157,976902,1,3,0,0,0,0,0,0,0
1004842,0.70,0.00,0015-08-02 11:38:09,0015-08-02 14:38:09,11,14,2.62,Mon,android,464194,369001,493904,1,2,1,0,0,0,0,0,0
1004843,23.68,0.00,0015-05-17 10:52:39,0015-05-17 17:52:39,10,17,30.32,Fri,ios,458907,250527,976902,0,3,0,0,0,0,1,0,0
1004844,5.23,0.00,0015-09-20 15:44:45,0015-09-20 18:44:45,15,18,2.54,Wed,ios,696600,955429,493904,1,2,0,0,1,0,0,0,0
1004845,6.26,0.00,0015-07-17 17:23:41,0015-07-17 21:23:41,17,21,3.94,Tue,ios,121413,250527,976902,0,3,0,0,0,0,0,0,0
1004846,23.68,0.00,0015-08-09 16:25:39,0015-08-09 16:25:39,16,16,23.64,Thu,ios,818055,219054,814002,1,3,0,0,0,0,0,0,0
1004847,4.18,0.65,0015-03-24 16:18:59,0015-03-24 18:18:59,16,18,1.66,Thu,android,485620,711566,928191,1,2,0,0,0,0,0,0,0
1004848,9.00,0.00,0015-08-28 09:56:03,0015-08-28 13:56:03,09,13,3.46,Fri,ios,154728,280221,976902,1,2,0,0,0,0,1,0,0
1004849,1.97,0.00,0015-05-08 17:53:34,0015-05-08 19:53:34,17,19,1.81,Fri,ios,923227,951880,144857,1,3,0,0,0,0,1,0,0
1004850,0.11,0.00,0015-10-12 18:14:40,0015-10-12 19:14:40,18,19,0.05,Mon,ios,504444,369001,493904,1,3,1,0,0,0,0,0,0
1004851,6.62,0.00,0015-10-05 17:31:08,0015-10-05 20:31:08,17,20,2.15,Tue,android,549766,875343,747048,1,1,0,0,0,0,0,0,0
1004852,4.80,0.00,0015-07-05 11:57:57,0015-07-05 14:57:57,11,14,2.43,Wed,ios,455305,207262,928191,0,2,0,0,1,0,0,0,0
1004853,1.07,0.00,0015-08-28 11:53:00,0015-08-28 12:53:00,11,12,0.59,Fri,ios,886022,207262,928191,0,3,0,0,0,0,1,0,0
1004854,8.29,0.00,0015-09-20 16:13:33,0015-09-20 19:13:33,16,19,2.70,Tue,android,852579,932939,868085,1,3,0,0,0,0,0,0,0
1004855,23.68,0.00,0015-08-18 11:19:16,0015-08-18 14:19:16,11,14,2.97,Wed,android,594388,801274,976902,1,3,0,0,1,0,0,0,0
1004856,6.69,0.00,0015-07-04 16:34:27,0015-07-04 19:34:27,16,19,2.87,Wed,android,863570,129465,461655,1,1,0,0,1,0,0,0,0
1004857,3.47,0.00,0015-06-23 17:44:04,0015-06-23 19:44:04,17,19,1.54,Wed,android,485989,569886,868085,1,2,0,0,1,0,0,0,0
1004858,8.37,0.00,0015-09-03 15:36:12,0015-09-03 19:36:12,15,19,3.75,Fri,android,694528,517464,144857,0,3,0,0,0,0,1,0,0
1004859,23.68,0.00,0015-07-10 17:17:01,0015-07-10 21:17:01,17,21,3.32,Tue,ios,356193,549414,461655,0,2,0,0,0,0,0,0,0
1004860,4.24,0.00,0015-08-07 19:28:43,0015-08-07 22:28:43,19,22,2.87,Fri,android,676151,280221,976902,1,3,0,0,0,0,1,0,0
1004861,4.70,0.00,0015-09-11 15:36:47,0015-09-11 18:36:47,15,18,2.82,Thu,android,466993,623134,620906,1,3,0,0,0,0,0,0,0
1004862,1.61,0.00,0015-07-06 21:29:12,0015-07-06 22:29:12,21,22,0.83,Fri,ios,162805,250527,976902,1,3,0,0,0,0,1,0,0
1004863,23.68,0.00,0015-09-22 11:34:57,0015-09-22 14:34:57,11,14,26.44,Tue,android,324898,355208,976902,1,3,0,0,0,0,0,0,0
1004864,4.28,0.00,0015-07-17 18:01:59,0015-07-17 21:01:59,18,21,2.14,Thu,android,550726,369001,493904,0,1,0,0,0,0,0,0,0
1004865,7.69,0.00,0015-08-16 10:38:36,0015-08-16 13:38:36,10,13,2.72,Mon,ios,121449,874950,814002,1,3,1,0,0,0,0,0,0
1004866,12.62,0.00,0015-07-14 11:10:52,0015-07-14 15:10:52,11,15,3.94,Thu,ios,361314,369001,493904,1,4,0,0,0,0,0,0,0
1004867,3.46,0.00,0015-04-14 13:39:41,0015-04-14 18:39:41,13,18,4.19,Tue,ios,933376,672450,202527,1,3,0,0,0,0,0,0,0
1004868,9.76,0.00,0015-08-25 13:16:05,0015-08-25 18:16:05,13,18,4.33,Thu,ios,933962,738900,976902,1,3,0,0,0,0,0,0,0
1004869,6.01,0.00,0015-10-02 10:22:12,0015-10-02 14:22:12,10,14,3.49,Wed,android,963594,891421,144857,0,4,0,0,1,0,0,0,0
1004870,9.92,0.00,0015-05-02 09:30:46,0015-05-02 13:30:46,09,13,3.17,Mon,android,335281,371335,461655,1,3,1,0,0,0,0,0,0
1004871,5.75,0.00,0015-07-27 12:19:54,0015-07-27 16:19:54,12,16,3.29,Tue,android,701706,987396,978130,1,3,0,0,0,0,0,0,0
1004872,7.07,0.00,0015-09-06 16:30:06,0015-09-06 19:30:06,16,19,2.33,Tue,ios,246153,582873,461655,0,3,0,0,0,0,0,0,0
1004873,4.30,4.14,0015-09-15 12:07:24,0015-09-15 15:07:24,12,15,2.99,Wed,android,199342,474204,481066,1,3,0,0,1,0,0,0,0
1004874,5.34,0.00,0015-06-11 08:29:41,0015-06-11 11:29:41,08,11,2.91,Wed,ios,783274,191826,481066,0,1,0,0,1,0,0,0,0
1004875,1.86,0.00,0015-08-09 12:18:01,0015-08-09 13:18:01,12,13,0.92,Wed,ios,457513,944515,976902,1,3,0,0,1,0,0,0,0
1004876,8.81,0.00,0015-09-15 08:19:27,0015-09-15 11:19:27,08,11,2.42,Fri,ios,107098,228137,503205,1,3,0,0,0,0,1,0,0
1004877,0.47,0.00,0015-07-06 11:03:19,0015-07-06 13:03:19,11,13,1.55,Fri,android,110071,250527,976902,1,1,0,0,0,0,1,0,0
1004878,3.12,0.00,0015-10-02 20:04:12,0015-10-02 23:04:12,20,23,2.55,Fri,ios,987130,228137,503205,1,2,0,0,0,0,1,0,0
1004879,2.20,0.00,0015-09-15 17:20:09,0015-09-15 18:20:09,17,18,0.96,Wed,ios,330382,250527,976902,1,3,0,0,1,0,0,0,0
1004880,10.98,0.00,0015-04-19 10:31:27,0015-04-19 14:31:27,10,14,3.26,Tue,ios,593025,474204,481066,0,2,0,0,0,0,0,0,0
1004881,4.02,0.00,0015-04-15 15:37:36,0015-04-15 18:37:36,15,18,2.80,Thu,android,378035,878706,461655,1,3,0,0,0,0,0,0,0
1004882,6.58,0.00,0015-01-15 09:30:22,0015-01-15 12:30:22,09,12,2.21,Fri,ios,944192,988981,648339,0,1,0,0,0,0,1,0,0
1004883,7.87,0.00,0015-04-10 12:46:00,0015-04-10 16:46:00,12,16,3.30,Thu,android,693724,955429,493904,1,3,0,0,0,0,0,0,0
1004884,4.40,0.37,0015-08-24 15:03:42,0015-08-24 18:03:42,15,18,2.30,Mon,ios,666582,250527,976902,1,3,1,0,0,0,0,0,0
1004885,1.34,0.00,0015-01-26 11:36:13,0015-01-26 12:36:13,11,12,0.44,Wed,android,714631,932939,868085,0,4,0,0,1,0,0,0,0
1004886,4.62,0.00,0015-08-26 09:35:31,0015-08-26 12:35:31,09,12,2.07,Tue,android,927554,664306,868085,0,3,0,0,0,0,0,0,0
1004887,3.78,0.00,0015-10-28 13:32:09,0015-10-28 17:32:09,13,17,3.18,Mon,android,319871,507660,202527,0,3,1,0,0,0,0,0,0
1004888,6.18,0.00,0015-08-15 12:22:20,0015-08-15 15:22:20,12,15,2.08,Thu,android,364733,871619,125372,1,2,0,0,0,0,0,0,0
1004889,2.52,0.00,0015-09-27 13:17:55,0015-09-27 16:17:55,13,16,2.13,Thu,android,890272,995505,868085,0,3,0,0,0,0,0,0,0
1004890,0.22,0.00,0015-04-15 16:57:42,0015-04-15 17:57:42,16,17,0.14,Mon,ios,659646,474204,481066,0,3,1,0,0,0,0,0,0
1004891,3.93,0.00,0015-03-14 16:01:03,0015-03-14 20:01:03,16,20,3.20,Fri,ios,401195,369001,493904,1,1,0,0,0,0,1,0,0
1004892,6.82,0.00,0015-09-23 18:31:30,0015-09-23 22:31:30,18,22,3.35,Tue,android,770932,414088,566549,1,3,0,0,0,0,0,0,0
1004893,23.68,0.00,0015-07-18 10:21:45,0015-07-18 07:21:45,10,07,44.26,Wed,ios,120247,489543,868085,0,2,0,0,1,0,0,0,0
1004894,2.82,0.79,0015-08-24 10:18:53,0015-08-24 12:18:53,10,12,1.88,Wed,ios,709539,219054,814002,0,1,0,0,1,0,0,0,0
1004895,9.00,0.00,0015-08-10 18:20:21,0015-08-10 22:20:21,18,22,3.40,Fri,ios,125308,569886,868085,1,3,0,0,0,0,1,0,0
1004896,5.00,0.00,0015-03-13 11:49:10,0015-03-13 14:49:10,11,14,2.99,Tue,ios,783616,237105,948590,1,3,0,0,0,0,0,0,0
1004897,8.12,0.00,0015-08-08 10:44:42,0015-08-08 15:44:42,10,15,4.15,Mon,android,572348,228137,503205,1,2,1,0,0,0,0,0,0
1004898,3.54,0.00,0015-08-03 16:38:01,0015-08-03 18:38:01,16,18,1.07,Fri,ios,608442,878706,461655,0,3,0,0,0,0,1,0,0
1004899,4.28,0.00,0015-07-18 11:05:44,0015-07-18 16:05:44,11,16,4.05,Wed,ios,934799,237105,948590,0,1,0,0,1,0,0,0,0
1004900,2.66,0.00,0015-05-08 12:56:30,0015-05-08 15:56:30,12,15,2.12,Fri,android,936237,219054,814002,0,3,0,0,0,0,1,0,0
1004901,10.62,0.00,0015-07-20 12:15:07,0015-07-20 16:15:07,12,16,4.00,Thu,ios,206220,955429,493904,0,2,0,0,0,0,0,0,0
1004902,9.97,0.00,0015-06-07 18:37:16,0015-06-07 23:37:16,18,23,4.52,Fri,android,160152,955429,493904,1,3,0,0,0,0,1,0,0
1004903,2.56,0.19,0015-05-25 12:37:49,0015-05-25 14:37:49,12,14,1.68,Mon,ios,119079,369001,493904,0,3,1,0,0,0,0,0,0
1004904,1.55,0.00,0015-06-20 18:24:00,0015-06-20 20:24:00,18,20,1.02,Sun,ios,623493,955429,493904,1,3,0,0,0,0,0,0,1
1004905,6.16,5.80,0015-07-16 09:12:19,0015-07-16 12:12:19,09,12,2.38,Thu,android,528084,474204,481066,0,3,0,0,0,0,0,0,0
1004906,4.16,0.00,0015-03-05 13:12:04,0015-03-05 16:12:04,13,16,2.16,Wed,android,513698,474204,481066,1,1,0,0,1,0,0,0,0
1004907,3.05,0.00,0015-07-17 13:05:44,0015-07-17 15:05:44,13,15,1.99,Fri,android,876653,911231,202527,1,3,0,0,0,0,1,0,0
1004908,23.68,0.00,0015-07-22 12:15:28,0015-07-22 15:15:28,12,15,2.95,Tue,ios,470655,369001,493904,0,3,0,0,0,0,0,0,0
1004909,3.84,0.00,0015-09-26 16:16:03,0015-09-26 19:16:03,16,19,2.13,Fri,ios,274728,500856,976902,1,2,0,0,0,0,1,0,0
1004910,4.42,0.00,0015-09-03 18:22:42,0015-09-03 21:22:42,18,21,2.47,Tue,ios,800983,405157,976902,1,3,0,0,0,0,0,0,0
1004911,5.39,0.00,0015-07-25 14:45:17,0015-07-25 17:45:17,14,17,2.63,Thu,ios,925900,875343,747048,0,2,0,0,0,0,0,0,0
1004912,7.44,0.00,0015-09-06 19:43:57,0015-09-06 22:43:57,19,22,2.50,Tue,android,135700,369001,493904,1,3,0,0,0,0,0,0,0
1004913,5.38,0.00,0015-07-10 12:52:04,0015-07-10 14:52:04,12,14,1.81,Mon,ios,610083,369001,493904,1,3,1,0,0,0,0,0,0
1004914,8.89,0.00,0015-06-25 13:41:19,0015-06-25 18:41:19,13,18,4.36,Fri,android,799703,280221,976902,0,3,0,0,0,0,1,0,0
1004915,2.78,0.00,0015-07-04 04:04:53,0015-07-04 05:04:53,04,05,0.93,Thu,android,858658,874950,814002,1,3,0,0,0,0,0,0,0
1004916,3.80,0.00,0015-08-25 14:24:18,0015-08-25 17:24:18,14,17,2.42,Fri,android,962687,474204,481066,0,2,0,0,0,0,1,0,0
1004917,3.50,0.00,0015-07-16 10:28:29,0015-07-16 12:28:29,10,12,1.90,Wed,ios,194895,369001,493904,1,1,0,0,1,0,0,0,0
1004918,3.32,0.00,0015-06-18 15:00:11,0015-06-18 18:00:11,15,18,2.70,Thu,ios,481990,955429,493904,1,3,0,0,0,0,0,0,0
1004919,7.48,0.00,0015-08-11 17:19:59,0015-08-11 21:19:59,17,21,3.54,Tue,android,581887,638536,868085,1,2,0,0,0,0,0,0,0
1004920,2.05,0.10,0015-11-18 13:29:02,0015-11-18 15:29:02,13,15,1.91,Mon,android,109323,728918,928191,1,3,1,0,0,0,0,0,0
1004921,23.68,0.00,0015-06-21 18:08:55,0015-06-21 22:08:55,18,22,3.67,Tue,ios,633524,207262,928191,1,1,0,0,0,0,0,0,0
1004922,6.84,0.00,0015-08-20 11:24:08,0015-08-20 15:24:08,11,15,3.96,Wed,ios,750534,878706,461655,1,3,0,0,1,0,0,0,0
1004923,3.41,0.00,0015-08-03 16:49:34,0015-08-03 18:49:34,16,18,1.95,Wed,ios,735514,730023,878393,1,3,0,0,1,0,0,0,0
1004924,6.85,0.00,0015-04-03 15:29:57,0015-04-03 19:29:57,15,19,3.60,Wed,ios,498472,260408,481066,0,3,0,0,1,0,0,0,0
1004925,8.84,0.00,0015-06-19 16:24:56,0015-06-19 20:24:56,16,20,3.37,Fri,ios,660401,131897,566549,1,3,0,0,0,0,1,0,0
1004926,2.77,0.00,0015-09-22 16:26:27,0015-09-22 19:26:27,16,19,2.41,Tue,ios,418886,729642,517854,1,2,0,0,0,0,0,0,0
1004927,2.62,0.00,0015-09-28 22:33:01,0015-09-28 00:33:01,22,00,1.48,Fri,android,793573,250527,976902,0,1,0,0,0,0,1,0,0
1004928,3.83,0.00,0015-06-26 11:56:03,0015-06-26 14:56:03,11,14,2.45,Wed,ios,648649,738900,976902,1,2,0,0,1,0,0,0,0
1004929,7.26,0.00,0015-06-15 11:15:58,0015-06-15 15:15:58,11,15,3.29,Fri,ios,578017,369001,493904,1,2,0,0,0,0,1,0,0
1004930,4.37,0.00,0015-12-22 10:30:46,0015-12-22 14:30:46,10,14,3.26,Tue,android,842926,405157,976902,0,2,0,0,0,0,0,0,0
1004931,8.37,0.00,0015-06-13 09:41:36,0015-06-13 13:41:36,09,13,3.13,Thu,ios,351877,219054,814002,1,2,0,0,0,0,0,0,0
1004932,3.16,0.00,0015-06-25 09:36:46,0015-06-25 12:36:46,09,12,2.75,Wed,android,586731,891421,144857,1,3,0,0,1,0,0,0,0
1004933,9.42,1.23,0015-05-22 11:40:06,0015-05-22 15:40:06,11,15,3.15,Tue,ios,962007,228137,503205,1,1,0,0,0,0,0,0,0
1004934,6.83,0.00,0015-07-19 11:11:15,0015-07-19 15:11:15,11,15,3.66,Thu,ios,721787,878706,461655,0,2,0,0,0,0,0,0,0
1004935,6.40,0.00,0015-10-19 17:01:55,0015-10-19 21:01:55,17,21,3.88,Thu,ios,754446,955429,493904,1,1,0,0,0,0,0,0,0
1004936,2.41,0.00,0015-09-08 11:41:30,0015-09-08 12:41:30,11,12,0.86,Tue,ios,917829,728918,928191,0,2,0,0,0,0,0,0,0
1004937,3.98,0.00,0015-03-08 16:24:07,0015-03-08 18:24:07,16,18,1.71,Tue,android,762315,801274,976902,1,3,0,0,0,0,0,0,0
1004938,5.20,0.00,0015-08-23 17:50:43,0015-08-23 21:50:43,17,21,3.99,Thu,ios,464967,875343,747048,1,3,0,0,0,0,0,0,0
1004939,5.06,0.00,0015-09-05 10:08:55,0015-09-05 14:08:55,10,14,3.34,Thu,ios,349789,349635,503205,1,2,0,0,0,0,0,0,0
1004940,7.04,0.00,0015-07-01 11:44:05,0015-07-01 14:44:05,11,14,2.36,Wed,ios,298239,875343,747048,0,1,0,0,1,0,0,0,0
1004941,1.76,0.00,0015-07-04 15:11:33,0015-07-04 17:11:33,15,17,1.02,Mon,ios,729928,738900,976902,0,3,1,0,0,0,0,0,0
1004942,11.84,0.00,0015-09-13 17:29:59,0015-09-13 22:29:59,17,22,4.21,Tue,ios,686092,672450,202527,0,3,0,0,0,0,0,0,0
1004943,12.38,0.00,0015-09-05 12:07:43,0015-09-05 17:07:43,12,17,4.18,Wed,ios,990297,902592,566549,1,3,0,0,1,0,0,0,0
1004944,23.68,0.00,0015-08-16 13:49:56,0015-08-16 16:49:56,13,16,2.38,Fri,ios,841880,414088,566549,1,2,0,0,0,0,1,0,0
1004945,23.68,0.00,0015-09-04 21:34:57,0015-09-04 00:34:57,21,00,50.31,Fri,ios,734495,955429,493904,1,3,0,0,0,0,1,0,0
1004946,23.68,0.00,0015-09-25 13:37:47,0015-09-25 16:37:47,13,16,2.47,Mon,ios,525904,260408,481066,1,3,1,0,0,0,0,0,0
1004947,23.68,0.00,0015-05-13 17:28:20,0015-05-13 09:28:20,17,09,15.95,Mon,ios,665292,572249,144857,0,2,1,0,0,0,0,0,0
1004948,11.61,0.00,0015-08-13 17:07:00,0015-08-13 21:07:00,17,21,3.76,Wed,ios,448435,200695,202527,1,1,0,0,1,0,0,0,0
1004949,8.41,0.00,0015-04-01 15:02:39,0015-04-01 19:02:39,15,19,3.73,Mon,ios,206731,944575,928191,1,3,1,0,0,0,0,0,0
1004950,23.68,0.00,0015-09-08 12:59:48,0015-09-08 18:59:48,12,18,53.62,Fri,android,265147,987396,978130,1,3,0,0,0,0,1,0,0
1004951,3.06,0.00,0015-05-05 20:41:20,0015-05-05 23:41:20,20,23,2.93,Fri,ios,890780,405157,976902,1,1,0,0,0,0,1,0,0
1004952,5.44,0.00,0015-04-27 12:23:24,0015-04-27 14:23:24,12,14,2.00,Sat,android,793780,955429,493904,1,2,0,0,0,0,0,1,0
1004953,5.95,0.29,0015-06-18 15:53:39,0015-06-18 18:53:39,15,18,2.29,Thu,ios,644305,951880,144857,1,3,0,0,0,0,0,0,0
1004954,23.68,0.00,0015-07-28 14:13:06,0015-07-28 17:13:06,14,17,2.31,Mon,android,141573,787792,648339,1,3,1,0,0,0,0,0,0
1004955,3.32,0.00,0015-09-20 17:01:18,0015-09-20 19:01:18,17,19,1.72,Tue,android,431283,902592,566549,1,3,0,0,0,0,0,0,0
1004956,1.19,0.00,0015-08-22 19:32:47,0015-08-22 22:32:47,19,22,2.36,Wed,ios,226994,878706,461655,1,2,0,0,1,0,0,0,0
1004957,2.93,0.00,0015-08-22 16:45:40,0015-08-22 18:45:40,16,18,1.18,Fri,ios,892870,405157,976902,0,3,0,0,0,0,1,0,0
1004958,23.68,0.00,0015-05-17 11:59:51,0015-05-17 16:59:51,11,16,28.20,Tue,android,432320,366832,978130,1,2,0,0,0,0,0,0,0
1004959,6.18,1.00,0015-09-27 10:05:28,0015-09-27 14:05:28,10,14,3.65,Thu,android,301748,738900,976902,1,3,0,0,0,0,0,0,0
1004960,3.11,0.00,0015-06-28 16:34:56,0015-06-28 20:34:56,16,20,3.56,Tue,android,833679,131897,566549,1,3,0,0,0,0,0,0,0
1004961,23.68,1.15,0015-03-12 10:25:53,0015-03-12 12:25:53,10,12,1.38,Fri,android,468756,911231,202527,1,3,0,0,0,0,1,0,0
1004962,23.68,0.00,0015-06-21 18:53:27,0015-06-21 21:53:27,18,21,2.24,Mon,ios,401859,260408,481066,0,1,1,0,0,0,0,0,0
1004963,9.00,1.37,0015-08-16 18:50:08,0015-08-16 22:50:08,18,22,3.16,Wed,android,553532,891421,144857,0,1,0,0,1,0,0,0,0
1004964,6.42,0.00,0015-09-17 16:47:15,0015-09-17 20:47:15,16,20,3.70,Wed,ios,213817,562656,481066,0,3,0,0,1,0,0,0,0
1004965,6.06,0.00,0015-05-25 15:12:14,0015-05-25 18:12:14,15,18,2.14,Mon,ios,612443,414088,566549,1,3,1,0,0,0,0,0,0
1004966,8.61,0.00,0015-07-18 12:56:49,0015-07-18 16:56:49,12,16,3.14,Thu,ios,578342,955429,493904,1,2,0,0,0,0,0,0,0
1004967,1.07,0.00,0015-04-12 15:53:40,0015-04-12 17:53:40,15,17,1.04,Tue,ios,258505,728918,928191,1,2,0,0,0,0,0,0,0
1004968,3.59,0.00,0015-09-27 15:45:37,0015-09-27 18:45:37,15,18,2.21,Thu,android,438143,569886,868085,0,3,0,0,0,0,0,0,0
1004969,6.93,0.00,0015-08-11 18:04:06,0015-08-11 22:04:06,18,22,3.17,Wed,ios,319697,575971,948590,0,3,0,0,1,0,0,0,0
1004970,6.31,0.00,0015-07-09 10:31:07,0015-07-09 13:31:07,10,13,2.45,Mon,ios,703332,569886,868085,1,1,1,0,0,0,0,0,0
1004971,1.51,0.00,0015-06-13 16:05:16,0015-06-13 17:05:16,16,17,0.63,Thu,ios,395171,944515,976902,1,1,0,0,0,0,0,0,0
1004972,22.32,0.00,0015-09-28 09:57:15,0015-09-28 04:57:15,09,04,18.39,Mon,ios,715506,474204,481066,0,3,1,0,0,0,0,0,0
1004973,6.42,0.00,0015-08-04 13:32:27,0015-08-04 16:32:27,13,16,2.22,Wed,android,521594,568071,144857,0,3,0,0,1,0,0,0,0
1004974,3.17,0.00,0015-09-23 11:39:17,0015-09-23 14:39:17,11,14,2.40,Fri,ios,111298,425476,928191,1,3,0,0,0,0,1,0,0
1004975,7.81,5.29,0015-09-14 16:59:53,0015-09-14 20:59:53,16,20,3.57,Thu,android,784557,474204,481066,1,4,0,0,0,0,0,0,0
1004976,1.79,0.00,0015-08-13 11:54:16,0015-08-13 12:54:16,11,12,0.78,Mon,ios,792323,944575,928191,1,3,1,0,0,0,0,0,0
1004977,0.74,0.00,0015-08-14 17:15:07,0015-08-14 18:15:07,17,18,0.33,Thu,ios,414361,955429,493904,1,1,0,0,0,0,0,0,0
1004978,23.68,2.20,0015-08-17 17:46:48,0015-08-17 21:46:48,17,21,3.87,Fri,ios,271257,200695,202527,0,3,0,0,0,0,1,0,0
1004979,6.92,0.00,0015-12-15 10:48:29,0015-12-15 13:48:29,10,13,2.27,Tue,android,772294,902592,566549,0,2,0,0,0,0,0,0,0
1004980,2.60,0.00,0015-08-05 11:29:22,0015-08-05 14:29:22,11,14,2.81,Wed,ios,672544,236379,928191,1,2,0,0,1,0,0,0,0
1004981,7.67,0.00,0015-08-10 10:28:03,0015-08-10 13:28:03,10,13,2.47,Thu,ios,300214,632920,461655,0,3,0,0,0,0,0,0,0
1004982,7.00,0.00,0015-08-18 11:40:18,0015-08-18 14:40:18,11,14,2.40,Tue,ios,650121,474204,481066,1,1,0,0,0,0,0,0,0
1004983,8.50,0.00,0015-04-06 09:09:59,0015-04-06 13:09:59,09,13,3.82,Mon,android,603309,955429,493904,1,4,1,0,0,0,0,0,0
1004984,5.33,0.00,0015-08-13 11:28:49,0015-08-13 14:28:49,11,14,2.93,Sat,android,670473,878706,461655,1,3,0,0,0,0,0,1,0
1004985,3.68,0.00,0015-07-05 16:48:14,0015-07-05 20:48:14,16,20,3.36,Thu,android,914596,371335,461655,0,2,0,0,0,0,0,0,0
1004986,4.51,0.00,0015-07-08 16:56:15,0015-07-08 19:56:15,16,19,2.43,Thu,ios,634962,863084,751082,1,3,0,0,0,0,0,0,0
1004987,5.85,0.00,0015-11-19 18:57:30,0015-11-19 21:57:30,18,21,2.81,Fri,ios,630284,864630,648339,1,2,0,0,0,0,1,0,0
1004988,8.82,0.00,0015-09-14 10:34:05,0015-09-14 14:34:05,10,14,3.31,Tue,ios,248333,228137,503205,0,2,0,0,0,0,0,0,0
1004989,10.39,0.00,0015-09-05 12:04:16,0015-09-05 16:04:16,12,16,3.49,Tue,ios,784683,738900,976902,0,3,0,0,0,0,0,0,0
1004990,9.91,0.00,0015-05-04 11:53:40,0015-05-04 15:53:40,11,15,3.26,Thu,ios,806164,932939,868085,1,1,0,0,0,0,0,0,0
1004991,0.28,0.00,0015-07-02 19:53:11,0015-07-02 20:53:11,19,20,0.11,Tue,ios,836043,932939,868085,0,3,0,0,0,0,0,0,0
1004992,16.62,0.00,0015-08-20 11:09:03,0015-08-20 19:09:03,11,19,7.44,Fri,android,723604,228137,503205,1,2,0,0,0,0,1,0,0
1004993,8.65,0.00,0015-09-16 12:09:30,0015-09-16 16:09:30,12,16,4.00,Wed,ios,538811,414088,566549,1,1,0,0,1,0,0,0,0
1004994,0.04,0.00,0015-09-12 08:14:27,0015-09-12 09:14:27,08,09,0.03,Thu,ios,730574,878706,461655,1,3,0,0,0,0,0,0,0
1004995,3.58,0.00,0015-08-06 16:40:54,0015-08-06 20:40:54,16,20,3.00,Thu,android,926705,575971,948590,1,3,0,0,0,0,0,0,0
1004996,0.79,0.00,0015-06-07 16:08:28,0015-06-07 19:08:28,16,19,2.28,Tue,ios,567799,355208,976902,0,2,0,0,0,0,0,0,0
1004997,6.52,0.00,0015-01-24 16:59:45,0015-01-24 19:59:45,16,19,2.28,Wed,ios,882021,987396,978130,1,2,0,0,1,0,0,0,0
1004998,2.98,0.51,0015-06-09 10:57:59,0015-06-09 15:57:59,10,15,4.19,Wed,ios,904115,562656,481066,0,1,0,0,1,0,0,0,0
1004999,23.68,0.00,0015-05-18 13:03:12,0015-05-18 16:03:12,13,16,26.04,Wed,ios,762451,920264,461655,0,1,0,0,1,0,0,0,0
1005000,5.82,0.00,0015-03-21 18:33:11,0015-03-21 21:33:11,18,21,2.49,Fri,ios,157653,369001,493904,1,3,0,0,0,0,1,0,0
